global_step,gradient_norm
1,4.7066488266
2,4.76697397232
3,4.78272771835
4,4.7665348053
5,4.79082202911
6,4.65753746033
7,4.60908889771
8,4.53589582443
9,4.43761634827
10,4.25969266891
11,4.14655590057
12,3.95206212997
13,3.77767848969
14,3.61170530319
15,3.39848232269
16,3.24471402168
17,3.15071153641
18,3.07104825974
19,2.94927024841
20,2.90079116821
21,2.82480716705
22,2.78127670288
23,2.73244476318
24,2.68102550507
25,2.64775657654
26,2.58204054832
27,2.56045866013
28,2.54644465446
29,2.51265788078
30,2.48374342918
31,2.4848382473
32,2.47915005684
33,2.48048067093
34,2.49279427528
35,2.45097875595
36,2.47077918053
37,2.47320270538
38,2.42617082596
39,2.46172428131
40,2.4428832531
41,2.43238091469
42,2.42679309845
43,2.42842912674
44,2.43220543861
45,2.41098928452
46,2.38776612282
47,2.40524077415
48,2.418602705
49,2.38823151588
50,2.37393140793
51,2.36702084541
52,2.37871408463
53,2.35957741737
54,2.33403968811
55,2.33439040184
56,2.26464915276
57,2.27290630341
58,2.24678373337
59,2.23788022995
60,2.24805617332
61,2.24984550476
62,2.22448420525
63,2.23206734657
64,2.2135283947
65,2.18685674667
66,2.18502211571
67,2.15947008133
68,2.13681983948
69,2.1946618557
70,2.11513018608
71,2.13706946373
72,2.11248064041
73,2.12641811371
74,2.07601356506
75,2.11021494865
76,2.06078910828
77,2.05549526215
78,2.0926759243
79,2.03659296036
80,2.01943063736
81,2.09271812439
82,2.05420517921
83,1.99525213242
84,2.01940488815
85,1.99003767967
86,1.97973299026
87,2.01181149483
88,1.96726810932
89,1.9569517374
90,1.93243145943
91,1.92513251305
92,1.85875117779
93,1.88880217075
94,1.88692510128
95,1.86612939835
96,1.83638632298
97,1.83655059338
98,1.83498334885
99,1.75444114208
100,1.79341971874
101,1.77122402191
102,1.75307261944
103,1.75353777409
104,1.72109889984
105,1.7358186245
106,1.66862642765
107,1.69458031654
108,1.68091380596
109,1.65753531456
110,1.68495845795
111,1.59708440304
112,1.63679075241
113,1.70325553417
114,1.6013931036
115,1.60007607937
116,1.56426930428
117,1.46663892269
118,1.51339042187
119,1.49050021172
120,1.45546603203
121,1.4660397768
122,1.45211720467
123,1.42572236061
124,1.40391123295
125,1.50113511086
126,1.41070616245
127,1.44198596478
128,1.35163140297
129,1.40444016457
130,1.32708477974
131,1.46818828583
132,1.32128429413
133,1.29080021381
134,1.28477466106
135,1.31620180607
136,1.29528546333
137,1.37342166901
138,1.16493618488
139,1.2717320919
140,1.18995809555
141,1.1353584528
142,1.12110710144
143,1.05843853951
144,1.16257500648
145,1.19409632683
146,1.06018948555
147,1.34004068375
148,0.988975286484
149,1.15476202965
150,1.02953219414
151,1.26314783096
152,1.05012083054
153,1.10725319386
154,1.32233572006
155,0.897845447063
156,1.01150107384
157,0.943916499615
158,1.23857319355
159,1.09093248844
160,1.0366692543
161,0.988458812237
162,0.909618914127
163,1.05385398865
164,0.978796839714
165,0.843616962433
166,1.05511701107
167,0.815854787827
168,1.0435847044
169,0.84527951479
170,0.87245029211
171,1.00157046318
172,0.8155772686
173,0.781292319298
174,0.896822452545
175,0.687277257442
176,0.774343192577
177,0.812501072884
178,0.72728729248
179,0.708223879337
180,0.92099404335
181,0.710421979427
182,0.833691954613
183,0.750458478928
184,0.787871479988
185,0.833743572235
186,0.826018035412
187,0.885727286339
188,1.14416253567
189,0.797093212605
190,0.908820569515
191,0.723691999912
192,0.76125228405
193,0.763550519943
194,0.758171141148
195,0.743539214134
196,0.737161815166
197,0.772438645363
198,0.760117650032
199,0.926654696465
200,0.823092341423
201,0.781408846378
202,0.961386740208
203,0.683709979057
204,0.861567020416
205,0.786089360714
206,0.658706009388
207,0.740198612213
208,0.848343670368
209,0.743897080421
210,0.725957810879
211,0.769138455391
212,0.798695147038
213,0.762783706188
214,0.66135007143
215,0.724086999893
216,0.696476340294
217,0.731916189194
218,0.827749013901
219,0.861991167068
220,0.792159259319
221,0.883248150349
222,0.761515974998
223,0.888632774353
224,0.7492146492
225,0.704636991024
226,0.866443753242
227,0.798629999161
228,0.924854338169
229,0.661971986294
230,0.940699398518
231,0.88278824091
232,0.929707050323
233,0.976177632809
234,0.728756308556
235,0.821809113026
236,0.782215416431
237,0.832366704941
238,0.895758926868
239,0.892639398575
240,1.02284407616
241,0.818587064743
242,0.836634576321
243,0.932572722435
244,1.09830534458
245,1.00456213951
246,0.845452666283
247,0.877644956112
248,0.828688144684
249,1.11264967918
250,0.948526978493
251,0.992940604687
252,0.828618228436
253,0.875250160694
254,0.901364922523
255,0.911667406559
256,1.19187021255
257,0.85588157177
258,0.858038306236
259,0.879806101322
260,0.793981552124
261,1.09058892727
262,0.830273985863
263,1.0457764864
264,0.941759884357
265,0.928984045982
266,0.924703359604
267,0.913975000381
268,0.84843403101
269,0.95913630724
270,1.07353746891
271,1.05513310432
272,1.2669159174
273,1.03128600121
274,1.13763964176
275,1.07716059685
276,1.13326096535
277,1.14682292938
278,1.08768570423
279,1.19039189816
280,0.917127668858
281,1.14336621761
282,1.08567345142
283,1.10763573647
284,0.905022025108
285,1.03275680542
286,0.892221271992
287,0.922003209591
288,1.20731186867
289,1.12015640736
290,1.11473357677
291,0.831647336483
292,1.12252175808
293,1.19443130493
294,1.31448996067
295,1.26762497425
296,1.1425806284
297,1.25306463242
298,1.21463119984
299,1.13855445385
300,1.25242638588
301,1.17250490189
302,0.956309378147
303,1.06972014904
304,1.1672950983
305,1.40928828716
306,1.01941108704
307,1.42553186417
308,1.40420520306
309,0.947642683983
310,1.39180648327
311,1.17149806023
312,1.16931724548
313,1.33840143681
314,1.00975084305
315,1.09844994545
316,1.05174601078
317,0.930994033813
318,1.23230051994
319,0.915419518948
320,1.16250085831
321,1.04345178604
322,1.30314719677
323,1.27677321434
324,1.08760499954
325,1.13249325752
326,0.942888796329
327,0.897027671337
328,1.00480246544
329,0.992084562778
330,1.05677008629
331,1.01396846771
332,1.30459880829
333,0.970550894737
334,1.04742014408
335,1.15423297882
336,1.05424916744
337,1.064204216
338,1.07491600513
339,1.12779307365
340,1.09748661518
341,1.06953382492
342,1.26234483719
343,1.05306696892
344,1.51219689846
345,1.24388384819
346,1.46988403797
347,1.47809159756
348,1.2818198204
349,1.16383743286
350,1.25444185734
351,1.0320546627
352,1.26594352722
353,1.21385884285
354,1.44277620316
355,1.1183475256
356,1.71690368652
357,1.26123631001
358,1.53899216652
359,1.15402472019
360,1.65169203281
361,1.34371185303
362,1.42691016197
363,1.41371178627
364,1.36684727669
365,1.21951460838
366,1.1366559267
367,1.17067372799
368,1.22855484486
369,1.62340700626
370,1.21741569042
371,1.40115463734
372,1.41575372219
373,1.47864031792
374,1.26177084446
375,1.37343466282
376,1.08521866798
377,1.40726339817
378,1.15366101265
379,1.40571331978
380,1.13910901546
381,1.19948840141
382,1.35570561886
383,1.71205163002
384,1.01675331593
385,1.35761463642
386,1.30159759521
387,1.45075404644
388,1.26628279686
389,1.72982144356
390,1.38140583038
391,1.67335093021
392,1.63213765621
393,2.00233960152
394,1.93732631207
395,1.48065412045
396,1.72286629677
397,1.42348754406
398,1.42341518402
399,1.40265071392
400,1.35877025127
401,1.30139791965
402,1.57277643681
403,1.54556691647
404,1.20818269253
405,1.44940936565
406,1.0015399456
407,1.39924037457
408,1.35002732277
409,1.57411813736
410,1.20088493824
411,1.47289729118
412,1.30916726589
413,1.1746057272
414,1.2143228054
415,1.5418138504
416,1.50890469551
417,1.46873819828
418,1.38481342793
419,1.11719572544
420,1.50309789181
421,1.62398898602
422,1.49717223644
423,1.7093526125
424,1.72967267036
425,1.54320681095
426,2.02940320969
427,1.72608828545
428,1.71570944786
429,1.49815964699
430,1.38742315769
431,1.78126275539
432,1.53992819786
433,1.68736946583
434,1.71009755135
435,1.26399600506
436,1.69203543663
437,1.54511725903
438,1.83930075169
439,1.61581492424
440,1.85628807545
441,1.87287223339
442,1.67808318138
443,1.57473134995
444,1.57515084743
445,2.70562076569
446,2.11522078514
447,1.75724577904
448,2.14954400063
449,1.29083192348
450,2.25973892212
451,1.82221031189
452,1.30204331875
453,1.89774227142
454,1.62967085838
455,1.48891878128
456,1.73379313946
457,2.15331625938
458,2.00237631798
459,1.88460302353
460,2.03726315498
461,1.44071173668
462,1.69803190231
463,1.27258491516
464,1.68352985382
465,1.3003731966
466,1.34237933159
467,1.37244391441
468,1.31876456738
469,1.61346948147
470,1.54844796658
471,1.43809700012
472,1.42259585857
473,1.49105501175
474,1.50143194199
475,1.45047080517
476,1.5305762291
477,1.31358265877
478,1.44705319405
479,1.8141746521
480,1.78435480595
481,1.95607709885
482,1.93883693218
483,1.62483239174
484,1.8859539032
485,1.80903792381
486,1.52540278435
487,1.25017821789
488,1.44742596149
489,1.47576248646
490,1.35229837894
491,1.59073853493
492,1.73747158051
493,1.54196345806
494,1.53823208809
495,1.38391757011
496,1.74487400055
497,1.56136226654
498,1.58186602592
499,2.16861486435
500,1.83556485176
501,1.68289160728
502,1.83332383633
503,2.05205535889
504,1.78230428696
505,2.11373400688
506,1.67495143414
507,2.52911424637
508,2.08186149597
509,1.99605667591
510,1.80745112896
511,1.58127343655
512,2.14961981773
513,1.65456843376
514,1.90656483173
515,1.92350280285
516,1.52186191082
517,1.71846210957
518,1.72869801521
519,1.82041442394
520,1.47696995735
521,1.73185908794
522,1.77036499977
523,1.78342616558
524,1.87665081024
525,1.93007314205
526,1.50197553635
527,2.17991280556
528,1.83448243141
529,1.64744091034
530,1.84224164486
531,1.78674125671
532,2.04263114929
533,1.51823663712
534,1.92842638493
535,1.76771497726
536,1.74652183056
537,1.5453286171
538,1.69973349571
539,1.76324033737
540,1.44714105129
541,1.56468129158
542,1.47340226173
543,1.7874301672
544,1.64147675037
545,1.92408847809
546,1.67597126961
547,1.79958319664
548,1.67685949802
549,1.72045218945
550,1.50136256218
551,1.57891738415
552,2.0550327301
553,1.85204124451
554,1.99023151398
555,1.82428610325
556,1.66890001297
557,1.6675350666
558,1.72255802155
559,1.70041811466
560,1.73485517502
561,1.84713947773
562,2.48109102249
563,1.58677601814
564,2.23369479179
565,1.81096410751
566,1.48928368092
567,1.53158640862
568,1.81799507141
569,1.90346002579
570,1.74561941624
571,1.74349546432
572,1.74124610424
573,1.82098639011
574,1.6425049305
575,1.68656826019
576,1.85178089142
577,1.6680136919
578,1.74815404415
579,2.01692652702
580,2.22215890884
581,1.89980185032
582,2.17159795761
583,2.05556941032
584,1.44006371498
585,1.86704003811
586,1.77723264694
587,2.06468462944
588,1.94491755962
589,2.07973837852
590,2.10702943802
591,1.80611121655
592,2.1184220314
593,1.70268058777
594,1.86417341232
595,1.61373913288
596,1.94480443001
597,1.70256662369
598,1.8552069664
599,2.01041817665
600,1.67933237553
601,1.52204287052
602,1.58138954639
603,1.90898859501
604,1.85954093933
605,1.42481482029
606,1.98323571682
607,1.82155489922
608,1.81380355358
609,1.78794264793
610,1.90473496914
611,1.94309985638
612,1.79143953323
613,1.82746481895
614,1.75913953781
615,1.45458495617
616,2.04351615906
617,1.72505795956
618,1.77681350708
619,2.1626791954
620,2.36999416351
621,1.8589605093
622,1.54877531528
623,2.24372768402
624,2.0318236351
625,1.82507562637
626,1.84330260754
627,1.55271065235
628,1.70774412155
629,1.77899944782
630,1.77915406227
631,1.93393945694
632,1.75002849102
633,1.85607421398
634,1.93875396252
635,2.40610146523
636,2.03184604645
637,1.72302079201
638,1.71601569653
639,2.24954390526
640,2.1877925396
641,1.80964660645
642,1.97565567493
643,2.38636398315
644,2.17387962341
645,2.20993542671
646,1.80483794212
647,2.25889062881
648,2.32339286804
649,1.65411198139
650,1.9665876627
651,1.90786361694
652,1.84648168087
653,1.91311085224
654,2.24357748032
655,2.56031775475
656,2.57821249962
657,2.25922727585
658,1.95966362953
659,2.3042371273
660,1.93980395794
661,1.91729223728
662,2.04606533051
663,1.95671784878
664,2.08626294136
665,2.11100792885
666,1.95167148113
667,2.29862689972
668,2.27790188789
669,1.97988283634
670,2.06106591225
671,2.10738444328
672,1.85319077969
673,1.86024296284
674,2.06581139565
675,1.90561485291
676,1.61474454403
677,1.72926986217
678,2.01206016541
679,1.95063579082
680,1.80177986622
681,2.07857728004
682,1.93545258045
683,2.41861534119
684,2.06491303444
685,2.4632627964
686,2.0762822628
687,2.96013307571
688,2.30301260948
689,1.9353055954
690,2.41027474403
691,2.10919260979
692,2.34727454185
693,1.80657947063
694,2.1819126606
695,1.7592549324
696,1.97482478619
697,2.20565509796
698,1.92620015144
699,2.08463716507
700,2.02833914757
701,2.23499035835
702,2.28519511223
703,1.80398714542
704,2.34156966209
705,1.59406220913
706,2.20922493935
707,1.74877822399
708,2.35071015358
709,2.45549488068
710,1.71769237518
711,1.88443756104
712,2.11659812927
713,1.75455129147
714,1.74975192547
715,1.77517127991
716,2.12690663338
717,1.83918964863
718,2.23976206779
719,1.95228695869
720,1.87257885933
721,1.83188056946
722,1.97007608414
723,1.91062569618
724,2.0346353054
725,1.77689433098
726,1.98811721802
727,1.98338663578
728,2.10767054558
729,1.98121750355
730,2.13252162933
731,1.96904230118
732,2.38222432137
733,1.84328114986
734,2.32122969627
735,2.09089112282
736,2.10343360901
737,2.13831114769
738,2.16161131859
739,2.44284319878
740,2.13286757469
741,2.07061982155
742,2.07494521141
743,1.94961345196
744,1.75465738773
745,2.25445389748
746,2.06345748901
747,1.93969464302
748,1.99799799919
749,2.14440965652
750,2.07074809074
751,2.24795675278
752,1.91458082199
753,1.95040369034
754,1.9378452301
755,2.2554037571
756,1.9387704134
757,2.21833825111
758,2.31481647491
759,1.95406615734
760,2.31501078606
761,2.13147592545
762,2.28880906105
763,2.44139647484
764,1.92959272861
765,2.05098748207
766,2.95378041267
767,2.26411771774
768,2.0330312252
769,2.04743528366
770,2.14740681648
771,2.02875995636
772,1.83297145367
773,1.9229041338
774,2.34533023834
775,1.90278744698
776,1.70508635044
777,1.73509192467
778,1.62579619884
779,1.81054472923
780,1.89888370037
781,1.60678112507
782,1.73715102673
783,1.67289698124
784,2.06339597702
785,1.93478703499
786,1.82069814205
787,1.8276065588
788,1.99785506725
789,1.86642348766
790,1.71569383144
791,2.01086068153
792,2.07409191132
793,1.94892990589
794,1.99510192871
795,1.7729203701
796,1.59918689728
797,1.97749125957
798,1.91431164742
799,2.1368803978
800,1.64154148102
801,2.30768465996
802,1.86687552929
803,2.11396098137
804,1.93653523922
805,1.82818746567
806,1.87503802776
807,1.63554668427
808,2.1455013752
809,1.79539358616
810,1.85622096062
811,2.0628824234
812,2.00689959526
813,2.28784775734
814,2.14889001846
815,2.02042365074
816,1.99661576748
817,1.98020076752
818,2.20812273026
819,1.80877757072
820,2.0207400322
821,1.87146997452
822,2.12935996056
823,1.96526885033
824,1.80755877495
825,2.14037251472
826,1.87195360661
827,2.06542205811
828,1.79872095585
829,1.96154165268
830,2.09276390076
831,2.03472757339
832,2.1229622364
833,1.85832870007
834,1.98457169533
835,1.69963014126
836,2.07439517975
837,1.80071222782
838,2.23752713203
839,1.92469167709
840,1.85534775257
841,1.83268535137
842,1.93487823009
843,2.0384953022
844,1.80948102474
845,2.17266941071
846,1.77976262569
847,2.1083881855
848,2.08156824112
849,2.13668727875
850,2.14640283585
851,2.40860533714
852,1.95059335232
853,2.06579995155
854,1.88178575039
855,2.03628349304
856,2.37658810616
857,2.0454761982
858,2.05577635765
859,1.92723059654
860,1.72981381416
861,1.97078073025
862,2.12749791145
863,1.78999435902
864,2.21912050247
865,1.84529578686
866,1.80876517296
867,1.90527904034
868,1.91173708439
869,2.28191375732
870,2.1519882679
871,2.36649703979
872,2.05014562607
873,1.8269174099
874,2.38568663597
875,1.8093136549
876,2.04112052917
877,2.0701239109
878,1.94271242619
879,2.08251571655
880,2.24644613266
881,2.20953607559
882,1.96682345867
883,1.92790186405
884,2.34413266182
885,1.99752366543
886,2.14618778229
887,1.64624798298
888,1.86662352085
889,1.93131768703
890,2.25116991997
891,1.76515901089
892,2.07704854012
893,1.75916218758
894,1.81955516338
895,1.83435690403
896,1.90222382545
897,2.01051878929
898,1.7695132494
899,2.19661879539
900,1.90143585205
901,1.88619112968
902,1.98114943504
903,2.03304481506
904,2.0009572506
905,2.01081728935
906,2.08593392372
907,2.2008523941
908,2.09079027176
909,2.13589167595
910,1.77218389511
911,2.0392267704
912,1.96613740921
913,1.90976476669
914,1.92070770264
915,2.12337255478
916,1.9765099287
917,2.00895476341
918,1.74710416794
919,1.82227170467
920,2.04934024811
921,2.18067646027
922,2.07115006447
923,1.97696506977
924,1.90720629692
925,2.0519297123
926,1.75093889236
927,1.97487616539
928,2.02593207359
929,2.10860157013
930,1.91586720943
931,2.09281015396
932,1.74877774715
933,1.91558039188
934,2.12259864807
935,1.75908660889
936,2.10591340065
937,2.35559892654
938,1.92949724197
939,1.80283653736
940,2.27140402794
941,1.83855807781
942,1.95318114758
943,2.0688188076
944,1.95022380352
945,2.0957429409
946,1.74223828316
947,2.12632441521
948,1.8167347908
949,1.75532436371
950,1.91494786739
951,1.81022715569
952,1.89050686359
953,1.69088900089
954,1.7548981905
955,1.92751276493
956,1.87662243843
957,2.16399002075
958,2.02792811394
959,2.12429332733
960,2.05295348167
961,2.00351405144
962,1.71892416477
963,1.61227273941
964,2.25736498833
965,2.00515794754
966,2.02623963356
967,2.00088477135
968,1.82739281654
969,1.68867075443
970,2.1164727211
971,1.85203278065
972,1.88983821869
973,2.01463341713
974,1.98040521145
975,1.99774742126
976,1.84474790096
977,2.14272165298
978,2.01680994034
979,2.22604513168
980,2.12463569641
981,2.01800656319
982,2.34368658066
983,2.19054722786
984,2.12828779221
985,2.63549613953
986,2.32359743118
987,1.82391297817
988,1.83913040161
989,1.80128729343
990,2.07476830482
991,2.21641516685
992,2.07305812836
993,1.89225924015
994,1.8134522438
995,1.86120378971
996,1.83295893669
997,1.82442712784
998,2.0070707798
999,1.70001351833
1000,2.0666282177
1001,1.85450422764
1002,2.10666298866
1003,1.89534282684
1004,1.88251709938
1005,1.8986364603
1006,1.81175136566
1007,1.85770773888
1008,2.19178462029
1009,1.81933939457
1010,2.29371333122
1011,1.757584095
1012,2.17410087585
1013,1.95184659958
1014,1.77635908127
1015,2.34705805779
1016,1.94052886963
1017,1.90241110325
1018,1.94052350521
1019,1.86363077164
1020,1.72533226013
1021,2.11914396286
1022,2.29236674309
1023,1.84510529041
1024,1.81451773643
1025,1.92574620247
1026,1.94878578186
1027,1.87427771091
1028,1.90666890144
1029,1.68616139889
1030,1.69146871567
1031,2.11522531509
1032,1.91818344593
1033,1.74692571163
1034,2.13740468025
1035,1.95668745041
1036,1.80186772346
1037,2.18493819237
1038,1.90348732471
1039,1.66936647892
1040,1.94351601601
1041,1.93209385872
1042,1.81406092644
1043,1.74688112736
1044,2.08113408089
1045,1.91131770611
1046,1.80608737469
1047,1.94388341904
1048,1.85693836212
1049,2.12217473984
1050,1.7292470932
1051,1.72142767906
1052,2.25627040863
1053,1.99251723289
1054,2.03571438789
1055,2.08940219879
1056,1.9734171629
1057,2.00565838814
1058,2.05176711082
1059,1.72186636925
1060,1.83362472057
1061,1.82972788811
1062,2.07243037224
1063,1.87649071217
1064,1.78926455975
1065,2.0547709465
1066,2.19008278847
1067,1.87545919418
1068,2.10145950317
1069,2.13682317734
1070,1.91555333138
1071,2.2666914463
1072,1.96086406708
1073,1.81339478493
1074,1.93517374992
1075,2.0028321743
1076,2.22988080978
1077,1.73533344269
1078,2.44333958626
1079,2.03345608711
1080,1.83084058762
1081,2.06108665466
1082,1.8611382246
1083,1.87688159943
1084,1.85563194752
1085,1.93778264523
1086,1.58730375767
1087,1.90168297291
1088,1.76506698132
1089,1.65898168087
1090,1.94019579887
1091,1.87737894058
1092,1.91668438911
1093,1.9123197794
1094,1.98616802692
1095,1.67793238163
1096,2.17217302322
1097,1.86272120476
1098,1.81899499893
1099,1.95878863335
1100,1.86069476604
1101,2.00606489182
1102,1.76203012466
1103,1.91497802734
1104,1.94693613052
1105,1.80601191521
1106,1.7481225729
1107,1.83618021011
1108,1.94139516354
1109,1.84783875942
1110,1.89508891106
1111,1.93000400066
1112,1.91102743149
1113,1.91247427464
1114,1.96502411366
1115,1.97331953049
1116,2.13006019592
1117,1.92140078545
1118,1.7433296442
1119,2.28385901451
1120,1.99084293842
1121,2.00586104393
1122,1.92396938801
1123,2.09202814102
1124,1.84957253933
1125,1.74893546104
1126,2.05272746086
1127,1.87734138966
1128,2.00988197327
1129,2.18312644958
1130,2.02420163155
1131,1.91337966919
1132,1.83187949657
1133,1.98319041729
1134,1.98555994034
1135,2.07935738564
1136,1.94008016586
1137,1.8438167572
1138,2.29026937485
1139,1.76570785046
1140,1.98140931129
1141,2.10800004005
1142,1.68161857128
1143,1.9075704813
1144,2.15016579628
1145,1.7134616375
1146,1.8593930006
1147,2.00032925606
1148,2.12137174606
1149,2.11905384064
1150,2.21739697456
1151,2.04084944725
1152,2.06983280182
1153,1.71541070938
1154,1.51543164253
1155,1.99735617638
1156,2.18661808968
1157,2.23857831955
1158,1.89912617207
1159,1.73755455017
1160,1.9375576973
1161,1.89893162251
1162,1.89024221897
1163,1.85049331188
1164,1.76210045815
1165,1.68053686619
1166,1.95541441441
1167,2.16431117058
1168,1.90276885033
1169,1.93183982372
1170,1.71865212917
1171,1.72872805595
1172,1.94320070744
1173,2.24953889847
1174,1.91648554802
1175,1.91890406609
1176,2.13812327385
1177,1.81484532356
1178,1.82456886768
1179,2.0274746418
1180,2.12435531616
1181,1.9533983469
1182,1.96228563786
1183,1.88023281097
1184,2.14551138878
1185,1.8913987875
1186,1.8171159029
1187,2.13374900818
1188,1.98465240002
1189,2.34701704979
1190,1.73178815842
1191,2.32043480873
1192,1.97200882435
1193,1.91310477257
1194,2.03500580788
1195,1.89954078197
1196,1.92654514313
1197,2.02741622925
1198,2.16871404648
1199,1.93806302547
1200,2.11179327965
1201,1.92732954025
1202,1.95442605019
1203,1.77003479004
1204,2.06798243523
1205,2.13900828362
1206,2.24766492844
1207,1.90644180775
1208,2.171438694
1209,2.12493824959
1210,1.97673881054
1211,1.83967280388
1212,1.77457177639
1213,2.04424858093
1214,2.30964565277
1215,2.05047726631
1216,1.76050806046
1217,1.56485807896
1218,1.80822980404
1219,1.94047343731
1220,1.67826616764
1221,1.96138286591
1222,1.69743096828
1223,2.03683328629
1224,1.73368906975
1225,1.80723571777
1226,1.95960235596
1227,2.02032232285
1228,1.90224933624
1229,1.93289268017
1230,1.80453586578
1231,1.86267232895
1232,2.14556407928
1233,1.76203918457
1234,1.95393788815
1235,2.13740062714
1236,1.83964693546
1237,1.87135541439
1238,2.18568015099
1239,1.90864241123
1240,1.6865427494
1241,2.06984496117
1242,1.81946539879
1243,1.85678040981
1244,2.47571969032
1245,1.68142902851
1246,1.81246507168
1247,1.81325960159
1248,1.96342158318
1249,1.72468137741
1250,1.75555408001
1251,1.93550801277
1252,1.82892262936
1253,1.75460326672
1254,1.9249600172
1255,1.79253959656
1256,1.842015028
1257,1.76030254364
1258,1.91133069992
1259,1.89407753944
1260,1.90387368202
1261,1.80648207664
1262,1.59828650951
1263,1.95487976074
1264,1.86272025108
1265,1.70106399059
1266,1.76627111435
1267,1.74071907997
1268,1.86796712875
1269,1.57128107548
1270,1.87101507187
1271,2.07514882088
1272,1.99850738049
1273,1.94199049473
1274,1.9304869175
1275,1.886474967
1276,1.88270258904
1277,1.55021333694
1278,1.82328593731
1279,2.07195854187
1280,1.69620811939
1281,1.83624780178
1282,1.62174010277
1283,1.73390781879
1284,1.81308567524
1285,1.9798823595
1286,1.95849454403
1287,1.86442625523
1288,2.05453228951
1289,1.87473082542
1290,1.99240851402
1291,1.99555015564
1292,1.87632656097
1293,1.97178471088
1294,1.78364312649
1295,1.89056885242
1296,2.08401656151
1297,1.94633579254
1298,1.79805707932
1299,2.17329025269
1300,1.79288244247
1301,1.67881393433
1302,1.73772346973
1303,1.74503839016
1304,1.77625656128
1305,1.75585246086
1306,1.68274402618
1307,1.94943320751
1308,1.7641094923
1309,1.73137044907
1310,1.938788414
1311,1.6959758997
1312,1.72497940063
1313,1.82046091557
1314,1.67274999619
1315,1.82862377167
1316,1.92557227612
1317,1.690330863
1318,1.65073478222
1319,2.12287998199
1320,1.92291796207
1321,1.84881556034
1322,2.13203310966
1323,1.97804474831
1324,1.96290624142
1325,1.69685745239
1326,2.02590179443
1327,2.01435422897
1328,1.9477930069
1329,2.16937565804
1330,2.45587897301
1331,2.07781171799
1332,1.83267629147
1333,2.11064600945
1334,1.80226755142
1335,1.82669591904
1336,1.80452716351
1337,1.68940412998
1338,2.05717754364
1339,1.92350685596
1340,1.85244429111
1341,1.87681484222
1342,1.69200372696
1343,1.74547123909
1344,1.82718896866
1345,1.89381349087
1346,1.95590078831
1347,1.80174899101
1348,2.0880689621
1349,1.83242285252
1350,1.84360921383
1351,1.77053797245
1352,2.25110888481
1353,2.03916335106
1354,1.89465475082
1355,1.68213272095
1356,1.85461139679
1357,1.91941165924
1358,1.95615136623
1359,1.74084734917
1360,1.76599514484
1361,1.61702144146
1362,1.72828829288
1363,1.88721334934
1364,1.59858369827
1365,1.72312915325
1366,1.6276692152
1367,1.77863895893
1368,1.68576323986
1369,1.75865495205
1370,1.80015933514
1371,2.04794716835
1372,2.1268620491
1373,2.00498628616
1374,2.1726372242
1375,1.71630954742
1376,1.83586835861
1377,1.89251470566
1378,1.75436544418
1379,2.02322006226
1380,1.82374477386
1381,1.94569015503
1382,1.97459173203
1383,2.02479505539
1384,1.82051861286
1385,1.64027154446
1386,1.79105162621
1387,1.85397970676
1388,2.00699281693
1389,1.81530952454
1390,1.74782907963
1391,1.97997581959
1392,2.46100997925
1393,2.11445140839
1394,1.91227567196
1395,1.87008559704
1396,1.80004549026
1397,1.6011070013
1398,1.80429756641
1399,1.73500263691
1400,1.92163300514
1401,1.81354665756
1402,1.71931910515
1403,1.87635910511
1404,2.1418223381
1405,1.88236641884
1406,2.13483738899
1407,2.00650429726
1408,1.73505914211
1409,1.68999493122
1410,1.86341977119
1411,1.87202465534
1412,1.79132258892
1413,1.62310838699
1414,2.02448940277
1415,1.79303920269
1416,2.0264313221
1417,1.74554121494
1418,1.6668292284
1419,1.82842731476
1420,1.80979609489
1421,1.96023082733
1422,1.70083498955
1423,2.10965657234
1424,1.81936240196
1425,1.70089101791
1426,1.90026068687
1427,1.99838352203
1428,1.67502295971
1429,1.79432737827
1430,1.80784225464
1431,1.57504737377
1432,1.63239562511
1433,1.75336301327
1434,1.68399131298
1435,1.58437347412
1436,1.7631688118
1437,2.2734951973
1438,1.71020650864
1439,2.11325955391
1440,2.00341129303
1441,1.88193869591
1442,1.91461193562
1443,1.74480497837
1444,2.22146677971
1445,2.11243367195
1446,1.60240972042
1447,1.92513406277
1448,1.83657693863
1449,1.75477790833
1450,1.64149057865
1451,1.87654256821
1452,1.76710379124
1453,1.76235985756
1454,1.88114345074
1455,1.57426905632
1456,1.80467176437
1457,1.95812046528
1458,1.84725117683
1459,1.7349101305
1460,2.07233715057
1461,1.67540812492
1462,1.68842828274
1463,1.77067565918
1464,1.96190941334
1465,1.81419813633
1466,1.87564766407
1467,1.86384046078
1468,1.74811553955
1469,1.86032378674
1470,1.98196399212
1471,1.88972830772
1472,1.62664306164
1473,1.79197049141
1474,1.71633350849
1475,1.64285814762
1476,2.03885149956
1477,1.50667512417
1478,1.70345532894
1479,1.56359469891
1480,1.77335739136
1481,1.59043991566
1482,1.68785464764
1483,1.67634725571
1484,1.78644263744
1485,1.57617592812
1486,1.65554583073
1487,1.77389502525
1488,1.80548810959
1489,1.82091403008
1490,1.82660663128
1491,1.94351828098
1492,2.01393675804
1493,2.08669757843
1494,1.97018671036
1495,2.00920057297
1496,1.86199355125
1497,1.87489187717
1498,1.93935573101
1499,1.57176935673
1500,1.919749856
1501,1.78205358982
1502,2.12516880035
1503,1.62810444832
1504,1.92285561562
1505,2.10313224792
1506,1.84926760197
1507,1.88810276985
1508,1.76207816601
1509,1.90138137341
1510,1.77320408821
1511,1.72716581821
1512,2.11901974678
1513,1.78688633442
1514,1.88830304146
1515,1.71219336987
1516,1.74865591526
1517,1.5689586401
1518,1.5078291893
1519,1.56957519054
1520,1.78880000114
1521,1.82841360569
1522,1.76499152184
1523,1.78076505661
1524,1.87462449074
1525,1.87886929512
1526,2.11069965363
1527,1.71287989616
1528,1.89092230797
1529,1.96023249626
1530,1.90237188339
1531,1.81792759895
1532,1.7106603384
1533,1.87780416012
1534,1.7786886692
1535,1.76456308365
1536,1.58262681961
1537,1.64468669891
1538,1.83224463463
1539,1.91578233242
1540,1.77529549599
1541,1.68239355087
1542,1.82662189007
1543,1.67904055119
1544,1.7901070118
1545,1.61266160011
1546,1.69078397751
1547,1.81343138218
1548,1.88417184353
1549,1.88574886322
1550,1.64780020714
1551,2.01622676849
1552,1.53393721581
1553,1.86393415928
1554,1.74093043804
1555,1.54345667362
1556,1.79550039768
1557,1.58007657528
1558,1.73244273663
1559,1.69368088245
1560,1.60611152649
1561,1.55928421021
1562,1.63872921467
1563,2.6079492569
1564,2.47245597839
1565,2.25142550468
1566,1.9372626543
1567,1.86972558498
1568,1.70606946945
1569,1.78276991844
1570,1.65316128731
1571,1.61234915257
1572,1.66022253036
1573,1.57246375084
1574,1.69676995277
1575,1.611317873
1576,1.76936638355
1577,1.64422988892
1578,1.5503256321
1579,1.90456962585
1580,1.65091872215
1581,1.56885921955
1582,1.78367030621
1583,1.69224429131
1584,1.87271058559
1585,1.71645867825
1586,1.64314937592
1587,1.78251647949
1588,1.79345393181
1589,1.66338956356
1590,1.75877547264
1591,1.83453667164
1592,1.64191305637
1593,1.88876616955
1594,1.75568282604
1595,1.75423789024
1596,1.64945375919
1597,1.90314149857
1598,1.87091350555
1599,1.71677780151
1600,1.80783510208
1601,1.72314929962
1602,1.62141335011
1603,1.78246605396
1604,1.55861318111
1605,1.68835282326
1606,1.62642467022
1607,1.7648434639
1608,1.9536049366
1609,2.02077436447
1610,1.81899225712
1611,1.687099576
1612,1.61620354652
1613,1.86846196651
1614,1.69692242146
1615,1.89014112949
1616,1.64947533607
1617,2.03865194321
1618,1.89143180847
1619,1.85106873512
1620,2.08688259125
1621,1.76048016548
1622,1.67922866344
1623,1.89732074738
1624,1.88899302483
1625,1.70827651024
1626,1.77263844013
1627,1.76892435551
1628,1.64996910095
1629,1.84492313862
1630,1.66834592819
1631,2.12635946274
1632,1.93076610565
1633,1.58695816994
1634,1.84307157993
1635,1.76053440571
1636,1.55550026894
1637,1.55159461498
1638,1.76470530033
1639,1.65036201477
1640,1.53804814816
1641,1.72710311413
1642,1.58164656162
1643,1.53275287151
1644,1.72952568531
1645,1.58962261677
1646,1.58157539368
1647,1.62294018269
1648,1.93949592113
1649,1.85480570793
1650,1.8141592741
1651,1.65434920788
1652,1.59522950649
1653,1.66513371468
1654,1.64222896099
1655,1.60429084301
1656,2.01593756676
1657,1.74916994572
1658,1.56845796108
1659,1.56002926826
1660,1.77323353291
1661,1.89503908157
1662,1.55148363113
1663,1.77093195915
1664,1.77241015434
1665,1.56916892529
1666,1.57586681843
1667,1.61922931671
1668,1.84916639328
1669,1.69487392902
1670,1.58813774586
1671,1.73509550095
1672,1.84527814388
1673,1.97423517704
1674,1.60485374928
1675,1.89174437523
1676,1.68209123611
1677,1.80603659153
1678,1.81826472282
1679,1.83434295654
1680,1.86544680595
1681,1.84063100815
1682,2.02550768852
1683,1.92132854462
1684,1.84407174587
1685,2.17050790787
1686,1.86530375481
1687,1.63362526894
1688,2.09949946404
1689,1.78864777088
1690,1.69065034389
1691,2.11826944351
1692,1.72556972504
1693,1.7357172966
1694,1.73936462402
1695,1.67116677761
1696,1.84097182751
1697,1.54756879807
1698,1.78368020058
1699,1.73972654343
1700,1.66962552071
1701,1.91244316101
1702,1.83152484894
1703,1.80859768391
1704,1.8034683466
1705,1.81543242931
1706,1.7157677412
1707,1.73273324966
1708,1.65069854259
1709,1.55934011936
1710,1.63028621674
1711,1.76047694683
1712,1.55497229099
1713,1.53537511826
1714,1.44854700565
1715,1.60160911083
1716,1.69998943806
1717,1.58425557613
1718,1.50521576405
1719,1.73746275902
1720,1.58849596977
1721,1.68309617043
1722,1.85221517086
1723,1.87645375729
1724,1.75512838364
1725,1.81773293018
1726,1.58813142776
1727,1.90621995926
1728,1.8154065609
1729,1.70176970959
1730,1.67074084282
1731,1.83289372921
1732,1.5867228508
1733,1.59772789478
1734,1.56062352657
1735,1.4446772337
1736,1.82411730289
1737,1.49318444729
1738,1.77067577839
1739,1.83674931526
1740,1.65700685978
1741,1.79702794552
1742,1.57370603085
1743,1.84224736691
1744,1.74670255184
1745,1.56908011436
1746,1.68830692768
1747,2.03822731972
1748,1.90556168556
1749,1.53982806206
1750,1.68131256104
1751,1.94253385067
1752,1.70054733753
1753,2.01206254959
1754,1.97896814346
1755,1.77236521244
1756,1.92760646343
1757,1.603328228
1758,1.78836500645
1759,1.96419501305
1760,1.54091632366
1761,1.51423144341
1762,1.9099265337
1763,1.93227052689
1764,1.89666604996
1765,1.71873271465
1766,1.65777170658
1767,1.67870736122
1768,1.76908385754
1769,1.64562237263
1770,1.67724120617
1771,1.80449581146
1772,1.53629052639
1773,1.67422568798
1774,1.53018522263
1775,1.87266325951
1776,1.87741589546
1777,1.59690117836
1778,1.7194570303
1779,1.6702657938
1780,1.67750179768
1781,1.70227956772
1782,1.582939744
1783,1.70044386387
1784,1.49516844749
1785,1.51592159271
1786,1.6205432415
1787,1.45650672913
1788,1.72725343704
1789,1.79181361198
1790,1.66585755348
1791,2.21870660782
1792,1.66406941414
1793,1.54062008858
1794,1.78302586079
1795,1.65928053856
1796,1.74934542179
1797,1.68151402473
1798,1.71015405655
1799,1.72088396549
1800,1.51846909523
1801,1.87280547619
1802,1.6368111372
1803,1.62965404987
1804,1.87166142464
1805,1.65559566021
1806,1.59635126591
1807,1.61778748035
1808,1.50868439674
1809,1.55529332161
1810,1.54475235939
1811,1.87136518955
1812,1.59170591831
1813,1.68706071377
1814,1.62664437294
1815,1.57420313358
1816,1.70174503326
1817,1.70619690418
1818,1.6214543581
1819,1.93791019917
1820,1.894485116
1821,1.68102872372
1822,1.69105434418
1823,1.77150261402
1824,1.68396019936
1825,1.69706606865
1826,1.69305288792
1827,1.79398429394
1828,1.99315464497
1829,1.69072377682
1830,1.65024662018
1831,1.74955630302
1832,1.59456300735
1833,1.88064861298
1834,1.72891259193
1835,1.5591340065
1836,1.79607784748
1837,1.56602632999
1838,1.60564935207
1839,1.73877251148
1840,1.54308366776
1841,1.70828330517
1842,1.7360342741
1843,2.18987321854
1844,1.66917538643
1845,2.02647638321
1846,1.68681252003
1847,1.71646273136
1848,1.57571780682
1849,1.75656366348
1850,1.81814968586
1851,1.77343678474
1852,1.56501674652
1853,1.75652372837
1854,2.01024889946
1855,1.73641860485
1856,1.70690214634
1857,1.90569007397
1858,1.80364024639
1859,1.58390116692
1860,1.50222992897
1861,1.76408922672
1862,1.509085536
1863,1.72627425194
1864,1.74442398548
1865,1.58781206608
1866,1.85003149509
1867,1.62044000626
1868,1.83627319336
1869,2.32563710213
1870,1.73606753349
1871,1.78985154629
1872,1.93641269207
1873,1.76658070087
1874,1.99659383297
1875,1.68215560913
1876,1.78315019608
1877,1.72210156918
1878,1.79114067554
1879,1.91592288017
1880,1.73837935925
1881,1.67460811138
1882,1.68158650398
1883,1.66321575642
1884,1.56131613255
1885,1.74775290489
1886,1.79167020321
1887,1.55546629429
1888,1.79810452461
1889,1.43940508366
1890,1.59139764309
1891,2.09385037422
1892,1.5928413868
1893,1.48457407951
1894,1.52721369267
1895,1.50564038754
1896,1.46309924126
1897,1.59416234493
1898,1.60233199596
1899,1.64972007275
1900,1.66163647175
1901,1.62302541733
1902,1.8364546299
1903,1.74532604218
1904,1.55838692188
1905,1.71330904961
1906,1.55542075634
1907,1.51555132866
1908,1.43009698391
1909,1.60736835003
1910,1.68784832954
1911,1.50135231018
1912,1.72984039783
1913,1.61674189568
1914,1.55464398861
1915,1.69717013836
1916,1.55339562893
1917,1.5896974802
1918,1.79078984261
1919,1.80419576168
1920,1.66357016563
1921,1.71176838875
1922,1.52453076839
1923,1.70615112782
1924,1.85608649254
1925,1.67240869999
1926,1.52721858025
1927,1.53304827213
1928,1.79395723343
1929,1.65087389946
1930,1.60681092739
1931,1.6474956274
1932,1.74195086956
1933,1.66281974316
1934,1.6187005043
1935,1.57827365398
1936,1.60309231281
1937,1.83547174931
1938,1.52606034279
1939,1.61560440063
1940,1.57710444927
1941,1.53051126003
1942,1.61141216755
1943,1.54561233521
1944,1.78453719616
1945,1.68104600906
1946,1.68422448635
1947,1.43812835217
1948,1.59909296036
1949,1.703810215
1950,1.76784992218
1951,1.67087113857
1952,1.80656611919
1953,1.93163430691
1954,1.61396205425
1955,1.92828035355
1956,1.68034815788
1957,1.91238570213
1958,1.82895684242
1959,1.98280191422
1960,1.97317147255
1961,1.72833800316
1962,1.74127066135
1963,1.99096107483
1964,1.57718920708
1965,1.8378418684
1966,1.6237680912
1967,1.66306519508
1968,1.6681624651
1969,1.63553750515
1970,1.69086182117
1971,1.75832426548
1972,1.49897158146
1973,1.89344930649
1974,1.92006468773
1975,1.63001477718
1976,2.03083395958
1977,1.65016818047
1978,1.70223271847
1979,1.69595873356
1980,1.50990045071
1981,1.6544533968
1982,1.71088206768
1983,1.56579399109
1984,1.7551715374
1985,1.64429712296
1986,1.6336055994
1987,1.64748954773
1988,1.71380853653
1989,1.60864973068
1990,1.80429494381
1991,1.49992346764
1992,1.70507359505
1993,1.80969262123
1994,1.50368237495
1995,1.51946806908
1996,1.58905816078
1997,1.52003502846
1998,1.54866790771
1999,1.59034800529
2000,1.56825983524
2001,1.58100795746
2002,1.61050355434
2003,2.0464823246
2004,1.49765455723
2005,1.66890084743
2006,1.84057462215
2007,1.62735295296
2008,1.62916231155
2009,1.69183170795
2010,1.72258901596
2011,1.69176352024
2012,1.59194362164
2013,1.69302630424
2014,1.61194777489
2015,1.49947118759
2016,1.66574406624
2017,1.40825533867
2018,1.53733026981
2019,1.36620700359
2020,1.52500462532
2021,1.53752350807
2022,1.48868381977
2023,1.55221247673
2024,1.58809518814
2025,1.55778074265
2026,1.77566111088
2027,1.6584084034
2028,1.70914804935
2029,1.69777703285
2030,1.73546564579
2031,1.7534198761
2032,1.63678264618
2033,1.59143328667
2034,1.56675362587
2035,1.69735169411
2036,1.72588980198
2037,1.70077359676
2038,1.51743495464
2039,1.69037950039
2040,1.55336105824
2041,1.59163379669
2042,1.5831489563
2043,1.69565629959
2044,1.51899707317
2045,1.47411191463
2046,1.55743026733
2047,1.3633967638
2048,1.69962596893
2049,1.96233725548
2050,1.97648894787
2051,1.79404222965
2052,1.97527968884
2053,1.61473965645
2054,1.7719553709
2055,1.79882729053
2056,1.85495376587
2057,1.76529896259
2058,1.50218129158
2059,1.71910262108
2060,1.77328121662
2061,1.7363704443
2062,1.59832859039
2063,1.7807892561
2064,1.61845338345
2065,1.37585389614
2066,1.40363168716
2067,1.62753987312
2068,1.39911270142
2069,1.57388007641
2070,1.52249395847
2071,1.55041956902
2072,1.66981863976
2073,1.73501324654
2074,1.67387199402
2075,1.53771650791
2076,1.64287924767
2077,1.5881857872
2078,1.59234464169
2079,1.77986013889
2080,1.56453216076
2081,1.67379796505
2082,1.54135918617
2083,1.44721293449
2084,1.64197075367
2085,1.63010537624
2086,1.64082360268
2087,1.60171353817
2088,1.53187978268
2089,1.68120932579
2090,1.57425880432
2091,1.71381235123
2092,1.58024919033
2093,1.54052686691
2094,1.51309990883
2095,1.60470092297
2096,1.55328047276
2097,1.47962832451
2098,1.62329101562
2099,1.45161700249
2100,1.45823931694
2101,1.5783803463
2102,1.43011164665
2103,1.54251182079
2104,1.60199546814
2105,1.63318264484
2106,1.47949385643
2107,1.55994331837
2108,1.60371744633
2109,1.57254004478
2110,1.55111765862
2111,1.60804438591
2112,1.69655120373
2113,1.62524163723
2114,1.62875795364
2115,1.63074290752
2116,1.71902275085
2117,1.68278539181
2118,1.92676150799
2119,1.49843668938
2120,1.67243170738
2121,1.7685956955
2122,1.7475310564
2123,1.71584105492
2124,1.47030520439
2125,1.44834208488
2126,1.59489488602
2127,1.45637369156
2128,1.57871818542
2129,1.47304904461
2130,2.03842639923
2131,1.54687094688
2132,1.65483641624
2133,1.47078204155
2134,1.67881727219
2135,1.57243692875
2136,1.60934984684
2137,1.64692258835
2138,1.50435304642
2139,1.68388772011
2140,1.70945429802
2141,1.57522296906
2142,1.56587636471
2143,1.46742355824
2144,1.78115427494
2145,1.76666760445
2146,1.54817950726
2147,1.7973151207
2148,1.62952935696
2149,1.60337078571
2150,1.49825012684
2151,1.48671209812
2152,1.61570370197
2153,1.86924731731
2154,1.55607867241
2155,1.75277936459
2156,1.65408921242
2157,1.69304561615
2158,1.58163607121
2159,1.72845757008
2160,1.63084793091
2161,1.44382464886
2162,1.55246067047
2163,1.55580163002
2164,1.52890598774
2165,1.48461830616
2166,1.59098505974
2167,1.6557469368
2168,1.53461146355
2169,1.50870788097
2170,1.43202364445
2171,1.75897622108
2172,1.44129025936
2173,1.54591012001
2174,1.59805643559
2175,1.56110846996
2176,1.70348370075
2177,1.67827391624
2178,1.45380437374
2179,1.87078952789
2180,1.80103302002
2181,1.86309587955
2182,1.70974302292
2183,2.01215410233
2184,1.62393522263
2185,1.69174826145
2186,1.91612350941
2187,1.39455378056
2188,1.57850897312
2189,1.97797596455
2190,1.66545033455
2191,1.56149351597
2192,1.57342338562
2193,1.3460136652
2194,1.55241405964
2195,1.50136613846
2196,1.6075091362
2197,1.62588524818
2198,1.67388474941
2199,1.53807270527
2200,1.69073617458
2201,1.53931283951
2202,1.64328896999
2203,1.49436557293
2204,1.54537367821
2205,1.55366301537
2206,1.60959124565
2207,1.77900350094
2208,1.85125398636
2209,1.50278139114
2210,1.51631081104
2211,1.63322603703
2212,1.79444432259
2213,1.6488404274
2214,1.78400278091
2215,1.81864726543
2216,1.62290811539
2217,1.65960967541
2218,1.67604732513
2219,1.77232992649
2220,1.46636521816
2221,1.50873267651
2222,1.52059626579
2223,1.46409547329
2224,1.70386016369
2225,1.48772919178
2226,1.54226911068
2227,1.43744122982
2228,1.63072228432
2229,1.67573988438
2230,1.43955254555
2231,1.55171430111
2232,1.62076818943
2233,1.65669250488
2234,1.55000591278
2235,1.58927667141
2236,1.591127038
2237,1.65706884861
2238,1.59400820732
2239,1.77735722065
2240,1.90159738064
2241,1.86972796917
2242,1.60991847515
2243,1.71989965439
2244,1.75172555447
2245,1.65489864349
2246,1.42278683186
2247,1.51576685905
2248,1.59143090248
2249,1.45011973381
2250,1.69211983681
2251,1.68244099617
2252,1.57922744751
2253,1.56280255318
2254,1.52971470356
2255,1.5092420578
2256,1.43904554844
2257,1.42373430729
2258,1.71651399136
2259,1.44320869446
2260,1.60830485821
2261,1.62223696709
2262,1.50025415421
2263,1.64375460148
2264,1.53950715065
2265,1.72864973545
2266,1.62111389637
2267,1.74195146561
2268,1.69270730019
2269,1.39351928234
2270,1.46213364601
2271,1.62679862976
2272,1.34757339954
2273,1.61232626438
2274,1.80602908134
2275,1.73844516277
2276,1.60629749298
2277,1.60991227627
2278,1.55342233181
2279,1.60939192772
2280,1.55482053757
2281,1.66804456711
2282,1.75233578682
2283,1.55131757259
2284,1.62662684917
2285,1.69186472893
2286,1.54183912277
2287,1.52478396893
2288,1.51317048073
2289,1.5357375145
2290,1.48696672916
2291,1.53430318832
2292,1.30527877808
2293,1.4004342556
2294,1.65116214752
2295,1.49813723564
2296,1.58290803432
2297,1.43524003029
2298,1.63000333309
2299,1.46098673344
2300,1.43509960175
2301,1.58311092854
2302,1.42467296124
2303,1.55297636986
2304,1.48513936996
2305,1.50416445732
2306,1.99308741093
2307,1.71892821789
2308,1.38300645351
2309,1.60409021378
2310,1.59240138531
2311,1.47869610786
2312,1.67284202576
2313,1.42646837234
2314,1.4623272419
2315,1.54749464989
2316,1.47526311874
2317,1.71076405048
2318,1.54525434971
2319,1.43961799145
2320,1.35808026791
2321,1.59560930729
2322,1.38936543465
2323,1.70940053463
2324,1.48072075844
2325,1.51794600487
2326,1.55659222603
2327,1.39101421833
2328,1.42358124256
2329,1.46441996098
2330,1.50235247612
2331,1.55675876141
2332,1.54305064678
2333,1.66882693768
2334,1.48087286949
2335,1.84665131569
2336,1.59604775906
2337,1.92948198318
2338,1.74639904499
2339,1.6367521286
2340,1.70213067532
2341,1.47067666054
2342,1.55287373066
2343,1.49798977375
2344,1.65730416775
2345,1.64067256451
2346,1.5701893568
2347,1.78365647793
2348,1.61650621891
2349,1.52750468254
2350,1.50709414482
2351,1.58373272419
2352,1.48291504383
2353,1.58928704262
2354,1.44398391247
2355,1.50001561642
2356,1.46942460537
2357,1.65444684029
2358,1.44260203838
2359,1.45239055157
2360,1.60127055645
2361,1.44521927834
2362,1.31763088703
2363,1.51798355579
2364,1.50466346741
2365,1.54764270782
2366,1.38527107239
2367,1.39678132534
2368,1.38453364372
2369,1.5132997036
2370,1.60387706757
2371,1.51801288128
2372,1.51945388317
2373,1.51482772827
2374,1.57211637497
2375,1.59222984314
2376,1.35711920261
2377,1.62685143948
2378,1.50116920471
2379,1.37265753746
2380,1.52200114727
2381,1.38268530369
2382,1.41116440296
2383,1.36221957207
2384,1.49427199364
2385,1.49611234665
2386,1.52725601196
2387,1.68301737309
2388,1.51189959049
2389,1.38994681835
2390,1.62132751942
2391,1.59925150871
2392,1.50692486763
2393,1.59786891937
2394,1.48429453373
2395,1.42555677891
2396,1.63504564762
2397,1.66191899776
2398,1.59074676037
2399,1.74822235107
2400,1.71780800819
2401,1.66659092903
2402,1.53121042252
2403,1.72359502316
2404,1.87820613384
2405,1.74947857857
2406,1.76372468472
2407,1.73112785816
2408,1.57770895958
2409,1.70747244358
2410,1.4913662672
2411,1.66927850246
2412,1.50733697414
2413,1.44374299049
2414,1.65549051762
2415,1.46304941177
2416,1.63944721222
2417,1.55309331417
2418,1.52173268795
2419,1.59052169323
2420,1.6193754673
2421,1.85516762733
2422,1.63451349735
2423,1.58442497253
2424,1.78677380085
2425,1.457675457
2426,1.71665465832
2427,1.86094284058
2428,1.72753250599
2429,1.8220641613
2430,1.6189494133
2431,1.62524247169
2432,1.52655220032
2433,1.57259082794
2434,1.53192925453
2435,1.45358490944
2436,1.37443816662
2437,1.37880790234
2438,1.39544951916
2439,1.49245262146
2440,1.66228103638
2441,1.5207682848
2442,1.27691888809
2443,1.50820446014
2444,1.53495204449
2445,1.49803471565
2446,1.73050928116
2447,1.52981185913
2448,1.44003629684
2449,1.59770560265
2450,1.45422017574
2451,1.67832958698
2452,1.51786518097
2453,1.36301159859
2454,1.33558094501
2455,1.51156806946
2456,1.40302538872
2457,1.47714221478
2458,1.57807922363
2459,1.62439978123
2460,1.47548151016
2461,1.72254550457
2462,1.86627757549
2463,1.57067763805
2464,1.74151551723
2465,1.48303163052
2466,1.67167782784
2467,1.53585934639
2468,1.51188838482
2469,1.45808327198
2470,1.67057919502
2471,1.48916733265
2472,1.52440619469
2473,1.58027207851
2474,1.58953034878
2475,1.54136562347
2476,1.32511126995
2477,1.68466842175
2478,1.55011296272
2479,1.57055997849
2480,1.43349957466
2481,1.46207499504
2482,1.49543750286
2483,1.41400516033
2484,1.37231731415
2485,1.45484161377
2486,1.59140074253
2487,1.57738614082
2488,1.48658955097
2489,1.43856394291
2490,1.6524116993
2491,1.41818630695
2492,1.51464951038
2493,1.47912883759
2494,1.60978925228
2495,1.42427241802
2496,1.59444785118
2497,1.63480091095
2498,1.47887158394
2499,1.33594655991
2500,1.4813375473
2501,1.42086541653
2502,1.53330159187
2503,1.47277092934
2504,1.38748049736
2505,1.57231783867
2506,1.57376122475
2507,1.57725870609
2508,1.37537121773
2509,1.52518498898
2510,1.46624183655
2511,1.52393400669
2512,1.35305988789
2513,1.34845006466
2514,1.64030528069
2515,1.39929485321
2516,1.49822175503
2517,1.40942358971
2518,1.5726262331
2519,1.52731502056
2520,1.46509885788
2521,1.44217956066
2522,1.52485322952
2523,1.35837578773
2524,1.43909204006
2525,1.41178870201
2526,1.48481941223
2527,1.47049701214
2528,1.46424043179
2529,1.46782171726
2530,1.40254664421
2531,1.76372456551
2532,1.61348903179
2533,1.53120040894
2534,1.72401618958
2535,1.48828136921
2536,1.45315420628
2537,1.34192407131
2538,1.56005108356
2539,1.51149702072
2540,1.48587822914
2541,1.61565434933
2542,1.41201817989
2543,1.56351494789
2544,1.4011913538
2545,1.50932657719
2546,1.59786689281
2547,1.50476002693
2548,1.64492762089
2549,1.6986297369
2550,1.58176279068
2551,1.46438133717
2552,1.43140828609
2553,1.4220148325
2554,1.55797958374
2555,1.45718181133
2556,1.68771314621
2557,1.58709168434
2558,1.44115936756
2559,1.68387627602
2560,1.34237205982
2561,1.5383067131
2562,1.58073091507
2563,1.45721054077
2564,1.59283220768
2565,1.47053909302
2566,1.52029561996
2567,1.52914607525
2568,1.37339556217
2569,1.51378059387
2570,1.49036169052
2571,1.63597810268
2572,1.7258746624
2573,1.62469768524
2574,1.70337867737
2575,1.45594239235
2576,1.45953726768
2577,1.81795191765
2578,1.45167267323
2579,1.53166079521
2580,1.38964152336
2581,1.51261413097
2582,1.39069449902
2583,1.62183237076
2584,1.29130864143
2585,1.52896285057
2586,1.52880942822
2587,1.39422869682
2588,1.51323759556
2589,1.42166256905
2590,1.18604803085
2591,1.41015970707
2592,1.47883844376
2593,1.38533449173
2594,1.42525339127
2595,1.39294695854
2596,1.32696425915
2597,1.38099861145
2598,1.46910881996
2599,1.32635390759
2600,1.44535839558
2601,1.40988314152
2602,1.52819287777
2603,1.53432130814
2604,1.44107496738
2605,1.4291009903
2606,1.57929635048
2607,1.41679704189
2608,1.3814445734
2609,1.48704493046
2610,1.37742519379
2611,1.38546133041
2612,1.36926758289
2613,1.6086332798
2614,1.44928395748
2615,1.37193000317
2616,1.43623447418
2617,1.49484705925
2618,1.53219783306
2619,1.5313270092
2620,1.35048496723
2621,1.50362765789
2622,1.31191444397
2623,1.41631770134
2624,1.51997566223
2625,1.27985846996
2626,1.4275739193
2627,1.53943419456
2628,1.45873355865
2629,1.42767906189
2630,1.62228059769
2631,1.45899033546
2632,1.71613776684
2633,1.46094930172
2634,1.45217442513
2635,1.37929332256
2636,1.39601397514
2637,1.62130594254
2638,1.48893177509
2639,1.39721822739
2640,1.36006879807
2641,1.54598724842
2642,1.42980134487
2643,1.41103434563
2644,1.45245909691
2645,1.44406688213
2646,1.49219322205
2647,1.27668106556
2648,1.31051158905
2649,1.34200263023
2650,1.49052095413
2651,1.62318944931
2652,1.46123659611
2653,1.48008549213
2654,1.49276161194
2655,1.46113693714
2656,1.43306064606
2657,1.74419403076
2658,1.5209274292
2659,1.57652544975
2660,1.49026465416
2661,1.66637527943
2662,1.41457235813
2663,1.58775520325
2664,1.41755568981
2665,1.64722752571
2666,1.26774072647
2667,1.77832615376
2668,1.60163211823
2669,1.38166046143
2670,1.51454019547
2671,1.50331842899
2672,1.43700122833
2673,1.61107540131
2674,1.42997002602
2675,1.57897424698
2676,1.50987398624
2677,1.47213411331
2678,1.50598478317
2679,1.56131231785
2680,1.52801847458
2681,1.70152020454
2682,1.39327526093
2683,1.57695960999
2684,1.67637872696
2685,1.38034188747
2686,1.66146445274
2687,1.44510769844
2688,1.599401474
2689,1.43383908272
2690,1.50767982006
2691,1.36817216873
2692,1.49453449249
2693,1.47800529003
2694,1.46153271198
2695,1.40367794037
2696,1.61191952229
2697,1.53453028202
2698,1.44749867916
2699,1.51046097279
2700,1.46570551395
2701,1.45749807358
2702,1.2803786993
2703,1.40559065342
2704,1.54784142971
2705,1.43194973469
2706,1.44683003426
2707,1.58699512482
2708,1.63483071327
2709,1.61478221416
2710,1.4321449995
2711,1.57003712654
2712,1.62452244759
2713,1.40025508404
2714,1.57468426228
2715,1.42168998718
2716,1.40138733387
2717,1.47605633736
2718,1.5207811594
2719,1.30972194672
2720,1.57896316051
2721,1.45782315731
2722,1.52615189552
2723,1.35588145256
2724,1.55893158913
2725,1.43700945377
2726,1.48374474049
2727,1.37029576302
2728,1.4104975462
2729,1.27426326275
2730,1.70808970928
2731,1.49910879135
2732,1.52380430698
2733,1.44991993904
2734,1.39485037327
2735,1.49176096916
2736,1.54618120193
2737,1.47161769867
2738,1.38234364986
2739,1.39675831795
2740,1.44752109051
2741,1.56522572041
2742,1.23501753807
2743,1.55260491371
2744,1.31075572968
2745,1.4757181406
2746,1.50109302998
2747,1.45108020306
2748,1.52827978134
2749,1.53024053574
2750,1.60976016521
2751,1.42576348782
2752,1.34825539589
2753,1.37010371685
2754,1.38670933247
2755,1.4305011034
2756,1.35898411274
2757,1.6762676239
2758,1.66080605984
2759,1.40659439564
2760,1.50424790382
2761,1.41177761555
2762,1.43625891209
2763,1.64414083958
2764,1.38092148304
2765,1.34577357769
2766,1.69615280628
2767,1.57940852642
2768,1.5057643652
2769,1.4726433754
2770,1.55219268799
2771,1.38507282734
2772,1.54379105568
2773,1.42177522182
2774,1.51104819775
2775,1.33757638931
2776,1.36210083961
2777,1.33852910995
2778,1.57723605633
2779,1.4336578846
2780,1.36642253399
2781,1.43351459503
2782,1.55322730541
2783,1.37154352665
2784,1.36886429787
2785,1.43325269222
2786,1.43418526649
2787,1.58610069752
2788,1.43686127663
2789,1.47061657906
2790,1.75987005234
2791,1.46265995502
2792,1.41294705868
2793,1.58427405357
2794,1.53657102585
2795,1.42733597755
2796,1.47997462749
2797,1.45150005817
2798,1.38083040714
2799,1.37248075008
2800,1.31961369514
2801,1.3437037468
2802,1.51311159134
2803,1.34749400616
2804,1.50743126869
2805,1.47387850285
2806,1.37699961662
2807,1.47046661377
2808,1.69637298584
2809,1.38266694546
2810,1.3369269371
2811,1.50345861912
2812,1.28246212006
2813,1.49777722359
2814,1.49619674683
2815,1.51506626606
2816,1.43108642101
2817,1.59089910984
2818,1.47902798653
2819,1.55490291119
2820,1.680590868
2821,1.4523011446
2822,1.61830186844
2823,1.67511367798
2824,1.45701563358
2825,1.39843177795
2826,1.54559242725
2827,1.50404024124
2828,1.54986894131
2829,1.38132596016
2830,1.4766304493
2831,1.27161800861
2832,1.45375847816
2833,1.475055933
2834,1.42545378208
2835,1.44392848015
2836,1.49369418621
2837,1.79334807396
2838,1.53115034103
2839,1.36370885372
2840,1.60175561905
2841,1.33828866482
2842,1.42353200912
2843,1.41908228397
2844,1.38661777973
2845,1.36700689793
2846,1.76587927341
2847,1.54136788845
2848,1.49256193638
2849,1.47973895073
2850,1.39601135254
2851,1.37032651901
2852,1.45287168026
2853,1.32115805149
2854,1.33983099461
2855,1.36775529385
2856,1.43622565269
2857,1.4474619627
2858,1.19876253605
2859,1.4674808979
2860,1.48425412178
2861,1.40318870544
2862,1.30848073959
2863,1.27703905106
2864,1.48029243946
2865,1.37829995155
2866,1.40383255482
2867,1.4242079258
2868,1.48464846611
2869,1.4047049284
2870,1.5328425169
2871,1.58716368675
2872,1.74119126797
2873,1.64793407917
2874,1.55945217609
2875,1.40080857277
2876,1.51984369755
2877,1.37192261219
2878,1.35340714455
2879,1.43595468998
2880,1.42547214031
2881,1.56010448933
2882,1.42127490044
2883,1.36831009388
2884,1.56682324409
2885,1.67730903625
2886,1.56526327133
2887,1.72075998783
2888,1.66039586067
2889,1.55603659153
2890,1.68607759476
2891,1.68386018276
2892,1.35976243019
2893,1.32722747326
2894,1.41205906868
2895,1.33222770691
2896,1.47738385201
2897,1.52495849133
2898,1.34633553028
2899,1.52717781067
2900,1.77173161507
2901,1.44141983986
2902,1.40172922611
2903,1.56464922428
2904,1.43769240379
2905,1.38479793072
2906,1.67559170723
2907,1.443749547
2908,1.3774740696
2909,1.68519794941
2910,1.84790873528
2911,1.53575980663
2912,1.67849552631
2913,1.71244239807
2914,1.56059777737
2915,1.45306777954
2916,1.57846617699
2917,1.3957914114
2918,1.42492902279
2919,1.35756528378
2920,1.42662799358
2921,1.41046917439
2922,1.54891943932
2923,1.6362336874
2924,1.49974620342
2925,1.44771647453
2926,1.42860591412
2927,1.47223949432
2928,1.45010662079
2929,1.31359124184
2930,1.53330636024
2931,1.34479522705
2932,1.46676719189
2933,1.3384026289
2934,1.40603220463
2935,1.45410430431
2936,1.5114377737
2937,1.49316084385
2938,1.43747699261
2939,1.39664304256
2940,1.34133183956
2941,1.4778829813
2942,1.5268985033
2943,1.36162269115
2944,1.32781052589
2945,1.47505998611
2946,1.45388150215
2947,1.43613171577
2948,1.43142104149
2949,1.35507678986
2950,1.34127449989
2951,1.29556012154
2952,1.35761320591
2953,1.3825596571
2954,1.37986600399
2955,1.46018648148
2956,1.42358148098
2957,1.35221517086
2958,1.45309138298
2959,1.40478360653
2960,1.41598141193
2961,1.32748150826
2962,1.26234388351
2963,1.51348257065
2964,1.27077805996
2965,1.47578752041
2966,1.50591814518
2967,1.2999625206
2968,1.36726951599
2969,1.43967914581
2970,1.37105834484
2971,1.38484787941
2972,1.39799940586
2973,1.50291097164
2974,1.25879180431
2975,1.52293181419
2976,1.5903826952
2977,1.59472024441
2978,1.43534684181
2979,1.40890789032
2980,1.37241959572
2981,1.47589051723
2982,1.33770501614
2983,1.42350316048
2984,1.49534952641
2985,1.29796946049
2986,1.43688571453
2987,1.3909573555
2988,1.50188720226
2989,1.40869486332
2990,1.38334512711
2991,1.39113891125
2992,1.27714407444
2993,1.37073099613
2994,1.40841162205
2995,1.34795176983
2996,1.43684434891
2997,1.29164683819
2998,1.25120806694
2999,1.39585936069
3000,1.50935220718
3001,1.39558398724
3002,1.46510517597
3003,1.49755060673
3004,1.44234681129
3005,1.57020974159
3006,1.36407601833
3007,1.41517043114
3008,1.53585577011
3009,1.562292099
3010,1.40708696842
3011,1.58087038994
3012,1.45328855515
3013,1.59585011005
3014,1.36559867859
3015,1.38776350021
3016,1.49784374237
3017,1.47492015362
3018,1.36489188671
3019,1.56178402901
3020,1.3714158535
3021,1.69889247417
3022,1.64383387566
3023,1.35254859924
3024,1.31189227104
3025,1.5452299118
3026,1.51278567314
3027,1.44142580032
3028,1.44592678547
3029,1.35921108723
3030,1.66787481308
3031,1.46023523808
3032,1.3973082304
3033,1.46663141251
3034,1.50995326042
3035,1.40069687366
3036,1.43941605091
3037,1.59835505486
3038,1.46676886082
3039,1.49679076672
3040,1.48348116875
3041,1.36437511444
3042,1.45981907845
3043,1.378054142
3044,1.41676723957
3045,1.50825619698
3046,1.40682065487
3047,1.42358112335
3048,1.51754617691
3049,1.57267951965
3050,1.53344798088
3051,1.39181876183
3052,1.38033628464
3053,1.38504636288
3054,1.36793613434
3055,1.45634186268
3056,1.41188752651
3057,1.38359463215
3058,1.47718703747
3059,1.44825470448
3060,1.69548106194
3061,1.29170036316
3062,1.50916278362
3063,1.75133025646
3064,1.51361560822
3065,1.48662924767
3066,1.24314808846
3067,1.32309341431
3068,1.47822225094
3069,1.26170766354
3070,1.27918183804
3071,1.3846398592
3072,1.32057857513
3073,1.28015398979
3074,1.4696201086
3075,1.33293616772
3076,1.47791588306
3077,1.53798317909
3078,1.38620638847
3079,1.5851432085
3080,1.72711145878
3081,1.54270887375
3082,1.5301669836
3083,1.47488999367
3084,1.40670204163
3085,1.37808346748
3086,1.38548505306
3087,1.42046785355
3088,1.33878922462
3089,1.52627360821
3090,1.55111205578
3091,1.37253248692
3092,1.47405016422
3093,1.47432386875
3094,1.67157828808
3095,1.34375226498
3096,1.54913330078
3097,1.66600441933
3098,1.35489594936
3099,1.37786078453
3100,1.70454287529
3101,1.31048774719
3102,1.41805577278
3103,1.52032101154
3104,1.46461796761
3105,1.39757013321
3106,1.69751787186
3107,1.52721178532
3108,1.45240712166
3109,1.48267173767
3110,1.34514760971
3111,1.32843470573
3112,1.28784692287
3113,1.35468816757
3114,1.3376044035
3115,1.26251006126
3116,1.456422925
3117,1.51218628883
3118,1.34516119957
3119,1.31460833549
3120,1.37519323826
3121,1.60498189926
3122,1.42124593258
3123,1.21860945225
3124,1.59524834156
3125,1.4737598896
3126,2.33976507187
3127,1.43498444557
3128,1.41328632832
3129,1.45675361156
3130,1.2856464386
3131,1.42654109001
3132,1.5336176157
3133,1.40241312981
3134,1.20696794987
3135,1.40323281288
3136,1.48520576954
3137,1.27033007145
3138,1.29239296913
3139,1.34988582134
3140,1.48183858395
3141,1.39196026325
3142,1.37557816505
3143,1.43660616875
3144,1.48672223091
3145,1.3627808094
3146,1.26324164867
3147,1.37008917332
3148,1.43623530865
3149,1.36587202549
3150,1.28442561626
3151,1.36898875237
3152,1.39495897293
3153,1.33098840714
3154,1.45001161098
3155,1.38739466667
3156,1.39100635052
3157,1.38761734962
3158,1.42456483841
3159,1.3721280098
3160,1.46918034554
3161,1.48089993
3162,1.35010433197
3163,1.34449326992
3164,1.4627648592
3165,1.48055446148
3166,1.30864548683
3167,1.30242538452
3168,1.45037579536
3169,1.72843563557
3170,1.38285577297
3171,1.50205981731
3172,1.47077429295
3173,1.53917360306
3174,1.38290011883
3175,1.45012676716
3176,1.3876452446
3177,1.40477609634
3178,1.45130038261
3179,1.42150139809
3180,1.4740139246
3181,1.40605223179
3182,1.30778706074
3183,1.3341012001
3184,1.49025213718
3185,1.32074093819
3186,1.494130373
3187,1.27706849575
3188,1.50036644936
3189,1.39720880985
3190,1.47004640102
3191,1.37958943844
3192,1.26082491875
3193,1.25194466114
3194,1.39381253719
3195,1.29555642605
3196,1.38077414036
3197,1.29421675205
3198,1.39166367054
3199,1.44483792782
3200,1.39536702633
3201,1.51955139637
3202,1.42302536964
3203,1.3998349905
3204,1.40110003948
3205,1.37541568279
3206,1.40886759758
3207,1.36624002457
3208,1.48960959911
3209,1.32811832428
3210,1.38440108299
3211,1.29871594906
3212,1.42780435085
3213,1.39583408833
3214,1.47915828228
3215,1.36173760891
3216,1.44909012318
3217,1.49716591835
3218,1.3638023138
3219,1.46247923374
3220,1.41351723671
3221,1.27406644821
3222,1.33363032341
3223,1.3997451067
3224,1.33464312553
3225,1.37118685246
3226,1.49105155468
3227,1.29849565029
3228,1.32475244999
3229,1.42755961418
3230,1.38636529446
3231,1.4226218462
3232,1.33651435375
3233,1.33181321621
3234,1.28760540485
3235,1.45833361149
3236,1.35831511021
3237,1.38710451126
3238,1.36209487915
3239,1.52482116222
3240,1.32324171066
3241,1.18778598309
3242,1.38885426521
3243,1.29181516171
3244,1.25675928593
3245,1.22791862488
3246,1.48711943626
3247,1.35937774181
3248,1.43020701408
3249,1.40035629272
3250,1.23463654518
3251,1.37136268616
3252,1.37412810326
3253,1.30270087719
3254,1.38227260113
3255,1.41788303852
3256,1.38775420189
3257,1.41202414036
3258,1.4470924139
3259,1.54290401936
3260,1.4906771183
3261,1.51731657982
3262,1.68529093266
3263,1.39213824272
3264,1.52685499191
3265,1.384729743
3266,1.40257632732
3267,1.48235428333
3268,1.30736398697
3269,1.4917242527
3270,1.50619149208
3271,1.44393467903
3272,1.37217724323
3273,1.34363377094
3274,1.65753757954
3275,1.37434160709
3276,1.50374150276
3277,1.46486735344
3278,1.2436426878
3279,1.50778722763
3280,1.40770924091
3281,1.27006566525
3282,1.40015566349
3283,1.33156001568
3284,1.26205098629
3285,1.25683474541
3286,1.46238601208
3287,1.23994541168
3288,1.26067447662
3289,1.40544521809
3290,1.27772128582
3291,1.32829844952
3292,1.36326849461
3293,1.30780541897
3294,1.30952084064
3295,1.35937619209
3296,1.33034729958
3297,1.34475123882
3298,1.34622049332
3299,1.4983035326
3300,1.43652498722
3301,1.35484707355
3302,1.37403726578
3303,1.37904632092
3304,1.33160996437
3305,1.36888194084
3306,1.52519333363
3307,1.38712310791
3308,1.36335420609
3309,1.29593706131
3310,1.37278974056
3311,1.26713097095
3312,1.38237404823
3313,1.36599898338
3314,1.27583765984
3315,1.43007421494
3316,1.35382580757
3317,1.28089404106
3318,1.34827208519
3319,1.4524487257
3320,1.34357631207
3321,1.26130998135
3322,1.29366791248
3323,1.27961432934
3324,1.34687876701
3325,1.56371808052
3326,1.54371988773
3327,1.37227499485
3328,1.63485300541
3329,1.49056637287
3330,1.21803188324
3331,1.36508309841
3332,1.56397819519
3333,1.33266735077
3334,1.52253246307
3335,1.31767976284
3336,1.30258727074
3337,1.36728012562
3338,1.39917576313
3339,1.48831641674
3340,1.32797563076
3341,1.41551482677
3342,1.40884137154
3343,1.54474687576
3344,1.49748563766
3345,1.35679483414
3346,1.56068110466
3347,1.48467922211
3348,1.26894342899
3349,1.61226141453
3350,1.49379730225
3351,1.39042699337
3352,1.39374780655
3353,1.53540635109
3354,1.39046704769
3355,1.28722774982
3356,1.50391054153
3357,1.37734794617
3358,1.41568207741
3359,1.40808975697
3360,1.39799952507
3361,1.29353511333
3362,1.35393333435
3363,1.38304769993
3364,1.40856730938
3365,1.4617369175
3366,1.37649977207
3367,1.34414875507
3368,1.41271853447
3369,1.37892615795
3370,1.40257680416
3371,1.39621436596
3372,1.3013753891
3373,1.50161206722
3374,1.38196909428
3375,1.35675477982
3376,1.31045496464
3377,1.33074963093
3378,1.51129961014
3379,1.39293313026
3380,1.30972397327
3381,1.24517798424
3382,1.36806130409
3383,1.38260149956
3384,1.39665186405
3385,1.44485139847
3386,1.30838799477
3387,1.44987344742
3388,1.45739018917
3389,1.3805668354
3390,1.43710708618
3391,1.34535515308
3392,1.40600907803
3393,1.32324790955
3394,1.44661474228
3395,1.41884922981
3396,1.37577581406
3397,1.22284531593
3398,1.35328745842
3399,1.40621328354
3400,1.21892869473
3401,1.31846952438
3402,1.42919886112
3403,1.32788038254
3404,1.33673405647
3405,1.34666550159
3406,1.43201601505
3407,1.40867722034
3408,1.25334489346
3409,1.40698897839
3410,1.36938202381
3411,1.49442756176
3412,1.48032546043
3413,1.35604727268
3414,1.33454167843
3415,1.57550787926
3416,1.3128477335
3417,1.46412599087
3418,1.48730432987
3419,1.26959013939
3420,1.60781931877
3421,1.64215254784
3422,1.36835098267
3423,1.40247404575
3424,1.44262897968
3425,1.53876960278
3426,1.44395875931
3427,1.27786362171
3428,1.40781474113
3429,1.30265665054
3430,1.28901791573
3431,1.33533620834
3432,1.29714047909
3433,1.25822114944
3434,1.31422686577
3435,1.30284631252
3436,1.4159168005
3437,1.23478055
3438,1.44465625286
3439,1.32438361645
3440,1.14266419411
3441,1.36589598656
3442,1.29701757431
3443,1.38829016685
3444,1.46602535248
3445,1.36063694954
3446,1.48507750034
3447,1.33756303787
3448,1.33008480072
3449,1.28226745129
3450,1.54685485363
3451,1.48063886166
3452,1.34038233757
3453,1.31765282154
3454,1.47744047642
3455,1.28795015812
3456,1.25523245335
3457,1.29479169846
3458,1.29351043701
3459,1.35726046562
3460,1.27902722359
3461,1.50837171078
3462,1.29366052151
3463,1.2576867342
3464,1.45445811749
3465,1.32080197334
3466,1.4049744606
3467,1.52180218697
3468,1.38749086857
3469,1.31919419765
3470,1.3354716301
3471,1.37661540508
3472,1.39319252968
3473,1.3708178997
3474,1.36385262012
3475,1.32253324986
3476,1.44669985771
3477,1.41062939167
3478,1.49834060669
3479,1.48724853992
3480,1.44426393509
3481,1.4579501152
3482,1.45992767811
3483,1.32719218731
3484,1.54453861713
3485,1.53305828571
3486,1.46072757244
3487,1.44326591492
3488,1.47801709175
3489,1.42836308479
3490,1.45047736168
3491,1.48734652996
3492,1.47459661961
3493,1.39863967896
3494,1.41143345833
3495,1.4532558918
3496,1.52106130123
3497,1.55384755135
3498,1.31962454319
3499,1.31506085396
3500,1.40855562687
3501,1.3509016037
3502,1.28829038143
3503,1.30519020557
3504,1.32225167751
3505,1.35543000698
3506,1.21973788738
3507,1.20053553581
3508,1.45489883423
3509,1.42509186268
3510,1.35207462311
3511,1.3685747385
3512,1.51108753681
3513,1.33666753769
3514,1.45594918728
3515,1.31916451454
3516,1.35230123997
3517,1.29860794544
3518,1.47612380981
3519,1.37895452976
3520,1.42998611927
3521,1.31552886963
3522,1.49545204639
3523,1.45385086536
3524,1.26263999939
3525,1.3762819767
3526,1.43915808201
3527,1.37945890427
3528,1.41690731049
3529,1.33123791218
3530,1.38253903389
3531,1.54870808125
3532,1.45221734047
3533,1.49865794182
3534,1.36741983891
3535,1.29547095299
3536,1.47390413284
3537,1.25379312038
3538,1.32283735275
3539,1.3675506115
3540,1.5207233429
3541,1.29514789581
3542,1.32961022854
3543,1.40142452717
3544,1.32338500023
3545,1.31654906273
3546,1.22631263733
3547,1.38105797768
3548,1.32172882557
3549,1.47806560993
3550,1.35356199741
3551,1.3348685503
3552,1.42769265175
3553,1.3477396965
3554,1.35176229477
3555,1.32655239105
3556,1.28546929359
3557,1.29449534416
3558,1.39644300938
3559,1.41333687305
3560,1.3875837326
3561,1.48734629154
3562,1.47479426861
3563,1.41014575958
3564,1.43176364899
3565,1.40778160095
3566,1.31577777863
3567,1.34691441059
3568,1.25852012634
3569,1.26541852951
3570,1.18836557865
3571,1.37495076656
3572,1.22451329231
3573,1.31087529659
3574,1.36072015762
3575,1.40582299232
3576,1.3284471035
3577,1.28744006157
3578,1.38351488113
3579,1.62411355972
3580,1.595261693
3581,1.42189311981
3582,1.32720851898
3583,1.45366835594
3584,1.27038156986
3585,1.25827395916
3586,1.29962825775
3587,1.3519500494
3588,1.37277829647
3589,1.34443116188
3590,1.25183522701
3591,1.36333060265
3592,1.34752297401
3593,1.23926532269
3594,1.56286156178
3595,1.32561576366
3596,1.18311691284
3597,1.38223052025
3598,1.47602748871
3599,1.45967185497
3600,1.39527654648
3601,1.27445065975
3602,1.37939429283
3603,1.23728442192
3604,1.51331412792
3605,1.46837580204
3606,1.33705973625
3607,1.33101963997
3608,1.43971383572
3609,1.38166344166
3610,1.34078145027
3611,1.41990876198
3612,1.26346743107
3613,1.45749497414
3614,1.26580440998
3615,1.24521934986
3616,1.24717652798
3617,1.2911837101
3618,1.23559439182
3619,1.33736777306
3620,1.37707841396
3621,1.35983920097
3622,1.37476074696
3623,1.183609128
3624,1.25910317898
3625,1.26858484745
3626,1.18617105484
3627,1.38661372662
3628,1.59963965416
3629,1.38286399841
3630,1.34685790539
3631,1.41213750839
3632,1.45681977272
3633,1.43898713589
3634,1.44649732113
3635,1.40525138378
3636,1.51238441467
3637,1.24054968357
3638,1.36268353462
3639,1.36605203152
3640,1.34516811371
3641,1.27177202702
3642,1.36192727089
3643,1.36474943161
3644,1.26704263687
3645,1.30738770962
3646,1.32958376408
3647,1.38111937046
3648,1.30185949802
3649,1.42344665527
3650,1.47509276867
3651,1.42105031013
3652,1.30493509769
3653,1.31570637226
3654,1.35966336727
3655,1.41324007511
3656,1.47900855541
3657,1.25370430946
3658,1.42702198029
3659,1.40335667133
3660,1.33502709866
3661,1.47693705559
3662,1.30571973324
3663,1.35611402988
3664,1.36449325085
3665,1.35784769058
3666,1.40166950226
3667,1.394323349
3668,1.41889238358
3669,1.2507174015
3670,1.43097496033
3671,1.32685685158
3672,1.36340761185
3673,1.30346632004
3674,1.30215990543
3675,1.26152098179
3676,1.29762339592
3677,1.26694858074
3678,1.38294994831
3679,1.21373534203
3680,1.24459338188
3681,1.38479566574
3682,1.24900960922
3683,1.19356071949
3684,1.24685943127
3685,1.30506050587
3686,1.23931634426
3687,1.3194038868
3688,1.38757193089
3689,1.23113656044
3690,1.3015294075
3691,1.27571308613
3692,1.33750128746
3693,1.22880387306
3694,1.44653296471
3695,1.37094390392
3696,1.24757957458
3697,1.47315645218
3698,1.34386730194
3699,1.32922828197
3700,1.35554301739
3701,1.32923281193
3702,1.34280395508
3703,1.28381335735
3704,1.29810786247
3705,1.46471440792
3706,1.28510808945
3707,1.34019649029
3708,1.55882573128
3709,1.4894515276
3710,1.32272422314
3711,1.23729717731
3712,1.37580502033
3713,1.28963148594
3714,1.3744853735
3715,1.33739829063
3716,1.26957261562
3717,1.35511469841
3718,1.29526185989
3719,1.27528738976
3720,1.30160367489
3721,1.29176080227
3722,1.34272146225
3723,1.4151238203
3724,1.40722322464
3725,1.24502587318
3726,1.43805766106
3727,1.31116509438
3728,1.28135490417
3729,1.38432526588
3730,1.42503988743
3731,1.28048098087
3732,1.22098064423
3733,1.38633358479
3734,1.40150165558
3735,1.34369325638
3736,1.30865848064
3737,1.40474045277
3738,1.37776243687
3739,1.2971445322
3740,1.40898191929
3741,1.45379972458
3742,1.41150021553
3743,1.37546682358
3744,1.31670939922
3745,1.38630247116
3746,1.24413883686
3747,1.47562992573
3748,1.39238500595
3749,1.38694596291
3750,1.40333497524
3751,1.2859992981
3752,1.27997899055
3753,1.33361458778
3754,1.33224582672
3755,1.27198016644
3756,1.3567250967
3757,1.28182077408
3758,1.33384120464
3759,1.24246633053
3760,1.41729640961
3761,1.30999612808
3762,1.26087129116
3763,1.33958029747
3764,1.34987986088
3765,1.39520609379
3766,1.49671077728
3767,1.37916243076
3768,1.29589021206
3769,1.19152116776
3770,1.3265427351
3771,1.27043128014
3772,1.36863267422
3773,1.36117637157
3774,1.279327631
3775,1.40580379963
3776,1.3376390934
3777,1.34465456009
3778,1.27050149441
3779,1.24604821205
3780,1.33308708668
3781,1.35741078854
3782,1.37343227863
3783,1.27904808521
3784,1.33115768433
3785,1.41391968727
3786,1.35192024708
3787,1.27645719051
3788,1.44261944294
3789,1.32635068893
3790,1.19387114048
3791,1.36091291904
3792,1.31264078617
3793,1.22044074535
3794,1.28194212914
3795,1.15902662277
3796,1.22244155407
3797,1.17419397831
3798,1.14041173458
3799,1.17836678028
3800,1.52687835693
3801,1.1960132122
3802,1.12600028515
3803,1.21026134491
3804,1.28397107124
3805,1.22128582001
3806,1.17979180813
3807,1.22923398018
3808,1.13666903973
3809,1.32713019848
3810,1.36793518066
3811,1.40621244907
3812,1.35142481327
3813,1.27274024487
3814,1.37714207172
3815,1.24034059048
3816,1.31696724892
3817,1.34220612049
3818,1.25035893917
3819,1.39640438557
3820,1.44580721855
3821,1.18813955784
3822,1.40116357803
3823,1.46620631218
3824,1.41520702839
3825,1.34257054329
3826,1.35615897179
3827,1.33233463764
3828,1.29023420811
3829,1.35790157318
3830,1.26526868343
3831,1.28353524208
3832,1.2562456131
3833,1.26689946651
3834,1.45600676537
3835,1.28885781765
3836,1.3091801405
3837,1.21845853329
3838,1.4824732542
3839,1.32610213757
3840,1.2911990881
3841,1.31444954872
3842,1.38327848911
3843,1.25126850605
3844,1.29257130623
3845,1.37907660007
3846,1.28606522083
3847,1.28774559498
3848,1.36364603043
3849,1.4027132988
3850,1.39024043083
3851,1.24586546421
3852,1.21657836437
3853,1.29673433304
3854,1.36054372787
3855,1.25273537636
3856,1.31128501892
3857,1.33640491962
3858,1.25444412231
3859,1.40241479874
3860,1.20892453194
3861,1.32966709137
3862,1.47010493279
3863,1.41292560101
3864,1.32613384724
3865,1.26541447639
3866,1.40139293671
3867,1.44114053249
3868,1.43813848495
3869,1.38316512108
3870,1.37331342697
3871,1.3399926424
3872,1.25700283051
3873,1.34871459007
3874,1.35877013206
3875,1.17633342743
3876,1.23048257828
3877,1.32199382782
3878,1.30187630653
3879,1.2316391468
3880,1.3479796648
3881,1.28873968124
3882,1.35142242908
3883,1.22409915924
3884,1.23240470886
3885,1.3210067749
3886,1.32784819603
3887,1.43195879459
3888,1.2279497385
3889,1.21733605862
3890,1.30422639847
3891,1.29429161549
3892,1.21482431889
3893,1.32336866856
3894,1.31366741657
3895,1.32071888447
3896,1.21180319786
3897,1.37923324108
3898,1.24044859409
3899,1.45233058929
3900,1.29788684845
3901,1.18434488773
3902,1.31213033199
3903,1.17516744137
3904,1.33566701412
3905,1.22710907459
3906,1.41108071804
3907,1.37623929977
3908,1.23784971237
3909,1.414524436
3910,1.38482964039
3911,1.14904344082
3912,1.22235739231
3913,1.28069162369
3914,1.19535124302
3915,1.25755274296
3916,1.18250381947
3917,1.2246670723
3918,1.27286863327
3919,1.38896715641
3920,1.29329311848
3921,1.27545404434
3922,1.30531716347
3923,1.15829646587
3924,1.39366340637
3925,1.53178942204
3926,1.31663012505
3927,1.27678644657
3928,1.21754348278
3929,1.32311356068
3930,1.25859773159
3931,1.29901385307
3932,1.26992356777
3933,1.24938070774
3934,1.31363677979
3935,1.31675195694
3936,1.43785059452
3937,1.34554934502
3938,1.29363322258
3939,1.38904643059
3940,1.17798018456
3941,1.18880677223
3942,1.35461425781
3943,1.35919797421
3944,1.30242133141
3945,1.27039504051
3946,1.3943169117
3947,1.34295523167
3948,1.34896290302
3949,1.34824109077
3950,1.38194584846
3951,1.41161692142
3952,1.38428711891
3953,1.27083098888
3954,1.24737143517
3955,1.39649140835
3956,1.29959356785
3957,1.34777021408
3958,1.40448534489
3959,1.23564839363
3960,1.26701891422
3961,1.25425839424
3962,1.23110127449
3963,1.33490860462
3964,1.41827619076
3965,1.25181531906
3966,1.3088350296
3967,1.19580543041
3968,1.32518768311
3969,1.30578887463
3970,1.31474816799
3971,1.26557433605
3972,1.2703795433
3973,1.18689823151
3974,1.3374017477
3975,1.20600509644
3976,1.29122972488
3977,1.39230382442
3978,1.35931122303
3979,1.52219951153
3980,1.37363088131
3981,1.30866348743
3982,1.43305194378
3983,1.3384257555
3984,1.1763471365
3985,1.29753506184
3986,1.19537627697
3987,1.30719327927
3988,1.26580297947
3989,1.24547576904
3990,1.41098606586
3991,1.18219172955
3992,1.26880085468
3993,1.29449510574
3994,1.3224016428
3995,1.23020541668
3996,1.2641377449
3997,1.41543626785
3998,1.38900017738
3999,1.45077681541
4000,1.21644496918
4001,1.25352072716
4002,1.39336013794
4003,1.33525311947
4004,1.28205347061
4005,1.18867897987
4006,1.29899024963
4007,1.3096704483
4008,1.42358195782
4009,1.3339291811
4010,1.26820790768
4011,1.27969563007
4012,1.39538800716
4013,1.31872093678
4014,1.3785507679
4015,1.35965836048
4016,1.23306953907
4017,1.31675291061
4018,1.36755692959
4019,1.39524412155
4020,1.28137516975
4021,1.29950213432
4022,1.25740265846
4023,1.35853421688
4024,1.27806532383
4025,1.26243305206
4026,1.23545062542
4027,1.29399657249
4028,1.26974368095
4029,1.40575540066
4030,1.24769604206
4031,1.20285928249
4032,1.33238494396
4033,1.24454438686
4034,1.28689575195
4035,1.38932240009
4036,1.23711240292
4037,1.35025691986
4038,1.34986364841
4039,1.38902699947
4040,1.26682722569
4041,1.22619700432
4042,1.12157535553
4043,1.32099044323
4044,1.40130734444
4045,1.26729357243
4046,1.35118722916
4047,1.3718585968
4048,1.25527095795
4049,1.4972332716
4050,1.24495255947
4051,1.40764725208
4052,1.35582685471
4053,1.39776217937
4054,1.30977976322
4055,1.30705821514
4056,1.33581650257
4057,1.33585691452
4058,1.3363314867
4059,1.42760384083
4060,1.29510474205
4061,1.26620960236
4062,1.24499464035
4063,1.18695807457
4064,1.22978496552
4065,1.36227691174
4066,1.32271122932
4067,1.1980214119
4068,1.38443434238
4069,1.3521746397
4070,1.244982481
4071,1.29671490192
4072,1.2214602232
4073,1.21112084389
4074,1.26498651505
4075,1.3143055439
4076,1.29572534561
4077,1.28200435638
4078,1.28041696548
4079,1.20059502125
4080,1.21873748302
4081,1.2322319746
4082,1.3423538208
4083,1.28298819065
4084,1.36049878597
4085,1.38204550743
4086,1.416203022
4087,1.43803560734
4088,1.33121967316
4089,1.47568893433
4090,1.30407941341
4091,1.21164977551
4092,1.21870195866
4093,1.48558664322
4094,1.42173039913
4095,1.31009030342
4096,1.26443839073
4097,1.26239824295
4098,1.36549425125
4099,1.2555937767
4100,1.30027961731
4101,1.33747303486
4102,1.31713759899
4103,1.29461288452
4104,1.19666981697
4105,1.17147731781
4106,1.20183360577
4107,1.50143861771
4108,1.20056390762
4109,1.39600002766
4110,1.39600634575
4111,1.31600701809
4112,1.26065790653
4113,1.28721153736
4114,1.28187179565
4115,1.33051919937
4116,1.35616540909
4117,1.31728315353
4118,1.37688601017
4119,1.44052398205
4120,1.17157292366
4121,1.35445702076
4122,1.21962070465
4123,1.24941849709
4124,1.26992452145
4125,1.28098070621
4126,1.26348090172
4127,1.32144618034
4128,1.2249994278
4129,1.2296640873
4130,1.24171447754
4131,1.32578277588
4132,1.2425814867
4133,1.30955672264
4134,1.32266676426
4135,1.45067358017
4136,1.28163588047
4137,1.24862504005
4138,1.18104839325
4139,1.20047354698
4140,1.27981972694
4141,1.45517230034
4142,1.36026990414
4143,1.15567409992
4144,1.31046533585
4145,1.32851839066
4146,1.27831542492
4147,1.23200178146
4148,1.43330264091
4149,1.32563459873
4150,1.28881442547
4151,1.25537264347
4152,1.23503041267
4153,1.3395524025
4154,1.36463308334
4155,1.26206469536
4156,1.22807407379
4157,1.46449553967
4158,1.28842735291
4159,1.2940094471
4160,1.25949001312
4161,1.33954632282
4162,1.22358548641
4163,1.37545073032
4164,1.45896840096
4165,1.27126562595
4166,1.19865620136
4167,1.26012194157
4168,1.39784026146
4169,1.30497312546
4170,1.30485057831
4171,1.34863328934
4172,1.34626317024
4173,1.32746076584
4174,1.34131979942
4175,1.30527734756
4176,1.14882421494
4177,1.23535656929
4178,1.33983337879
4179,1.30222642422
4180,1.185516119
4181,1.41981840134
4182,1.38065993786
4183,1.22970294952
4184,1.32108533382
4185,1.330103755
4186,1.26313793659
4187,1.30139112473
4188,1.24736762047
4189,1.25971615314
4190,1.23379445076
4191,1.18614625931
4192,1.23496365547
4193,1.25093209743
4194,1.26230156422
4195,1.21327638626
4196,1.15985715389
4197,1.4136223793
4198,1.21005475521
4199,1.2829580307
4200,1.26914310455
4201,1.15559327602
4202,1.28543460369
4203,1.30858910084
4204,1.26469182968
4205,1.25480306149
4206,1.47636139393
4207,1.24858772755
4208,1.3215996027
4209,1.2533942461
4210,1.16094648838
4211,1.21307992935
4212,1.17497313023
4213,1.14751005173
4214,1.28553330898
4215,1.20541393757
4216,1.12747144699
4217,1.2367657423
4218,1.2017236948
4219,1.29833030701
4220,1.25925898552
4221,1.33434844017
4222,1.26600337029
4223,1.34014415741
4224,1.26804113388
4225,1.16966462135
4226,1.28951621056
4227,1.2537125349
4228,1.41152644157
4229,1.28595638275
4230,1.23995113373
4231,1.26595675945
4232,1.40717637539
4233,1.26652014256
4234,1.16099107265
4235,1.33341300488
4236,1.34198474884
4237,1.31637310982
4238,1.28453683853
4239,1.25451660156
4240,1.29447484016
4241,1.1739243269
4242,1.16646957397
4243,1.26597261429
4244,1.22798216343
4245,1.24648821354
4246,1.37943792343
4247,1.34633886814
4248,1.28287661076
4249,1.26383066177
4250,1.35625422001
4251,1.23852884769
4252,1.26961517334
4253,1.4570940733
4254,1.30417478085
4255,1.2479531765
4256,1.35932981968
4257,1.24381232262
4258,1.24900889397
4259,1.43770611286
4260,1.39833533764
4261,1.19002914429
4262,1.33581340313
4263,1.44457960129
4264,1.27379763126
4265,1.28539276123
4266,1.33087897301
4267,1.19570827484
4268,1.32731807232
4269,1.34392428398
4270,1.28318166733
4271,1.27570080757
4272,1.37447988987
4273,1.18249249458
4274,1.23932099342
4275,1.21133577824
4276,1.23732542992
4277,1.22236359119
4278,1.30032682419
4279,1.38218295574
4280,1.28343915939
4281,1.20780658722
4282,1.235922575
4283,1.20090162754
4284,1.25714707375
4285,1.30945897102
4286,1.31767475605
4287,1.26076197624
4288,1.23792302608
4289,1.26279914379
4290,1.34027218819
4291,1.25615048409
4292,1.1982486248
4293,1.20528721809
4294,1.38020718098
4295,1.2447501421
4296,1.19761383533
4297,1.18956887722
4298,1.26171290874
4299,1.32284808159
4300,1.29113805294
4301,1.28489506245
4302,1.36702561378
4303,1.34921514988
4304,1.2557309866
4305,1.15743112564
4306,1.29053521156
4307,1.48817443848
4308,1.39439570904
4309,1.27376437187
4310,1.22752404213
4311,1.25301218033
4312,1.26308691502
4313,1.27340018749
4314,1.26173198223
4315,1.26901161671
4316,1.46729552746
4317,1.24333202839
4318,1.18982887268
4319,1.24272370338
4320,1.31946837902
4321,1.33721792698
4322,1.22593009472
4323,1.26985740662
4324,1.4022963047
4325,1.55972445011
4326,1.24728500843
4327,1.28740799427
4328,1.4135133028
4329,1.39876866341
4330,1.30343043804
4331,1.53812766075
4332,1.39791798592
4333,1.22383856773
4334,1.22389864922
4335,1.48992240429
4336,1.31962895393
4337,1.16312110424
4338,1.2023332119
4339,1.33019244671
4340,1.13868510723
4341,1.23094201088
4342,1.13039290905
4343,1.25821816921
4344,1.2202476263
4345,1.22155737877
4346,1.22777915001
4347,1.19273900986
4348,1.19730234146
4349,1.25083255768
4350,1.12331831455
4351,1.17044401169
4352,1.40382921696
4353,1.18918228149
4354,1.19600391388
4355,1.26663672924
4356,1.27036905289
4357,1.18114840984
4358,1.20790910721
4359,1.1427615881
4360,1.23335540295
4361,1.18333017826
4362,1.18719625473
4363,1.15556371212
4364,1.24049317837
4365,1.2630712986
4366,1.24003875256
4367,1.350476861
4368,1.20711505413
4369,1.28101170063
4370,1.25867247581
4371,1.17610919476
4372,1.27583754063
4373,1.27492880821
4374,1.29302728176
4375,1.24248242378
4376,1.23840677738
4377,1.11391830444
4378,1.26894021034
4379,1.13100266457
4380,1.23221802711
4381,1.36540329456
4382,1.39287614822
4383,1.27609014511
4384,1.14638984203
4385,1.35330116749
4386,1.2930366993
4387,1.31389021873
4388,1.32130384445
4389,1.26686990261
4390,1.29084992409
4391,1.27429127693
4392,1.26580226421
4393,1.35607779026
4394,1.29796457291
4395,1.14698684216
4396,1.31391620636
4397,1.24862158298
4398,1.19024896622
4399,1.08594167233
4400,1.36935031414
4401,1.24948692322
4402,1.32727706432
4403,1.15367841721
4404,1.13137745857
4405,1.33417403698
4406,1.39925205708
4407,1.17340528965
4408,1.22707247734
4409,1.25612807274
4410,1.27621567249
4411,1.21841180325
4412,1.28439307213
4413,1.19305145741
4414,1.2361086607
4415,1.37483251095
4416,1.19342553616
4417,1.27017450333
4418,1.35350418091
4419,1.30775618553
4420,1.26172220707
4421,1.22198319435
4422,1.32188439369
4423,1.27464127541
4424,1.47506678104
4425,1.27458870411
4426,1.20136642456
4427,1.40023779869
4428,1.5141479969
4429,1.28846538067
4430,1.21851837635
4431,1.26611208916
4432,1.1925599575
4433,1.20733368397
4434,1.17705142498
4435,1.37879264355
4436,1.32501173019
4437,1.32720196247
4438,1.35016620159
4439,1.19711899757
4440,1.16995644569
4441,1.19612240791
4442,1.34174394608
4443,1.21632349491
4444,1.17924714088
4445,1.30869460106
4446,1.33052039146
4447,1.23780798912
4448,1.38519096375
4449,1.35832571983
4450,1.2369556427
4451,1.27496898174
4452,1.30020225048
4453,1.31524527073
4454,1.25245130062
4455,1.18927133083
4456,1.19914579391
4457,1.17490231991
4458,1.21928167343
4459,1.22225308418
4460,1.38845539093
4461,1.25062429905
4462,1.31871318817
4463,1.35458183289
4464,1.24331581593
4465,1.3165653944
4466,1.2375202179
4467,1.23965537548
4468,1.10085070133
4469,1.25565731525
4470,1.16250741482
4471,1.28589677811
4472,1.27298748493
4473,1.22215735912
4474,1.27182376385
4475,1.31205153465
4476,1.24520814419
4477,1.28614974022
4478,1.23000860214
4479,1.36720359325
4480,1.30806982517
4481,1.10261654854
4482,1.2590239048
4483,1.30135512352
4484,1.12167859077
4485,1.04111647606
4486,1.21092760563
4487,1.20587670803
4488,1.25578486919
4489,1.21391069889
4490,1.25724613667
4491,1.14665710926
4492,1.20563137531
4493,1.26218140125
4494,1.34936904907
4495,1.25044739246
4496,1.28683745861
4497,1.14139842987
4498,1.14425158501
4499,1.23541033268
4500,1.13305461407
4501,1.26613092422
4502,1.1457798481
4503,1.19596910477
4504,1.23531424999
4505,1.24821090698
4506,1.16206991673
4507,1.17411065102
4508,1.18987607956
4509,1.23645973206
4510,1.21542656422
4511,1.27433276176
4512,1.21333646774
4513,1.18521785736
4514,1.42332875729
4515,1.22664535046
4516,1.3108779192
4517,1.28476810455
4518,1.1347540617
4519,1.18038916588
4520,1.31299734116
4521,1.31559765339
4522,1.16888856888
4523,1.15663933754
4524,1.23923385143
4525,1.05919003487
4526,1.29773521423
4527,1.22638440132
4528,1.13778364658
4529,1.18383967876
4530,1.25468420982
4531,1.30345869064
4532,1.27889227867
4533,1.20714271069
4534,1.29110717773
4535,1.29380476475
4536,1.24545204639
4537,1.22772169113
4538,1.2382478714
4539,1.20422422886
4540,1.29992806911
4541,1.21914410591
4542,1.27445781231
4543,1.24873256683
4544,1.17669188976
4545,1.17752766609
4546,1.14591825008
4547,1.23497259617
4548,1.19618225098
4549,1.24428701401
4550,1.1821449995
4551,1.20373153687
4552,1.18265414238
4553,1.39757966995
4554,1.13558888435
4555,1.15609920025
4556,1.21182394028
4557,1.15729689598
4558,1.21767759323
4559,1.15197074413
4560,1.17372405529
4561,1.1891181469
4562,1.26895952225
4563,1.31631839275
4564,1.23309743404
4565,1.34622752666
4566,1.3130671978
4567,1.18763196468
4568,1.20130372047
4569,1.27109479904
4570,1.19984602928
4571,1.30479121208
4572,1.23133134842
4573,1.17582428455
4574,1.24730908871
4575,1.27998995781
4576,1.30997419357
4577,1.34359741211
4578,1.27327156067
4579,1.21469950676
4580,1.28120219707
4581,1.23901367188
4582,1.22610473633
4583,1.28132116795
4584,1.24682843685
4585,1.16010665894
4586,1.26506769657
4587,1.19782924652
4588,1.232391119
4589,1.18414354324
4590,1.29459023476
4591,1.16307246685
4592,1.11516499519
4593,1.20102107525
4594,1.23710179329
4595,1.23514986038
4596,1.22054803371
4597,1.33566522598
4598,1.23623180389
4599,1.22739219666
4600,1.30957686901
4601,1.23080289364
4602,1.34169054031
4603,1.26531791687
4604,1.1642781496
4605,1.28037023544
4606,1.28108739853
4607,1.29231333733
4608,1.2552986145
4609,1.26024615765
4610,1.16901946068
4611,1.21467041969
4612,1.23646402359
4613,1.23853254318
4614,1.15017473698
4615,1.21943747997
4616,1.23207485676
4617,1.17270886898
4618,1.13492906094
4619,1.13392937183
4620,1.20349037647
4621,1.26062631607
4622,1.17332649231
4623,1.13659393787
4624,1.28124630451
4625,1.13691484928
4626,1.34027659893
4627,1.3260217905
4628,1.23006045818
4629,1.19421732426
4630,1.13781547546
4631,1.27401006222
4632,1.16082239151
4633,1.24332726002
4634,1.1715130806
4635,1.28867983818
4636,1.08279681206
4637,1.20845031738
4638,1.32102489471
4639,1.27255129814
4640,1.23304569721
4641,1.36455106735
4642,1.21411442757
4643,1.21479558945
4644,1.275359869
4645,1.33552277088
4646,1.11401474476
4647,1.24407017231
4648,1.35265290737
4649,1.21586918831
4650,1.25200879574
4651,1.30226266384
4652,1.31238162518
4653,1.27300155163
4654,1.26153659821
4655,1.24112689495
4656,1.32143759727
4657,1.28365623951
4658,1.16182994843
4659,1.31509160995
4660,1.1968960762
4661,1.18627130985
4662,1.27797949314
4663,1.12404072285
4664,1.30045115948
4665,1.17449259758
4666,1.23808133602
4667,1.12637531757
4668,1.26282644272
4669,1.31843960285
4670,1.27017557621
4671,1.24150705338
4672,1.25862085819
4673,1.25858056545
4674,1.19677364826
4675,1.28410184383
4676,1.17276632786
4677,1.18036472797
4678,1.31741154194
4679,1.20086729527
4680,1.1884213686
4681,1.16715466976
4682,1.13225066662
4683,1.16761624813
4684,1.14778971672
4685,1.19751775265
4686,1.20650100708
4687,1.26940584183
4688,1.23567426205
4689,1.85035097599
4690,1.30212080479
4691,1.28876245022
4692,1.24031484127
4693,1.28214251995
4694,1.1326508522
4695,1.16096270084
4696,1.14448320866
4697,1.28580367565
4698,1.25427412987
4699,1.15310180187
4700,1.11807096004
4701,1.1697562933
4702,1.18290233612
4703,1.33883535862
4704,1.16420996189
4705,1.31122410297
4706,1.15070748329
4707,1.27819895744
4708,1.27027440071
4709,1.20054554939
4710,1.2143393755
4711,1.38008630276
4712,1.22763383389
4713,1.15585064888
4714,1.19908356667
4715,1.225020051
4716,1.24920189381
4717,1.2155456543
4718,1.22598838806
4719,1.319231987
4720,1.11420214176
4721,1.21549773216
4722,1.27978682518
4723,1.19370675087
4724,1.20341312885
4725,1.13075780869
4726,1.30745708942
4727,1.27002966404
4728,1.23480582237
4729,1.17911612988
4730,1.22409534454
4731,1.23151767254
4732,1.33679294586
4733,1.0823366642
4734,1.25256478786
4735,1.33470749855
4736,1.16519892216
4737,1.22944915295
4738,1.17206537724
4739,1.1499017477
4740,1.15661871433
4741,1.22617650032
4742,1.21731114388
4743,1.16630446911
4744,1.14207267761
4745,1.26491391659
4746,1.21540248394
4747,1.22800803185
4748,1.23187887669
4749,1.3074940443
4750,1.29900598526
4751,1.27689170837
4752,1.26888263226
4753,1.26218378544
4754,1.21844100952
4755,1.16891551018
4756,1.20862627029
4757,1.24027264118
4758,1.11692261696
4759,1.16791498661
4760,1.28062129021
4761,1.28111970425
4762,1.2445204258
4763,1.22905504704
4764,1.2709145546
4765,1.19860947132
4766,1.23767352104
4767,1.15145730972
4768,1.21220755577
4769,1.18864309788
4770,1.14360272884
4771,1.23372793198
4772,1.27156102657
4773,1.22594511509
4774,1.16638922691
4775,1.28759431839
4776,1.34160363674
4777,1.22097885609
4778,1.50919020176
4779,1.35272908211
4780,1.2987165451
4781,1.2791082859
4782,1.29829585552
4783,1.1238515377
4784,1.1506152153
4785,1.21194326878
4786,1.29980862141
4787,1.28670048714
4788,1.20500719547
4789,1.25122785568
4790,1.26295089722
4791,1.16842389107
4792,1.17557537556
4793,1.17872178555
4794,1.28976869583
4795,1.33442735672
4796,1.20538473129
4797,1.13754463196
4798,1.09095454216
4799,1.16262769699
4800,1.10095477104
4801,1.13571572304
4802,1.10134744644
4803,1.21493554115
4804,1.17157578468
4805,1.16612350941
4806,1.25311863422
4807,1.1046192646
4808,1.05726230145
4809,1.16997826099
4810,1.12384748459
4811,1.21356511116
4812,1.19890928268
4813,1.22348916531
4814,1.13924837112
4815,1.35043132305
4816,1.37466967106
4817,1.13169896603
4818,1.10573291779
4819,1.28025686741
4820,1.2986805439
4821,1.20278143883
4822,1.15090537071
4823,1.19135928154
4824,1.16181445122
4825,1.18982493877
4826,1.24850976467
4827,1.34161674976
4828,1.20855844021
4829,1.193780303
4830,1.30532455444
4831,1.39122700691
4832,1.25059890747
4833,1.12865877151
4834,1.19032943249
4835,1.20169329643
4836,1.19356226921
4837,1.31950521469
4838,1.16192865372
4839,1.2620036602
4840,1.14065051079
4841,1.32128798962
4842,1.20491158962
4843,1.11608660221
4844,1.23342144489
4845,1.32802200317
4846,1.08125460148
4847,1.29397368431
4848,1.23045313358
4849,1.13253247738
4850,1.13214814663
4851,1.16824054718
4852,1.25591170788
4853,1.22889518738
4854,1.14873683453
4855,1.14219582081
4856,1.28663182259
4857,1.18728005886
4858,1.17904210091
4859,1.13687384129
4860,1.25497424603
4861,1.24615156651
4862,1.25370085239
4863,1.05596601963
4864,1.4010887146
4865,1.26284885406
4866,1.19721674919
4867,1.34881687164
4868,1.28840768337
4869,1.25261723995
4870,1.25771594048
4871,1.1771569252
4872,1.34308707714
4873,1.23540008068
4874,1.23325622082
4875,1.31295108795
4876,1.23160016537
4877,1.24258100986
4878,1.15397620201
4879,1.36830365658
4880,1.14321863651
4881,1.23496341705
4882,1.13939630985
4883,1.28109490871
4884,1.19006752968
4885,1.32610535622
4886,1.23546409607
4887,1.15168893337
4888,1.27107727528
4889,1.34792566299
4890,1.09627914429
4891,1.1205842495
4892,1.21933460236
4893,1.23239421844
4894,1.21062898636
4895,1.25196504593
4896,1.3213083744
4897,1.09801995754
4898,1.3734087944
4899,1.29910707474
4900,1.2352449894
4901,1.25525307655
4902,1.46143424511
4903,1.17865598202
4904,1.2952426672
4905,1.39104712009
4906,1.18878984451
4907,1.22484910488
4908,1.38677883148
4909,1.21374893188
4910,1.20674300194
4911,1.08192539215
4912,1.27109181881
4913,1.22144186497
4914,1.18580400944
4915,1.16377794743
4916,1.17837500572
4917,1.18476390839
4918,1.14267909527
4919,1.19245219231
4920,1.13148283958
4921,1.17478573322
4922,1.14153802395
4923,1.11946094036
4924,1.20119583607
4925,1.24591600895
4926,1.09004807472
4927,1.27188622952
4928,1.21806013584
4929,1.25087988377
4930,1.1380045414
4931,1.16154825687
4932,1.2449491024
4933,1.25237250328
4934,1.23631834984
4935,1.20511972904
4936,1.17902565002
4937,1.19815587997
4938,1.13928544521
4939,1.28995156288
4940,1.31154644489
4941,1.17226183414
4942,1.29302883148
4943,1.2692168951
4944,1.22384440899
4945,1.11593616009
4946,1.19085645676
4947,1.20322942734
4948,1.26443457603
4949,1.20975363255
4950,1.23703730106
4951,1.10199415684
4952,1.21917831898
4953,1.23214292526
4954,1.23081636429
4955,1.29277646542
4956,1.31996250153
4957,1.15363323689
4958,1.17805206776
4959,1.16607630253
4960,1.25168311596
4961,1.08735084534
4962,1.22868871689
4963,1.25231599808
4964,1.2346508503
4965,1.41143906116
4966,1.30505096912
4967,1.13702619076
4968,1.17129361629
4969,1.31719648838
4970,1.24598002434
4971,1.08335065842
4972,1.21933412552
4973,1.15562951565
4974,1.36966884136
4975,1.20537638664
4976,1.26298666
4977,1.1684397459
4978,1.13401997089
4979,1.16362535954
4980,1.15835487843
4981,1.10850572586
4982,1.23415458202
4983,1.24586081505
4984,1.11870670319
4985,1.14662504196
4986,1.1811453104
4987,1.16777086258
4988,1.24855542183
4989,1.24949753284
4990,1.16003012657
4991,1.19615292549
4992,1.17475247383
4993,1.18042349815
4994,1.41366922855
4995,1.23905718327
4996,1.30894613266
4997,1.29782342911
4998,1.19235336781
4999,1.36657476425
5000,1.34342169762
5001,1.44638895988
5002,1.28821778297
5003,1.15084397793
5004,1.1724640131
5005,1.27476704121
5006,1.19164872169
5007,1.23879289627
5008,1.25382363796
5009,1.369602561
5010,1.08633697033
5011,1.22617065907
5012,1.35673654079
5013,1.16867268085
5014,1.38534903526
5015,1.24373149872
5016,1.25010883808
5017,1.11743104458
5018,1.25839495659
5019,1.33798348904
5020,1.27083528042
5021,1.21655499935
5022,1.12579452991
5023,1.30006706715
5024,1.26044166088
5025,1.25695025921
5026,1.22540259361
5027,1.1334195137
5028,1.25875854492
5029,1.03424525261
5030,1.26685631275
5031,1.15940058231
5032,1.17311799526
5033,1.20910525322
5034,1.23125374317
5035,1.37729847431
5036,1.25071370602
5037,1.25435185432
5038,1.29512369633
5039,1.25816941261
5040,1.38660466671
5041,1.17942500114
5042,1.22835850716
5043,1.19392883778
5044,1.18678593636
5045,1.12659955025
5046,1.24335324764
5047,1.24119102955
5048,1.17292749882
5049,1.10150742531
5050,1.19946372509
5051,1.24815022945
5052,1.09694588184
5053,1.07129836082
5054,1.30564010143
5055,1.09634411335
5056,1.18602514267
5057,1.16886949539
5058,1.27257299423
5059,1.10672938824
5060,1.21095228195
5061,1.11399877071
5062,1.21681559086
5063,1.3222874403
5064,1.16116499901
5065,1.17987108231
5066,1.19258832932
5067,1.37373530865
5068,1.14589762688
5069,1.25213325024
5070,1.25979113579
5071,1.15149474144
5072,1.15319120884
5073,1.19329059124
5074,1.12060940266
5075,1.25877201557
5076,1.44598317146
5077,1.29020059109
5078,1.22657191753
5079,1.12135088444
5080,1.22221982479
5081,1.18059015274
5082,1.20535254478
5083,1.13849151134
5084,1.18476188183
5085,1.38398349285
5086,1.21544134617
5087,1.09236299992
5088,1.33582663536
5089,1.17057001591
5090,1.26852214336
5091,1.16598713398
5092,1.23870432377
5093,1.16505897045
5094,1.15925359726
5095,1.15652155876
5096,1.11944591999
5097,1.17804598808
5098,1.17589616776
5099,1.15052700043
5100,1.15503060818
5101,1.17987167835
5102,1.10090065002
5103,1.06096088886
5104,1.3381742239
5105,1.1929628849
5106,1.17431569099
5107,1.20316779613
5108,1.14347040653
5109,1.19194483757
5110,1.21962618828
5111,1.1696356535
5112,1.14951443672
5113,1.18837058544
5114,1.1524579525
5115,1.28634214401
5116,1.21428203583
5117,1.18257784843
5118,1.31075143814
5119,1.19211256504
5120,1.20722639561
5121,1.06463968754
5122,1.14049756527
5123,1.40987837315
5124,1.29600477219
5125,1.25975811481
5126,1.29356312752
5127,1.24712729454
5128,1.19035112858
5129,1.2639991045
5130,1.29473316669
5131,1.19319713116
5132,1.23220527172
5133,1.1809347868
5134,1.13553738594
5135,1.1430772543
5136,1.09863626957
5137,1.15730214119
5138,1.26975440979
5139,1.19160461426
5140,1.10795462132
5141,1.23319876194
5142,1.1489367485
5143,1.14487290382
5144,1.18406534195
5145,1.22481453419
5146,1.27410626411
5147,1.2318059206
5148,1.12957191467
5149,1.13383114338
5150,1.20819103718
5151,1.16106247902
5152,1.18732786179
5153,1.16622948647
5154,1.37107241154
5155,1.35369384289
5156,1.36098062992
5157,1.13496625423
5158,1.32149994373
5159,1.27566921711
5160,1.24439513683
5161,1.26400053501
5162,1.17028164864
5163,1.16638410091
5164,1.29993855953
5165,1.19016325474
5166,1.15691590309
5167,1.33585309982
5168,1.27917313576
5169,1.29442095757
5170,1.23601412773
5171,1.26428735256
5172,1.22949838638
5173,1.30216801167
5174,1.21062278748
5175,1.19892799854
5176,1.10889136791
5177,1.27302134037
5178,1.20011973381
5179,1.1269942522
5180,1.12281048298
5181,1.2002620697
5182,1.30004787445
5183,1.28047835827
5184,1.14029979706
5185,1.16457152367
5186,1.15539634228
5187,1.08830714226
5188,1.33205890656
5189,1.25239706039
5190,1.24388825893
5191,1.13594853878
5192,1.12205708027
5193,1.11287999153
5194,1.13141798973
5195,1.18610715866
5196,1.16806900501
5197,1.22100162506
5198,1.17052125931
5199,1.24918663502
5200,1.23091626167
5201,1.10502123833
5202,1.17899596691
5203,1.17322063446
5204,1.23022603989
5205,1.25400650501
5206,1.15992057323
5207,1.19642663002
5208,1.21880555153
5209,1.16487538815
5210,1.12114787102
5211,1.34521138668
5212,1.28649008274
5213,1.32983565331
5214,1.12964892387
5215,1.17284989357
5216,1.29809308052
5217,1.30938661098
5218,1.1505292654
5219,1.26187717915
5220,1.20960378647
5221,1.29263615608
5222,1.31213700771
5223,1.13980078697
5224,1.09371685982
5225,1.2053565979
5226,1.18130433559
5227,1.13108313084
5228,1.21508300304
5229,1.25699782372
5230,1.17305362225
5231,1.13421547413
5232,1.16761791706
5233,1.26960086823
5234,1.30263578892
5235,1.29928028584
5236,1.1846755743
5237,1.20835447311
5238,1.20485413074
5239,1.30183207989
5240,1.22056615353
5241,1.12468481064
5242,1.11690795422
5243,1.20360684395
5244,1.19740986824
5245,1.16760754585
5246,1.11415994167
5247,1.15999424458
5248,1.2309705019
5249,1.09852707386
5250,1.2295165062
5251,1.09578716755
5252,1.19986629486
5253,1.18933022022
5254,1.12750780582
5255,1.18808865547
5256,1.1752076149
5257,1.19170594215
5258,1.17981278896
5259,1.03116559982
5260,1.17991638184
5261,1.11580264568
5262,1.13538742065
5263,1.20875799656
5264,1.23982548714
5265,1.14245581627
5266,1.1890617609
5267,1.16003727913
5268,1.30387425423
5269,1.2018917799
5270,1.11028158665
5271,1.27927541733
5272,1.14245319366
5273,1.30032885075
5274,1.23498725891
5275,1.20198071003
5276,1.25553715229
5277,1.20356547832
5278,1.2481096983
5279,1.18554651737
5280,1.05431461334
5281,1.09048974514
5282,1.1143758297
5283,1.25745141506
5284,1.16434764862
5285,1.26814472675
5286,1.37517476082
5287,1.27612364292
5288,1.19774734974
5289,1.20226669312
5290,1.1852517128
5291,1.14131486416
5292,1.16682565212
5293,1.16577792168
5294,1.19049477577
5295,1.22581958771
5296,1.16298818588
5297,1.19795155525
5298,1.08981215954
5299,1.26646912098
5300,1.23240530491
5301,1.22982442379
5302,1.13010764122
5303,1.13439941406
5304,1.22598564625
5305,1.16150379181
5306,1.12132179737
5307,1.09629321098
5308,1.22706055641
5309,1.16660296917
5310,1.16093862057
5311,1.15183317661
5312,1.20175516605
5313,1.14593982697
5314,1.26113140583
5315,1.15777850151
5316,1.24649596214
5317,1.14063441753
5318,1.26194059849
5319,1.35870063305
5320,1.17011368275
5321,1.1284930706
5322,1.17727684975
5323,1.2127737999
5324,1.22083306313
5325,1.29018890858
5326,1.19142711163
5327,1.15397167206
5328,1.12592494488
5329,1.21026957035
5330,1.15238285065
5331,1.20477414131
5332,1.24656796455
5333,1.19878590107
5334,1.28335404396
5335,1.19975745678
5336,1.22747671604
5337,1.22663831711
5338,1.1475995779
5339,1.04722309113
5340,1.15869820118
5341,1.09849607944
5342,1.1319283247
5343,1.10884404182
5344,1.19564437866
5345,1.04979300499
5346,1.17403531075
5347,1.11809122562
5348,1.16876423359
5349,1.06305730343
5350,1.14527702332
5351,1.18863379955
5352,1.38077378273
5353,1.12796401978
5354,1.25068795681
5355,1.16107022762
5356,1.15022444725
5357,1.15626513958
5358,1.16089451313
5359,1.25642204285
5360,1.30463409424
5361,1.17433476448
5362,1.21302103996
5363,1.05865108967
5364,1.08168423176
5365,1.16597664356
5366,1.21957945824
5367,1.13227975368
5368,1.0668669939
5369,1.14648509026
5370,1.3778668642
5371,1.17083978653
5372,1.13651394844
5373,1.14189469814
5374,1.19995629787
5375,1.12088370323
5376,1.31146657467
5377,1.08853948116
5378,1.18147158623
5379,1.23162746429
5380,1.14491415024
5381,1.23429822922
5382,1.21041297913
5383,1.29652512074
5384,1.25751328468
5385,1.0907201767
5386,1.23667228222
5387,1.23737740517
5388,1.2084031105
5389,1.17064094543
5390,1.2153968811
5391,1.20815289021
5392,1.17511487007
5393,1.27229058743
5394,1.13451480865
5395,1.17766976357
5396,1.28407669067
5397,1.24396753311
5398,1.36880123615
5399,1.1998796463
5400,1.12416160107
5401,1.20027816296
5402,1.25803887844
5403,1.14653885365
5404,1.23104035854
5405,1.18522536755
5406,1.13335001469
5407,1.14930856228
5408,1.10831749439
5409,1.22992658615
5410,1.13351941109
5411,1.17913544178
5412,1.12794852257
5413,1.20368766785
5414,1.17393279076
5415,1.21681153774
5416,1.18076169491
5417,1.31824243069
5418,1.11808884144
5419,1.22285234928
5420,1.2876175642
5421,1.16877305508
5422,1.28492450714
5423,1.25148737431
5424,1.23520231247
5425,1.11427485943
5426,1.18078708649
5427,1.17720615864
5428,1.16203200817
5429,1.10585999489
5430,1.11190354824
5431,1.22425305843
5432,1.11521852016
5433,1.19096040726
5434,1.12572145462
5435,1.15365362167
5436,1.24690926075
5437,1.25864732265
5438,1.21930384636
5439,1.14328050613
5440,1.16692793369
5441,1.1944425106
5442,1.20484948158
5443,1.23433494568
5444,1.25698232651
5445,1.29919338226
5446,1.20552647114
5447,1.10727214813
5448,1.18397545815
5449,1.15962874889
5450,1.23367714882
5451,1.28497993946
5452,1.29683661461
5453,1.15657699108
5454,1.16532075405
5455,1.09395945072
5456,1.15834784508
5457,1.25918209553
5458,1.1546806097
5459,1.27961015701
5460,1.21210825443
5461,1.16218709946
5462,1.04872298241
5463,1.21309864521
5464,1.20969426632
5465,1.13745629787
5466,1.19033968449
5467,1.22118902206
5468,1.12521648407
5469,1.28586387634
5470,1.19175934792
5471,1.17268240452
5472,1.12811136246
5473,1.23360741138
5474,1.1592798233
5475,1.20482075214
5476,1.1237694025
5477,1.14481306076
5478,1.20218765736
5479,1.29115402699
5480,1.20513474941
5481,1.16682863235
5482,1.33734130859
5483,1.22372746468
5484,1.22382175922
5485,1.11403954029
5486,1.12533903122
5487,1.19174718857
5488,1.2252112627
5489,1.23996770382
5490,1.15707802773
5491,1.3678715229
5492,1.11789405346
5493,1.11258304119
5494,1.23289740086
5495,1.29532694817
5496,1.13462197781
5497,1.14897859097
5498,1.12406980991
5499,1.13259220123
5500,1.22247362137
5501,1.20507025719
5502,1.28793501854
5503,1.20314002037
5504,1.22090911865
5505,1.16730034351
5506,1.21230745316
5507,1.20755779743
5508,1.18934845924
5509,1.14715266228
5510,1.23446333408
5511,1.22269654274
5512,1.06094074249
5513,1.12991857529
5514,1.23453187943
5515,1.20403850079
5516,1.17161786556
5517,1.13539075851
5518,1.1124907732
5519,1.26293957233
5520,1.20301389694
5521,1.17246031761
5522,1.24306869507
5523,1.30745828152
5524,1.188174963
5525,1.31505191326
5526,1.25469815731
5527,1.05675339699
5528,1.2333009243
5529,1.09796380997
5530,1.21130931377
5531,1.22232437134
5532,1.11754751205
5533,1.1256403923
5534,1.16925835609
5535,1.01778709888
5536,1.20674681664
5537,1.1252194643
5538,1.23010742664
5539,1.21269571781
5540,1.08086240292
5541,1.13320422173
5542,1.11389815807
5543,1.17074966431
5544,1.26207113266
5545,1.11302566528
5546,1.18654298782
5547,1.12453353405
5548,1.02504312992
5549,1.13844108582
5550,1.24599480629
5551,1.14243495464
5552,1.09387147427
5553,1.15110230446
5554,1.14273476601
5555,1.10579311848
5556,1.29584133625
5557,1.0795686245
5558,1.16361939907
5559,1.2246505022
5560,1.18282103539
5561,1.15421772003
5562,1.18347704411
5563,1.27260112762
5564,1.18404400349
5565,1.13862085342
5566,1.28841686249
5567,1.25076556206
5568,1.19697713852
5569,1.15887629986
5570,1.29980158806
5571,1.20824432373
5572,1.21849441528
5573,1.18767392635
5574,1.16053235531
5575,1.19501578808
5576,1.05445110798
5577,1.19360518456
5578,1.13817369938
5579,1.24892759323
5580,1.07988834381
5581,1.25351536274
5582,1.26191413403
5583,1.26486110687
5584,1.17097723484
5585,1.13035213947
5586,1.26143038273
5587,1.08664560318
5588,1.19187355042
5589,1.1420224905
5590,1.11141419411
5591,1.06777393818
5592,1.11417424679
5593,1.17157793045
5594,1.14556252956
5595,1.06501471996
5596,1.15470075607
5597,1.23804020882
5598,1.0873606205
5599,1.19804131985
5600,1.19109475613
5601,1.11677837372
5602,1.21356737614
5603,1.27517139912
5604,1.14886271954
5605,1.16246187687
5606,1.21807944775
5607,1.16495239735
5608,1.07907009125
5609,1.16706955433
5610,1.32404589653
5611,1.23926007748
5612,1.1395560503
5613,1.20138907433
5614,1.25207471848
5615,1.24559402466
5616,1.10075831413
5617,1.28349864483
5618,1.23640024662
5619,1.11227226257
5620,1.19247639179
5621,1.10982429981
5622,1.08511388302
5623,1.07725286484
5624,1.03090810776
5625,1.17319881916
5626,1.07393562794
5627,1.12373220921
5628,1.11232805252
5629,1.16454970837
5630,1.04195487499
5631,1.17854881287
5632,1.19654750824
5633,1.14273941517
5634,1.1681946516
5635,1.07618331909
5636,1.20269405842
5637,1.13460481167
5638,1.20222496986
5639,1.20427930355
5640,1.13585865498
5641,1.10670292377
5642,1.21114873886
5643,1.15053403378
5644,1.12228739262
5645,1.19464480877
5646,1.18898665905
5647,1.21146202087
5648,1.24240815639
5649,1.19181883335
5650,1.10892784595
5651,1.11613225937
5652,1.14369952679
5653,1.2464261055
5654,1.16545808315
5655,1.23200941086
5656,1.36134493351
5657,1.17384266853
5658,1.25144934654
5659,1.25073742867
5660,1.22732031345
5661,1.27702200413
5662,1.2015529871
5663,1.11429429054
5664,1.16109204292
5665,1.33373618126
5666,1.25328087807
5667,1.1846331358
5668,1.145180583
5669,1.20604228973
5670,1.17040383816
5671,1.06358504295
5672,1.16148996353
5673,1.32591199875
5674,1.10877990723
5675,1.20938932896
5676,1.08021235466
5677,1.04422056675
5678,1.07182049751
5679,1.09207618237
5680,1.16727852821
5681,1.20998704433
5682,1.15968394279
5683,1.13027322292
5684,1.14509797096
5685,1.20699238777
5686,1.13836872578
5687,1.07019746304
5688,1.03759539127
5689,1.14592397213
5690,1.09209048748
5691,1.21715724468
5692,1.32534742355
5693,1.21622598171
5694,1.05311191082
5695,1.17004990578
5696,1.18774557114
5697,1.29860150814
5698,1.13268303871
5699,1.14647138119
5700,1.38720428944
5701,1.15635097027
5702,1.20261871815
5703,1.27147960663
5704,1.16803991795
5705,1.23187935352
5706,1.27208769321
5707,1.2568308115
5708,1.26187968254
5709,1.19784486294
5710,1.27328252792
5711,1.25276660919
5712,1.31704568863
5713,1.16123557091
5714,1.24588799477
5715,1.13697779179
5716,1.25830698013
5717,1.216537714
5718,1.16275012493
5719,1.28866875172
5720,1.24560177326
5721,1.19190514088
5722,1.08179461956
5723,1.28446114063
5724,1.24548208714
5725,1.17793381214
5726,1.14714181423
5727,1.19197499752
5728,1.28001856804
5729,1.11182832718
5730,1.06021511555
5731,1.17226779461
5732,1.1883546114
5733,1.13144302368
5734,1.24814641476
5735,1.04979848862
5736,1.11338579655
5737,1.16419529915
5738,1.24158942699
5739,1.15398061275
5740,1.15890192986
5741,1.084628582
5742,1.09614014626
5743,1.20411324501
5744,1.20820116997
5745,1.09455645084
5746,1.12815415859
5747,1.17806529999
5748,1.39096713066
5749,1.2532902956
5750,1.16342175007
5751,1.14637184143
5752,1.19195151329
5753,1.17869389057
5754,1.04454553127
5755,1.16925644875
5756,1.06978392601
5757,1.15703296661
5758,1.22061061859
5759,1.15422987938
5760,1.17809247971
5761,1.12467968464
5762,1.18273198605
5763,1.09949553013
5764,1.23188364506
5765,1.39282691479
5766,1.24826431274
5767,1.1650686264
5768,1.21918106079
5769,1.14224934578
5770,1.07631480694
5771,1.15393185616
5772,1.17137348652
5773,1.2758282423
5774,1.13214802742
5775,1.21464562416
5776,1.13080894947
5777,1.16789901257
5778,1.22195935249
5779,1.19842064381
5780,1.17406761646
5781,1.18311071396
5782,1.11766386032
5783,1.12964701653
5784,1.19738256931
5785,1.1774969101
5786,1.2348678112
5787,1.16798782349
5788,1.09470283985
5789,1.13475215435
5790,1.15515446663
5791,1.1707047224
5792,1.22394013405
5793,1.12339174747
5794,1.08822536469
5795,1.1261510849
5796,1.22492539883
5797,1.20152711868
5798,1.21919560432
5799,1.1757478714
5800,1.11397862434
5801,1.15531945229
5802,1.24074852467
5803,1.1774970293
5804,1.07031548023
5805,1.34125721455
5806,1.13006079197
5807,1.12984406948
5808,1.0934523344
5809,1.16769886017
5810,1.16347706318
5811,1.21098685265
5812,1.16125035286
5813,1.25625085831
5814,1.19258534908
5815,1.23869967461
5816,1.1840467453
5817,1.18797874451
5818,1.16179645061
5819,1.17661583424
5820,1.14303719997
5821,1.27166342735
5822,1.16311371326
5823,1.13727223873
5824,1.18283033371
5825,1.18184065819
5826,1.2156829834
5827,1.11803436279
5828,1.16274058819
5829,1.18420612812
5830,1.10611557961
5831,1.11106586456
5832,1.22909593582
5833,1.17907464504
5834,1.24518084526
5835,1.1611610651
5836,1.13019263744
5837,1.10855436325
5838,1.29235434532
5839,1.14978969097
5840,1.1762239933
5841,1.16765868664
5842,1.18085634708
5843,1.15100061893
5844,1.42354178429
5845,1.16156005859
5846,1.3174725771
5847,1.2614313364
5848,1.15564799309
5849,1.25500929356
5850,1.17140007019
5851,1.12014830112
5852,1.23444104195
5853,1.09979224205
5854,1.13564682007
5855,1.11144948006
5856,1.25578606129
5857,1.24404168129
5858,1.05258500576
5859,1.2148680687
5860,1.22753298283
5861,1.17434442043
5862,1.12728357315
5863,1.08921003342
5864,1.18371319771
5865,1.23405861855
5866,1.22043037415
5867,1.16534650326
5868,1.21454107761
5869,1.16121697426
5870,1.13894844055
5871,1.10153865814
5872,1.14451920986
5873,1.18609571457
5874,1.15911412239
5875,1.25163221359
5876,1.13331031799
5877,1.13755333424
5878,1.17040145397
5879,1.19940745831
5880,1.24550890923
5881,1.22866010666
5882,1.12584352493
5883,1.12227356434
5884,1.19619429111
5885,1.17449009418
5886,1.16152966022
5887,1.15394663811
5888,1.1355856657
5889,1.18615984917
5890,1.10656249523
5891,1.18908429146
5892,1.08419954777
5893,1.18239676952
5894,1.25397109985
5895,1.22100055218
5896,1.1205073595
5897,1.23691022396
5898,1.15714395046
5899,1.1182744503
5900,1.19271719456
5901,1.13674986362
5902,1.12410259247
5903,1.09900033474
5904,1.06173825264
5905,1.11796581745
5906,1.14594900608
5907,1.12583506107
5908,1.22281444073
5909,1.20483374596
5910,1.12843739986
5911,1.18644523621
5912,1.16403889656
5913,1.07983911037
5914,1.09251797199
5915,1.17406618595
5916,1.13925802708
5917,1.16767001152
5918,1.2167391777
5919,1.14850771427
5920,1.10614025593
5921,1.22908008099
5922,1.20327687263
5923,1.12242352962
5924,1.16961443424
5925,1.12099301815
5926,1.08143365383
5927,1.21298885345
5928,1.03016400337
5929,1.051197052
5930,1.10153448582
5931,1.17231583595
5932,1.2127841711
5933,1.24303162098
5934,1.09973752499
5935,1.13162219524
5936,1.21790933609
5937,1.22105395794
5938,1.14036345482
5939,1.07457745075
5940,1.17220282555
5941,1.15073752403
5942,1.09226846695
5943,1.09124088287
5944,1.05697834492
5945,1.02113831043
5946,1.123960495
5947,1.21187436581
5948,1.17783045769
5949,1.19507277012
5950,1.09875428677
5951,1.22535908222
5952,1.23365795612
5953,1.21060657501
5954,1.08282160759
5955,1.19705092907
5956,1.2066423893
5957,1.09373855591
5958,1.08773970604
5959,1.09129476547
5960,1.0486369133
5961,1.26183795929
5962,1.12323820591
5963,1.16534078121
5964,1.19359195232
5965,1.13215947151
5966,1.10021328926
5967,1.22964274883
5968,1.20225119591
5969,1.13354742527
5970,1.08201706409
5971,1.13340032101
5972,1.15882980824
5973,1.32474303246
5974,1.16555249691
5975,1.0777271986
5976,1.1599470377
5977,1.16511237621
5978,1.06907844543
5979,1.19604349136
5980,1.18335139751
5981,1.16222238541
5982,1.12979876995
5983,1.30742275715
5984,1.16762208939
5985,1.1275280714
5986,1.05813491344
5987,1.09696030617
5988,1.15299463272
5989,1.10375928879
5990,1.22366821766
5991,1.11774098873
5992,1.14811742306
5993,1.01423215866
5994,1.11383700371
5995,1.21624267101
5996,1.06378555298
5997,1.14006519318
5998,1.19918644428
5999,1.14344632626
6000,1.10480606556
6001,1.05990993977
6002,1.20572507381
6003,1.23283112049
6004,1.13362920284
6005,1.14208209515
6006,1.08367288113
6007,1.15420877934
6008,1.13680458069
6009,1.22494328022
6010,1.07761108875
6011,1.18781757355
6012,1.11649513245
6013,1.24071705341
6014,1.21266174316
6015,1.15873849392
6016,1.2330596447
6017,1.12291514874
6018,1.26316928864
6019,1.0919919014
6020,1.14629387856
6021,1.22857904434
6022,1.24815785885
6023,1.16696679592
6024,1.22242867947
6025,1.16851067543
6026,1.12776517868
6027,1.07450771332
6028,1.12452054024
6029,1.13961386681
6030,1.12671852112
6031,1.25020241737
6032,1.10827744007
6033,1.11640822887
6034,1.11047375202
6035,1.13363647461
6036,1.21221888065
6037,1.12838757038
6038,1.21530473232
6039,1.17817354202
6040,1.24184370041
6041,1.10398292542
6042,1.17142260075
6043,1.2197701931
6044,1.17529892921
6045,1.10619580746
6046,1.12184643745
6047,1.36181604862
6048,1.16879189014
6049,1.09911668301
6050,1.15553581715
6051,1.2700599432
6052,1.18688070774
6053,1.04434561729
6054,1.25340259075
6055,1.0807749033
6056,1.22738552094
6057,1.06972932816
6058,1.03535473347
6059,1.04019260406
6060,1.23072683811
6061,1.03077971935
6062,1.20667290688
6063,1.28039634228
6064,1.24410963058
6065,1.10804283619
6066,1.11222243309
6067,1.20914411545
6068,1.23446595669
6069,1.11154389381
6070,1.19321942329
6071,1.12267029285
6072,1.19690585136
6073,1.10706818104
6074,1.14796280861
6075,1.15050780773
6076,1.16753304005
6077,1.10611510277
6078,1.20988893509
6079,1.23033940792
6080,1.0030798912
6081,1.09484231472
6082,1.13756608963
6083,1.14781463146
6084,1.07953047752
6085,1.16599714756
6086,1.12749123573
6087,1.16494321823
6088,1.1995023489
6089,1.14148032665
6090,1.1039788723
6091,1.14550662041
6092,1.18994069099
6093,1.1347206831
6094,1.13664162159
6095,1.00251221657
6096,1.24609172344
6097,1.18107199669
6098,1.01801204681
6099,1.14241290092
6100,1.15734505653
6101,1.21864795685
6102,1.13638174534
6103,1.00933456421
6104,1.16016972065
6105,1.33052122593
6106,1.1535640955
6107,1.15760314465
6108,1.15935599804
6109,1.16758525372
6110,1.09546732903
6111,1.11265850067
6112,1.16483986378
6113,1.12996697426
6114,1.05564856529
6115,1.09973311424
6116,1.1459389925
6117,1.05133008957
6118,1.07350850105
6119,1.0917224884
6120,1.1052544117
6121,1.10198664665
6122,1.19538486004
6123,1.08004689217
6124,1.17184638977
6125,1.2212870121
6126,1.13825643063
6127,1.12370574474
6128,1.15346872807
6129,1.22976613045
6130,1.13754177094
6131,1.03385150433
6132,1.23143315315
6133,1.1306604147
6134,1.11936962605
6135,1.15059673786
6136,1.19889104366
6137,1.14790868759
6138,1.11351394653
6139,1.10434627533
6140,1.20729362965
6141,1.13261675835
6142,1.08033442497
6143,1.16906487942
6144,1.15596175194
6145,1.09556460381
6146,1.10774326324
6147,1.2002222538
6148,1.10341441631
6149,1.23210537434
6150,1.15488564968
6151,1.04881429672
6152,1.17074215412
6153,1.20941591263
6154,1.22607719898
6155,1.16424679756
6156,1.20814037323
6157,1.11306071281
6158,1.1134775877
6159,1.19476425648
6160,1.11116147041
6161,1.15727925301
6162,1.04812312126
6163,1.10896170139
6164,1.09077548981
6165,1.15469825268
6166,1.27304077148
6167,1.20879435539
6168,1.09564363956
6169,1.15243756771
6170,1.09202682972
6171,1.16010415554
6172,1.09943807125
6173,1.15431213379
6174,1.11062896252
6175,1.1844946146
6176,1.19833230972
6177,1.11760485172
6178,1.06223034859
6179,1.21903657913
6180,1.16836023331
6181,1.16013932228
6182,1.11667108536
6183,1.34791004658
6184,1.11255884171
6185,1.13465952873
6186,1.2382017374
6187,1.14169561863
6188,1.14937353134
6189,1.10001444817
6190,1.17103791237
6191,1.10136854649
6192,1.20867359638
6193,1.19014787674
6194,1.06875884533
6195,1.0517077446
6196,1.06416141987
6197,1.07798492908
6198,1.10334122181
6199,1.19925200939
6200,1.1300907135
6201,1.17105329037
6202,1.20415306091
6203,1.15546643734
6204,1.19819903374
6205,1.16112232208
6206,1.12125647068
6207,1.08928418159
6208,1.02738332748
6209,1.13535821438
6210,1.15503251553
6211,1.16607379913
6212,1.09832799435
6213,1.0691857338
6214,1.03787827492
6215,1.09352064133
6216,1.1114718914
6217,1.21916854382
6218,1.06287372112
6219,1.17091965675
6220,1.20354652405
6221,1.24761223793
6222,1.10920512676
6223,1.11352932453
6224,1.19577550888
6225,1.1217700243
6226,1.17293822765
6227,1.167796731
6228,1.11936116219
6229,1.17546069622
6230,1.19502019882
6231,1.19891750813
6232,1.18306100368
6233,1.17630028725
6234,1.17366600037
6235,1.09019184113
6236,1.13594961166
6237,1.10541498661
6238,1.1611571312
6239,1.05132985115
6240,1.16408967972
6241,1.16075026989
6242,1.13371098042
6243,1.17735612392
6244,1.08099794388
6245,1.13756108284
6246,1.20421183109
6247,1.19235730171
6248,1.0956608057
6249,1.15915942192
6250,1.20555448532
6251,1.25561094284
6252,1.69296324253
6253,1.26341199875
6254,1.10968124866
6255,1.20975518227
6256,1.18360304832
6257,1.14269387722
6258,1.13553595543
6259,1.15412116051
6260,1.18305814266
6261,1.25555121899
6262,1.1327432394
6263,1.05844652653
6264,1.16793274879
6265,1.11769235134
6266,1.15146613121
6267,1.09300851822
6268,1.05777919292
6269,1.09590387344
6270,1.16865491867
6271,1.08368635178
6272,1.16899597645
6273,1.19991314411
6274,1.12993371487
6275,1.04631638527
6276,1.10340726376
6277,1.12509155273
6278,1.14136457443
6279,1.16237127781
6280,1.1535359621
6281,1.11498117447
6282,1.09981560707
6283,1.17005670071
6284,1.11866438389
6285,1.20883405209
6286,1.12965202332
6287,1.11430382729
6288,1.16104960442
6289,1.15540361404
6290,1.08994376659
6291,1.09961485863
6292,1.31342637539
6293,1.09946501255
6294,1.08389532566
6295,1.11788439751
6296,1.12295436859
6297,1.1529712677
6298,1.13901925087
6299,1.13118481636
6300,1.14181017876
6301,1.08260476589
6302,1.11719334126
6303,1.32491886616
6304,1.15774297714
6305,1.24326837063
6306,1.19767832756
6307,1.07622337341
6308,1.13749909401
6309,1.13946425915
6310,1.20855128765
6311,1.22182750702
6312,1.213732481
6313,1.14253389835
6314,1.09500908852
6315,1.04938030243
6316,1.14383232594
6317,1.13609361649
6318,1.12510836124
6319,1.00039124489
6320,1.20254933834
6321,1.12956142426
6322,1.16802179813
6323,1.05366778374
6324,1.20190119743
6325,1.09055614471
6326,1.14966714382
6327,1.13807213306
6328,1.28709518909
6329,1.01365029812
6330,1.22515642643
6331,1.101821661
6332,1.2035639286
6333,1.13266730309
6334,1.17827749252
6335,1.1652970314
6336,1.09224700928
6337,1.13498008251
6338,1.06945014
6339,1.15063488483
6340,1.08211362362
6341,1.14616191387
6342,1.13861513138
6343,1.21769344807
6344,1.26078402996
6345,1.16299080849
6346,1.08115327358
6347,1.18337929249
6348,1.16960418224
6349,1.21693682671
6350,1.06987190247
6351,1.20999062061
6352,1.06469357014
6353,1.08945274353
6354,1.12788271904
6355,1.04575836658
6356,1.11921942234
6357,1.21536588669
6358,1.25875401497
6359,1.05580341816
6360,1.04823851585
6361,1.16347301006
6362,1.3364918232
6363,1.17187976837
6364,1.13247323036
6365,1.08795213699
6366,1.12384986877
6367,1.12889444828
6368,1.10501611233
6369,1.15877449512
6370,1.10706532001
6371,1.12917101383
6372,1.08665311337
6373,1.13717842102
6374,1.20996892452
6375,1.162109375
6376,1.17572700977
6377,1.20294940472
6378,1.05059409142
6379,1.22298622131
6380,1.19238841534
6381,1.1917334795
6382,1.11546218395
6383,1.11722159386
6384,1.12513399124
6385,1.17813265324
6386,1.1398640871
6387,1.25060129166
6388,1.15424585342
6389,1.14668571949
6390,1.18986260891
6391,1.09404122829
6392,1.16553640366
6393,1.21881771088
6394,1.13943624496
6395,1.18785059452
6396,1.14646708965
6397,1.16182589531
6398,1.12799811363
6399,1.16181766987
6400,1.21851480007
6401,1.20644831657
6402,1.07343506813
6403,1.21239197254
6404,1.19598305225
6405,1.05113184452
6406,1.22028124332
6407,1.13724219799
6408,1.12447440624
6409,1.23375499249
6410,1.05186712742
6411,1.09288728237
6412,1.15035319328
6413,1.1567492485
6414,1.0808095932
6415,1.21990954876
6416,1.33060085773
6417,1.17296206951
6418,1.14847075939
6419,1.0560977459
6420,1.17894816399
6421,1.10157585144
6422,1.16827201843
6423,1.11986255646
6424,1.08648753166
6425,1.09869003296
6426,1.22950041294
6427,1.20278596878
6428,1.20545947552
6429,1.1149020195
6430,1.14028131962
6431,1.08382689953
6432,1.10337173939
6433,1.23311257362
6434,1.21392655373
6435,1.09164988995
6436,1.16604244709
6437,1.11074233055
6438,1.18012189865
6439,1.22880291939
6440,1.25782740116
6441,1.16262722015
6442,1.09094905853
6443,1.12638616562
6444,1.17340064049
6445,1.13591444492
6446,1.1475893259
6447,1.16447138786
6448,1.14512217045
6449,1.11135721207
6450,1.23856115341
6451,1.1639841795
6452,1.32333612442
6453,1.14610350132
6454,1.18887519836
6455,1.11419653893
6456,1.09330117702
6457,1.26194596291
6458,1.1322633028
6459,1.19203984737
6460,1.21814382076
6461,1.14212071896
6462,1.17750513554
6463,1.22885417938
6464,1.19034838676
6465,1.08459246159
6466,1.02047407627
6467,1.11108326912
6468,1.20538675785
6469,1.15455794334
6470,1.23117828369
6471,1.05025732517
6472,1.119977355
6473,1.16982853413
6474,1.14228928089
6475,1.17849195004
6476,1.21279513836
6477,1.1938637495
6478,1.15090405941
6479,1.2866537571
6480,1.15815234184
6481,1.11391890049
6482,1.17476892471
6483,1.14057481289
6484,1.2665220499
6485,1.26196682453
6486,1.14467895031
6487,1.07649838924
6488,1.06813216209
6489,1.22469198704
6490,1.1281349659
6491,1.21490776539
6492,1.14918851852
6493,1.12835729122
6494,1.04116654396
6495,1.08788859844
6496,1.11842703819
6497,1.23817336559
6498,1.17065167427
6499,1.24501013756
6500,1.11507427692
6501,1.18512892723
6502,1.17833018303
6503,1.13715434074
6504,1.08385503292
6505,1.07470464706
6506,1.24505829811
6507,1.16351497173
6508,1.16180503368
6509,1.15219664574
6510,1.11525261402
6511,1.08469438553
6512,1.16431474686
6513,1.08612167835
6514,1.05894100666
6515,1.17475676537
6516,1.09560394287
6517,1.0257383585
6518,1.16453480721
6519,1.13340902328
6520,1.12997674942
6521,1.16594719887
6522,1.11515283585
6523,1.09020900726
6524,1.05867671967
6525,1.08730733395
6526,1.11765503883
6527,1.06855010986
6528,1.08376061916
6529,1.08394408226
6530,1.17793238163
6531,1.14483034611
6532,1.25719821453
6533,1.20158267021
6534,1.15801954269
6535,1.17392480373
6536,1.2023832798
6537,1.12366104126
6538,1.24099981785
6539,1.06874907017
6540,1.18468344212
6541,1.12610805035
6542,1.19873118401
6543,1.1739667654
6544,1.21439361572
6545,1.11033797264
6546,1.3223503828
6547,1.20177614689
6548,1.10619831085
6549,1.17028522491
6550,1.18567359447
6551,1.08426010609
6552,1.1979316473
6553,1.23289978504
6554,1.15029132366
6555,1.0986739397
6556,1.15740346909
6557,1.15784287453
6558,1.21069908142
6559,1.23685455322
6560,1.13509142399
6561,1.1857997179
6562,1.24783837795
6563,1.31365203857
6564,1.09232807159
6565,1.1575922966
6566,1.08753323555
6567,1.25578665733
6568,1.2542450428
6569,1.21204519272
6570,1.22666525841
6571,1.06568789482
6572,1.1318898201
6573,1.23153781891
6574,1.17567098141
6575,1.21527445316
6576,1.17273700237
6577,1.20956110954
6578,1.29888164997
6579,1.25689375401
6580,1.21896219254
6581,1.10200095177
6582,1.09168183804
6583,1.15777528286
6584,1.21801686287
6585,1.03792488575
6586,1.03280901909
6587,1.200740695
6588,1.09378623962
6589,1.04652619362
6590,1.0648137331
6591,1.10472202301
6592,1.08309864998
6593,1.069699049
6594,1.18876123428
6595,1.16100180149
6596,1.16191470623
6597,1.05702424049
6598,1.22734856606
6599,1.28672397137
6600,1.08917319775
6601,1.08328533173
6602,1.06646335125
6603,1.15934300423
6604,1.07795917988
6605,1.15876686573
6606,1.09484541416
6607,1.11870896816
6608,1.10601520538
6609,1.18520605564
6610,1.21194255352
6611,1.17993807793
6612,1.21061527729
6613,1.17299461365
6614,1.12215638161
6615,1.17438817024
6616,1.14442706108
6617,1.18931210041
6618,1.24946522713
6619,1.02350878716
6620,1.10062789917
6621,1.08949923515
6622,1.08619713783
6623,1.14595603943
6624,1.11802625656
6625,1.1310147047
6626,1.09006726742
6627,1.24387967587
6628,1.00384795666
6629,1.1801456213
6630,1.08050084114
6631,1.13844704628
6632,1.28951752186
6633,1.35383343697
6634,1.11487877369
6635,1.24581515789
6636,1.14594233036
6637,1.01322984695
6638,1.06878376007
6639,1.10665535927
6640,1.14757478237
6641,1.15707242489
6642,1.16584503651
6643,1.12867081165
6644,1.33805751801
6645,1.23822164536
6646,1.20540904999
6647,1.16471946239
6648,1.06681072712
6649,1.12457215786
6650,1.11452054977
6651,1.20964038372
6652,1.23989117146
6653,1.12162554264
6654,1.16926002502
6655,1.12835764885
6656,1.15129053593
6657,1.18072676659
6658,1.16136169434
6659,1.13906407356
6660,1.15668177605
6661,1.11111307144
6662,1.0854203701
6663,1.146083951
6664,1.16599869728
6665,1.09285414219
6666,1.09860575199
6667,1.17048501968
6668,1.078135252
6669,1.20520734787
6670,1.10149216652
6671,1.15711355209
6672,1.17676723003
6673,1.10479521751
6674,1.2045545578
6675,1.13746142387
6676,1.2498319149
6677,1.2310757637
6678,1.14984464645
6679,1.08590555191
6680,1.17446029186
6681,1.22120261192
6682,1.25630521774
6683,1.14141583443
6684,1.23103559017
6685,1.03226542473
6686,1.18555986881
6687,1.22835040092
6688,1.14949023724
6689,1.09646642208
6690,1.15356957912
6691,1.07912921906
6692,1.13522922993
6693,1.18447303772
6694,1.07397162914
6695,1.09141767025
6696,1.1331230402
6697,1.10176873207
6698,1.10694217682
6699,1.06478941441
6700,1.18769061565
6701,1.34744787216
6702,1.24380588531
6703,1.09225189686
6704,1.16326236725
6705,1.18123602867
6706,1.19031143188
6707,1.30226457119
6708,1.13166999817
6709,1.17221188545
6710,1.09744691849
6711,1.17788100243
6712,1.12271130085
6713,1.24346923828
6714,1.21743893623
6715,1.09771776199
6716,1.15583002567
6717,1.07060730457
6718,1.29072260857
6719,1.16022062302
6720,1.11123001575
6721,1.19300711155
6722,1.28377354145
6723,1.14816534519
6724,1.09415900707
6725,1.17780315876
6726,1.11831736565
6727,1.13609421253
6728,1.08796107769
6729,1.07416725159
6730,1.13499963284
6731,1.1799390316
6732,1.22448766232
6733,1.21770310402
6734,1.18519568443
6735,1.17217409611
6736,1.21687471867
6737,1.12421298027
6738,1.23765075207
6739,1.21887528896
6740,1.10926508904
6741,1.10801625252
6742,1.18936955929
6743,1.07349073887
6744,1.15590763092
6745,1.27147638798
6746,1.15275013447
6747,1.16354691982
6748,1.03290390968
6749,1.1662375927
6750,1.15166354179
6751,1.08080208302
6752,1.12411355972
6753,1.15169394016
6754,1.1138163805
6755,1.18647360802
6756,1.2134796381
6757,1.12642943859
6758,1.11388397217
6759,1.05078947544
6760,1.05157732964
6761,1.12399232388
6762,1.09833693504
6763,1.0304145813
6764,1.09741020203
6765,1.07762527466
6766,1.17792153358
6767,1.18200445175
6768,1.18928337097
6769,1.12060821056
6770,1.13242423534
6771,1.18121945858
6772,1.21481311321
6773,1.17204999924
6774,1.26854848862
6775,1.17401230335
6776,1.07356309891
6777,1.17296361923
6778,1.16073906422
6779,1.11658036709
6780,1.08902812004
6781,1.14226567745
6782,1.23894095421
6783,1.07410168648
6784,1.06835138798
6785,1.15399765968
6786,1.22736907005
6787,1.10028195381
6788,1.16597270966
6789,1.15404522419
6790,1.08986353874
6791,1.13503968716
6792,1.0584795475
6793,1.11030972004
6794,1.05164825916
6795,1.04688572884
6796,1.17056727409
6797,1.09999287128
6798,1.10398995876
6799,1.06105554104
6800,1.05490446091
6801,1.17006444931
6802,1.07319760323
6803,1.08238089085
6804,1.16923046112
6805,1.20339870453
6806,1.17924356461
6807,1.08968925476
6808,1.26612830162
6809,1.15816903114
6810,1.07200706005
6811,1.11259794235
6812,1.16878688335
6813,1.10280656815
6814,1.04750525951
6815,1.11280441284
6816,1.15656089783
6817,1.2001054287
6818,1.15177619457
6819,1.23228228092
6820,1.18142032623
6821,1.13651585579
6822,1.09894800186
6823,0.972754955292
6824,1.14547967911
6825,1.16417551041
6826,1.07774531841
6827,1.1397806406
6828,1.18877458572
6829,1.14880990982
6830,1.128231287
6831,1.19028925896
6832,1.11277985573
6833,1.12482571602
6834,1.20502352715
6835,1.2217168808
6836,1.09734880924
6837,1.10663533211
6838,1.15961325169
6839,1.16987884045
6840,1.07179772854
6841,1.22365164757
6842,1.02813959122
6843,1.17149460316
6844,1.21595060825
6845,1.16579210758
6846,1.08841013908
6847,1.1338583231
6848,1.23117089272
6849,1.1971347332
6850,1.1191649437
6851,1.21463561058
6852,1.03443944454
6853,1.02688026428
6854,1.11786210537
6855,1.17351579666
6856,1.09365975857
6857,1.08385539055
6858,1.24646949768
6859,1.29988515377
6860,1.35330653191
6861,1.24218046665
6862,1.15287661552
6863,1.12376379967
6864,1.30539858341
6865,1.27687764168
6866,1.15920853615
6867,1.1055867672
6868,1.15722584724
6869,1.09294474125
6870,1.15145218372
6871,1.24286472797
6872,1.10911023617
6873,1.06098842621
6874,1.14701521397
6875,1.08374428749
6876,1.2297488451
6877,1.20840275288
6878,1.09338104725
6879,1.17361879349
6880,1.16942965984
6881,1.10534060001
6882,1.17485749722
6883,1.1550693512
6884,1.07592153549
6885,1.0319737196
6886,1.11336326599
6887,1.17529392242
6888,1.03228795528
6889,1.1812428236
6890,1.16056370735
6891,1.12238657475
6892,1.04177093506
6893,1.07520353794
6894,1.15502285957
6895,1.12459003925
6896,1.04757201672
6897,1.03115344048
6898,1.10938847065
6899,1.13968932629
6900,1.18914818764
6901,1.16026723385
6902,1.07796275616
6903,1.15007007122
6904,1.14156353474
6905,1.26556169987
6906,1.15295815468
6907,1.0985430479
6908,1.1186106205
6909,1.24259507656
6910,1.1611764431
6911,1.0134459734
6912,1.13207125664
6913,1.09219515324
6914,1.16566681862
6915,1.22928750515
6916,1.0827883482
6917,1.05624890327
6918,1.17227637768
6919,1.22224247456
6920,1.21988403797
6921,1.20512187481
6922,1.22082781792
6923,1.30019450188
6924,1.09950959682
6925,1.17796695232
6926,1.15943288803
6927,1.18205070496
6928,1.19638419151
6929,1.20912396908
6930,1.1596865654
6931,1.15728223324
6932,1.1042252779
6933,1.29431498051
6934,1.17894232273
6935,1.15941512585
6936,1.06836593151
6937,1.26049923897
6938,1.10001659393
6939,1.08048903942
6940,1.13855850697
6941,1.1021194458
6942,1.09187948704
6943,1.28489267826
6944,1.26013684273
6945,1.11398863792
6946,1.0812497139
6947,1.14443874359
6948,1.2151556015
6949,1.13179051876
6950,1.11787390709
6951,1.19316279888
6952,1.08701753616
6953,1.17758321762
6954,1.16840612888
6955,1.10383820534
6956,1.13515996933
6957,1.10780739784
6958,1.15685498714
6959,1.00107705593
6960,1.12186360359
6961,1.25356185436
6962,1.19235134125
6963,1.21997606754
6964,1.11236000061
6965,1.16533029079
6966,1.16217958927
6967,1.20086455345
6968,1.1388194561
6969,1.07107889652
6970,1.04174745083
6971,1.14126694202
6972,1.24698078632
6973,1.16947484016
6974,1.05405604839
6975,1.07558560371
6976,1.29119408131
6977,1.17188966274
6978,1.10984349251
6979,1.08958113194
6980,1.196413517
6981,1.19476270676
6982,1.14332675934
6983,1.15812110901
6984,1.1808334589
6985,1.18723845482
6986,1.27814459801
6987,1.10281801224
6988,1.05836760998
6989,1.10939180851
6990,1.19135057926
6991,1.14655482769
6992,1.25168740749
6993,1.08222019672
6994,1.1489212513
6995,1.17660570145
6996,1.10352087021
6997,1.06977939606
6998,1.08413112164
6999,1.1661003828
7000,1.13580703735
7001,1.10962808132
7002,1.05532205105
7003,1.03121566772
7004,1.20027053356
7005,1.09817874432
7006,1.03923296928
7007,1.17190992832
7008,1.24641525745
7009,1.18860507011
7010,1.01215314865
7011,1.10628771782
7012,1.07841587067
7013,1.19332444668
7014,1.08858788013
7015,1.15739262104
7016,1.22521436214
7017,1.03761684895
7018,1.02775514126
7019,1.06327164173
7020,1.11045229435
7021,1.06663990021
7022,1.05402672291
7023,1.02395880222
7024,1.11247110367
7025,1.10435283184
7026,1.12310218811
7027,1.07956385612
7028,1.15412676334
7029,1.08179354668
7030,1.11164498329
7031,1.18116044998
7032,1.21547615528
7033,1.07126700878
7034,1.12092912197
7035,1.06334114075
7036,1.1632925272
7037,1.04714441299
7038,1.06650495529
7039,1.17281532288
7040,1.18002092838
7041,1.19305944443
7042,1.12191152573
7043,1.1248254776
7044,1.09236884117
7045,1.10401213169
7046,1.17665052414
7047,1.1803021431
7048,1.13855278492
7049,1.18503558636
7050,1.14412236214
7051,1.22743189335
7052,1.06574332714
7053,1.04553759098
7054,1.08285474777
7055,1.15657556057
7056,1.15846979618
7057,1.04785990715
7058,1.09419906139
7059,1.14276611805
7060,1.13430583477
7061,1.17274212837
7062,1.24235975742
7063,1.14407813549
7064,1.17070055008
7065,1.22702074051
7066,1.15457832813
7067,1.17497873306
7068,1.09336984158
7069,1.14472532272
7070,1.19916081429
7071,1.16416561604
7072,1.11741411686
7073,1.05579125881
7074,1.09376728535
7075,1.22328603268
7076,1.11571967602
7077,1.15070021152
7078,1.18993830681
7079,1.07743120193
7080,1.08817732334
7081,1.12858510017
7082,1.33636415005
7083,1.24195981026
7084,1.16719961166
7085,1.10111236572
7086,1.20317304134
7087,1.17335677147
7088,1.08484697342
7089,1.14009940624
7090,1.14620661736
7091,1.10016191006
7092,1.11599600315
7093,1.04800093174
7094,1.14804792404
7095,1.14022529125
7096,1.068187356
7097,1.00357091427
7098,1.13390874863
7099,1.105422616
7100,1.11211979389
7101,1.10722970963
7102,1.13529801369
7103,1.20148348808
7104,1.13808965683
7105,1.15681731701
7106,1.1945155859
7107,1.05356132984
7108,1.07631361485
7109,1.1418787241
7110,1.10305261612
7111,1.09542584419
7112,1.12964117527
7113,1.23467862606
7114,1.05979168415
7115,1.11816966534
7116,1.18598043919
7117,1.25074291229
7118,1.21362292767
7119,1.20213127136
7120,1.15235459805
7121,1.21374320984
7122,1.08594417572
7123,1.15336322784
7124,1.08652591705
7125,1.0421538353
7126,1.00003409386
7127,1.1458837986
7128,1.10872006416
7129,1.13292968273
7130,1.05946874619
7131,1.14049315453
7132,1.256701231
7133,1.06784570217
7134,1.11624360085
7135,1.09865248203
7136,1.27273333073
7137,1.05990064144
7138,1.03705322742
7139,1.08078610897
7140,1.11390674114
7141,1.05174446106
7142,1.12983894348
7143,1.26281011105
7144,1.10451221466
7145,1.10002660751
7146,1.02921915054
7147,1.23685455322
7148,1.13427102566
7149,1.06826841831
7150,1.29243993759
7151,1.17140448093
7152,1.06429946423
7153,1.06455671787
7154,1.17746567726
7155,1.14636015892
7156,1.15298843384
7157,1.06558871269
7158,1.22669529915
7159,1.20317387581
7160,1.09427547455
7161,1.23271846771
7162,1.18404507637
7163,1.08717215061
7164,1.15707707405
7165,1.19278168678
7166,1.16560685635
7167,1.27221667767
7168,1.24500894547
7169,1.15778708458
7170,1.22472369671
7171,1.27830159664
7172,1.17136585712
7173,1.182487607
7174,1.04748487473
7175,1.05869460106
7176,1.29254591465
7177,1.16381573677
7178,1.14618515968
7179,1.10459256172
7180,1.27705180645
7181,1.09044337273
7182,1.19234991074
7183,1.1622890234
7184,1.27469825745
7185,1.24520432949
7186,1.10874199867
7187,1.04936623573
7188,1.14162409306
7189,1.20484089851
7190,1.2602814436
7191,1.13273954391
7192,1.14865970612
7193,1.02433085442
7194,1.13113379478
7195,1.07663547993
7196,1.06329870224
7197,1.15773379803
7198,1.14040184021
7199,1.0875954628
7200,1.13783419132
7201,1.11927807331
7202,1.07753300667
7203,1.17168748379
7204,1.15463018417
7205,1.16382849216
7206,1.05960261822
7207,1.06671249866
7208,1.15136635303
7209,1.14255869389
7210,1.16591775417
7211,1.22653257847
7212,1.1691173315
7213,1.11076295376
7214,1.15458083153
7215,1.18384921551
7216,1.09228503704
7217,1.0800151825
7218,1.07724189758
7219,1.34628343582
7220,1.09502053261
7221,1.17288577557
7222,1.16788744926
7223,1.13659656048
7224,1.27063751221
7225,1.19275045395
7226,1.1235820055
7227,1.0538225174
7228,1.12767457962
7229,1.0978988409
7230,1.14991545677
7231,1.096393466
7232,1.18037033081
7233,1.18092167377
7234,1.24836277962
7235,1.19942080975
7236,1.08185136318
7237,1.14445114136
7238,1.17979824543
7239,1.11680221558
7240,1.13876307011
7241,1.13690280914
7242,1.07423400879
7243,1.12155807018
7244,1.17024314404
7245,1.16259002686
7246,1.1390157938
7247,1.09026670456
7248,1.18206751347
7249,1.13588726521
7250,1.20531404018
7251,1.0622292757
7252,1.24146783352
7253,1.13937461376
7254,1.08884549141
7255,1.12842154503
7256,1.11459851265
7257,1.1537938118
7258,1.13707077503
7259,1.11703824997
7260,1.19538605213
7261,1.14005303383
7262,1.09550201893
7263,1.09040677547
7264,1.17261111736
7265,1.15037035942
7266,1.07293081284
7267,1.13006663322
7268,1.10024428368
7269,1.25798678398
7270,1.09253358841
7271,1.19458425045
7272,1.1584610939
7273,1.05920851231
7274,1.05685305595
7275,0.97249096632
7276,1.13443207741
7277,1.12971591949
7278,1.12775492668
7279,1.06140136719
7280,1.07110786438
7281,1.12213814259
7282,1.15215134621
7283,1.13508236408
7284,1.04947149754
7285,1.07578790188
7286,1.169039011
7287,1.20209097862
7288,1.06375527382
7289,1.17308485508
7290,1.10140585899
7291,1.16050899029
7292,1.12871468067
7293,1.16123020649
7294,1.1214029789
7295,1.15260994434
7296,1.21968376637
7297,1.03711867332
7298,1.02641546726
7299,1.07742142677
7300,1.03757500648
7301,1.1811593771
7302,1.10412073135
7303,1.21378695965
7304,1.10890781879
7305,1.09372854233
7306,1.08360087872
7307,1.13356173038
7308,1.04208147526
7309,1.09111273289
7310,1.1319899559
7311,1.1997833252
7312,1.04964351654
7313,1.17116045952
7314,1.19033014774
7315,1.20787060261
7316,1.1791189909
7317,1.0915132761
7318,1.05664682388
7319,1.1485683918
7320,0.987192809582
7321,1.16338348389
7322,1.22113442421
7323,1.06459677219
7324,1.01560902596
7325,1.12959575653
7326,1.10019433498
7327,1.14330673218
7328,1.18040442467
7329,1.10849487782
7330,1.03745365143
7331,1.11394166946
7332,1.22110509872
7333,1.14132142067
7334,1.02224111557
7335,1.03676772118
7336,1.13632273674
7337,1.16197192669
7338,1.08766150475
7339,1.1732057333
7340,1.20144701004
7341,1.16111016273
7342,1.09651243687
7343,1.10796105862
7344,1.07727324963
7345,1.02649581432
7346,1.14706039429
7347,1.11587870121
7348,1.10763204098
7349,1.12026512623
7350,1.00423598289
7351,1.02826142311
7352,1.13359892368
7353,1.13956153393
7354,1.24718987942
7355,1.04654586315
7356,1.08693790436
7357,1.08834648132
7358,1.05650174618
7359,1.13240110874
7360,1.06339502335
7361,1.10088479519
7362,1.06376063824
7363,1.15145719051
7364,1.13887321949
7365,1.10910058022
7366,1.10955798626
7367,1.08835411072
7368,1.14862406254
7369,1.31026399136
7370,1.11878347397
7371,1.19797766209
7372,1.03471040726
7373,1.11903035641
7374,1.12592840195
7375,1.2342056036
7376,1.17281842232
7377,1.04088759422
7378,1.03691482544
7379,1.12683951855
7380,1.20594966412
7381,1.11789357662
7382,1.13909327984
7383,1.05506777763
7384,1.34735929966
7385,1.16100299358
7386,1.1044781208
7387,1.22615242004
7388,1.14512741566
7389,1.06861078739
7390,1.18989980221
7391,1.20978057384
7392,1.12131440639
7393,1.13750076294
7394,1.22875118256
7395,1.17384874821
7396,1.09876465797
7397,1.109136343
7398,1.08004641533
7399,1.18804574013
7400,1.24628221989
7401,1.16419506073
7402,1.10127937794
7403,1.13340771198
7404,1.07857525349
7405,1.11718702316
7406,1.1285712719
7407,1.08846354485
7408,1.11925566196
7409,1.1746147871
7410,1.0991666317
7411,1.04996371269
7412,1.02624046803
7413,1.19913613796
7414,1.28403866291
7415,1.18326210976
7416,1.06193339825
7417,1.1229300499
7418,1.19023454189
7419,1.15946447849
7420,1.11778914928
7421,1.11023271084
7422,1.10686707497
7423,1.14356744289
7424,1.22541809082
7425,1.19574427605
7426,1.16917669773
7427,1.24035620689
7428,1.11070072651
7429,1.0550891161
7430,1.13092446327
7431,1.12944078445
7432,1.21091997623
7433,1.11380720139
7434,1.17528498173
7435,1.17257380486
7436,1.16255021095
7437,1.05007863045
7438,1.10672271252
7439,1.117446661
7440,1.09241342545
7441,1.17883837223
7442,1.12920117378
7443,1.12711167336
7444,1.10472118855
7445,1.07824480534
7446,1.1007720232
7447,1.17875027657
7448,1.03100848198
7449,1.0367552042
7450,1.119109869
7451,1.36397123337
7452,1.1507114172
7453,1.07851421833
7454,1.05931222439
7455,1.12474024296
7456,1.11252439022
7457,1.12226164341
7458,1.15497493744
7459,1.27291190624
7460,1.07148087025
7461,1.19234347343
7462,1.07165169716
7463,1.1279116869
7464,1.18733072281
7465,1.16284012794
7466,1.06141197681
7467,1.04596543312
7468,1.08576738834
7469,1.11474251747
7470,1.11826884747
7471,1.1888333559
7472,1.12266016006
7473,1.05474340916
7474,1.13319861889
7475,1.1283967495
7476,1.12288820744
7477,1.06478083134
7478,1.14912760258
7479,1.13843846321
7480,1.10808169842
7481,1.09078860283
7482,1.09232974052
7483,1.11121404171
7484,1.21685326099
7485,1.22132074833
7486,1.13953602314
7487,1.0680167675
7488,1.1439435482
7489,1.20948731899
7490,1.20807564259
7491,1.06691336632
7492,1.11638259888
7493,1.08024406433
7494,1.11162698269
7495,1.13808703423
7496,1.04521930218
7497,1.07693099976
7498,1.20141792297
7499,1.06687581539
7500,1.08020496368
7501,1.16491150856
7502,1.09755039215
7503,1.1592874527
7504,1.15399706364
7505,1.08136856556
7506,1.08239734173
7507,1.05765664577
7508,1.08666992188
7509,1.1082085371
7510,1.08894455433
7511,1.20985817909
7512,1.19323945045
7513,1.15392053127
7514,1.13914263248
7515,1.20464897156
7516,1.13596463203
7517,1.0638614893
7518,1.05806994438
7519,1.10457825661
7520,1.15114617348
7521,1.19108355045
7522,1.09097242355
7523,1.10255455971
7524,1.14685118198
7525,0.976225733757
7526,1.11343514919
7527,1.18096041679
7528,1.13599145412
7529,1.16849339008
7530,1.22574400902
7531,1.21132516861
7532,1.24026417732
7533,1.1574921608
7534,1.25575554371
7535,1.28036522865
7536,1.11775827408
7537,1.13771438599
7538,1.17395091057
7539,1.14426445961
7540,1.132853508
7541,1.08746433258
7542,1.10721743107
7543,1.1054469347
7544,1.12635314465
7545,1.12787520885
7546,1.15920639038
7547,1.06288194656
7548,1.16109204292
7549,1.07588851452
7550,1.12039625645
7551,1.06392788887
7552,1.15308070183
7553,1.02577805519
7554,1.14978694916
7555,1.09027647972
7556,1.19358277321
7557,1.22237718105
7558,1.25962543488
7559,1.1316742897
7560,1.13457226753
7561,1.18902099133
7562,1.22799575329
7563,1.07527124882
7564,1.1926240921
7565,1.14922845364
7566,1.0351883173
7567,1.12511849403
7568,1.10748791695
7569,1.00293314457
7570,1.08055055141
7571,1.12988221645
7572,1.26346921921
7573,1.07856547832
7574,1.06501674652
7575,1.16628754139
7576,1.09282839298
7577,1.06428813934
7578,1.07101464272
7579,1.14567863941
7580,1.19112420082
7581,1.14448928833
7582,1.0888030529
7583,1.09164345264
7584,1.13947212696
7585,1.0835416317
7586,1.17456376553
7587,1.06840920448
7588,1.15783238411
7589,1.08519494534
7590,1.0838508606
7591,1.23534965515
7592,1.24677932262
7593,1.22822761536
7594,1.14800846577
7595,1.0337228775
7596,1.21624231339
7597,1.09674310684
7598,1.15466845036
7599,1.14237952232
7600,1.11097478867
7601,1.16900980473
7602,1.07430696487
7603,1.17067039013
7604,1.08369934559
7605,1.05107867718
7606,1.2098596096
7607,1.14997053146
7608,1.08144938946
7609,1.14061701298
7610,1.04374742508
7611,1.21466612816
7612,1.19813656807
7613,1.08265352249
7614,1.19142854214
7615,1.19109272957
7616,1.15413308144
7617,1.09237313271
7618,1.11005449295
7619,1.05400395393
7620,1.09711277485
7621,1.18428337574
7622,1.10807394981
7623,1.01634645462
7624,1.12176835537
7625,1.1578836441
7626,1.11347150803
7627,1.08850228786
7628,1.11327505112
7629,1.08039021492
7630,1.06301498413
7631,1.03545069695
7632,1.08724021912
7633,1.075299263
7634,1.19469058514
7635,1.1612610817
7636,1.02726531029
7637,1.03564953804
7638,1.06283557415
7639,1.1238809824
7640,1.09975397587
7641,1.15734744072
7642,1.17476546764
7643,1.08949410915
7644,1.25921988487
7645,1.25653553009
7646,1.1463612318
7647,1.14677894115
7648,1.0823302269
7649,1.17609024048
7650,1.1324108839
7651,1.11872553825
7652,1.12735509872
7653,1.24866187572
7654,1.16042470932
7655,1.10744976997
7656,1.21262645721
7657,1.22097694874
7658,1.15632629395
7659,1.15809702873
7660,1.18684589863
7661,1.19207203388
7662,1.20064806938
7663,1.31171810627
7664,1.17378330231
7665,1.05303537846
7666,1.11579418182
7667,1.25393879414
7668,1.18794214725
7669,1.14364683628
7670,1.15858662128
7671,1.37499594688
7672,1.17946827412
7673,1.07439672947
7674,1.12833225727
7675,1.19520533085
7676,1.11145877838
7677,1.1060116291
7678,1.14926254749
7679,1.19042551517
7680,1.1718558073
7681,1.14134645462
7682,1.08646285534
7683,1.15026497841
7684,1.08286345005
7685,1.12338161469
7686,1.03555822372
7687,1.12153816223
7688,1.13638746738
7689,1.22899985313
7690,1.16346538067
7691,1.08901131153
7692,1.13078832626
7693,1.02862477303
7694,1.04453599453
7695,1.04931044579
7696,1.05715322495
7697,1.12879014015
7698,1.11537909508
7699,1.14277434349
7700,1.09576416016
7701,1.1365981102
7702,1.19553637505
7703,1.05554103851
7704,1.07823061943
7705,1.11964249611
7706,1.0376611948
7707,1.12031245232
7708,1.07764351368
7709,1.10544359684
7710,1.129088521
7711,1.18051505089
7712,1.29386222363
7713,1.07355308533
7714,1.20205879211
7715,1.0957865715
7716,1.10339295864
7717,1.14231967926
7718,1.10858416557
7719,1.12233543396
7720,1.1278976202
7721,1.05037486553
7722,1.09609758854
7723,1.11639344692
7724,1.12354505062
7725,1.11318445206
7726,1.13375520706
7727,1.13673114777
7728,1.20392942429
7729,1.10994946957
7730,1.09137630463
7731,1.11325728893
7732,1.1246972084
7733,1.03511142731
7734,1.12844407558
7735,1.1364171505
7736,1.1845189333
7737,1.2151362896
7738,1.15159726143
7739,1.10253429413
7740,1.09645760059
7741,1.24668192863
7742,1.16322910786
7743,1.16418886185
7744,1.08397376537
7745,1.14199757576
7746,1.11072313786
7747,1.10711371899
7748,1.14330530167
7749,1.08874452114
7750,1.1419532299
7751,1.13849377632
7752,1.08107984066
7753,1.23126959801
7754,1.16084504128
7755,1.14596092701
7756,1.2438223362
7757,1.16087567806
7758,1.06692004204
7759,1.16724324226
7760,1.09210658073
7761,1.05429708958
7762,1.09152698517
7763,1.12822198868
7764,1.10059309006
7765,1.12863683701
7766,0.949495375156
7767,1.05866837502
7768,1.08984959126
7769,1.12749421597
7770,1.10409045219
7771,1.09741020203
7772,1.09854090214
7773,1.0479799509
7774,1.11005163193
7775,1.01153326035
7776,1.14574801922
7777,1.06194651127
7778,1.16096591949
7779,1.08885025978
7780,1.12958788872
7781,1.11515522003
7782,1.14502167702
7783,1.00443673134
7784,1.08561074734
7785,1.15006005764
7786,1.13868546486
7787,1.12507450581
7788,1.12128317356
7789,1.24413907528
7790,1.07795727253
7791,1.06544923782
7792,1.02176749706
7793,1.31485295296
7794,1.19456553459
7795,1.00424957275
7796,1.05105674267
7797,1.18451404572
7798,1.11399209499
7799,1.10150623322
7800,1.07809495926
7801,1.09655690193
7802,1.09167778492
7803,1.1009349823
7804,1.08016562462
7805,1.12581527233
7806,1.0489256382
7807,1.07501339912
7808,1.09678709507
7809,1.05231082439
7810,1.12498188019
7811,1.15537762642
7812,1.16787755489
7813,1.03748643398
7814,1.16119456291
7815,1.56916308403
7816,1.12801682949
7817,1.15154969692
7818,1.06422150135
7819,1.10332882404
7820,1.06664717197
7821,1.10585653782
7822,1.0429867506
7823,1.08001184464
7824,1.07548952103
7825,1.11279428005
7826,1.07334637642
7827,1.05096638203
7828,1.12988317013
7829,1.09807407856
7830,1.06785178185
7831,1.13216328621
7832,1.21759796143
7833,1.13778829575
7834,1.08648729324
7835,1.13146448135
7836,1.09498596191
7837,1.01255643368
7838,1.16002297401
7839,1.1046640873
7840,1.11716878414
7841,1.06955444813
7842,1.05514800549
7843,1.12285780907
7844,1.12520122528
7845,1.24100446701
7846,1.08056366444
7847,1.07008838654
7848,1.08464407921
7849,1.05143380165
7850,1.07478821278
7851,1.17610037327
7852,1.08950829506
7853,1.11222779751
7854,1.17488408089
7855,1.09847092628
7856,1.08452928066
7857,1.16314792633
7858,1.0874029398
7859,1.19222164154
7860,1.22451984882
7861,1.2974768877
7862,1.1147300005
7863,1.09764420986
7864,1.14228463173
7865,1.0244551897
7866,1.08295047283
7867,1.05638325214
7868,1.1585419178
7869,1.13542437553
7870,1.11416113377
7871,1.11984336376
7872,1.13845670223
7873,1.08798527718
7874,1.09890532494
7875,1.08559274673
7876,1.07329261303
7877,1.29256033897
7878,1.24857616425
7879,1.15155351162
7880,1.13427710533
7881,1.20800423622
7882,1.13639485836
7883,1.07160604
7884,1.14360499382
7885,1.12823188305
7886,1.14047956467
7887,1.10950624943
7888,1.17962551117
7889,1.10902822018
7890,1.10093140602
7891,1.25983953476
7892,1.13154125214
7893,1.11026346684
7894,1.06757330894
7895,1.09536612034
7896,1.19574284554
7897,1.01330387592
7898,1.13238382339
7899,1.13764739037
7900,1.11048603058
7901,1.04313659668
7902,1.10360813141
7903,1.19526183605
7904,1.08910763264
7905,1.07848596573
7906,1.10197198391
7907,1.07919919491
7908,1.09897339344
7909,1.00921404362
7910,1.19579970837
7911,1.13081228733
7912,1.17199099064
7913,1.08339214325
7914,1.11252224445
7915,1.09096562862
7916,1.14004290104
7917,1.13230466843
7918,1.09331297874
7919,1.1218239069
7920,1.16163682938
7921,1.14993786812
7922,1.21262478828
7923,1.08095324039
7924,1.09032142162
7925,1.05459034443
7926,1.13400912285
7927,1.10181879997
7928,1.11214339733
7929,1.22494602203
7930,1.1572496891
7931,1.11333906651
7932,1.14468824863
7933,1.10654103756
7934,1.12066614628
7935,1.14474761486
7936,1.15331041813
7937,1.14642679691
7938,1.06603336334
7939,1.19205570221
7940,1.18432569504
7941,1.17471516132
7942,1.18690466881
7943,1.16933500767
7944,1.18311321735
7945,1.06995725632
7946,1.09755206108
7947,1.27616119385
7948,1.14226126671
7949,1.07526755333
7950,1.10504209995
7951,1.10439050198
7952,1.04407262802
7953,1.17068815231
7954,1.01971280575
7955,1.08000767231
7956,1.16311597824
7957,1.18047118187
7958,1.09041500092
7959,1.12622141838
7960,1.06260204315
7961,1.24928033352
7962,1.06703722477
7963,1.12185716629
7964,1.0619841814
7965,1.1571637392
7966,1.08695220947
7967,1.1031024456
7968,1.14467668533
7969,1.08900141716
7970,1.07318639755
7971,1.09482121468
7972,1.13047146797
7973,1.15491175652
7974,1.09085762501
7975,1.09933853149
7976,1.17120373249
7977,1.17758202553
7978,1.03005456924
7979,1.01181054115
7980,1.10412669182
7981,1.19133627415
7982,1.13788807392
7983,1.15501070023
7984,1.03755652905
7985,1.13879966736
7986,1.09201407433
7987,1.16580104828
7988,1.09203112125
7989,1.08860969543
7990,1.03434765339
7991,1.08206188679
7992,1.13770973682
7993,1.11056089401
7994,1.23686993122
7995,1.22616004944
7996,1.12369573116
7997,1.13328838348
7998,1.16222131252
7999,1.20923364162
8000,1.17029726505
8001,1.18629848957
8002,1.04530370235
8003,1.18134689331
8004,1.23020517826
8005,1.17597484589
8006,1.18918728828
8007,1.1177521944
8008,1.09274435043
8009,1.13717067242
8010,1.08643746376
8011,1.13140821457
8012,1.30001926422
8013,1.07527697086
8014,1.1397125721
8015,1.13025820255
8016,1.18020641804
8017,1.10955893993
8018,1.06459724903
8019,1.01779830456
8020,1.03895223141
8021,1.12507045269
8022,1.1945656538
8023,1.09396767616
8024,1.15066695213
8025,1.12897253036
8026,1.18170511723
8027,1.23779380322
8028,1.16273617744
8029,1.10007941723
8030,1.08786094189
8031,1.04088628292
8032,1.08197772503
8033,1.11611938477
8034,1.16984474659
8035,1.20196843147
8036,1.08171308041
8037,1.14165377617
8038,1.02611243725
8039,1.11733865738
8040,1.22044503689
8041,1.21060121059
8042,1.12569844723
8043,1.11937487125
8044,1.04291689396
8045,1.12355351448
8046,1.13752031326
8047,1.10846531391
8048,1.121712327
8049,1.14927983284
8050,1.00921928883
8051,1.1705173254
8052,1.05679440498
8053,1.18352198601
8054,1.03148019314
8055,1.09073472023
8056,1.19752502441
8057,1.08572018147
8058,1.10862457752
8059,1.16227841377
8060,1.11771452427
8061,1.18573522568
8062,1.02423775196
8063,1.09795641899
8064,1.20898401737
8065,1.22734248638
8066,1.08192646503
8067,1.17379689217
8068,1.13767671585
8069,1.09066390991
8070,1.0692486763
8071,1.16226124763
8072,1.08591270447
8073,1.05260872841
8074,1.0797226429
8075,1.00928711891
8076,1.05162799358
8077,1.16686046124
8078,1.18016374111
8079,1.18694651127
8080,1.11708080769
8081,1.09847068787
8082,1.1242929697
8083,1.07845890522
8084,1.14693641663
8085,1.08985674381
8086,1.09919536114
8087,1.17107582092
8088,1.12321257591
8089,1.06764864922
8090,1.11009609699
8091,1.0343657732
8092,1.08536946774
8093,1.15302968025
8094,1.15225541592
8095,1.270611763
8096,1.14574015141
8097,1.15103149414
8098,1.09891724586
8099,1.18623363972
8100,1.17221152782
8101,1.02526152134
8102,1.03940522671
8103,1.11747455597
8104,1.11886179447
8105,1.10819065571
8106,1.15893423557
8107,1.06590747833
8108,1.08337676525
8109,1.05651521683
8110,1.12121593952
8111,1.11659681797
8112,1.09067416191
8113,1.11356663704
8114,1.11973309517
8115,1.09857535362
8116,1.13865208626
8117,1.18518126011
8118,1.15348720551
8119,1.26283955574
8120,1.12177312374
8121,1.05597937107
8122,1.17783093452
8123,1.252202034
8124,1.18291950226
8125,1.26942956448
8126,1.25109934807
8127,1.10488212109
8128,1.12637019157
8129,1.08768665791
8130,1.26720881462
8131,1.17008721828
8132,1.2555462122
8133,1.08254349232
8134,1.15479063988
8135,1.15252661705
8136,1.09793305397
8137,1.10215914249
8138,1.06462800503
8139,1.10858523846
8140,1.17614865303
8141,1.15305459499
8142,1.11737728119
8143,1.20517981052
8144,1.13617110252
8145,1.13656902313
8146,1.10832428932
8147,1.13888919353
8148,1.12903571129
8149,1.2645894289
8150,1.13564538956
8151,1.13575315475
8152,1.13970732689
8153,1.25633370876
8154,1.10509026051
8155,1.07475697994
8156,1.01957917213
8157,1.14769256115
8158,1.29135036469
8159,1.11695480347
8160,1.04913270473
8161,1.11560702324
8162,1.07729899883
8163,1.11817967892
8164,1.0286757946
8165,1.09183609486
8166,1.22678208351
8167,1.09021937847
8168,1.05665397644
8169,1.07151281834
8170,1.0606533289
8171,1.12808048725
8172,1.0393538475
8173,1.05290913582
8174,1.16196334362
8175,1.10187256336
8176,1.11006224155
8177,1.14753472805
8178,1.29774928093
8179,1.07649517059
8180,1.14683783054
8181,1.24409890175
8182,1.00643515587
8183,1.08769726753
8184,1.07892489433
8185,1.07790386677
8186,1.14332818985
8187,1.08715212345
8188,1.07415819168
8189,1.02177882195
8190,1.20973801613
8191,1.1815956831
8192,1.11147177219
8193,1.20185828209
8194,1.06802773476
8195,1.1592643261
8196,1.19190883636
8197,1.05690693855
8198,1.21287274361
8199,1.24039721489
8200,1.12631499767
8201,1.08613789082
8202,1.13021624088
8203,1.10889196396
8204,1.10550272465
8205,1.04476368427
8206,1.04184234142
8207,1.06255531311
8208,1.07140624523
8209,1.04176068306
8210,1.11486959457
8211,1.01337218285
8212,1.15178143978
8213,1.09374237061
8214,1.16729092598
8215,1.04893743992
8216,1.05343234539
8217,1.04357659817
8218,1.16291606426
8219,1.09557855129
8220,1.17018425465
8221,1.15498924255
8222,1.12618732452
8223,1.12455308437
8224,1.14466571808
8225,1.07199525833
8226,1.11962890625
8227,1.22263610363
8228,1.05644309521
8229,1.1447558403
8230,1.14365613461
8231,1.10229742527
8232,1.02637851238
8233,1.18901336193
8234,1.19487535954
8235,1.14338505268
8236,1.16600799561
8237,1.08948051929
8238,1.10871863365
8239,1.15173339844
8240,1.12733793259
8241,1.02494525909
8242,1.06323862076
8243,1.02087330818
8244,1.05557608604
8245,1.08947718143
8246,1.07405900955
8247,1.13572227955
8248,1.13522052765
8249,1.05696690083
8250,1.11635696888
8251,1.14546978474
8252,1.08865368366
8253,1.26162230968
8254,1.1910238266
8255,1.16496062279
8256,1.08580374718
8257,1.19349682331
8258,1.10379314423
8259,1.02823185921
8260,1.08957266808
8261,1.04047083855
8262,1.15870130062
8263,1.18196713924
8264,1.08090603352
8265,1.14917445183
8266,1.14268434048
8267,1.02653026581
8268,1.11249494553
8269,1.04380500317
8270,1.15980958939
8271,1.08364796638
8272,1.0535030365
8273,1.09481167793
8274,1.11568069458
8275,1.01948857307
8276,1.10180282593
8277,0.978679895401
8278,1.05943071842
8279,1.07322621346
8280,1.1005011797
8281,1.14063167572
8282,1.09835374355
8283,1.13598656654
8284,1.10257101059
8285,1.13115167618
8286,1.14717531204
8287,1.14187169075
8288,1.14931571484
8289,1.09094524384
8290,1.10269713402
8291,1.16536450386
8292,1.10984063148
8293,1.18228685856
8294,1.12321317196
8295,1.12163305283
8296,1.15985941887
8297,1.1103849411
8298,1.09924709797
8299,1.1469386816
8300,1.16537094116
8301,1.19151294231
8302,1.09477257729
8303,1.11218118668
8304,1.04228925705
8305,1.0853215456
8306,1.17164349556
8307,1.18032932281
8308,1.1313624382
8309,1.21634936333
8310,1.03895425797
8311,1.206848979
8312,1.281935215
8313,1.14385223389
8314,1.11729490757
8315,1.07664275169
8316,1.19384813309
8317,1.18890726566
8318,1.13888466358
8319,1.15361177921
8320,1.11284947395
8321,1.10762107372
8322,1.11095428467
8323,1.09686398506
8324,1.19993817806
8325,1.10991322994
8326,1.2175385952
8327,1.12050068378
8328,1.10368955135
8329,1.12185955048
8330,1.17466950417
8331,1.07307970524
8332,1.07012474537
8333,1.173869133
8334,1.07020771503
8335,1.085313797
8336,1.12329804897
8337,1.172336936
8338,1.14592468739
8339,1.1103605032
8340,1.05987274647
8341,1.07380115986
8342,1.07090485096
8343,1.10674738884
8344,1.12390267849
8345,1.08965945244
8346,1.10846877098
8347,1.0471675396
8348,1.17615580559
8349,1.11585426331
8350,1.11879181862
8351,1.20305323601
8352,1.15692484379
8353,1.11454021931
8354,1.08154189587
8355,1.09043729305
8356,1.17519521713
8357,1.21838068962
8358,1.02972638607
8359,1.12062454224
8360,1.16793859005
8361,1.17269873619
8362,1.22000801563
8363,1.10747301579
8364,1.09606194496
8365,1.01896595955
8366,1.11827039719
8367,1.11331403255
8368,1.00385594368
8369,1.13108456135
8370,1.23886060715
8371,1.14235365391
8372,1.01729691029
8373,1.18866610527
8374,1.11175727844
8375,1.0901248455
8376,1.07700097561
8377,1.08780491352
8378,1.16466832161
8379,1.13994860649
8380,1.09569108486
8381,1.10330235958
8382,1.11018157005
8383,1.10683357716
8384,1.13287806511
8385,1.09379446507
8386,1.08561372757
8387,1.10062384605
8388,1.13158404827
8389,1.11375486851
8390,1.1267786026
8391,1.11542057991
8392,1.05117988586
8393,1.10865807533
8394,1.12593197823
8395,1.12844800949
8396,1.09275639057
8397,1.21856510639
8398,1.14265096188
8399,1.04861485958
8400,1.07002496719
8401,1.10917270184
8402,1.05131149292
8403,1.16521477699
8404,1.05905890465
8405,1.01749300957
8406,1.10429942608
8407,1.13450801373
8408,1.1307297945
8409,1.10963022709
8410,1.15577578545
8411,1.16666436195
8412,1.09415459633
8413,1.15838992596
8414,1.04144001007
8415,1.01506793499
8416,1.05928742886
8417,1.03716444969
8418,1.05063927174
8419,1.05731642246
8420,1.09142458439
8421,1.1089220047
8422,1.0849750042
8423,1.09235727787
8424,1.15589272976
8425,1.11810731888
8426,1.13054847717
8427,1.06474065781
8428,1.10225594044
8429,1.11732649803
8430,1.06042277813
8431,1.13869333267
8432,1.21478426456
8433,1.21465587616
8434,1.12270724773
8435,1.0988509655
8436,1.27392220497
8437,1.11694729328
8438,1.18294644356
8439,1.10367047787
8440,1.15443456173
8441,1.19192063808
8442,1.11982083321
8443,1.12604737282
8444,1.11114859581
8445,1.11021363735
8446,1.19794404507
8447,1.14823460579
8448,1.13178253174
8449,1.05063307285
8450,1.07218647003
8451,1.10303449631
8452,1.10644698143
8453,1.09561502934
8454,1.12455964088
8455,1.12098371983
8456,1.1095482111
8457,1.07058405876
8458,1.25099480152
8459,1.11488234997
8460,1.05620825291
8461,1.12530589104
8462,1.24184215069
8463,1.23308908939
8464,1.10535371304
8465,1.14319419861
8466,1.13663589954
8467,1.00979375839
8468,1.09906351566
8469,1.09924519062
8470,1.03200554848
8471,1.18400645256
8472,1.17814958096
8473,1.11304688454
8474,1.04933393002
8475,1.07980978489
8476,1.09980475903
8477,1.08540868759
8478,1.24133634567
8479,1.06837511063
8480,1.15362882614
8481,1.09743916988
8482,1.08913850784
8483,1.11428654194
8484,1.17420399189
8485,1.18611371517
8486,1.06148636341
8487,1.01225447655
8488,1.07122123241
8489,1.10127711296
8490,1.11181211472
8491,1.1586420536
8492,1.09720361233
8493,1.07473397255
8494,1.04207861423
8495,1.18989467621
8496,1.28800010681
8497,1.10688734055
8498,1.10919964314
8499,1.16163539886
8500,1.1525144577
8501,1.17986619473
8502,1.15665376186
8503,1.11818420887
8504,1.03515231609
8505,1.09849154949
8506,1.09809589386
8507,1.26523768902
8508,0.976466476917
8509,1.05027639866
8510,1.148630023
8511,1.10618650913
8512,1.1836990118
8513,1.04180085659
8514,1.18028616905
8515,1.29943907261
8516,1.10884356499
8517,1.1657179594
8518,1.17676544189
8519,1.18436896801
8520,1.24181580544
8521,1.10839188099
8522,1.10370826721
8523,1.11163401604
8524,1.10983479023
8525,1.0640566349
8526,1.21347153187
8527,1.12621831894
8528,1.27314782143
8529,1.18985712528
8530,1.08587777615
8531,1.15511882305
8532,1.21171879768
8533,1.16303730011
8534,0.992143332958
8535,1.10557317734
8536,1.17419552803
8537,1.21105921268
8538,1.07876694202
8539,1.09547674656
8540,1.08847296238
8541,1.13846373558
8542,1.067715168
8543,1.17982423306
8544,1.20954096317
8545,1.23858273029
8546,1.07504725456
8547,1.12628722191
8548,1.10618793964
8549,1.25387203693
8550,1.0582613945
8551,1.22252321243
8552,1.14580857754
8553,1.13118934631
8554,1.0665409565
8555,1.08241820335
8556,1.04925787449
8557,1.16247737408
8558,1.09945821762
8559,1.1201031208
8560,1.17346656322
8561,1.07314360142
8562,1.06691503525
8563,1.15052723885
8564,1.06987762451
8565,1.12420868874
8566,0.988799989223
8567,1.1097792387
8568,1.14468157291
8569,1.24682867527
8570,1.0590389967
8571,1.14248085022
8572,1.19868052006
8573,1.2099916935
8574,1.03958046436
8575,1.20170331001
8576,1.18316805363
8577,1.08258187771
8578,1.0625244379
8579,1.10023343563
8580,1.06933748722
8581,1.17120659351
8582,1.19611465931
8583,1.09402108192
8584,1.2215514183
8585,1.16298270226
8586,1.07497930527
8587,1.21516084671
8588,1.05670893192
8589,1.03391695023
8590,1.09738481045
8591,1.16023766994
8592,1.1909724474
8593,1.09346461296
8594,1.17107343674
8595,1.16398203373
8596,1.0866189003
8597,1.04963099957
8598,1.09156894684
8599,1.08560752869
8600,1.03552722931
8601,1.13969409466
8602,1.14848423004
8603,1.09735751152
8604,1.10407185555
8605,1.09953939915
8606,1.06034851074
8607,1.04946315289
8608,1.09731888771
8609,1.09874272346
8610,1.14251387119
8611,1.15137779713
8612,1.06014382839
8613,1.08788728714
8614,1.16373300552
8615,1.03379952908
8616,1.03604853153
8617,1.07004785538
8618,1.12722504139
8619,1.06659293175
8620,1.12484145164
8621,1.08013570309
8622,0.943575561047
8623,1.14355695248
8624,1.0786999464
8625,1.09491443634
8626,1.10417723656
8627,1.16080033779
8628,1.07208585739
8629,1.1088000536
8630,1.1175570488
8631,1.18833482265
8632,1.20439255238
8633,1.07409119606
8634,1.03431963921
8635,1.22797822952
8636,1.15452539921
8637,1.01991641521
8638,1.08703684807
8639,1.20414531231
8640,1.1904964447
8641,1.17808187008
8642,1.16930413246
8643,1.17276239395
8644,1.11118030548
8645,1.09310412407
8646,1.07715976238
8647,1.11727833748
8648,1.08230996132
8649,1.06730914116
8650,1.04959952831
8651,1.05954325199
8652,1.20673978329
8653,1.07410979271
8654,1.0349009037
8655,1.07899439335
8656,1.09146928787
8657,1.08433783054
8658,1.06994044781
8659,1.11101067066
8660,1.19131922722
8661,1.11292505264
8662,1.05707001686
8663,1.12347388268
8664,1.1018242836
8665,1.10238969326
8666,1.11452460289
8667,1.09640717506
8668,1.07780170441
8669,1.05598366261
8670,1.04523873329
8671,1.10199344158
8672,1.11248004436
8673,1.15550410748
8674,1.07691657543
8675,1.06670606136
8676,1.12820160389
8677,1.13098502159
8678,1.09550321102
8679,1.13148248196
8680,1.11820292473
8681,1.12046575546
8682,1.17725217342
8683,1.10841226578
8684,1.20328652859
8685,1.08148574829
8686,1.15097689629
8687,1.09400594234
8688,1.09453070164
8689,1.01476418972
8690,1.04355311394
8691,1.19406092167
8692,1.02262377739
8693,1.1424831152
8694,1.10074162483
8695,1.09516060352
8696,1.1528750658
8697,1.06416285038
8698,1.17691254616
8699,1.03527796268
8700,1.14375078678
8701,1.1238822937
8702,1.15691435337
8703,1.01551735401
8704,1.2277469635
8705,1.13070142269
8706,1.173838377
8707,1.13380694389
8708,1.23480439186
8709,1.07830953598
8710,1.17285549641
8711,1.14010214806
8712,1.17072451115
8713,1.12134301662
8714,1.12780952454
8715,1.23299598694
8716,1.3594212532
8717,1.15970826149
8718,1.11281299591
8719,1.07754671574
8720,1.12692189217
8721,1.16816985607
8722,1.18943023682
8723,1.08708107471
8724,1.08328974247
8725,1.0174280405
8726,1.0813498497
8727,1.13031005859
8728,1.12616991997
8729,1.08974087238
8730,1.19091069698
8731,1.19076681137
8732,1.17891216278
8733,1.09870493412
8734,1.11096048355
8735,1.10159707069
8736,1.04155039787
8737,1.04542696476
8738,1.18386888504
8739,1.07338202
8740,1.20029747486
8741,1.14671230316
8742,1.15628445148
8743,1.20529353619
8744,1.08200275898
8745,1.12364542484
8746,1.10407555103
8747,1.20165801048
8748,1.07948112488
8749,1.07818543911
8750,1.17622768879
8751,1.12376606464
8752,1.12214803696
8753,1.0696952343
8754,1.09069037437
8755,1.09602820873
8756,1.07289350033
8757,1.20283305645
8758,1.11000573635
8759,1.1366109848
8760,1.06173276901
8761,1.10601449013
8762,1.02334702015
8763,1.10961961746
8764,1.14653873444
8765,1.03723061085
8766,1.1563359499
8767,1.19490838051
8768,1.07329785824
8769,1.04953110218
8770,1.09855973721
8771,1.10884618759
8772,1.06039535999
8773,1.14534807205
8774,1.16032254696
8775,1.03134417534
8776,1.0740249157
8777,1.06034338474
8778,1.08815896511
8779,1.06384968758
8780,1.10808455944
8781,1.075735569
8782,1.07777416706
8783,1.14147019386
8784,1.03584814072
8785,1.17209029198
8786,1.13146579266
8787,1.16385030746
8788,1.16585600376
8789,1.06377017498
8790,1.11822426319
8791,1.12911272049
8792,1.13695895672
8793,1.02958786488
8794,1.13771164417
8795,1.24146878719
8796,1.13676202297
8797,1.17142450809
8798,1.16124296188
8799,1.22265088558
8800,1.10391962528
8801,1.1984128952
8802,1.21416854858
8803,1.10095751286
8804,1.13896775246
8805,1.05329227448
8806,1.09710812569
8807,1.18515968323
8808,1.15895295143
8809,1.01050698757
8810,1.16382360458
8811,1.22423100471
8812,1.15980815887
8813,1.12636470795
8814,1.09217727184
8815,1.08369934559
8816,1.20152795315
8817,1.23766112328
8818,1.24238610268
8819,1.14670860767
8820,1.13558793068
8821,1.0576184988
8822,1.04008865356
8823,1.13613653183
8824,1.10697329044
8825,1.08726739883
8826,1.138199687
8827,1.29076981544
8828,1.17180657387
8829,1.10001075268
8830,1.07314562798
8831,1.04205310345
8832,1.10481381416
8833,1.06703662872
8834,1.01362717152
8835,1.12914764881
8836,1.16926121712
8837,1.16766524315
8838,1.11277127266
8839,1.06822085381
8840,1.01472055912
8841,1.03599107265
8842,1.24239516258
8843,1.08618056774
8844,1.09913051128
8845,1.08266794682
8846,1.14153170586
8847,1.08631873131
8848,1.23305559158
8849,1.02633595467
8850,1.03659081459
8851,1.15156388283
8852,1.08841717243
8853,1.03633403778
8854,1.20754635334
8855,1.06529140472
8856,1.13985741138
8857,1.06028628349
8858,1.15090548992
8859,1.16175734997
8860,1.10244500637
8861,1.1629421711
8862,1.18542170525
8863,1.11085927486
8864,1.18423259258
8865,1.20921683311
8866,1.12843132019
8867,1.1149135828
8868,1.0404419899
8869,1.11497020721
8870,1.088529706
8871,1.19967639446
8872,1.10891985893
8873,1.15655183792
8874,1.12211060524
8875,1.16636967659
8876,1.09792554379
8877,1.14417111874
8878,1.10774874687
8879,1.11325085163
8880,1.17163836956
8881,1.14106798172
8882,1.11874783039
8883,1.14733481407
8884,1.17105150223
8885,1.12167775631
8886,1.0792517662
8887,1.06999909878
8888,1.00210630894
8889,1.05868661404
8890,1.09802603722
8891,1.13982546329
8892,1.06618142128
8893,1.17502784729
8894,1.11183202267
8895,1.13228416443
8896,1.17144238949
8897,1.03814303875
8898,1.02889454365
8899,1.18976461887
8900,1.06567728519
8901,1.13083910942
8902,1.14221596718
8903,1.08875393867
8904,1.0499162674
8905,1.08800828457
8906,1.07381999493
8907,1.09084773064
8908,1.12270736694
8909,1.159943223
8910,1.0313192606
8911,1.05493831635
8912,1.19603228569
8913,1.08269608021
8914,1.15158784389
8915,1.12966918945
8916,1.08473336697
8917,1.12031745911
8918,1.15594053268
8919,1.0791759491
8920,1.1331884861
8921,1.10700392723
8922,1.11569094658
8923,1.1390901804
8924,1.04691171646
8925,1.21244132519
8926,1.10215342045
8927,1.10410773754
8928,1.07407140732
8929,1.16906023026
8930,1.08764123917
8931,1.11822426319
8932,1.15885269642
8933,1.16371273994
8934,1.07353973389
8935,1.12164580822
8936,1.1449303627
8937,1.09501743317
8938,1.07064712048
8939,1.09289038181
8940,1.17157626152
8941,1.0584628582
8942,1.15725040436
8943,1.16605961323
8944,1.05200481415
8945,1.13271915913
8946,1.10112404823
8947,1.08357906342
8948,1.13792061806
8949,1.23569893837
8950,1.15032327175
8951,1.11643242836
8952,1.14944398403
8953,1.04530644417
8954,1.15491223335
8955,1.1998167038
8956,1.19261872768
8957,1.20078837872
8958,1.07557225227
8959,1.12658166885
8960,1.14684545994
8961,1.07500362396
8962,1.09031808376
8963,1.28001511097
8964,1.06343436241
8965,1.08279573917
8966,1.22963154316
8967,1.2617803812
8968,1.21381878853
8969,1.1435418129
8970,1.09010469913
8971,1.10575819016
8972,1.22851097584
8973,1.09576702118
8974,1.12205576897
8975,1.1437060833
8976,1.23325848579
8977,1.12413322926
8978,1.08656060696
8979,1.15446841717
8980,1.08292746544
8981,1.07074081898
8982,1.17567920685
8983,1.17830276489
8984,1.09160172939
8985,1.1124985218
8986,1.16939628124
8987,1.22263753414
8988,1.10316586494
8989,1.12427163124
8990,1.06170499325
8991,1.16273295879
8992,1.16068267822
8993,1.07526123524
8994,1.04546391964
8995,1.14808499813
8996,1.07231593132
8997,1.10078442097
8998,1.17369174957
8999,1.10385870934
9000,1.07771706581
9001,1.21712589264
9002,1.06416213512
9003,1.06704378128
9004,1.17297291756
9005,1.04657423496
9006,1.13676416874
9007,1.06914389133
9008,1.19912922382
9009,1.12746572495
9010,1.11989426613
9011,1.08130943775
9012,1.15667879581
9013,1.07678806782
9014,1.07950282097
9015,1.11750364304
9016,1.09867167473
9017,1.11972296238
9018,1.05379426479
9019,1.11427092552
9020,1.17743372917
9021,1.13513219357
9022,1.05518710613
9023,1.10452318192
9024,1.15664422512
9025,1.12844479084
9026,1.03597843647
9027,1.14769136906
9028,1.07917833328
9029,1.15431678295
9030,1.07252597809
9031,1.04123497009
9032,1.09194672108
9033,1.12457382679
9034,1.10952138901
9035,1.17342066765
9036,1.15982139111
9037,1.01220703125
9038,1.088083148
9039,1.12148213387
9040,1.17523002625
9041,1.14825391769
9042,1.12002038956
9043,1.03143835068
9044,1.12640881538
9045,1.08941376209
9046,1.11648571491
9047,1.07144641876
9048,1.29289984703
9049,1.20408523083
9050,1.09756374359
9051,1.02453804016
9052,1.18034863472
9053,1.04175043106
9054,1.01699113846
9055,1.06008410454
9056,1.172752738
9057,1.1270083189
9058,1.11315476894
9059,1.14108550549
9060,1.11467051506
9061,1.08791875839
9062,1.14934742451
9063,1.11493659019
9064,1.07285714149
9065,1.08311831951
9066,1.18869245052
9067,1.09371829033
9068,1.09908044338
9069,1.10713434219
9070,1.15572988987
9071,1.09044361115
9072,1.22757363319
9073,1.15408265591
9074,1.06805622578
9075,1.09614825249
9076,1.19723236561
9077,1.27845275402
9078,1.1931425333
9079,1.21773266792
9080,1.22600483894
9081,1.21255803108
9082,1.17182993889
9083,1.22120928764
9084,1.12649786472
9085,1.14766526222
9086,1.13337922096
9087,1.15927779675
9088,1.13957738876
9089,1.2928429842
9090,1.16667234898
9091,1.23217821121
9092,1.20813083649
9093,1.13538897038
9094,1.08506894112
9095,1.1903232336
9096,1.200725317
9097,1.15889596939
9098,1.19461333752
9099,1.12769806385
9100,1.16779232025
9101,1.15150523186
9102,1.16330480576
9103,1.08023965359
9104,1.05697107315
9105,1.0540112257
9106,1.21647310257
9107,1.1252874136
9108,1.0683516264
9109,0.990511119366
9110,1.21448493004
9111,1.11016726494
9112,1.14572012424
9113,1.22376847267
9114,1.04941284657
9115,1.15428984165
9116,1.19771647453
9117,1.23197424412
9118,1.23930454254
9119,1.05561161041
9120,1.10154509544
9121,1.22802639008
9122,1.19525241852
9123,1.09100043774
9124,1.09431707859
9125,1.08613860607
9126,1.08977365494
9127,1.15240848064
9128,1.0878187418
9129,1.02084350586
9130,1.06192481518
9131,1.1429708004
9132,1.14281094074
9133,1.07579290867
9134,1.09150838852
9135,1.07116627693
9136,1.11636137962
9137,1.16229939461
9138,1.08640098572
9139,1.0783110857
9140,1.09688770771
9141,1.0301759243
9142,1.02371537685
9143,1.15147662163
9144,1.0761474371
9145,1.1865850687
9146,1.1342869997
9147,1.17698514462
9148,1.0670260191
9149,1.03964185715
9150,1.11010277271
9151,1.14731812477
9152,1.09799206257
9153,1.03511655331
9154,1.07881784439
9155,1.15385699272
9156,1.21808409691
9157,1.15988171101
9158,1.179459095
9159,1.08423399925
9160,1.0389765501
9161,1.16182422638
9162,1.15223312378
9163,1.13556849957
9164,1.18511033058
9165,1.09373223782
9166,1.10400986671
9167,1.26395487785
9168,1.13926947117
9169,1.08795726299
9170,1.18075275421
9171,1.21454906464
9172,1.21505403519
9173,1.25273096561
9174,1.10626876354
9175,1.23388338089
9176,1.27103960514
9177,1.09658241272
9178,1.11715877056
9179,1.13001167774
9180,1.11408936977
9181,1.21461939812
9182,1.06746852398
9183,1.03387570381
9184,1.08519613743
9185,1.16794133186
9186,1.23736476898
9187,0.991527974606
9188,1.06433093548
9189,1.23382282257
9190,1.21088635921
9191,1.2309179306
9192,1.08728635311
9193,1.009324193
9194,1.02912855148
9195,1.06054234505
9196,1.10045063496
9197,1.07187128067
9198,1.10900008678
9199,1.14611244202
9200,1.1810362339
9201,1.04692935944
9202,1.09816217422
9203,1.17220711708
9204,1.19424211979
9205,1.16771519184
9206,1.14066374302
9207,1.13481581211
9208,1.12813985348
9209,1.16626155376
9210,1.08928728104
9211,1.12193500996
9212,1.07096910477
9213,1.1893440485
9214,1.11183416843
9215,1.18830859661
9216,1.249532938
9217,1.18096530437
9218,1.1152330637
9219,1.15888142586
9220,1.10497319698
9221,1.20714259148
9222,1.11209607124
9223,1.08454108238
9224,1.17903006077
9225,1.12474226952
9226,1.10500597954
9227,1.12065589428
9228,1.06224632263
9229,1.02949559689
9230,1.06758010387
9231,1.12796366215
9232,1.13375532627
9233,1.15691137314
9234,1.15053868294
9235,1.1598751545
9236,1.11486279964
9237,1.20801985264
9238,1.127622962
9239,1.19253838062
9240,1.13882911205
9241,1.13581991196
9242,1.19085931778
9243,1.07911169529
9244,1.09295463562
9245,1.16306734085
9246,1.19297671318
9247,1.06162500381
9248,1.0844502449
9249,1.06277346611
9250,1.13964271545
9251,1.20715332031
9252,1.08388137817
9253,1.05252051353
9254,1.1524913311
9255,1.18838596344
9256,1.12035298347
9257,1.08891057968
9258,1.04963541031
9259,1.21313989162
9260,1.15736091137
9261,1.15360593796
9262,1.09063529968
9263,1.08689892292
9264,1.01143240929
9265,1.09609520435
9266,1.16306495667
9267,1.17831730843
9268,1.18866491318
9269,1.12810277939
9270,1.13330698013
9271,1.11960077286
9272,1.12460160255
9273,1.11869263649
9274,1.02491140366
9275,1.16677999496
9276,1.14037907124
9277,1.12514185905
9278,1.1783427
9279,1.13013696671
9280,1.04950463772
9281,1.05903184414
9282,1.09979045391
9283,1.08765792847
9284,1.04428017139
9285,1.06770300865
9286,1.07378065586
9287,1.10452735424
9288,1.19239532948
9289,1.20439982414
9290,1.16113603115
9291,1.0609152317
9292,1.1197552681
9293,1.13187229633
9294,1.19309353828
9295,1.09634971619
9296,1.03407001495
9297,1.05254614353
9298,1.10115945339
9299,1.13477098942
9300,1.13739049435
9301,1.12401044369
9302,1.10507321358
9303,1.14689946175
9304,1.02939581871
9305,1.27525353432
9306,1.17364561558
9307,1.15598940849
9308,1.09179568291
9309,1.05171573162
9310,1.10962486267
9311,1.23315751553
9312,1.10009753704
9313,1.16903316975
9314,1.07139623165
9315,1.17936348915
9316,1.11760509014
9317,1.1461879015
9318,1.17733824253
9319,1.14247357845
9320,1.13042867184
9321,1.14016866684
9322,1.08911824226
9323,1.17999053001
9324,1.184212327
9325,1.19287502766
9326,1.13900899887
9327,1.11282908916
9328,1.14369606972
9329,1.1500569582
9330,1.28518986702
9331,1.13818359375
9332,1.13327765465
9333,1.06624519825
9334,1.15075802803
9335,1.12296748161
9336,1.21273708344
9337,1.15539324284
9338,1.13497126102
9339,1.06399524212
9340,1.14994680882
9341,1.06065273285
9342,1.13088226318
9343,1.11574053764
9344,1.19994175434
9345,1.08532595634
9346,1.1162378788
9347,1.09178495407
9348,1.08199059963
9349,1.14858233929
9350,1.06139481068
9351,1.08114612103
9352,1.11182689667
9353,1.0587208271
9354,1.16515243053
9355,1.10260915756
9356,1.14384043217
9357,1.06906270981
9358,1.06633162498
9359,1.1225014925
9360,1.15405678749
9361,1.12098062038
9362,1.19954562187
9363,1.11804246902
9364,1.09504437447
9365,1.26027357578
9366,1.24639999866
9367,1.13971805573
9368,1.04750669003
9369,1.22453296185
9370,1.08783066273
9371,1.14614188671
9372,1.17565274239
9373,1.07809376717
9374,1.13427174091
9375,1.14229857922
9376,1.12815034389
9377,1.09533345699
9378,2.0844681263
9379,1.08314216137
9380,1.18612790108
9381,1.15355026722
9382,1.07114434242
9383,1.1501121521
9384,1.01798856258
9385,1.11334609985
9386,1.12829256058
9387,1.10641813278
9388,1.12551116943
9389,1.05127108097
9390,1.21833598614
9391,1.10806286335
9392,1.04680466652
9393,1.08668208122
9394,1.09630119801
9395,1.16982984543
9396,1.19537627697
9397,1.12225615978
9398,1.05778634548
9399,1.15395700932
9400,1.1121931076
9401,1.1405787468
9402,1.19672036171
9403,1.10512137413
9404,1.19003093243
9405,1.18423092365
9406,1.20189237595
9407,1.1836206913
9408,1.09510183334
9409,1.17606651783
9410,1.15144228935
9411,1.12431263924
9412,1.15248274803
9413,1.11307704449
9414,1.14685356617
9415,1.07030820847
9416,1.21626472473
9417,1.10943460464
9418,1.12282824516
9419,1.16647183895
9420,1.17585706711
9421,1.08650112152
9422,1.11328792572
9423,1.20580387115
9424,1.10043823719
9425,1.06400775909
9426,1.10420155525
9427,1.11978125572
9428,1.04782545567
9429,1.12234437466
9430,1.15331697464
9431,1.12613201141
9432,1.14754986763
9433,1.10828816891
9434,1.20135319233
9435,0.975957036018
9436,1.13625657558
9437,1.10384321213
9438,1.10341715813
9439,1.23326480389
9440,1.07879853249
9441,1.04125845432
9442,1.10120773315
9443,1.1025801897
9444,1.07929623127
9445,1.09301161766
9446,1.17263305187
9447,1.19865071774
9448,1.18223428726
9449,1.11917448044
9450,1.15759289265
9451,1.20268273354
9452,1.15481197834
9453,1.10640275478
9454,1.05919122696
9455,1.26617014408
9456,1.12435698509
9457,1.13501799107
9458,1.15050196648
9459,1.172057271
9460,1.22617697716
9461,1.11637592316
9462,1.15730178356
9463,1.22712087631
9464,1.14594972134
9465,1.1403003931
9466,1.13051187992
9467,1.11887228489
9468,1.08285331726
9469,1.21101510525
9470,1.12687063217
9471,1.12050914764
9472,1.09821605682
9473,1.19186520576
9474,1.08419644833
9475,1.04463768005
9476,1.15179896355
9477,1.22966396809
9478,1.12663567066
9479,1.14114153385
9480,1.11654508114
9481,1.0637563467
9482,1.13089764118
9483,1.11860406399
9484,1.14956307411
9485,1.20398306847
9486,1.13636004925
9487,1.1489931345
9488,1.17593240738
9489,1.07968270779
9490,1.08815467358
9491,1.05313766003
9492,1.16602945328
9493,1.12423253059
9494,1.09143519402
9495,1.206579566
9496,1.04175567627
9497,1.02590107918
9498,1.04201769829
9499,1.23828649521
9500,1.02706468105
9501,1.03794085979
9502,1.06082725525
9503,1.13159787655
9504,1.07100856304
9505,1.08513176441
9506,1.18908941746
9507,1.21460807323
9508,1.22248971462
9509,1.1782810688
9510,1.24986767769
9511,1.13465082645
9512,1.04643249512
9513,1.1818767786
9514,1.19693124294
9515,1.01085186005
9516,1.12718045712
9517,1.03034543991
9518,1.08898186684
9519,1.10533356667
9520,1.15147173405
9521,1.13542342186
9522,1.15980541706
9523,1.13689947128
9524,1.16920220852
9525,1.12028777599
9526,1.13286149502
9527,1.05947852135
9528,1.13941824436
9529,1.18468594551
9530,1.13517856598
9531,1.21819186211
9532,1.16119015217
9533,1.1376324892
9534,1.15686917305
9535,1.07127761841
9536,1.14473235607
9537,1.16207885742
9538,1.15669393539
9539,1.03066253662
9540,1.0684543848
9541,1.21148371696
9542,1.10173618793
9543,1.07429373264
9544,1.04254221916
9545,1.08342599869
9546,1.12309730053
9547,1.20321917534
9548,1.03915143013
9549,1.06020081043
9550,1.04482769966
9551,1.17649769783
9552,1.25085175037
9553,1.07597601414
9554,1.1114615202
9555,1.16710054874
9556,1.25513768196
9557,1.1408059597
9558,1.128682971
9559,1.11209893227
9560,1.17260694504
9561,1.11518263817
9562,1.140822649
9563,1.0325987339
9564,1.08063101768
9565,1.19701218605
9566,1.09850883484
9567,1.16921782494
9568,1.28082585335
9569,1.13716006279
9570,1.1707662344
9571,1.04988896847
9572,1.1520844698
9573,1.13958132267
9574,1.15151798725
9575,1.08612108231
9576,1.160556674
9577,0.974572062492
9578,1.05872738361
9579,1.13621890545
9580,1.06875872612
9581,1.19121384621
9582,1.11157739162
9583,1.10417199135
9584,1.14385259151
9585,1.15013968945
9586,1.18690812588
9587,1.18066549301
9588,1.07486641407
9589,1.07175374031
9590,1.10818362236
9591,1.19126522541
9592,1.04094946384
9593,1.14168488979
9594,1.13207817078
9595,1.21064090729
9596,1.13766217232
9597,1.1306334734
9598,1.06424069405
9599,1.15826773643
9600,1.16201901436
9601,1.1064633131
9602,1.09365963936
9603,1.15509057045
9604,1.06098616123
9605,1.14606118202
9606,1.06844580173
9607,1.22902750969
9608,1.27670657635
9609,1.17055821419
9610,1.11093997955
9611,1.18208777905
9612,1.05328881741
9613,1.14351975918
9614,1.09158039093
9615,1.11870980263
9616,1.11979389191
9617,1.20844864845
9618,1.17648744583
9619,1.13693249226
9620,1.23460221291
9621,1.18638277054
9622,1.13249754906
9623,1.14757275581
9624,1.18853414059
9625,1.05722427368
9626,1.16528117657
9627,1.18427169323
9628,1.17416036129
9629,1.04531466961
9630,1.10859644413
9631,1.14960753918
9632,1.18134307861
9633,1.19007003307
9634,1.17838656902
9635,1.13935160637
9636,1.08122956753
9637,1.01903188229
9638,1.18804252148
9639,1.17554736137
9640,1.05613422394
9641,1.1071447134
9642,1.06823551655
9643,1.22527372837
9644,1.10244905949
9645,1.17121839523
9646,1.07906365395
9647,1.11813247204
9648,1.08434951305
9649,1.22327792645
9650,1.07406270504
9651,1.11231005192
9652,1.01376736164
9653,1.0836814642
9654,1.10479009151
9655,1.02968943119
9656,1.12469875813
9657,1.2060533762
9658,1.09490442276
9659,1.11249399185
9660,1.18319702148
9661,1.10754907131
9662,1.18003165722
9663,1.11815094948
9664,1.03853404522
9665,1.12923765182
9666,1.09786713123
9667,1.08179402351
9668,1.14125216007
9669,1.16177225113
9670,1.18220770359
9671,1.16149163246
9672,1.00772726536
9673,1.13913619518
9674,1.0462884903
9675,1.17941117287
9676,1.18447828293
9677,1.13471961021
9678,1.11548101902
9679,1.24903035164
9680,1.28608083725
9681,1.04500293732
9682,1.13932967186
9683,1.23298716545
9684,1.07058727741
9685,1.09741413593
9686,1.18846428394
9687,1.04068624973
9688,1.05465996265
9689,1.13497543335
9690,1.20506083965
9691,1.13288021088
9692,1.18084931374
9693,1.24685704708
9694,1.09140110016
9695,1.07428467274
9696,1.2301710844
9697,1.15716397762
9698,1.21857118607
9699,1.17618870735
9700,1.1728426218
9701,1.08372879028
9702,1.18277561665
9703,1.17494738102
9704,1.05556225777
9705,1.06265854836
9706,1.0371338129
9707,1.14329040051
9708,1.13334059715
9709,1.14810371399
9710,1.11896324158
9711,1.08857655525
9712,1.25365972519
9713,1.11661207676
9714,1.1030369997
9715,1.07596492767
9716,1.19581007957
9717,1.11901974678
9718,1.11774599552
9719,1.08066380024
9720,1.09074544907
9721,1.09609830379
9722,1.16296970844
9723,1.08359217644
9724,1.15995526314
9725,1.12265646458
9726,1.09370982647
9727,1.17885708809
9728,1.07100450993
9729,1.21901869774
9730,1.26326239109
9731,1.10532033443
9732,1.19193184376
9733,1.11315572262
9734,1.08906877041
9735,1.11267280579
9736,1.1292706728
9737,1.13539767265
9738,1.08290565014
9739,1.07900524139
9740,1.15607213974
9741,1.11094665527
9742,1.08395838737
9743,1.08105528355
9744,1.13544309139
9745,1.1626418829
9746,1.13033401966
9747,1.2099802494
9748,1.13593220711
9749,1.14329075813
9750,1.14610588551
9751,1.13468873501
9752,1.0563737154
9753,1.1204277277
9754,1.05212175846
9755,1.11790823936
9756,1.05410850048
9757,1.1670384407
9758,1.25227272511
9759,1.09362208843
9760,1.03636205196
9761,1.08653628826
9762,1.13310575485
9763,1.10665941238
9764,1.04253339767
9765,1.1211233139
9766,1.14436113834
9767,1.03099668026
9768,1.14684975147
9769,1.19916450977
9770,1.05583620071
9771,1.10371422768
9772,1.15476369858
9773,1.15537202358
9774,1.14643025398
9775,1.22965168953
9776,1.09023976326
9777,1.08486568928
9778,1.15247023106
9779,1.04668772221
9780,1.00850176811
9781,1.09618210793
9782,1.05281305313
9783,1.17279362679
9784,1.14670050144
9785,1.23513567448
9786,1.13659620285
9787,1.15731060505
9788,1.14794957638
9789,1.21438121796
9790,1.20587205887
9791,1.12558495998
9792,1.16347718239
9793,1.15748095512
9794,1.15349364281
9795,1.13430535793
9796,1.05391514301
9797,1.09490907192
9798,1.16232895851
9799,1.15100073814
9800,1.0609152317
9801,1.1619976759
9802,1.1642332077
9803,1.05760228634
9804,1.06714701653
9805,1.13251507282
9806,1.12367630005
9807,1.0648753643
9808,1.14323377609
9809,1.13126170635
9810,1.11638736725
9811,1.20673882961
9812,1.16330981255
9813,1.1397908926
9814,1.11542284489
9815,1.07759010792
9816,1.16656088829
9817,1.107421875
9818,1.24417257309
9819,1.37404108047
9820,1.12670588493
9821,1.13897633553
9822,1.21719348431
9823,1.07526504993
9824,1.15026676655
9825,1.0752774477
9826,1.14600884914
9827,1.07748043537
9828,1.11379981041
9829,1.10533702374
9830,1.08198308945
9831,1.12548458576
9832,1.10492706299
9833,1.14967918396
9834,1.03983068466
9835,1.19734156132
9836,1.03675496578
9837,1.21333050728
9838,1.1492420435
9839,1.18683516979
9840,1.06710875034
9841,1.12924909592
9842,1.07258987427
9843,1.10856950283
9844,1.1919273138
9845,1.19912981987
9846,1.16629040241
9847,1.10975599289
9848,1.1902987957
9849,1.16879785061
9850,1.1814095974
9851,1.17460536957
9852,1.14322149754
9853,1.19097006321
9854,1.10409939289
9855,1.12789821625
9856,1.10243451595
9857,1.09981489182
9858,1.13288605213
9859,1.14084625244
9860,1.18764519691
9861,1.20699238777
9862,1.0996286869
9863,1.07011914253
9864,1.25145757198
9865,1.17298734188
9866,1.215315938
9867,1.07491254807
9868,1.12190711498
9869,1.08095884323
9870,1.05828881264
9871,1.23460543156
9872,1.07458162308
9873,1.09471988678
9874,1.07216560841
9875,1.07517361641
9876,1.13208532333
9877,1.07913291454
9878,1.12276601791
9879,1.19512832165
9880,1.09261441231
9881,1.21247506142
9882,0.955739676952
9883,1.10675942898
9884,1.10607290268
9885,1.13669848442
9886,1.02859318256
9887,1.11984217167
9888,1.13587141037
9889,1.25677871704
9890,1.08619654179
9891,1.08701789379
9892,1.08803462982
9893,1.07585799694
9894,1.11001777649
9895,1.19160485268
9896,1.09777462482
9897,1.09112787247
9898,1.15384602547
9899,1.07019841671
9900,1.11584055424
9901,1.08591103554
9902,1.08171510696
9903,1.23093247414
9904,1.08180129528
9905,1.13288402557
9906,1.12680029869
9907,1.27171576023
9908,1.10849571228
9909,1.12579238415
9910,1.20198667049
9911,1.05597829819
9912,1.07325005531
9913,1.04700398445
9914,1.15759694576
9915,1.08590352535
9916,1.17077279091
9917,1.13221251965
9918,1.15488505363
9919,1.08009135723
9920,1.08314156532
9921,1.07352244854
9922,1.1813621521
9923,1.121052742
9924,1.12953174114
9925,1.13447463512
9926,1.09892213345
9927,1.14236104488
9928,1.10126447678
9929,1.13247716427
9930,1.01601445675
9931,1.14847576618
9932,1.10864794254
9933,1.15927755833
9934,1.19686090946
9935,1.04918205738
9936,1.06491613388
9937,1.11116445065
9938,1.10846483707
9939,1.02098274231
9940,1.06399726868
9941,1.07788789272
9942,1.084405303
9943,1.11083114147
9944,1.10219788551
9945,1.19654130936
9946,1.3173879385
9947,1.11075675488
9948,1.11335456371
9949,1.09157454967
9950,1.22994613647
9951,1.07221293449
9952,1.17123842239
9953,1.11439025402
9954,1.17928087711
9955,1.1459389925
9956,1.13732540607
9957,1.22681593895
9958,1.22403645515
9959,1.11187553406
9960,1.07944667339
9961,1.13039922714
9962,1.14916932583
9963,1.10758876801
9964,1.16770243645
9965,1.09603583813
9966,1.22310650349
9967,1.1315612793
9968,1.17158412933
9969,1.1492857933
9970,1.12871670723
9971,1.2235045433
9972,1.10889732838
9973,1.11792373657
9974,1.10819578171
9975,1.07749819756
9976,1.13508963585
9977,1.10802125931
9978,1.07643508911
9979,1.10175466537
9980,1.17338263988
9981,1.07665026188
9982,1.06033837795
9983,1.1056021452
9984,1.2388573885
9985,1.12079250813
9986,1.08651995659
9987,1.12782049179
9988,1.08146309853
9989,1.19225883484
9990,1.17098677158
9991,1.23478353024
9992,1.06182694435
9993,1.00400388241
9994,1.0995746851
9995,1.12132370472
9996,1.14106297493
9997,1.1768682003
9998,1.16929757595
9999,1.16595327854
10000,1.06386303902
10001,1.18495047092
10002,1.1458876133
10003,1.13753473759
10004,1.23782205582
10005,1.12984788418
10006,1.1150996685
10007,1.12891221046
10008,1.06860411167
10009,1.1611739397
10010,1.06841385365
10011,1.14611911774
10012,1.10972690582
10013,1.10353636742
10014,1.13116014004
10015,1.11445569992
10016,1.11537134647
10017,1.12881469727
10018,1.13985741138
10019,1.26896131039
10020,1.06795752048
10021,1.13127243519
10022,1.20107233524
10023,1.11958777905
10024,1.07524061203
10025,1.07167112827
10026,1.07396817207
10027,1.11302530766
10028,1.13162863255
10029,1.09358263016
10030,1.11987233162
10031,1.11541473866
10032,1.15343606472
10033,1.14406049252
10034,1.1099063158
10035,1.12937927246
10036,1.01341581345
10037,1.16935813427
10038,1.2078037262
10039,1.15457868576
10040,1.02761089802
10041,1.19402480125
10042,1.20754277706
10043,1.11219394207
10044,1.18534910679
10045,1.17356467247
10046,1.12252736092
10047,1.00511240959
10048,1.11610770226
10049,1.17661750317
10050,1.13095319271
10051,1.13457787037
10052,1.14548933506
10053,1.07419312
10054,1.17479455471
10055,1.05575287342
10056,1.17668330669
10057,1.16742229462
10058,1.15701472759
10059,1.09934186935
10060,1.09221458435
10061,1.18737185001
10062,1.18360865116
10063,1.05658233166
10064,1.07380437851
10065,1.1021541357
10066,1.13347434998
10067,1.16516804695
10068,1.05790400505
10069,0.952585816383
10070,1.08070373535
10071,1.03167283535
10072,1.01262938976
10073,1.06616616249
10074,1.05198323727
10075,1.11913061142
10076,1.17832279205
10077,1.28162574768
10078,1.29456710815
10079,1.1815611124
10080,1.1820833683
10081,1.17169415951
10082,1.11990809441
10083,1.16412425041
10084,1.20252966881
10085,1.15375137329
10086,1.14114630222
10087,1.14220881462
10088,1.14380300045
10089,1.13798737526
10090,1.12912142277
10091,1.14207029343
10092,1.06866383553
10093,1.17910277843
10094,1.11633527279
10095,1.16950011253
10096,1.10273146629
10097,1.05039656162
10098,1.10976421833
10099,1.05052947998
10100,1.07994794846
10101,1.07864558697
10102,1.1592233181
10103,1.15511572361
10104,1.12467432022
10105,1.09179747105
10106,1.09446835518
10107,1.12514805794
10108,1.1834641695
10109,1.12916398048
10110,1.10960280895
10111,1.07032072544
10112,1.06850123405
10113,1.12284612656
10114,1.09741711617
10115,1.12560606003
10116,1.08796358109
10117,1.08104360104
10118,1.18982899189
10119,1.08724915981
10120,1.2352887392
10121,1.09299898148
10122,1.1667304039
10123,1.0737426281
10124,1.17670297623
10125,1.14478254318
10126,1.07959449291
10127,1.07299554348
10128,1.14340722561
10129,1.14716947079
10130,1.13063287735
10131,1.01455688477
10132,1.05114650726
10133,1.13861465454
10134,1.12635624409
10135,1.1384139061
10136,1.18491148949
10137,1.08788454533
10138,1.05486285686
10139,1.14769804478
10140,1.14334022999
10141,1.09754383564
10142,1.09114551544
10143,1.06576383114
10144,1.15065896511
10145,1.05463266373
10146,1.07178997993
10147,1.10549366474
10148,1.11887288094
10149,1.0450398922
10150,1.1121121645
10151,1.14889335632
10152,1.10810697079
10153,1.06217992306
10154,1.10267353058
10155,1.03120398521
10156,1.2958548069
10157,1.09562122822
10158,1.15349829197
10159,1.12372636795
10160,1.03376400471
10161,1.00993084908
10162,1.08988809586
10163,1.12986826897
10164,1.25341594219
10165,1.06375861168
10166,1.07153356075
10167,1.17040109634
10168,1.20637524128
10169,1.16613924503
10170,1.08445465565
10171,1.12701714039
10172,1.1018910408
10173,1.11533546448
10174,1.0998108387
10175,1.09820568562
10176,1.09601020813
10177,1.16444170475
10178,1.22174465656
10179,1.13442599773
10180,1.10050594807
10181,1.17776286602
10182,1.12028193474
10183,1.13420820236
10184,1.14555823803
10185,1.07358622551
10186,1.04335308075
10187,1.10630774498
10188,1.10897374153
10189,1.16539573669
10190,1.22058653831
10191,1.19335770607
10192,1.14684343338
10193,1.06681680679
10194,1.12527835369
10195,1.13760101795
10196,1.1759313345
10197,1.11466491222
10198,1.08987534046
10199,1.13001298904
10200,1.31313562393
10201,1.24000680447
10202,1.11323487759
10203,1.12149548531
10204,1.10317766666
10205,1.09310817719
10206,1.2310334444
10207,1.18457663059
10208,1.1464830637
10209,1.1019487381
10210,1.01590704918
10211,1.16143620014
10212,1.19257164001
10213,1.20995402336
10214,1.16484475136
10215,1.09444522858
10216,1.09195613861
10217,1.11252474785
10218,1.15465378761
10219,1.16946458817
10220,1.05679512024
10221,1.15805268288
10222,1.02157926559
10223,1.22952914238
10224,1.09600138664
10225,1.11244571209
10226,1.15106809139
10227,1.05669915676
10228,1.21416521072
10229,1.09256291389
10230,1.0731883049
10231,1.23358941078
10232,1.10875785351
10233,1.06197679043
10234,1.16223752499
10235,1.26285886765
10236,1.17536401749
10237,1.0834877491
10238,1.11747503281
10239,1.14604902267
10240,1.26709377766
10241,1.18298113346
10242,1.15106487274
10243,1.07788836956
10244,1.16161811352
10245,1.1244134903
10246,1.06854522228
10247,1.1160132885
10248,1.0601965189
10249,1.02409160137
10250,1.10352551937
10251,1.13172507286
10252,1.15322518349
10253,1.15841937065
10254,0.989205241203
10255,1.17455792427
10256,1.1620606184
10257,1.07871592045
10258,1.06809747219
10259,1.11074149609
10260,1.13000154495
10261,1.23002290726
10262,1.14948642254
10263,1.10207772255
10264,1.12777781487
10265,1.143481493
10266,1.08908557892
10267,1.18222439289
10268,1.11918759346
10269,1.13618242741
10270,1.25047111511
10271,1.14299726486
10272,1.04282259941
10273,1.09572517872
10274,1.07131242752
10275,1.04782152176
10276,1.09469556808
10277,1.21023273468
10278,1.1672025919
10279,1.09196639061
10280,1.08900010586
10281,1.11072659492
10282,1.15752649307
10283,1.11891233921
10284,1.23239159584
10285,1.11440837383
10286,1.09211969376
10287,1.11766159534
10288,1.16044080257
10289,1.10891795158
10290,1.11070203781
10291,1.19867670536
10292,1.09434020519
10293,1.10972237587
10294,1.0175549984
10295,1.08912074566
10296,1.08980333805
10297,1.16720151901
10298,1.04629230499
10299,1.05031979084
10300,1.11876380444
10301,1.09519684315
10302,1.1271481514
10303,1.05168068409
10304,1.13283228874
10305,1.17932832241
10306,1.04192340374
10307,1.03901731968
10308,1.07444500923
10309,1.14062964916
10310,1.15696704388
10311,1.25331628323
10312,1.21119022369
10313,1.14214658737
10314,1.18785250187
10315,1.09955346584
10316,1.17037796974
10317,1.06869626045
10318,1.12725579739
10319,1.16940116882
10320,1.18735063076
10321,1.09981143475
10322,1.15676510334
10323,1.13323712349
10324,1.14525234699
10325,1.06342542171
10326,1.04723501205
10327,1.09581828117
10328,1.1035438776
10329,1.10601353645
10330,1.18250644207
10331,1.26971685886
10332,1.1871035099
10333,1.14762854576
10334,1.18548679352
10335,1.08949744701
10336,1.09881806374
10337,1.12259924412
10338,1.09865343571
10339,1.13960313797
10340,1.04861402512
10341,1.0354834795
10342,1.12000417709
10343,1.2184060812
10344,1.13275790215
10345,1.24273920059
10346,1.13062560558
10347,1.10745370388
10348,1.10562574863
10349,1.23987567425
10350,1.16599178314
10351,1.05834674835
10352,1.05298471451
10353,1.16380810738
10354,1.25381159782
10355,1.14986944199
10356,1.18184733391
10357,1.20920360088
10358,1.17625057697
10359,1.16671228409
10360,1.06683456898
10361,1.23158705235
10362,1.1699795723
10363,1.16375792027
10364,1.11333370209
10365,1.18761539459
10366,1.12901759148
10367,1.1423137188
10368,1.2957804203
10369,1.1532138586
10370,1.18191432953
10371,1.06692576408
10372,1.14788901806
10373,1.19292545319
10374,1.13956403732
10375,1.09470939636
10376,1.23937189579
10377,1.12650346756
10378,1.06090426445
10379,1.1552990675
10380,1.12158322334
10381,1.14493954182
10382,1.17796623707
10383,1.14959084988
10384,1.08081948757
10385,1.05912899971
10386,1.15480828285
10387,1.07670819759
10388,1.11042177677
10389,1.1062848568
10390,1.11643016338
10391,1.12656247616
10392,1.008456707
10393,1.09942042828
10394,1.1115885973
10395,1.05912792683
10396,1.0914400816
10397,1.1771466732
10398,1.09256291389
10399,1.05817675591
10400,1.09846460819
10401,1.13874900341
10402,1.14710283279
10403,1.1304268837
10404,1.07844305038
10405,1.02422273159
10406,1.11212432384
10407,1.13537442684
10408,1.13397777081
10409,1.14734363556
10410,1.1791189909
10411,1.12520062923
10412,1.05175220966
10413,1.06400215626
10414,1.05701589584
10415,1.12950527668
10416,1.20125102997
10417,1.15495336056
10418,1.09440159798
10419,1.16896128654
10420,1.16758155823
10421,1.22575926781
10422,1.13281595707
10423,1.0731112957
10424,1.05801928043
10425,1.10563540459
10426,1.16318953037
10427,1.09550237656
10428,1.24227547646
10429,1.1637595892
10430,1.14294469357
10431,1.06988286972
10432,1.11631059647
10433,1.20110273361
10434,1.21559536457
10435,1.12713003159
10436,1.11193108559
10437,1.13785970211
10438,1.09452414513
10439,1.11507964134
10440,1.10505199432
10441,1.04582512379
10442,1.21977543831
10443,1.07809782028
10444,1.20662462711
10445,1.1583635807
10446,1.07579565048
10447,1.12337315083
10448,1.05898964405
10449,1.15896499157
10450,1.12133908272
10451,1.07784438133
10452,1.10272991657
10453,1.091365695
10454,1.15439903736
10455,1.10316407681
10456,1.06381976604
10457,1.10369086266
10458,1.17098557949
10459,1.19442427158
10460,1.15035891533
10461,1.09458303452
10462,1.12484967709
10463,1.08541619778
10464,1.11734831333
10465,1.03247976303
10466,1.1110612154
10467,1.07368457317
10468,1.27457296848
10469,1.14922606945
10470,1.19177210331
10471,1.07134521008
10472,1.11597335339
10473,1.19645047188
10474,1.22716665268
10475,1.12839496136
10476,1.14997673035
10477,1.10918188095
10478,1.14975976944
10479,1.08542811871
10480,1.08662295341
10481,1.20203340054
10482,1.1446596384
10483,1.18139755726
10484,1.29853141308
10485,1.21147930622
10486,1.12935864925
10487,1.14155638218
10488,1.0875749588
10489,1.12814891338
10490,1.13851511478
10491,1.25263500214
10492,1.13698303699
10493,1.15568423271
10494,1.11170041561
10495,1.11682593822
10496,1.17988944054
10497,1.20085084438
10498,1.27944982052
10499,1.16752040386
10500,1.11026966572
10501,1.14389336109
10502,1.0795955658
10503,1.21890068054
10504,1.14069747925
10505,1.11323451996
10506,1.12100756168
10507,1.1773775816
10508,1.19708490372
10509,1.15142011642
10510,1.1145465374
10511,1.19687497616
10512,1.12922918797
10513,1.14492166042
10514,1.15223908424
10515,1.03014993668
10516,1.05461204052
10517,1.14888715744
10518,1.10515081882
10519,1.14284455776
10520,1.1235781908
10521,1.11760890484
10522,1.19006919861
10523,1.12938857079
10524,1.19242274761
10525,1.14852702618
10526,1.13502275944
10527,1.13883054256
10528,1.09853625298
10529,1.069185853
10530,1.11027705669
10531,1.14371621609
10532,1.09192049503
10533,1.21863353252
10534,1.12807476521
10535,1.24469816685
10536,1.20748996735
10537,1.08993530273
10538,1.17435383797
10539,1.10917747021
10540,1.08781075478
10541,1.11034548283
10542,1.2005289793
10543,1.10003852844
10544,1.07606744766
10545,1.09422850609
10546,1.12642502785
10547,1.22600877285
10548,1.1306322813
10549,1.06944298744
10550,1.08819413185
10551,1.0829731226
10552,1.13536465168
10553,1.17365705967
10554,1.16582620144
10555,1.14090847969
10556,1.11594355106
10557,1.12719380856
10558,1.13900780678
10559,1.10274350643
10560,1.07925510406
10561,1.15966641903
10562,1.09683120251
10563,1.13904130459
10564,1.10434234142
10565,1.12919867039
10566,1.20244133472
10567,1.01450276375
10568,1.15065944195
10569,1.08801174164
10570,1.13014352322
10571,1.04157686234
10572,1.07393205166
10573,1.06384336948
10574,1.16662049294
10575,1.25180494785
10576,1.21872627735
10577,1.02509784698
10578,1.11007535458
10579,1.13590347767
10580,1.08514940739
10581,1.18458724022
10582,1.16929352283
10583,1.10325396061
10584,1.20721387863
10585,1.19017231464
10586,1.16783583164
10587,1.08946764469
10588,1.14769291878
10589,1.15216517448
10590,1.19866371155
10591,1.21316599846
10592,1.05164062977
10593,1.10080850124
10594,1.12069356441
10595,1.102201581
10596,1.1250576973
10597,1.14743494987
10598,1.07839071751
10599,1.09428071976
10600,1.14871716499
10601,1.14222502708
10602,1.24601387978
10603,1.14222240448
10604,1.12222802639
10605,1.02771520615
10606,1.06517219543
10607,1.12279129028
10608,1.07641482353
10609,1.16272485256
10610,1.01451385021
10611,1.16427946091
10612,1.02987515926
10613,1.08287417889
10614,1.09026908875
10615,1.05793631077
10616,1.17280340195
10617,1.06607604027
10618,1.20711958408
10619,1.14904749393
10620,1.12212121487
10621,1.22292041779
10622,1.14874863625
10623,1.17251706123
10624,1.11232638359
10625,1.13205826283
10626,1.17119419575
10627,1.24762141705
10628,1.11894214153
10629,1.07056581974
10630,1.09622550011
10631,1.12609803677
10632,1.07330489159
10633,1.17174232006
10634,1.19527351856
10635,1.07318544388
10636,1.07861065865
10637,1.0053794384
10638,1.06637012959
10639,1.23306643963
10640,1.11273801327
10641,1.03978383541
10642,1.09295868874
10643,0.986597955227
10644,1.08400964737
10645,1.11525774002
10646,1.15324437618
10647,1.07694268227
10648,1.06659650803
10649,1.17159664631
10650,1.17536664009
10651,1.00570416451
10652,1.05862998962
10653,1.10223078728
10654,1.12664282322
10655,1.14207851887
10656,1.13624870777
10657,1.11512720585
10658,1.2309435606
10659,1.05759644508
10660,1.06991457939
10661,1.36844325066
10662,1.20778512955
10663,1.11820757389
10664,1.2029556036
10665,1.16411519051
10666,1.20989346504
10667,1.21948385239
10668,1.09861016273
10669,1.18342387676
10670,1.06011462212
10671,1.1086088419
10672,1.11773216724
10673,1.16527533531
10674,1.17333137989
10675,1.14209496975
10676,0.991373002529
10677,1.11537694931
10678,1.14291870594
10679,1.19006752968
10680,1.0259090662
10681,1.1264475584
10682,1.08742666245
10683,1.15886998177
10684,1.12161540985
10685,1.13830840588
10686,1.18836009502
10687,1.26846551895
10688,1.31438100338
10689,1.10038673878
10690,1.15391862392
10691,1.19025993347
10692,1.0440839529
10693,1.07650351524
10694,1.10185992718
10695,1.08386301994
10696,1.09058511257
10697,1.06861329079
10698,1.19560849667
10699,1.09767818451
10700,1.07999706268
10701,1.19597029686
10702,1.30952274799
10703,1.17348885536
10704,1.13636517525
10705,1.10737133026
10706,1.17352712154
10707,1.11152589321
10708,1.09767603874
10709,1.09382236004
10710,1.17828702927
10711,1.1619656086
10712,1.11278569698
10713,1.07725667953
10714,1.12310063839
10715,1.01845300198
10716,1.0687841177
10717,1.07880628109
10718,1.0531257391
10719,1.06693816185
10720,1.11938214302
10721,1.14522016048
10722,1.14609181881
10723,1.02956938744
10724,1.14174294472
10725,1.11096441746
10726,1.0372736454
10727,1.13607227802
10728,1.02822232246
10729,1.13823676109
10730,1.09064590931
10731,1.19603288174
10732,1.16684484482
10733,1.08651745319
10734,1.17949068546
10735,1.11099267006
10736,1.13609588146
10737,1.06636476517
10738,1.08661568165
10739,1.12391221523
10740,1.13471567631
10741,1.11642861366
10742,1.21402347088
10743,1.20935130119
10744,1.15145289898
10745,1.1359834671
10746,1.0862724781
10747,1.14115273952
10748,1.14233446121
10749,1.10787260532
10750,1.17587292194
10751,1.21634578705
10752,1.15430641174
10753,1.11625683308
10754,1.08545422554
10755,1.13014650345
10756,1.13183486462
10757,1.09099566936
10758,1.23238587379
10759,1.24182379246
10760,1.18405413628
10761,1.06584119797
10762,1.09352314472
10763,1.10592901707
10764,1.23142039776
10765,1.093090415
10766,1.03863120079
10767,1.05647039413
10768,1.08490467072
10769,1.04334580898
10770,1.23124527931
10771,1.27454268932
10772,1.08893060684
10773,1.11478209496
10774,1.14923918247
10775,1.05099904537
10776,1.12112545967
10777,1.17675340176
10778,1.2177079916
10779,1.09292411804
10780,1.1379404068
10781,1.13807570934
10782,1.17404985428
10783,1.18795382977
10784,1.24047482014
10785,1.10954546928
10786,1.07732534409
10787,1.16158032417
10788,1.09376311302
10789,1.07639825344
10790,1.19803416729
10791,1.18892335892
10792,1.06911301613
10793,1.05661225319
10794,1.11244499683
10795,1.11812102795
10796,1.0777349472
10797,1.10074162483
10798,1.1825094223
10799,1.03509521484
10800,1.14711952209
10801,1.16508114338
10802,1.17458605766
10803,1.12590169907
10804,1.14523553848
10805,1.15123796463
10806,1.16109669209
10807,1.12668311596
10808,1.1465857029
10809,1.11031067371
10810,1.0421667099
10811,1.14787244797
10812,1.15439832211
10813,1.18898105621
10814,1.21400523186
10815,1.11371517181
10816,1.12049520016
10817,1.19445264339
10818,1.0635663271
10819,1.21082305908
10820,1.17708516121
10821,1.18063271046
10822,1.16739881039
10823,1.09906458855
10824,1.0885540247
10825,1.2541821003
10826,1.09627211094
10827,1.08450984955
10828,1.14983570576
10829,1.18016421795
10830,1.14331197739
10831,1.10007500648
10832,1.1709523201
10833,1.07012295723
10834,1.177115798
10835,1.14703643322
10836,1.12987589836
10837,1.11899065971
10838,1.11252558231
10839,1.15512490273
10840,1.10817205906
10841,1.20702767372
10842,1.12991380692
10843,1.12401509285
10844,1.11549007893
10845,1.07930183411
10846,1.1707726717
10847,1.27306735516
10848,1.15243399143
10849,1.18744719028
10850,1.18625712395
10851,1.10021483898
10852,1.04510903358
10853,1.16165697575
10854,1.11918103695
10855,1.0777990818
10856,1.15824592113
10857,1.15913546085
10858,1.14883410931
10859,1.09253370762
10860,1.0849865675
10861,1.15885066986
10862,1.11972236633
10863,1.08437943459
10864,1.16696488857
10865,1.13516402245
10866,1.15645778179
10867,1.16482293606
10868,1.24703800678
10869,1.17361617088
10870,1.14340913296
10871,1.08103728294
10872,1.11461722851
10873,1.08671188354
10874,1.13600695133
10875,1.17369735241
10876,1.08960521221
10877,1.08694815636
10878,1.06116771698
10879,1.14137077332
10880,1.10409832001
10881,1.10884559155
10882,1.18615806103
10883,1.15925526619
10884,1.0639333725
10885,1.24794781208
10886,1.13917207718
10887,1.06845021248
10888,1.09390389919
10889,1.15058636665
10890,1.15646708012
10891,1.08517241478
10892,1.16231191158
10893,1.14202213287
10894,1.16638529301
10895,1.12084567547
10896,1.10357105732
10897,1.2438467741
10898,1.28646659851
10899,1.22185301781
10900,1.1454180479
10901,1.14553487301
10902,1.17462360859
10903,1.32134211063
10904,1.19522047043
10905,1.07654428482
10906,1.13346397877
10907,1.07756495476
10908,1.13270914555
10909,1.13360273838
10910,1.225949049
10911,1.06054282188
10912,1.1404800415
10913,1.09042346478
10914,1.11615049839
10915,1.02248811722
10916,1.09830856323
10917,1.163236022
10918,1.20550763607
10919,1.22945773602
10920,1.16087806225
10921,1.2305996418
10922,1.15116977692
10923,1.04891955853
10924,1.13280045986
10925,1.14042079449
10926,1.03091084957
10927,1.06142246723
10928,1.07519340515
10929,1.11979651451
10930,1.14466714859
10931,1.20738852024
10932,1.22639429569
10933,1.1084703207
10934,1.14049518108
10935,1.09465587139
10936,1.23641824722
10937,1.21935331821
10938,1.14850795269
10939,1.11878311634
10940,1.16172814369
10941,1.95244169235
10942,1.1506165266
10943,1.15218091011
10944,1.1298276186
10945,1.14535427094
10946,1.04426002502
10947,1.1051158905
10948,1.1251244545
10949,1.04945123196
10950,1.13809418678
10951,1.25466883183
10952,1.11497747898
10953,1.17076838017
10954,1.12875330448
10955,1.12161147594
10956,1.06294262409
10957,1.09078228474
10958,1.15485596657
10959,1.13289368153
10960,1.18421185017
10961,1.08713424206
10962,1.15114271641
10963,1.10978031158
10964,1.0786229372
10965,1.15163683891
10966,1.10704112053
10967,1.16327166557
10968,1.04369676113
10969,1.11049711704
10970,1.05179083347
10971,1.11989808083
10972,1.11063277721
10973,1.16060435772
10974,1.23260676861
10975,1.06926548481
10976,1.15515339375
10977,1.14784264565
10978,1.17293179035
10979,1.15062105656
10980,1.15875172615
10981,1.17471337318
10982,1.1335413456
10983,1.2049421072
10984,1.18617093563
10985,1.12837219238
10986,1.14177668095
10987,1.14342975616
10988,1.39194738865
10989,1.06920194626
10990,1.13455295563
10991,1.06898653507
10992,1.13013720512
10993,1.1085511446
10994,1.1023042202
10995,1.18443632126
10996,1.08062803745
10997,1.14730882645
10998,1.17697358131
10999,1.1314111948
11000,1.09495413303
11001,1.15320515633
11002,1.19599640369
11003,1.08343994617
11004,1.2124222517
11005,1.12981700897
11006,1.18197536469
11007,1.1383998394
11008,1.07128036022
11009,1.16520822048
11010,1.1756875515
11011,1.15095436573
11012,1.12374198437
11013,1.11342716217
11014,1.11708688736
11015,1.11026334763
11016,1.13053011894
11017,1.0171995163
11018,1.19196951389
11019,1.26836252213
11020,1.26219284534
11021,1.07195520401
11022,1.09495353699
11023,1.17586052418
11024,1.16600251198
11025,1.14469873905
11026,1.07001340389
11027,1.09220147133
11028,1.11300587654
11029,1.12262272835
11030,1.28118622303
11031,1.27314543724
11032,1.15079545975
11033,1.20250749588
11034,1.17222034931
11035,1.21627557278
11036,1.16818630695
11037,1.17688906193
11038,1.08729946613
11039,1.23261725903
11040,1.07920002937
11041,1.15440094471
11042,1.11657977104
11043,1.24681043625
11044,1.13596856594
11045,1.1187376976
11046,1.08119976521
11047,1.0774037838
11048,1.06484246254
11049,1.050309062
11050,1.1806845665
11051,1.06758105755
11052,1.10913288593
11053,1.23679172993
11054,1.1277821064
11055,1.19966411591
11056,1.22316324711
11057,1.1354316473
11058,1.13955521584
11059,1.15298342705
11060,1.13079118729
11061,1.14391446114
11062,1.10190927982
11063,1.11952292919
11064,1.19963085651
11065,1.07534241676
11066,1.1874986887
11067,1.09227049351
11068,1.05097389221
11069,1.11817932129
11070,1.18575739861
11071,1.13528001308
11072,1.03867220879
11073,1.2184882164
11074,1.0811817646
11075,1.13992774487
11076,1.20583617687
11077,1.12584674358
11078,1.13372004032
11079,1.13159930706
11080,1.16441404819
11081,1.09837388992
11082,1.19107651711
11083,1.17365300655
11084,1.12005567551
11085,1.2285143137
11086,1.07429468632
11087,1.08543467522
11088,1.15840256214
11089,1.08413827419
11090,1.0520465374
11091,1.23199474812
11092,1.22297906876
11093,1.15194034576
11094,1.08721601963
11095,1.17480254173
11096,1.07142317295
11097,1.08178424835
11098,1.11524617672
11099,1.1516520977
11100,1.14310669899
11101,1.12830507755
11102,1.1083612442
11103,1.07147979736
11104,1.16107273102
11105,1.17610764503
11106,1.1676940918
11107,1.08859407902
11108,1.13081407547
11109,1.05454790592
11110,1.09871482849
11111,1.07137799263
11112,1.1379455328
11113,1.07593846321
11114,1.13352787495
11115,1.16652941704
11116,1.14780032635
11117,1.13684117794
11118,1.09790420532
11119,1.09844887257
11120,1.1885945797
11121,1.09333884716
11122,1.13396859169
11123,1.19739675522
11124,1.19680011272
11125,1.19717466831
11126,1.15438210964
11127,1.10808241367
11128,1.20286631584
11129,1.15479683876
11130,1.17311453819
11131,1.25671195984
11132,1.11894774437
11133,1.10512650013
11134,1.28033864498
11135,1.13880801201
11136,1.12268304825
11137,1.32839632034
11138,1.20681238174
11139,1.11313068867
11140,1.12679386139
11141,1.11081397533
11142,1.17234992981
11143,1.09298598766
11144,1.09462690353
11145,1.13579750061
11146,1.14829194546
11147,1.11178267002
11148,1.17909038067
11149,1.23282206059
11150,1.15084064007
11151,1.09794712067
11152,1.08419001102
11153,1.01313483715
11154,1.17575335503
11155,1.0412466526
11156,1.02612817287
11157,1.09647929668
11158,1.24272406101
11159,1.11694216728
11160,1.18034934998
11161,1.12074446678
11162,1.11656343937
11163,1.07367968559
11164,1.07122468948
11165,1.0613297224
11166,1.10520243645
11167,1.18682575226
11168,1.09422051907
11169,1.03546202183
11170,1.10146951675
11171,1.11891341209
11172,1.23547542095
11173,1.03590941429
11174,1.14616858959
11175,1.20963788033
11176,1.11966872215
11177,1.20909273624
11178,1.14043974876
11179,1.1990956068
11180,1.08372569084
11181,1.12218403816
11182,1.09139049053
11183,1.14385020733
11184,1.17030966282
11185,1.13015174866
11186,1.21771550179
11187,1.07847166061
11188,1.18587136269
11189,1.16881835461
11190,1.09239244461
11191,1.03329575062
11192,1.13003206253
11193,1.09660732746
11194,1.1272393465
11195,1.17120301723
11196,1.15875661373
11197,1.1837772131
11198,1.08788263798
11199,1.15894627571
11200,1.2272554636
11201,1.120013237
11202,1.15936136246
11203,1.19450354576
11204,1.1881070137
11205,1.07496392727
11206,1.14730644226
11207,1.1029406786
11208,1.13500785828
11209,1.14858305454
11210,1.15341246128
11211,1.16491246223
11212,1.2065012455
11213,1.07582950592
11214,1.14294886589
11215,1.15751421452
11216,1.1322054863
11217,1.11997377872
11218,1.1689658165
11219,1.17144274712
11220,1.12600970268
11221,1.1009863615
11222,1.24947535992
11223,1.09567046165
11224,1.03363990784
11225,1.20050358772
11226,1.11763572693
11227,1.14175724983
11228,1.13678205013
11229,1.13816034794
11230,1.11451160908
11231,1.22378444672
11232,1.0940464735
11233,1.10228741169
11234,1.1713643074
11235,1.14525187016
11236,1.18982803822
11237,1.20594787598
11238,1.11184537411
11239,1.11786139011
11240,1.1380751133
11241,1.09376001358
11242,1.15259337425
11243,1.20517003536
11244,1.2234903574
11245,1.21050548553
11246,1.11303269863
11247,1.17864048481
11248,1.17541539669
11249,1.28810405731
11250,1.18757593632
11251,1.08520913124
11252,1.20122456551
11253,1.17617762089
11254,1.12116408348
11255,1.09496641159
11256,1.14842319489
11257,1.21764039993
11258,1.23559641838
11259,1.2021343708
11260,1.10010135174
11261,1.11749494076
11262,1.1467410326
11263,1.11863613129
11264,1.24030017853
11265,1.18902075291
11266,1.11757206917
11267,1.09131884575
11268,1.16611886024
11269,1.08124804497
11270,1.16034913063
11271,1.22901773453
11272,1.04902148247
11273,1.19111466408
11274,1.12870883942
11275,1.15038144588
11276,1.15162181854
11277,1.0840754509
11278,1.04760074615
11279,1.1750780344
11280,1.15746545792
11281,1.13525104523
11282,1.09388232231
11283,1.12861943245
11284,1.11794698238
11285,1.09591174126
11286,1.14101350307
11287,1.09952199459
11288,1.1255491972
11289,1.15437543392
11290,1.22743499279
11291,1.07684922218
11292,1.12973570824
11293,1.0795173645
11294,1.17055761814
11295,1.18883955479
11296,1.16187489033
11297,1.13605451584
11298,1.2486846447
11299,1.05128347874
11300,1.28343844414
11301,1.23196029663
11302,1.15686321259
11303,1.15039074421
11304,1.20098340511
11305,1.03614974022
11306,1.10077011585
11307,1.13284265995
11308,1.04499912262
11309,1.13337671757
11310,1.04732716084
11311,1.10501801968
11312,1.1047744751
11313,1.12939739227
11314,1.10491263866
11315,1.18229365349
11316,1.16249072552
11317,1.1808283329
11318,1.18557035923
11319,1.18471312523
11320,1.13262856007
11321,1.20168995857
11322,1.13475763798
11323,1.14376199245
11324,1.08392000198
11325,1.13432490826
11326,1.19028604031
11327,1.05201125145
11328,1.23592102528
11329,1.20699310303
11330,1.18694877625
11331,1.1669639349
11332,1.04561078548
11333,1.22421944141
11334,1.01951789856
11335,1.06251084805
11336,1.05153644085
11337,1.05462908745
11338,1.22678911686
11339,1.26263129711
11340,1.20301949978
11341,1.30083107948
11342,1.1476521492
11343,1.12482762337
11344,1.16994845867
11345,1.13845348358
11346,1.15910184383
11347,1.1667457819
11348,1.18636620045
11349,1.14556467533
11350,1.14787566662
11351,1.17679750919
11352,1.171423316
11353,1.09250354767
11354,1.12675797939
11355,1.07527637482
11356,1.03981363773
11357,1.14507722855
11358,1.11168956757
11359,1.14356887341
11360,1.14769399166
11361,1.03530800343
11362,1.03784656525
11363,1.09394824505
11364,1.17581069469
11365,1.16648030281
11366,1.141923666
11367,1.14427661896
11368,1.15164887905
11369,1.1035759449
11370,1.19352948666
11371,1.10925209522
11372,1.119617939
11373,1.17458331585
11374,1.08187329769
11375,1.14956319332
11376,1.11849236488
11377,1.17214655876
11378,1.17941784859
11379,1.08683753014
11380,1.08510255814
11381,1.14613223076
11382,1.10176551342
11383,1.13749086857
11384,1.28624010086
11385,1.21414792538
11386,1.05891978741
11387,1.14303040504
11388,1.14281535149
11389,1.11276078224
11390,1.2172242403
11391,1.1497528553
11392,1.13577961922
11393,1.06965065002
11394,1.11542975903
11395,1.07726883888
11396,1.13280034065
11397,1.11731612682
11398,1.06805038452
11399,1.10637938976
11400,1.08696186543
11401,1.26084220409
11402,1.06637072563
11403,1.10621035099
11404,1.05437755585
11405,1.21401500702
11406,1.07742476463
11407,1.07762467861
11408,1.21159148216
11409,1.12488150597
11410,1.09039199352
11411,1.07957041264
11412,1.08313715458
11413,1.07486581802
11414,1.12787437439
11415,1.11822712421
11416,1.08035624027
11417,1.17209708691
11418,1.18917798996
11419,1.15645325184
11420,1.09509694576
11421,1.10144686699
11422,1.05111670494
11423,1.12908613682
11424,1.05190587044
11425,1.07277488708
11426,1.08114326
11427,1.10705733299
11428,1.13864040375
11429,1.12294661999
11430,1.09871888161
11431,1.0806902647
11432,1.11557531357
11433,1.08903348446
11434,1.2950283289
11435,1.15393567085
11436,1.102678895
11437,1.10059130192
11438,1.10631251335
11439,1.18759894371
11440,1.1077504158
11441,1.1241645813
11442,1.16902279854
11443,1.14805173874
11444,1.21975386143
11445,1.09784841537
11446,1.21736502647
11447,1.09176266193
11448,1.18799078465
11449,1.16511285305
11450,1.24232554436
11451,1.20709383488
11452,1.18751776218
11453,1.1429040432
11454,1.12848436832
11455,1.16868281364
11456,1.28245997429
11457,1.13206100464
11458,1.21288561821
11459,1.11370301247
11460,1.11524319649
11461,1.19719982147
11462,1.29382169247
11463,1.08438134193
11464,1.07770812511
11465,1.18492162228
11466,1.03702270985
11467,1.0963010788
11468,1.19021439552
11469,1.18644094467
11470,1.19618284702
11471,1.05272948742
11472,1.11486721039
11473,1.11292004585
11474,1.15641772747
11475,1.19709980488
11476,1.15307152271
11477,1.10380113125
11478,1.09898126125
11479,1.12427306175
11480,1.1811003685
11481,1.24308264256
11482,1.21356785297
11483,1.16406047344
11484,1.10285317898
11485,1.14292883873
11486,1.21628546715
11487,1.12348496914
11488,1.17868280411
11489,1.21843421459
11490,1.10243344307
11491,1.13087391853
11492,1.20244956017
11493,1.1669536829
11494,1.15546441078
11495,1.13326728344
11496,1.08224952221
11497,1.05577707291
11498,1.15998363495
11499,1.12635588646
11500,1.1172324419
11501,1.11071097851
11502,1.09763371944
11503,1.11375176907
11504,1.12379837036
11505,1.12507843971
11506,1.10254526138
11507,1.19283950329
11508,1.21485328674
11509,1.12306964397
11510,1.08587288857
11511,1.16383481026
11512,1.07823216915
11513,1.1720957756
11514,1.15945136547
11515,1.05997490883
11516,1.12365198135
11517,1.18763422966
11518,1.1211438179
11519,1.21498847008
11520,1.12823903561
11521,1.21571826935
11522,1.16109621525
11523,1.20389699936
11524,1.13197100163
11525,1.00525474548
11526,1.08302819729
11527,1.18313646317
11528,1.23978710175
11529,1.17475116253
11530,1.17317605019
11531,1.14990437031
11532,1.15194964409
11533,1.1223590374
11534,1.17853081226
11535,1.04682552814
11536,1.16959273815
11537,1.15990364552
11538,1.1013674736
11539,1.08395814896
11540,1.14729583263
11541,1.23232471943
11542,1.20233631134
11543,1.12769842148
11544,1.13558888435
11545,1.12418234348
11546,1.13992142677
11547,1.1208409071
11548,1.12280189991
11549,1.14185941219
11550,1.1509540081
11551,1.0325152874
11552,1.1679186821
11553,1.1060321331
11554,1.11773407459
11555,1.21396172047
11556,1.14277112484
11557,1.02501213551
11558,1.17101562023
11559,1.07598114014
11560,1.1930000782
11561,1.09219038486
11562,1.09518897533
11563,1.06709206104
11564,1.16256904602
11565,1.15348112583
11566,1.098559618
11567,1.10549557209
11568,1.11964333057
11569,1.12002182007
11570,1.12919890881
11571,1.08655941486
11572,1.10849797726
11573,1.12418842316
11574,1.09959626198
11575,1.18971943855
11576,1.0803873539
11577,1.12127792835
11578,1.2349126339
11579,1.11694097519
11580,1.21039831638
11581,1.05887925625
11582,1.16016995907
11583,1.14488363266
11584,1.1670140028
11585,1.10001528263
11586,1.1717441082
11587,1.17073631287
11588,1.22479510307
11589,1.12893843651
11590,1.03933930397
11591,1.09471642971
11592,1.1365185976
11593,1.114341259
11594,1.20351314545
11595,1.12041890621
11596,1.09599232674
11597,1.11916923523
11598,1.12155508995
11599,1.0986020565
11600,1.15362286568
11601,1.11216652393
11602,1.13448607922
11603,1.04045927525
11604,1.17613244057
11605,1.12311065197
11606,1.10368418694
11607,1.09352469444
11608,1.12136280537
11609,1.12538540363
11610,1.11705088615
11611,1.17552137375
11612,1.18509089947
11613,1.15788972378
11614,1.08575987816
11615,1.18041086197
11616,1.05749905109
11617,1.16926825047
11618,1.07772612572
11619,1.13827586174
11620,1.1780654192
11621,1.1784517765
11622,1.17170238495
11623,1.15662145615
11624,1.10058665276
11625,1.17836368084
11626,1.10162425041
11627,1.10453593731
11628,1.17056691647
11629,1.10450696945
11630,1.1835463047
11631,1.11970627308
11632,1.08011674881
11633,1.13824856281
11634,1.17696416378
11635,1.04779589176
11636,1.0775963068
11637,1.12549889088
11638,1.05200827122
11639,1.21319937706
11640,1.22650325298
11641,1.172129035
11642,1.1677325964
11643,1.17369508743
11644,1.19743537903
11645,1.09873914719
11646,1.11914145947
11647,1.1114474535
11648,1.12112259865
11649,1.11290073395
11650,1.18016111851
11651,1.18293404579
11652,1.10735213757
11653,1.17673385143
11654,1.08653724194
11655,1.05769002438
11656,1.16211891174
11657,1.104211092
11658,1.18430137634
11659,1.03825092316
11660,1.12036108971
11661,1.17484986782
11662,1.06151854992
11663,1.19417881966
11664,1.10776698589
11665,1.22601521015
11666,1.15421748161
11667,1.18598592281
11668,1.24351906776
11669,1.28780031204
11670,1.12412750721
11671,1.09857463837
11672,1.08559679985
11673,1.12622094154
11674,1.03316569328
11675,1.16105306149
11676,1.06465792656
11677,1.1553914547
11678,1.23208355904
11679,1.05697071552
11680,1.18082356453
11681,1.14201676846
11682,1.12491214275
11683,1.15655982494
11684,1.11620140076
11685,1.1654394865
11686,1.20576238632
11687,1.18920981884
11688,1.15528047085
11689,1.12793171406
11690,1.12829303741
11691,1.10912656784
11692,1.12334394455
11693,1.0253316164
11694,1.17140543461
11695,1.21064996719
11696,1.09448981285
11697,1.15412986279
11698,1.19379854202
11699,1.14607298374
11700,1.18941795826
11701,1.08564484119
11702,1.08051979542
11703,1.22990131378
11704,1.22739636898
11705,1.14975774288
11706,1.19189119339
11707,1.07665133476
11708,1.18047165871
11709,1.18390285969
11710,1.12097096443
11711,1.27485239506
11712,1.23908901215
11713,1.14346432686
11714,1.28895032406
11715,1.2490183115
11716,1.2492544651
11717,1.1918605566
11718,1.11740481853
11719,1.16782927513
11720,1.19654977322
11721,1.20016920567
11722,1.24285054207
11723,1.15396130085
11724,1.09814155102
11725,1.00416409969
11726,1.1839287281
11727,1.10914075375
11728,1.17768895626
11729,1.10723006725
11730,1.15864574909
11731,1.17083179951
11732,1.07765424252
11733,1.09911549091
11734,1.01766598225
11735,1.13409936428
11736,1.18218243122
11737,1.17878067493
11738,1.17306375504
11739,1.17736208439
11740,1.06912279129
11741,1.16525113583
11742,1.2227833271
11743,1.14869868755
11744,1.1092672348
11745,1.2065513134
11746,1.14275419712
11747,1.16214370728
11748,1.13941657543
11749,1.15022647381
11750,1.07114863396
11751,1.14886415005
11752,1.17129278183
11753,1.11698007584
11754,1.06678283215
11755,1.15371501446
11756,1.12338042259
11757,0.983167409897
11758,1.10045385361
11759,1.08872890472
11760,1.09174251556
11761,1.14952838421
11762,1.04841816425
11763,1.15431106091
11764,1.07839894295
11765,1.22274792194
11766,1.17213094234
11767,1.18089258671
11768,1.13228464127
11769,1.18407464027
11770,1.27992379665
11771,1.21781742573
11772,1.24603927135
11773,1.21965718269
11774,1.11219334602
11775,1.12020635605
11776,1.16209280491
11777,1.10695564747
11778,1.22078490257
11779,1.16166841984
11780,1.17785835266
11781,1.0952064991
11782,1.09444737434
11783,1.18601214886
11784,1.20676541328
11785,1.11056518555
11786,1.38915467262
11787,1.18987512589
11788,1.05341112614
11789,1.12674295902
11790,1.13802289963
11791,1.17585253716
11792,1.14812457561
11793,1.16927945614
11794,1.16709315777
11795,1.06958568096
11796,1.10676586628
11797,1.24701607227
11798,1.12859988213
11799,1.12254881859
11800,1.13659453392
11801,1.19160103798
11802,1.19639885426
11803,1.13451325893
11804,1.13624215126
11805,1.17265081406
11806,1.13199722767
11807,1.12741088867
11808,1.16810846329
11809,1.06709492207
11810,1.25291216373
11811,1.12932765484
11812,1.16756427288
11813,1.22066533566
11814,1.16521680355
11815,1.15445411205
11816,1.16669178009
11817,1.13365411758
11818,1.14337825775
11819,1.05864942074
11820,1.22745919228
11821,1.10389125347
11822,1.19270777702
11823,1.25944721699
11824,1.10234951973
11825,1.09676074982
11826,1.12910580635
11827,1.00712990761
11828,1.07824027538
11829,1.10637164116
11830,1.17346310616
11831,1.06558001041
11832,1.14343845844
11833,1.2108631134
11834,1.06163394451
11835,1.10953271389
11836,1.185328722
11837,1.23649024963
11838,1.18885278702
11839,1.1453653574
11840,1.12689375877
11841,1.14975059032
11842,1.19842016697
11843,1.2156431675
11844,1.08678591251
11845,1.12864875793
11846,1.28965675831
11847,1.22199249268
11848,1.16897058487
11849,1.15682458878
11850,1.22549295425
11851,1.22236347198
11852,1.21481060982
11853,1.2427175045
11854,1.10669267178
11855,1.11549961567
11856,1.14671647549
11857,1.1520639658
11858,1.18807995319
11859,1.1510386467
11860,1.17742967606
11861,1.25261855125
11862,1.0973752737
11863,1.10983598232
11864,1.10527396202
11865,1.06876051426
11866,1.11954855919
11867,1.23315644264
11868,1.1698949337
11869,1.11520433426
11870,1.0767313242
11871,1.10151076317
11872,1.22372829914
11873,1.18890666962
11874,1.09735822678
11875,1.0967618227
11876,1.09685587883
11877,1.14111614227
11878,1.1424665451
11879,1.09544181824
11880,1.19815552235
11881,1.07133769989
11882,1.22267472744
11883,1.13250696659
11884,1.08650720119
11885,1.05819988251
11886,1.14699649811
11887,1.17036831379
11888,1.12342047691
11889,1.26958811283
11890,1.31703484058
11891,1.19676733017
11892,1.10727143288
11893,1.18551528454
11894,1.02648675442
11895,1.12398934364
11896,1.10032403469
11897,1.1844367981
11898,1.13267326355
11899,1.08819484711
11900,1.18520927429
11901,1.19360041618
11902,1.1627882719
11903,1.18722403049
11904,1.10904717445
11905,1.17660057545
11906,1.08375418186
11907,1.03677630424
11908,1.21342408657
11909,1.07075071335
11910,1.05926084518
11911,1.20069372654
11912,1.16233956814
11913,1.15458810329
11914,1.15613567829
11915,1.1455835104
11916,1.21436786652
11917,1.17228317261
11918,1.10264790058
11919,1.18002319336
11920,1.19160985947
11921,1.14276278019
11922,1.14688515663
11923,1.22693109512
11924,1.10187995434
11925,1.15559828281
11926,1.06983006001
11927,1.15290606022
11928,1.18050575256
11929,1.12490415573
11930,1.14779889584
11931,1.16860818863
11932,1.07879912853
11933,1.29925906658
11934,1.25169324875
11935,1.07573270798
11936,1.12400090694
11937,1.10114598274
11938,1.10038506985
11939,1.1105363369
11940,1.11565756798
11941,1.13649618626
11942,1.06482291222
11943,1.09233748913
11944,1.17896306515
11945,1.17888438702
11946,1.12788939476
11947,1.09805607796
11948,1.09978866577
11949,1.13386523724
11950,1.09012639523
11951,1.19416260719
11952,1.12243163586
11953,1.07928621769
11954,1.18897986412
11955,1.27656912804
11956,1.14076435566
11957,1.18050229549
11958,1.17331469059
11959,1.08239805698
11960,1.11182141304
11961,1.16378211975
11962,1.13533627987
11963,1.16473186016
11964,1.24529051781
11965,1.07056808472
11966,1.13904523849
11967,1.17566359043
11968,1.23352146149
11969,1.15855455399
11970,1.11564481258
11971,1.04799771309
11972,1.06457436085
11973,1.33087301254
11974,1.23584723473
11975,1.10503447056
11976,1.13821613789
11977,1.10357117653
11978,1.16997480392
11979,1.12119317055
11980,1.08273804188
11981,1.07994019985
11982,1.18480849266
11983,1.25298750401
11984,1.15327751637
11985,1.09690177441
11986,1.18757236004
11987,1.15053522587
11988,1.12340593338
11989,1.17425215244
11990,1.18305027485
11991,1.10858500004
11992,1.16709244251
11993,1.02648222446
11994,1.16921925545
11995,1.09197771549
11996,1.19106733799
11997,1.13525176048
11998,1.14642035961
11999,1.20875835419
12000,1.19447636604
12001,1.08164989948
12002,1.20864379406
12003,1.25315880775
12004,1.18096029758
12005,1.18951618671
12006,1.18434083462
12007,1.23745000362
12008,1.17902171612
12009,1.17047095299
12010,1.10107350349
12011,1.21137368679
12012,1.09677827358
12013,1.07662940025
12014,1.18795466423
12015,1.18604624271
12016,1.19536602497
12017,1.12805485725
12018,1.12481117249
12019,1.11645388603
12020,1.12537276745
12021,1.17075324059
12022,1.07356989384
12023,1.21238577366
12024,1.12492287159
12025,1.16239011288
12026,1.20042908192
12027,1.20032167435
12028,1.08942806721
12029,1.18831264973
12030,1.12405097485
12031,1.15783429146
12032,1.14721345901
12033,1.15730881691
12034,1.24317264557
12035,1.04060721397
12036,1.18084025383
12037,1.19360303879
12038,1.21298825741
12039,1.25107121468
12040,1.19548523426
12041,1.12222623825
12042,1.17985761166
12043,1.19374907017
12044,1.09058201313
12045,1.12930870056
12046,1.20756721497
12047,1.11415660381
12048,1.08869171143
12049,1.18058359623
12050,1.11617326736
12051,1.15565180779
12052,1.16700959206
12053,1.16688859463
12054,1.17775392532
12055,1.17973303795
12056,1.18496847153
12057,1.12901937962
12058,1.15741193295
12059,1.18122255802
12060,1.19709980488
12061,1.17257273197
12062,1.18732595444
12063,1.13498961926
12064,1.12282526493
12065,1.18086385727
12066,1.14890301228
12067,1.24906599522
12068,1.12384748459
12069,1.20831847191
12070,1.03218734264
12071,1.11932075024
12072,1.18823480606
12073,1.07926380634
12074,1.18544960022
12075,1.22915554047
12076,1.08946061134
12077,1.12818574905
12078,1.08151590824
12079,1.19760680199
12080,1.12259614468
12081,1.10499644279
12082,1.14994013309
12083,1.06266582012
12084,1.24836325645
12085,1.09891140461
12086,1.23638284206
12087,1.16685783863
12088,1.25220811367
12089,1.14761030674
12090,1.06182551384
12091,1.15890049934
12092,1.19712197781
12093,1.18588483334
12094,1.18686485291
12095,1.07803952694
12096,1.12625801563
12097,1.14166760445
12098,1.15853762627
12099,1.16335964203
12100,1.12282550335
12101,1.18462586403
12102,1.12016272545
12103,1.09788525105
12104,1.12626206875
12105,1.19766080379
12106,1.16878151894
12107,1.07230508327
12108,1.02197885513
12109,1.09416687489
12110,1.22027862072
12111,1.15464580059
12112,1.17585611343
12113,1.21872222424
12114,1.0678614378
12115,1.23744833469
12116,1.09184718132
12117,1.05720949173
12118,1.10729694366
12119,1.25190424919
12120,1.16861331463
12121,1.21320307255
12122,1.1223282814
12123,1.10894477367
12124,1.22199487686
12125,1.15254747868
12126,1.15458202362
12127,1.086358428
12128,1.05863213539
12129,1.03967344761
12130,1.09040105343
12131,1.21142840385
12132,1.14437115192
12133,1.16729569435
12134,1.16115045547
12135,1.09349298477
12136,1.16565513611
12137,1.2268269062
12138,1.0697838068
12139,1.1413782835
12140,1.06869423389
12141,1.19693481922
12142,1.17189633846
12143,1.15577244759
12144,1.148001194
12145,1.12555527687
12146,1.09472239017
12147,1.13783335686
12148,1.22303581238
12149,1.21817958355
12150,1.18127739429
12151,1.14549744129
12152,1.10137939453
12153,1.15360414982
12154,1.12187635899
12155,1.1252938509
12156,1.13669681549
12157,1.05486428738
12158,1.09162473679
12159,1.15072798729
12160,1.16206622124
12161,1.12589240074
12162,1.16160166264
12163,1.13908922672
12164,1.16586863995
12165,1.11361336708
12166,1.10898554325
12167,1.04751420021
12168,1.21742665768
12169,1.12898898125
12170,1.18876564503
12171,1.15060067177
12172,1.15615212917
12173,1.24462604523
12174,1.17395842075
12175,1.18537771702
12176,1.18948173523
12177,1.0469853878
12178,1.10342943668
12179,1.16039454937
12180,1.17222201824
12181,1.25317001343
12182,1.09657979012
12183,1.1353456974
12184,1.29505300522
12185,1.05008780956
12186,1.1601293087
12187,1.13239550591
12188,1.18664586544
12189,1.14484024048
12190,1.13702344894
12191,1.20644426346
12192,1.08425438404
12193,1.19254004955
12194,1.14871954918
12195,1.16850483418
12196,1.10696125031
12197,1.10467588902
12198,1.16614842415
12199,1.19422471523
12200,1.15415370464
12201,1.14184725285
12202,1.1083920002
12203,1.11819124222
12204,1.16090810299
12205,1.20913100243
12206,1.15869009495
12207,1.18757510185
12208,1.17487168312
12209,1.07901501656
12210,1.16792750359
12211,1.17581439018
12212,1.07749688625
12213,1.09133923054
12214,1.09919214249
12215,1.19796836376
12216,1.16184163094
12217,1.20394444466
12218,1.21718680859
12219,1.09690451622
12220,1.08619308472
12221,1.1237641573
12222,1.12833929062
12223,1.16932570934
12224,1.08666706085
12225,1.09215271473
12226,1.06295096874
12227,1.06448853016
12228,1.18174469471
12229,1.24625694752
12230,1.2462515831
12231,1.22080385685
12232,1.10636103153
12233,1.16919863224
12234,1.12921774387
12235,1.15517294407
12236,1.23633086681
12237,1.23699128628
12238,1.16101920605
12239,1.15428864956
12240,1.11717760563
12241,1.14656615257
12242,1.13968253136
12243,1.13415122032
12244,1.14099681377
12245,1.20215308666
12246,1.21296536922
12247,1.20083749294
12248,1.1704018116
12249,1.09096205235
12250,1.1852824688
12251,1.18168735504
12252,1.13086032867
12253,1.19495904446
12254,1.11160004139
12255,1.11013615131
12256,1.22819590569
12257,1.08445954323
12258,1.01851201057
12259,1.17546677589
12260,1.19592106342
12261,1.15864157677
12262,1.2054643631
12263,1.20804417133
12264,1.06855928898
12265,1.10372209549
12266,1.22417104244
12267,1.29088842869
12268,1.19963729382
12269,1.23206484318
12270,1.21373796463
12271,1.15659248829
12272,1.08289551735
12273,1.08958280087
12274,1.21067082882
12275,1.14649474621
12276,1.10314929485
12277,1.22353422642
12278,1.1552079916
12279,1.22807562351
12280,1.18476235867
12281,1.11429977417
12282,1.17171478271
12283,1.10849285126
12284,1.17016613483
12285,1.08192658424
12286,1.11200523376
12287,1.15258693695
12288,1.08056604862
12289,1.14384388924
12290,1.18837189674
12291,1.0399261713
12292,1.19027066231
12293,1.20480883121
12294,1.06876826286
12295,1.15694534779
12296,1.01985132694
12297,1.22259938717
12298,1.13662648201
12299,0.986541152
12300,1.10293114185
12301,1.10186290741
12302,1.13862383366
12303,1.1007835865
12304,1.18210864067
12305,1.13302719593
12306,1.15038859844
12307,1.13770473003
12308,1.19438564777
12309,1.19651222229
12310,1.08742344379
12311,1.10172343254
12312,1.09710431099
12313,1.19065093994
12314,1.19697773457
12315,1.20393919945
12316,1.1484388113
12317,1.13942575455
12318,1.16680502892
12319,1.06023001671
12320,1.17142546177
12321,1.19751298428
12322,1.12064623833
12323,1.14384877682
12324,1.1638520956
12325,1.13934159279
12326,1.17748439312
12327,1.13012897968
12328,1.10683953762
12329,1.12141644955
12330,1.09753143787
12331,1.21331620216
12332,1.13551568985
12333,1.16094887257
12334,1.13477742672
12335,1.1280798912
12336,1.13923430443
12337,1.20859444141
12338,1.17741239071
12339,1.17093098164
12340,1.12183713913
12341,1.23248672485
12342,1.22361552715
12343,1.19486296177
12344,1.17198038101
12345,1.16355133057
12346,1.16363656521
12347,1.26278209686
12348,1.14041495323
12349,1.26800215244
12350,1.21879029274
12351,1.11006188393
12352,1.17036056519
12353,1.0889647007
12354,1.13828229904
12355,1.14338362217
12356,1.1892002821
12357,1.08804798126
12358,1.10126829147
12359,1.16499900818
12360,1.12214457989
12361,1.05144226551
12362,1.1451086998
12363,1.13954758644
12364,1.16581213474
12365,1.21380198002
12366,1.12652158737
12367,1.1186311245
12368,1.16492271423
12369,1.21276056767
12370,1.18621981144
12371,1.12278163433
12372,1.08839201927
12373,1.15712141991
12374,1.12933421135
12375,1.12967514992
12376,1.15473043919
12377,1.16894006729
12378,1.18178296089
12379,1.19589948654
12380,1.04664254189
12381,1.1708304882
12382,1.20887029171
12383,1.25552093983
12384,1.15787923336
12385,1.10174322128
12386,1.14996182919
12387,1.14480221272
12388,1.10499989986
12389,1.15109777451
12390,1.21223759651
12391,1.19309580326
12392,1.35858416557
12393,1.14038193226
12394,1.19265305996
12395,1.14673936367
12396,1.10372829437
12397,1.24068927765
12398,1.18576991558
12399,1.24735891819
12400,1.15510189533
12401,1.13778448105
12402,1.15348172188
12403,1.1725127697
12404,1.12662088871
12405,1.16587126255
12406,1.11163341999
12407,1.08452892303
12408,1.16310286522
12409,1.11795032024
12410,1.22896194458
12411,1.09885418415
12412,1.17423498631
12413,1.13437068462
12414,1.10409784317
12415,1.13897848129
12416,1.18116748333
12417,1.13846862316
12418,1.15862584114
12419,1.17338657379
12420,1.12668120861
12421,1.11842346191
12422,1.23656570911
12423,1.26040291786
12424,1.08321940899
12425,1.11694383621
12426,1.14876759052
12427,1.05847787857
12428,1.13515603542
12429,1.07952272892
12430,1.19188892841
12431,1.17393863201
12432,1.27247607708
12433,1.14903223515
12434,1.1723742485
12435,1.18058335781
12436,1.14655065536
12437,1.10093641281
12438,1.14162874222
12439,1.15982055664
12440,1.13787078857
12441,1.16606330872
12442,1.20049405098
12443,1.14302480221
12444,1.11942827702
12445,1.0703997612
12446,1.11671757698
12447,1.13262951374
12448,1.06506752968
12449,1.26318979263
12450,1.17267906666
12451,1.1020963192
12452,1.0969543457
12453,1.19648873806
12454,1.14938628674
12455,1.22961843014
12456,1.21051585674
12457,1.19830918312
12458,1.08135223389
12459,1.10848248005
12460,1.19937503338
12461,1.18537402153
12462,1.15969979763
12463,1.16715323925
12464,1.20506441593
12465,1.18559277058
12466,1.17449510098
12467,1.07881140709
12468,1.28922653198
12469,1.07616448402
12470,1.04576766491
12471,1.14160239697
12472,1.18798995018
12473,1.06043028831
12474,1.1546381712
12475,1.25760495663
12476,1.08765733242
12477,1.14227628708
12478,1.20113313198
12479,1.13262605667
12480,1.18455946445
12481,1.11822891235
12482,1.08232784271
12483,1.13335049152
12484,1.18807053566
12485,1.22153377533
12486,1.12276315689
12487,1.149746418
12488,1.12485718727
12489,1.13202869892
12490,1.08222985268
12491,1.11052572727
12492,1.09922683239
12493,1.16184520721
12494,1.17504811287
12495,1.12405860424
12496,1.13720405102
12497,1.12813222408
12498,1.11620855331
12499,1.14239478111
12500,1.17130434513
12501,1.16953885555
12502,1.14598810673
12503,1.11421191692
12504,2.2083067894
12505,1.23784959316
12506,1.24316489697
12507,1.16971719265
12508,1.14318609238
12509,1.24664986134
12510,1.18595373631
12511,1.21296572685
12512,1.09353983402
12513,1.16487753391
12514,1.09789514542
12515,1.11066508293
12516,1.10621237755
12517,1.15384542942
12518,1.17633962631
12519,1.08341932297
12520,1.07531416416
12521,1.14328491688
12522,1.10089862347
12523,1.1427590847
12524,1.06752109528
12525,1.19122302532
12526,1.04669594765
12527,1.26072657108
12528,1.19719588757
12529,1.12125432491
12530,1.12053155899
12531,1.14531052113
12532,1.13583707809
12533,1.23400366306
12534,1.14105832577
12535,1.07180559635
12536,1.21968328953
12537,1.15725815296
12538,1.16290688515
12539,1.14612424374
12540,1.07976329327
12541,1.09819018841
12542,1.16442418098
12543,1.1590051651
12544,1.09364390373
12545,1.16783773899
12546,1.16437447071
12547,1.15975117683
12548,1.18243360519
12549,1.17637789249
12550,1.17392504215
12551,1.10737729073
12552,1.17628395557
12553,1.07796823978
12554,1.09033966064
12555,1.17037689686
12556,1.15433311462
12557,1.19581866264
12558,1.14024507999
12559,1.11567139626
12560,1.19352424145
12561,1.20624351501
12562,1.15896105766
12563,1.23417592049
12564,1.11933517456
12565,1.22376084328
12566,1.19953155518
12567,1.11457812786
12568,1.18594121933
12569,1.13205051422
12570,1.09660291672
12571,1.12396907806
12572,1.09003019333
12573,1.14892137051
12574,1.0618083477
12575,1.17206633091
12576,1.08363950253
12577,1.1307913065
12578,1.19536066055
12579,1.20083200932
12580,1.19466078281
12581,1.16466414928
12582,1.04688763618
12583,1.14017009735
12584,1.18737637997
12585,1.11085307598
12586,1.28322124481
12587,1.15975987911
12588,1.05174851418
12589,1.09283673763
12590,1.2048882246
12591,1.20258617401
12592,1.15910410881
12593,1.15658223629
12594,1.09106230736
12595,1.10708427429
12596,1.14151000977
12597,1.16425287724
12598,1.10346865654
12599,1.11405062675
12600,1.2443562746
12601,1.2773860693
12602,1.12035560608
12603,1.14884459972
12604,1.230068326
12605,1.18949615955
12606,1.08758080006
12607,1.1846600771
12608,1.16919946671
12609,1.09670579433
12610,1.12928795815
12611,1.12517213821
12612,1.16991519928
12613,1.12162184715
12614,1.0569460392
12615,1.05573141575
12616,1.13348650932
12617,1.13360893726
12618,1.13848721981
12619,1.1121417284
12620,1.19908833504
12621,1.11972916126
12622,1.1997115612
12623,1.17939567566
12624,1.16457414627
12625,1.20289075375
12626,1.15749454498
12627,1.05687832832
12628,1.22932219505
12629,1.17750620842
12630,1.07061231136
12631,1.03338062763
12632,1.09492897987
12633,1.11821293831
12634,1.07197451591
12635,1.18645846844
12636,1.14577400684
12637,1.1779974699
12638,1.15304994583
12639,1.16525638103
12640,1.27642977238
12641,1.15770447254
12642,1.21442091465
12643,1.17709815502
12644,1.14602971077
12645,1.24296569824
12646,1.03275454044
12647,1.14688467979
12648,1.07880544662
12649,1.21354544163
12650,1.15032041073
12651,1.060079813
12652,1.1009169817
12653,1.1545727253
12654,1.15868353844
12655,1.04616630077
12656,1.33239364624
12657,1.08891510963
12658,1.15867745876
12659,1.23772525787
12660,1.15363955498
12661,1.14292478561
12662,1.2308075428
12663,1.23024106026
12664,1.13021254539
12665,1.20124030113
12666,1.1402182579
12667,1.0759203434
12668,1.04334163666
12669,1.15839862823
12670,1.26774871349
12671,1.2710467577
12672,1.11232423782
12673,1.14154458046
12674,1.19798731804
12675,1.27673995495
12676,1.12567877769
12677,1.1722946167
12678,1.20363354683
12679,1.15300476551
12680,1.11211168766
12681,1.13348829746
12682,1.23518371582
12683,1.12692046165
12684,1.23936986923
12685,1.09017217159
12686,1.19169282913
12687,1.12894189358
12688,1.16592407227
12689,1.22105753422
12690,1.22877895832
12691,1.24205565453
12692,1.22114229202
12693,1.08870768547
12694,1.15059626102
12695,1.11351311207
12696,1.1261497736
12697,1.18563556671
12698,1.20174646378
12699,1.22124493122
12700,1.20544159412
12701,1.21864688396
12702,1.08544433117
12703,1.12655866146
12704,1.2117382288
12705,1.13601207733
12706,1.13841545582
12707,1.08176195621
12708,1.1639777422
12709,1.12765073776
12710,1.0853523016
12711,1.22514307499
12712,1.13684630394
12713,1.17143511772
12714,1.27662217617
12715,1.07258117199
12716,1.14592015743
12717,1.20149278641
12718,1.10215902328
12719,1.18769550323
12720,1.15402388573
12721,1.19078600407
12722,1.12520253658
12723,1.10883498192
12724,1.1858934164
12725,1.2437287569
12726,1.21974754333
12727,1.11365413666
12728,1.12310349941
12729,1.05692815781
12730,1.20665931702
12731,1.10747146606
12732,1.17130291462
12733,1.14367091656
12734,1.15488684177
12735,1.15455579758
12736,1.1884509325
12737,1.21577167511
12738,1.20491528511
12739,1.24753952026
12740,1.14846992493
12741,1.11945807934
12742,1.12095057964
12743,1.12145447731
12744,1.1871970892
12745,1.050791502
12746,1.19897699356
12747,1.1332372427
12748,1.13431668282
12749,1.12316513062
12750,1.09225547314
12751,1.14991033077
12752,1.21642518044
12753,1.1502648592
12754,1.12972903252
12755,1.12127447128
12756,1.20221400261
12757,1.11159288883
12758,1.20171034336
12759,1.07668888569
12760,1.19169044495
12761,1.15365719795
12762,1.15153872967
12763,1.22018277645
12764,1.15898025036
12765,1.14775526524
12766,1.13450670242
12767,1.20311224461
12768,1.16516792774
12769,1.17576217651
12770,1.18456172943
12771,1.12603354454
12772,1.26754891872
12773,1.17883253098
12774,1.11859309673
12775,1.19443130493
12776,1.15507721901
12777,1.14258658886
12778,1.27499139309
12779,1.17704963684
12780,1.19917654991
12781,1.11323094368
12782,1.0431445837
12783,1.13513791561
12784,1.21877479553
12785,1.18035137653
12786,1.14993000031
12787,1.15795600414
12788,1.0931956768
12789,1.15235102177
12790,1.08696603775
12791,1.10265111923
12792,1.12464988232
12793,1.11827516556
12794,1.07135260105
12795,1.18184280396
12796,1.137596488
12797,1.14111578465
12798,1.15719985962
12799,1.15661013126
12800,1.12907361984
12801,1.19113242626
12802,1.08667051792
12803,1.09169304371
12804,1.14091670513
12805,1.27408802509
12806,1.25855922699
12807,1.11584305763
12808,1.06054103374
12809,1.16778671741
12810,1.10812604427
12811,1.1333578825
12812,1.13499712944
12813,1.08636844158
12814,1.05906629562
12815,1.12156164646
12816,1.15084266663
12817,1.18551015854
12818,1.11696064472
12819,1.12162530422
12820,1.19229900837
12821,1.13150346279
12822,1.14705908298
12823,1.12387955189
12824,1.09511303902
12825,1.09344816208
12826,1.12539196014
12827,1.12154197693
12828,1.12108290195
12829,1.10350000858
12830,1.13079190254
12831,1.19330859184
12832,1.11090111732
12833,1.08622765541
12834,1.15612101555
12835,1.20844197273
12836,1.17520010471
12837,1.21479523182
12838,1.1105889082
12839,1.25512850285
12840,1.10061299801
12841,1.12394464016
12842,1.16024672985
12843,1.17902696133
12844,1.08135557175
12845,1.16554534435
12846,1.03076684475
12847,1.18637049198
12848,1.13904702663
12849,1.18004846573
12850,1.12059998512
12851,1.2093539238
12852,1.21441257
12853,1.19767272472
12854,1.13416051865
12855,1.29592752457
12856,1.16787338257
12857,1.20466947556
12858,1.2309961319
12859,1.07846057415
12860,1.13921320438
12861,1.18000161648
12862,1.28532636166
12863,1.19152438641
12864,1.1868172884
12865,1.16388523579
12866,1.20327425003
12867,1.08742260933
12868,1.1599214077
12869,1.18200349808
12870,1.19139254093
12871,1.27312195301
12872,1.13436877728
12873,1.23314380646
12874,1.12063705921
12875,1.09472131729
12876,1.16666030884
12877,1.14821743965
12878,1.22352039814
12879,1.20661687851
12880,1.2416087389
12881,1.20412659645
12882,1.12660741806
12883,1.18171310425
12884,1.08401381969
12885,1.1343357563
12886,1.13812339306
12887,1.14093828201
12888,1.1513761282
12889,1.15801024437
12890,1.28934502602
12891,1.10503256321
12892,1.23108136654
12893,1.11369144917
12894,1.19658577442
12895,1.16049015522
12896,1.11355507374
12897,1.1670358181
12898,1.22169232368
12899,1.18345379829
12900,1.13754725456
12901,1.12648797035
12902,1.14278328419
12903,1.2170894146
12904,1.19861257076
12905,1.08911538124
12906,1.16920518875
12907,1.19775605202
12908,1.13432466984
12909,1.16923868656
12910,1.06193804741
12911,1.15192067623
12912,1.21307480335
12913,1.21076965332
12914,1.16355705261
12915,1.1605297327
12916,1.14406609535
12917,1.16002321243
12918,1.10448300838
12919,1.19436764717
12920,1.07318019867
12921,1.16293752193
12922,1.12154400349
12923,1.14222931862
12924,1.09000003338
12925,1.19113111496
12926,1.13863384724
12927,1.26766622066
12928,1.14871501923
12929,1.15445399284
12930,1.16240620613
12931,1.18890333176
12932,1.12995445728
12933,1.13989961147
12934,1.15551710129
12935,1.15996980667
12936,1.19679749012
12937,1.20308232307
12938,1.06563150883
12939,1.22262012959
12940,1.15594506264
12941,1.17901778221
12942,1.19223177433
12943,1.26440346241
12944,1.12740957737
12945,1.20103764534
12946,1.10270571709
12947,1.12135839462
12948,1.24912285805
12949,1.09559905529
12950,1.07615637779
12951,1.17104017735
12952,1.12054073811
12953,1.20340895653
12954,1.18569433689
12955,1.1079518795
12956,1.18405020237
12957,1.21916759014
12958,1.18282580376
12959,1.10764873028
12960,1.11357116699
12961,1.18999147415
12962,1.18295228481
12963,1.13647866249
12964,1.1594388485
12965,1.09606766701
12966,1.1378891468
12967,1.29396557808
12968,1.1474673748
12969,1.17792117596
12970,1.08787226677
12971,1.19974207878
12972,1.19616997242
12973,1.30110383034
12974,1.3657900095
12975,1.07460296154
12976,1.13258063793
12977,1.18142485619
12978,1.07177436352
12979,1.17801761627
12980,1.15286147594
12981,1.2282063961
12982,1.15199112892
12983,1.07210862637
12984,1.17054772377
12985,1.12294209003
12986,1.14663887024
12987,1.25903582573
12988,1.1558637619
12989,1.19713294506
12990,1.08239734173
12991,1.22188162804
12992,1.07029402256
12993,1.13423776627
12994,1.21931517124
12995,1.26268339157
12996,1.22541749477
12997,1.15727770329
12998,1.19683623314
12999,1.10531258583
13000,1.10184037685
13001,1.21153342724
13002,1.1189467907
13003,1.28709626198
13004,1.27716767788
13005,1.23633110523
13006,1.16639065742
13007,1.16731417179
13008,1.12484657764
13009,1.13087236881
13010,1.1478843689
13011,1.237652421
13012,1.18668794632
13013,1.14845371246
13014,1.11760056019
13015,1.14413499832
13016,1.18403565884
13017,1.10312104225
13018,1.13693606853
13019,1.15498912334
13020,1.12733912468
13021,1.18049716949
13022,1.14257955551
13023,1.14332675934
13024,1.25241577625
13025,1.19467616081
13026,1.16126489639
13027,1.33489537239
13028,1.14536762238
13029,1.15727365017
13030,1.25057601929
13031,1.20228719711
13032,1.10352683067
13033,1.13203918934
13034,1.13635861874
13035,1.15096437931
13036,1.20739805698
13037,1.15761303902
13038,1.11264896393
13039,1.10963463783
13040,1.10253536701
13041,1.12851536274
13042,1.18545305729
13043,1.24577379227
13044,1.19937109947
13045,1.2899518013
13046,1.12584197521
13047,1.11977815628
13048,1.15772354603
13049,1.14655780792
13050,1.11981415749
13051,1.23931360245
13052,1.06797862053
13053,1.11463701725
13054,1.16576218605
13055,1.14844465256
13056,1.19515013695
13057,1.28225874901
13058,1.22789955139
13059,1.27983307838
13060,1.15178203583
13061,1.24157810211
13062,1.17171061039
13063,1.2042440176
13064,1.15297853947
13065,1.10195612907
13066,1.10553109646
13067,1.16766083241
13068,1.24847185612
13069,1.15792024136
13070,1.22037410736
13071,1.21315443516
13072,1.19660151005
13073,1.17570054531
13074,1.2335306406
13075,1.10275423527
13076,1.24642193317
13077,1.13714694977
13078,1.15303814411
13079,1.19353461266
13080,1.17011845112
13081,1.20117163658
13082,1.19591295719
13083,1.08832275867
13084,1.22765398026
13085,1.1746019125
13086,1.13465690613
13087,1.08203780651
13088,1.15072357655
13089,1.17922496796
13090,1.1732186079
13091,1.14881813526
13092,1.14399516582
13093,1.14119720459
13094,1.14227628708
13095,1.13692116737
13096,1.28727662563
13097,1.2184125185
13098,1.23334395885
13099,1.07412314415
13100,1.14811956882
13101,1.15504181385
13102,1.15320026875
13103,1.14974296093
13104,1.1034206152
13105,1.10188889503
13106,1.20892632008
13107,1.20367836952
13108,1.18419277668
13109,1.13779568672
13110,1.09396493435
13111,1.11127579212
13112,1.15160131454
13113,1.2067258358
13114,1.14724886417
13115,1.05187571049
13116,1.14748966694
13117,1.14423310757
13118,1.1346809864
13119,1.12150764465
13120,1.05619215965
13121,1.21696567535
13122,1.09680402279
13123,1.07405519485
13124,1.15751552582
13125,1.15992426872
13126,1.04908359051
13127,1.13847529888
13128,1.22103583813
13129,1.10873317719
13130,1.18853890896
13131,1.15584206581
13132,1.13385689259
13133,1.05478942394
13134,1.163372159
13135,1.13343942165
13136,1.21266996861
13137,1.16649198532
13138,1.11420655251
13139,1.14256358147
13140,1.24399471283
13141,1.2265765667
13142,1.26138830185
13143,1.23451793194
13144,1.14914548397
13145,1.16177773476
13146,1.18418359756
13147,1.22518479824
13148,1.26784110069
13149,1.2156304121
13150,1.14557909966
13151,1.14377367496
13152,1.16520047188
13153,1.03011345863
13154,1.09169995785
13155,1.09361457825
13156,1.19478905201
13157,1.0897963047
13158,1.23949491978
13159,1.1942987442
13160,1.17822170258
13161,1.17718684673
13162,1.1612610817
13163,1.12697649002
13164,1.10765206814
13165,1.21588933468
13166,1.18702769279
13167,1.1821398735
13168,1.19541025162
13169,1.18376684189
13170,1.14864051342
13171,1.16930794716
13172,1.18209648132
13173,1.21221148968
13174,1.1390402317
13175,1.10556197166
13176,1.14194440842
13177,1.15093147755
13178,1.15204358101
13179,1.09031772614
13180,1.10938084126
13181,1.16126024723
13182,1.0857514143
13183,1.18297815323
13184,1.21354627609
13185,1.13448417187
13186,1.17362689972
13187,1.14694797993
13188,1.2081580162
13189,1.20151305199
13190,1.1528403759
13191,1.26317882538
13192,1.13048744202
13193,1.18986558914
13194,1.15017616749
13195,1.11708068848
13196,1.10300683975
13197,1.20915484428
13198,1.21232759953
13199,1.15484166145
13200,1.14729833603
13201,1.13817727566
13202,1.19803440571
13203,1.09625852108
13204,1.11500442028
13205,1.10127878189
13206,1.18621182442
13207,1.12927675247
13208,1.12500798702
13209,1.23756062984
13210,1.25183856487
13211,1.17051613331
13212,1.19461905956
13213,1.18646335602
13214,1.09336006641
13215,1.20375359058
13216,1.09068727493
13217,1.16519153118
13218,1.15936899185
13219,1.2281897068
13220,1.13863313198
13221,1.15093791485
13222,1.15205860138
13223,1.18388569355
13224,1.14665734768
13225,1.12977147102
13226,1.13185322285
13227,1.19878315926
13228,1.15448188782
13229,1.20617258549
13230,1.26416683197
13231,1.13207805157
13232,1.08046126366
13233,1.15496706963
13234,1.19866502285
13235,1.14713335037
13236,1.14759409428
13237,1.19955098629
13238,1.32627344131
13239,1.12685227394
13240,1.14876687527
13241,1.19374883175
13242,1.10650527477
13243,1.14430975914
13244,1.15017855167
13245,1.15502583981
13246,1.10166800022
13247,1.13117277622
13248,1.1091375351
13249,1.11415433884
13250,1.17089629173
13251,1.06209564209
13252,1.17045283318
13253,1.15085065365
13254,0.987803518772
13255,1.13759624958
13256,1.20602595806
13257,1.11856234074
13258,1.16398251057
13259,1.19156968594
13260,1.11794543266
13261,1.21641886234
13262,1.10058116913
13263,1.05297923088
13264,1.05537736416
13265,1.17882812023
13266,1.09790277481
13267,1.14972281456
13268,1.1513491869
13269,1.2672855854
13270,1.06281769276
13271,1.15173566341
13272,1.12243056297
13273,1.10612607002
13274,1.11314070225
13275,1.17128324509
13276,1.15886461735
13277,1.12860119343
13278,1.24769759178
13279,1.15164339542
13280,1.12517428398
13281,1.18231534958
13282,1.19175601006
13283,1.2372713089
13284,1.1206651926
13285,1.18359351158
13286,1.20317161083
13287,1.11617553234
13288,1.05328726768
13289,1.1101360321
13290,1.10161316395
13291,1.19669830799
13292,1.09929633141
13293,1.15509414673
13294,1.22916209698
13295,1.22969138622
13296,1.25294232368
13297,1.20351481438
13298,1.15926933289
13299,1.12955224514
13300,1.12608647346
13301,1.17337715626
13302,1.13374137878
13303,1.12543725967
13304,1.12380325794
13305,1.21173810959
13306,1.10402107239
13307,1.10067343712
13308,1.09250223637
13309,1.09088242054
13310,1.23223078251
13311,1.10585665703
13312,1.12229192257
13313,1.17055284977
13314,1.12742733955
13315,1.16845822334
13316,1.15595710278
13317,1.13660502434
13318,1.20097351074
13319,1.15975487232
13320,1.16997170448
13321,1.15057086945
13322,1.14565312862
13323,1.06960427761
13324,1.13865184784
13325,1.18156218529
13326,1.12909030914
13327,1.1096405983
13328,1.10003507137
13329,1.22109389305
13330,1.19148755074
13331,1.18695533276
13332,1.13334643841
13333,1.24172437191
13334,1.19282436371
13335,1.2087572813
13336,1.1258033514
13337,1.12591648102
13338,1.12802422047
13339,1.1907145977
13340,1.13314640522
13341,1.1726821661
13342,1.2236635685
13343,1.18057560921
13344,1.14180731773
13345,1.30931079388
13346,1.15608215332
13347,1.07221758366
13348,1.2566754818
13349,1.15478277206
13350,1.18610441685
13351,1.08268392086
13352,1.0728303194
13353,1.09698903561
13354,1.19752454758
13355,1.21741628647
13356,1.21552717686
13357,1.14771425724
13358,1.12318885326
13359,1.17549586296
13360,1.16032230854
13361,1.14367759228
13362,1.27429866791
13363,1.21456301212
13364,1.245855093
13365,1.3108869791
13366,1.1752320528
13367,1.25239646435
13368,1.24038088322
13369,1.15692591667
13370,1.18206930161
13371,1.14508652687
13372,1.06843781471
13373,1.10753798485
13374,1.16274809837
13375,1.10776257515
13376,1.12134730816
13377,1.2973626852
13378,1.10681283474
13379,1.12221813202
13380,1.10576534271
13381,1.15061402321
13382,1.14103472233
13383,1.07645487785
13384,1.16614091396
13385,1.15508043766
13386,1.23386657238
13387,1.19569087029
13388,1.10647499561
13389,1.15338850021
13390,1.14033687115
13391,1.21604168415
13392,1.17188954353
13393,1.22361814976
13394,1.18398940563
13395,1.19987308979
13396,1.09645140171
13397,1.07368910313
13398,1.20629513264
13399,1.1586111784
13400,1.12352991104
13401,1.10502374172
13402,1.11786329746
13403,1.27091169357
13404,1.12353134155
13405,1.18994271755
13406,1.12659525871
13407,1.18238258362
13408,1.15151166916
13409,1.12024021149
13410,1.08003425598
13411,1.11196839809
13412,1.17537200451
13413,1.14207661152
13414,1.12433493137
13415,1.1392134428
13416,1.09867858887
13417,1.11695384979
13418,1.1230442524
13419,1.156498909
13420,1.16734707355
13421,1.24963760376
13422,1.23627781868
13423,1.20069336891
13424,1.23461484909
13425,1.12989461422
13426,1.12220990658
13427,1.15481030941
13428,1.12584865093
13429,1.1530315876
13430,1.07431101799
13431,1.19642722607
13432,1.0676189661
13433,1.19027924538
13434,1.18707036972
13435,1.17679464817
13436,1.24791431427
13437,1.20801866055
13438,1.25525105
13439,1.14122438431
13440,1.15601825714
13441,1.1235691309
13442,1.05768013
13443,1.1397163868
13444,1.11338925362
13445,1.27812623978
13446,1.13453376293
13447,1.21122896671
13448,1.22631680965
13449,1.22988474369
13450,1.13093161583
13451,1.08885884285
13452,1.13440537453
13453,1.18205356598
13454,1.1976994276
13455,1.1843047142
13456,1.11999893188
13457,1.10615670681
13458,1.0900554657
13459,1.06352055073
13460,1.16055858135
13461,1.17597925663
13462,1.118678689
13463,1.12444376945
13464,1.2193582058
13465,1.19850242138
13466,1.04842710495
13467,1.09726941586
13468,1.11688280106
13469,1.26431834698
13470,1.1873306036
13471,1.17627346516
13472,1.14178097248
13473,1.11897087097
13474,1.19226646423
13475,1.17012286186
13476,1.19787538052
13477,1.09351086617
13478,1.17940795422
13479,1.17857801914
13480,1.1980946064
13481,1.19942355156
13482,1.14757871628
13483,1.15646588802
13484,1.13995325565
13485,1.16446363926
13486,1.22969758511
13487,1.30895102024
13488,1.19022345543
13489,1.18269014359
13490,1.16116988659
13491,1.16828072071
13492,1.18272125721
13493,1.11905276775
13494,1.23452913761
13495,1.09761691093
13496,1.11674916744
13497,1.14285469055
13498,1.16660284996
13499,1.01001191139
13500,1.13687515259
13501,1.15227973461
13502,1.18884897232
13503,1.15104317665
13504,1.18754708767
13505,1.26400780678
13506,1.22138273716
13507,1.15261161327
13508,1.1428283453
13509,1.17219519615
13510,1.11692452431
13511,1.0570037365
13512,1.13933610916
13513,1.29691934586
13514,1.27001464367
13515,1.14558601379
13516,1.27080976963
13517,1.24448490143
13518,1.15054655075
13519,1.15052700043
13520,1.24435389042
13521,1.15707993507
13522,1.1236436367
13523,1.10395956039
13524,1.22130715847
13525,1.13956975937
13526,1.13407826424
13527,1.17736339569
13528,1.21906912327
13529,1.16808331013
13530,1.15703010559
13531,1.08555531502
13532,1.18218433857
13533,1.17344129086
13534,1.08222305775
13535,1.12447941303
13536,1.25704574585
13537,1.10932159424
13538,1.20144736767
13539,1.13722467422
13540,1.14916372299
13541,1.2197303772
13542,1.18371117115
13543,1.27788841724
13544,1.16188645363
13545,1.20634222031
13546,1.14434933662
13547,1.12807714939
13548,1.17436957359
13549,1.20807361603
13550,1.12905359268
13551,1.15768134594
13552,1.13687682152
13553,1.1671526432
13554,1.14262211323
13555,1.1034860611
13556,1.15989220142
13557,1.13793730736
13558,1.14900183678
13559,1.23627483845
13560,1.12551593781
13561,1.1728117466
13562,1.18003761768
13563,1.15711152554
13564,1.05702185631
13565,1.13440823555
13566,1.1270544529
13567,1.1480987072
13568,1.09120380878
13569,1.22345602512
13570,1.13015639782
13571,1.1127396822
13572,1.24615120888
13573,1.0755354166
13574,1.16381287575
13575,1.15424048901
13576,1.14071989059
13577,1.14513003826
13578,1.17561638355
13579,1.18242537975
13580,1.15014994144
13581,1.22168815136
13582,1.15763163567
13583,1.15402936935
13584,1.08990013599
13585,1.05906045437
13586,1.19133388996
13587,1.1519472599
13588,1.23015201092
13589,1.20684611797
13590,1.18006420135
13591,1.18801546097
13592,1.16861283779
13593,1.10996067524
13594,1.16118311882
13595,1.19836044312
13596,1.13002622128
13597,1.22707915306
13598,1.1065942049
13599,1.19602036476
13600,1.12116062641
13601,1.24803233147
13602,1.11493349075
13603,1.11626195908
13604,1.19942712784
13605,1.28905081749
13606,1.23699355125
13607,1.17251253128
13608,1.17108786106
13609,1.17955052853
13610,1.16520762444
13611,1.12830531597
13612,1.16522490978
13613,1.16309809685
13614,1.22237932682
13615,1.1736420393
13616,1.15551996231
13617,1.13305413723
13618,1.13169157505
13619,1.10454821587
13620,1.16088008881
13621,1.16515338421
13622,1.10291230679
13623,1.09227156639
13624,1.31640398502
13625,1.12749791145
13626,1.20248901844
13627,1.14697706699
13628,1.22136938572
13629,1.2099660635
13630,1.18595826626
13631,1.2055375576
13632,1.24994826317
13633,1.1308631897
13634,1.18687129021
13635,1.30275189877
13636,1.17797613144
13637,1.08776175976
13638,1.21912872791
13639,1.22704732418
13640,1.23456907272
13641,1.21134221554
13642,1.01722633839
13643,1.2042555809
13644,1.03902244568
13645,1.15360212326
13646,1.10437357426
13647,1.26786601543
13648,1.10622990131
13649,1.10713303089
13650,1.21424555779
13651,1.19409799576
13652,1.21182453632
13653,1.06718075275
13654,1.20285654068
13655,1.15163314342
13656,1.29355144501
13657,1.14474475384
13658,1.18100643158
13659,1.09932696819
13660,1.1830419302
13661,1.17962908745
13662,1.22187829018
13663,1.25657582283
13664,1.07052350044
13665,1.16727530956
13666,1.11015546322
13667,1.17827033997
13668,1.10736393929
13669,1.17144358158
13670,1.21638941765
13671,1.14969825745
13672,1.20730781555
13673,1.17981755733
13674,1.0959738493
13675,1.20406448841
13676,1.24703884125
13677,1.2091999054
13678,1.25481176376
13679,1.19022786617
13680,1.23636615276
13681,1.22804534435
13682,1.12265253067
13683,1.23826849461
13684,1.23717188835
13685,1.19630551338
13686,1.1443631649
13687,1.13581156731
13688,1.12885439396
13689,1.15827989578
13690,1.12869942188
13691,1.11556982994
13692,1.18909919262
13693,1.20281910896
13694,1.08897960186
13695,1.21613025665
13696,1.13773775101
13697,1.21568000317
13698,1.27245748043
13699,1.10059452057
13700,1.13149225712
13701,1.16121304035
13702,1.19531810284
13703,1.11123812199
13704,1.16406548023
13705,1.2348716259
13706,1.14047694206
13707,1.17579650879
13708,1.08722484112
13709,1.22305524349
13710,1.21186184883
13711,1.09339296818
13712,1.26048612595
13713,1.20386528969
13714,1.26320195198
13715,1.15062427521
13716,1.12516713142
13717,1.23101651669
13718,1.19218325615
13719,1.20514988899
13720,1.17691957951
13721,1.12955224514
13722,1.08255708218
13723,1.20426499844
13724,1.1833242178
13725,1.30245006084
13726,1.19140636921
13727,1.1176636219
13728,1.19542551041
13729,1.23071300983
13730,1.13769316673
13731,1.12842237949
13732,1.19258129597
13733,1.06427836418
13734,1.16025042534
13735,1.21060323715
13736,1.10017096996
13737,1.12870466709
13738,1.11261856556
13739,1.13599729538
13740,1.1221524477
13741,1.21166861057
13742,1.17822730541
13743,1.32307755947
13744,1.23318254948
13745,1.17421972752
13746,1.15437161922
13747,1.17557883263
13748,1.23077774048
13749,1.15430819988
13750,1.12506318092
13751,1.25878894329
13752,1.18805766106
13753,1.16649520397
13754,1.12026357651
13755,1.10576784611
13756,1.10342645645
13757,1.17079162598
13758,1.17868673801
13759,1.15273702145
13760,1.12158763409
13761,1.17620193958
13762,1.15351450443
13763,1.18434655666
13764,1.20503520966
13765,1.17999315262
13766,1.13563609123
13767,1.18128061295
13768,1.11220216751
13769,1.1922904253
13770,1.20302808285
13771,1.10816562176
13772,1.14509952068
13773,1.10816442966
13774,1.11004149914
13775,1.19654476643
13776,1.13985514641
13777,1.20916950703
13778,1.10664057732
13779,1.15981662273
13780,1.20160877705
13781,1.14382553101
13782,1.17071163654
13783,1.12921893597
13784,1.1650031805
13785,1.22036850452
13786,1.17501270771
13787,1.23298561573
13788,1.14203584194
13789,1.11251080036
13790,1.17209589481
13791,1.23021638393
13792,1.16474723816
13793,1.09105014801
13794,1.21401846409
13795,1.20119559765
13796,1.07466375828
13797,1.19973266125
13798,1.13845527172
13799,1.12204778194
13800,1.15641605854
13801,1.25052034855
13802,1.17667591572
13803,1.17143821716
13804,1.07630860806
13805,1.16785800457
13806,1.14377975464
13807,1.11020684242
13808,1.18644928932
13809,1.1649954319
13810,1.1834820509
13811,1.23019647598
13812,1.14984822273
13813,1.17230081558
13814,1.17285847664
13815,1.09968435764
13816,1.17168223858
13817,1.14884066582
13818,1.13389122486
13819,1.12284183502
13820,1.15420925617
13821,1.13239431381
13822,1.10555160046
13823,1.07150709629
13824,1.25889503956
13825,1.31508147717
13826,1.11866486073
13827,1.1797721386
13828,1.12566173077
13829,1.15122008324
13830,1.14526844025
13831,1.17228984833
13832,1.17881679535
13833,1.22242796421
13834,1.19351279736
13835,1.21752262115
13836,1.07800781727
13837,1.1796630621
13838,1.13994824886
13839,1.20412814617
13840,1.13718557358
13841,1.2527936697
13842,1.2386726141
13843,1.05167722702
13844,1.20092236996
13845,1.18656885624
13846,1.12573981285
13847,1.11951541901
13848,1.18368220329
13849,1.11127209663
13850,1.27017295361
13851,1.2468701601
13852,1.17619228363
13853,1.1473647356
13854,1.17249977589
13855,1.24391198158
13856,1.10884571075
13857,1.19227206707
13858,1.1184797287
13859,1.0736297369
13860,1.10700547695
13861,1.16774702072
13862,1.20416891575
13863,1.23737084866
13864,1.09767651558
13865,1.15600061417
13866,1.20513010025
13867,1.18265640736
13868,1.20589447021
13869,1.26513016224
13870,1.28271663189
13871,1.14612948895
13872,1.17031276226
13873,1.096814394
13874,1.21160185337
13875,1.20089554787
13876,1.1651018858
13877,1.10571038723
13878,1.14630019665
13879,1.11039566994
13880,1.23456048965
13881,1.06568109989
13882,1.1455757618
13883,1.24171280861
13884,1.12395513058
13885,1.20437657833
13886,1.1607427597
13887,1.21893692017
13888,1.09951281548
13889,1.08410346508
13890,1.13888919353
13891,1.18176198006
13892,1.11019206047
13893,1.10003864765
13894,1.21848809719
13895,1.15310406685
13896,1.22721982002
13897,1.23607540131
13898,1.1840672493
13899,1.15462744236
13900,1.18423962593
13901,1.26134252548
13902,1.2655570507
13903,1.2206915617
13904,1.18115913868
13905,1.13986301422
13906,1.16123461723
13907,1.22576117516
13908,1.17542183399
13909,1.1662800312
13910,1.19060087204
13911,1.17169559002
13912,1.22690820694
13913,1.14159166813
13914,1.1382188797
13915,1.23567318916
13916,1.22112321854
13917,1.16232669353
13918,1.1106659174
13919,1.1135725975
13920,1.17680644989
13921,1.19024133682
13922,1.07762205601
13923,1.21618616581
13924,1.2226934433
13925,1.15515697002
13926,1.25108981133
13927,1.21280658245
13928,1.24791371822
13929,1.20893168449
13930,1.07546889782
13931,1.2095887661
13932,1.26406764984
13933,1.22932171822
13934,1.11024427414
13935,1.15272712708
13936,1.07378005981
13937,1.1362760067
13938,1.12160158157
13939,1.16126072407
13940,1.17163169384
13941,1.21247947216
13942,1.2592997551
13943,1.09499251842
13944,1.18682718277
13945,1.27483701706
13946,1.22598350048
13947,1.14475083351
13948,1.08179879189
13949,1.18151783943
13950,1.18039691448
13951,1.2629224062
13952,1.15084922314
13953,1.06690645218
13954,1.10692775249
13955,1.11695659161
13956,1.22734344006
13957,1.11541068554
13958,1.16135454178
13959,1.0841511488
13960,1.25557434559
13961,1.18665897846
13962,1.09019362926
13963,1.21786499023
13964,1.09747314453
13965,1.1956435442
13966,1.2964900732
13967,1.22382247448
13968,1.12475264072
13969,1.13245379925
13970,1.14988899231
13971,1.17362105846
13972,1.1894724369
13973,1.20802152157
13974,1.19206249714
13975,1.21950602531
13976,1.19334113598
13977,1.22685360909
13978,1.32634902
13979,1.21140027046
13980,1.13247382641
13981,1.16454935074
13982,1.18716394901
13983,1.09584891796
13984,1.25899457932
13985,1.23767077923
13986,1.24690043926
13987,1.14354979992
13988,1.18312370777
13989,1.207685709
13990,1.21318328381
13991,1.0381411314
13992,1.22566568851
13993,1.24216997623
13994,1.25164937973
13995,1.16815388203
13996,1.14096772671
13997,1.16591274738
13998,1.28688633442
13999,1.24342477322
14000,1.20540332794
14001,1.10515940189
14002,1.20781540871
14003,1.21153783798
14004,1.13524436951
14005,1.13646519184
14006,1.14745652676
14007,1.14096534252
14008,1.1697576046
14009,1.21168613434
14010,1.18004608154
14011,1.21217656136
14012,1.1415554285
14013,1.14829623699
14014,1.10193908215
14015,1.17497050762
14016,1.16265201569
14017,1.18545651436
14018,1.09031951427
14019,1.18583214283
14020,1.21641790867
14021,1.21348154545
14022,1.16830980778
14023,1.03899013996
14024,1.20234382153
14025,1.16358017921
14026,1.17321395874
14027,1.24907445908
14028,1.23443996906
14029,1.113499403
14030,1.16482841969
14031,1.09397137165
14032,1.13383233547
14033,1.16734802723
14034,1.16356182098
14035,1.20315718651
14036,1.22693741322
14037,1.18277192116
14038,1.11069786549
14039,1.1976480484
14040,1.09904575348
14041,1.05382609367
14042,1.13043105602
14043,1.11149477959
14044,1.22902750969
14045,1.29915940762
14046,1.21351242065
14047,1.10362148285
14048,1.19723141193
14049,1.1221473217
14050,1.15256547928
14051,1.19411635399
14052,1.11701965332
14053,1.14794099331
14054,1.16129517555
14055,1.18476736546
14056,1.12516868114
14057,1.10986423492
14058,1.1666611433
14059,1.15763926506
14060,1.17121100426
14061,1.1133005619
14062,1.20790350437
14063,1.10061728954
14064,1.17556393147
14065,1.1980458498
14066,1.09356760979
14067,1.94330191612
14068,1.20413053036
14069,1.16824185848
14070,1.128657341
14071,1.21648728848
14072,1.1013777256
14073,1.10437321663
14074,1.21150398254
14075,1.16173446178
14076,1.08367311954
14077,1.12740659714
14078,1.16611611843
14079,1.23402047157
14080,1.15872645378
14081,1.15341544151
14082,1.17447805405
14083,1.14090526104
14084,1.08898711205
14085,1.12204861641
14086,1.24620079994
14087,1.12107276917
14088,1.22803974152
14089,1.080291152
14090,1.15978991985
14091,1.08538460732
14092,1.20890390873
14093,1.19612979889
14094,1.20467114449
14095,1.17041087151
14096,1.21853005886
14097,1.27154028416
14098,1.19442617893
14099,1.17524027824
14100,1.20914661884
14101,1.22195422649
14102,1.15412318707
14103,1.11923491955
14104,1.16733372211
14105,1.10752701759
14106,1.11628174782
14107,1.15174269676
14108,1.22387254238
14109,1.14175403118
14110,1.13401925564
14111,1.14783990383
14112,1.14833855629
14113,1.26652956009
14114,1.20770347118
14115,1.19935929775
14116,1.19115364552
14117,1.1834577322
14118,1.12763679028
14119,1.06698071957
14120,1.17422235012
14121,1.12589466572
14122,1.18530762196
14123,1.17052793503
14124,1.20602715015
14125,1.16566896439
14126,1.20793902874
14127,1.13488638401
14128,1.20890903473
14129,1.23581409454
14130,1.25659537315
14131,1.16504049301
14132,1.15693235397
14133,1.0776257515
14134,1.12314414978
14135,1.18028247356
14136,1.22680962086
14137,1.10671567917
14138,1.2374830246
14139,1.21041333675
14140,1.16800391674
14141,1.21727919579
14142,1.17510294914
14143,1.18185377121
14144,1.05538761616
14145,1.13334572315
14146,1.09955632687
14147,1.15920913219
14148,1.18034076691
14149,1.14164614677
14150,1.12372994423
14151,1.14883637428
14152,1.12450039387
14153,1.19922316074
14154,1.1504483223
14155,1.22798383236
14156,1.08857512474
14157,1.14262032509
14158,1.10601496696
14159,1.17950940132
14160,1.22744524479
14161,1.17884838581
14162,1.11864650249
14163,1.08571898937
14164,1.15968966484
14165,1.12851274014
14166,1.13394284248
14167,1.12987172604
14168,1.20155477524
14169,1.09886527061
14170,1.14092683792
14171,1.17848944664
14172,1.10212063789
14173,1.1753320694
14174,1.10853111744
14175,1.19385898113
14176,1.16239118576
14177,1.12363779545
14178,1.13933694363
14179,1.2374368906
14180,1.18194949627
14181,1.21008861065
14182,1.21121001244
14183,1.11835479736
14184,1.16994392872
14185,1.20314478874
14186,1.189920187
14187,1.23300611973
14188,1.18466520309
14189,1.0934779644
14190,1.17351293564
14191,1.23780655861
14192,1.13310158253
14193,1.18421792984
14194,1.20507729053
14195,1.07937014103
14196,1.08392977715
14197,1.1446877718
14198,1.25049769878
14199,1.23115861416
14200,1.22805321217
14201,1.18144512177
14202,1.20473873615
14203,1.24224710464
14204,1.25159490108
14205,1.14711999893
14206,1.10470879078
14207,1.21211874485
14208,1.15532290936
14209,1.15976321697
14210,1.21265411377
14211,1.06625950336
14212,1.1271225214
14213,1.22419309616
14214,1.16957461834
14215,1.09443438053
14216,1.12401843071
14217,1.21865820885
14218,1.25345027447
14219,1.17154967785
14220,1.13813078403
14221,1.17794060707
14222,1.16977775097
14223,1.14471447468
14224,1.17017114162
14225,1.22040617466
14226,1.18530571461
14227,1.09895193577
14228,1.17753088474
14229,1.1539825201
14230,1.10158455372
14231,1.17855727673
14232,1.20284330845
14233,1.27215671539
14234,1.13660812378
14235,1.14907026291
14236,1.09182214737
14237,1.18167769909
14238,1.16047561169
14239,1.20967829227
14240,1.15904724598
14241,1.15406930447
14242,1.24182760715
14243,1.14896714687
14244,1.18058693409
14245,1.21396923065
14246,1.21916472912
14247,1.18831157684
14248,1.25370359421
14249,1.21705949306
14250,1.18914830685
14251,1.12305092812
14252,1.05342721939
14253,1.12571454048
14254,1.18443930149
14255,1.10605251789
14256,1.13485491276
14257,1.21554636955
14258,1.18609058857
14259,1.22909891605
14260,1.19041883945
14261,1.20446956158
14262,1.10612845421
14263,1.22246062756
14264,1.16318881512
14265,1.2323114872
14266,1.20128285885
14267,1.17255282402
14268,1.13819265366
14269,1.15438234806
14270,1.19001662731
14271,1.1776008606
14272,1.1246150732
14273,1.20234286785
14274,1.21314692497
14275,1.09054720402
14276,1.07716310024
14277,1.07406532764
14278,1.22182524204
14279,1.15612447262
14280,1.16993951797
14281,1.28487598896
14282,1.26480793953
14283,1.12270748615
14284,1.27531373501
14285,1.21603477001
14286,1.17103111744
14287,1.16036438942
14288,1.08875477314
14289,1.11354410648
14290,1.08252167702
14291,1.19979953766
14292,1.25628125668
14293,1.1538516283
14294,1.23459970951
14295,1.1504342556
14296,1.2592227459
14297,1.20233774185
14298,1.10542654991
14299,1.13907086849
14300,1.14272105694
14301,1.21401810646
14302,1.23223829269
14303,1.24257409573
14304,1.20973622799
14305,1.18405723572
14306,1.18093907833
14307,1.17722535133
14308,1.1749380827
14309,1.19439971447
14310,1.19868731499
14311,1.08594381809
14312,1.12431979179
14313,1.11492371559
14314,1.21626973152
14315,1.13155770302
14316,1.20120358467
14317,1.20751440525
14318,1.22256970406
14319,1.149918437
14320,1.11319601536
14321,1.1617705822
14322,1.16363418102
14323,1.10091936588
14324,1.27607893944
14325,1.22068107128
14326,1.16822063923
14327,1.09135627747
14328,1.27830505371
14329,1.25283789635
14330,1.15187501907
14331,1.2295333147
14332,1.20510685444
14333,1.17426836491
14334,1.17129969597
14335,1.10160207748
14336,1.19074416161
14337,1.13403379917
14338,1.18017315865
14339,1.17420172691
14340,1.29445970058
14341,1.06153416634
14342,1.1404235363
14343,1.21283853054
14344,1.21010947227
14345,1.11290156841
14346,1.15745151043
14347,1.15168344975
14348,1.08343040943
14349,1.10090279579
14350,1.1662324667
14351,1.17052483559
14352,1.09378314018
14353,1.14572489262
14354,1.1367225647
14355,1.05709004402
14356,1.12968361378
14357,1.19291210175
14358,1.17180967331
14359,1.20996034145
14360,1.16094076633
14361,1.20975506306
14362,1.18224549294
14363,1.25044929981
14364,1.11900365353
14365,1.16149675846
14366,1.17714035511
14367,1.05317771435
14368,1.20650470257
14369,1.13624548912
14370,1.15720522404
14371,1.23336017132
14372,1.19949769974
14373,1.17611086369
14374,1.1288626194
14375,1.15385127068
14376,1.11867976189
14377,1.22755324841
14378,1.16055142879
14379,1.17705225945
14380,1.13712048531
14381,1.20189106464
14382,1.14712667465
14383,1.16422700882
14384,1.30300986767
14385,1.15549695492
14386,1.13291561604
14387,1.03661227226
14388,1.25899100304
14389,1.24508178234
14390,1.10952687263
14391,1.17140352726
14392,1.09097385406
14393,1.18683302402
14394,1.13807249069
14395,1.17691528797
14396,1.26984488964
14397,1.27045714855
14398,1.17712259293
14399,1.2042620182
14400,1.17340445518
14401,1.06382083893
14402,1.1338262558
14403,1.16317498684
14404,1.25694274902
14405,1.24012291431
14406,1.23405635357
14407,1.26397526264
14408,1.1581376791
14409,1.04533934593
14410,1.12559425831
14411,1.10397398472
14412,1.22272491455
14413,1.1769797802
14414,1.21961045265
14415,1.16432106495
14416,1.2890458107
14417,1.09688079357
14418,1.09590053558
14419,1.19181334972
14420,1.22952115536
14421,1.16306018829
14422,1.21602451801
14423,1.17059826851
14424,1.13582706451
14425,1.14080297947
14426,1.27630507946
14427,1.10020399094
14428,1.11562907696
14429,1.20292699337
14430,1.16170549393
14431,1.11887061596
14432,1.20227324963
14433,1.19944179058
14434,1.14160943031
14435,1.22024321556
14436,1.0841408968
14437,1.09692490101
14438,1.11711847782
14439,1.1786082983
14440,1.20646798611
14441,1.10030448437
14442,1.19787156582
14443,1.15369033813
14444,1.19639122486
14445,1.20127570629
14446,1.11490428448
14447,1.09895014763
14448,1.08657622337
14449,1.24873995781
14450,1.105017066
14451,1.1201633215
14452,1.13761174679
14453,1.21426594257
14454,1.111800313
14455,1.30402684212
14456,1.27503442764
14457,1.21285963058
14458,1.22771155834
14459,1.14832186699
14460,1.09993171692
14461,1.20410943031
14462,1.15814256668
14463,1.35548782349
14464,1.2370609045
14465,1.21587193012
14466,1.20585298538
14467,1.18705320358
14468,1.22747838497
14469,1.23291194439
14470,1.13987267017
14471,1.1445081234
14472,1.30933439732
14473,1.22691714764
14474,1.14308822155
14475,1.10164690018
14476,1.29089200497
14477,1.26264715195
14478,1.21056723595
14479,1.16622328758
14480,1.21732521057
14481,1.23308360577
14482,1.15558135509
14483,1.21035480499
14484,1.34029316902
14485,1.24148929119
14486,1.16308152676
14487,1.15530633926
14488,1.14409816265
14489,1.14822900295
14490,1.17247200012
14491,1.1472235918
14492,1.17913627625
14493,1.14744794369
14494,1.19828796387
14495,1.17817652225
14496,1.18327081203
14497,1.20659983158
14498,1.14861178398
14499,1.1704685688
14500,1.19009613991
14501,1.17375612259
14502,1.1790920496
14503,1.21312987804
14504,1.17874133587
14505,1.13277208805
14506,1.25510382652
14507,1.18662118912
14508,1.25183534622
14509,1.21172904968
14510,1.14262878895
14511,1.1600369215
14512,1.15431308746
14513,1.11947786808
14514,1.14955806732
14515,1.22761917114
14516,1.16646289825
14517,1.37395501137
14518,1.33308982849
14519,1.28369665146
14520,1.17038881779
14521,1.14981198311
14522,1.11214101315
14523,1.18220639229
14524,1.19579994678
14525,1.11873912811
14526,1.22478985786
14527,1.25636255741
14528,1.20580589771
14529,1.23623943329
14530,1.2004108429
14531,1.21475827694
14532,1.17051565647
14533,1.18651604652
14534,1.19904875755
14535,1.11876225471
14536,1.2253074646
14537,1.22644507885
14538,1.18733167648
14539,1.13650774956
14540,1.20233309269
14541,1.17264711857
14542,1.21459138393
14543,1.1272790432
14544,1.1876282692
14545,1.25576794147
14546,1.18604183197
14547,1.13566827774
14548,1.15657806396
14549,1.122351408
14550,1.12829995155
14551,1.19774079323
14552,1.21149742603
14553,1.13059592247
14554,1.09655153751
14555,1.13585007191
14556,1.19867265224
14557,1.14312279224
14558,1.25197863579
14559,1.22520768642
14560,1.14688575268
14561,1.17005443573
14562,1.15171980858
14563,1.18018007278
14564,1.18695259094
14565,1.20153415203
14566,1.17471194267
14567,1.19316840172
14568,1.21637439728
14569,1.16176652908
14570,1.12775599957
14571,1.11323916912
14572,1.13892912865
14573,1.18702673912
14574,1.16202032566
14575,1.15169715881
14576,1.23860037327
14577,1.17452251911
14578,1.13547348976
14579,1.20890784264
14580,1.23480367661
14581,1.19755256176
14582,1.15109705925
14583,1.18229949474
14584,1.12024116516
14585,1.12819123268
14586,1.1393917799
14587,1.16491770744
14588,1.25101971626
14589,1.13644754887
14590,1.17313194275
14591,1.15887832642
14592,1.16901385784
14593,1.24360775948
14594,1.10830533504
14595,1.23677229881
14596,1.2521276474
14597,1.22169816494
14598,1.12464594841
14599,1.16620850563
14600,1.16525161266
14601,1.23806202412
14602,1.19694638252
14603,1.11949217319
14604,1.16468942165
14605,1.16539621353
14606,1.17374813557
14607,1.17326200008
14608,1.18925583363
14609,1.1444324255
14610,1.25896823406
14611,1.33158791065
14612,1.0833221674
14613,1.24291574955
14614,1.18537914753
14615,1.20242714882
14616,1.17457067966
14617,1.16264533997
14618,1.11411643028
14619,1.18924164772
14620,1.32985210419
14621,1.18050432205
14622,1.24003946781
14623,1.27007758617
14624,1.17958545685
14625,1.12974345684
14626,1.15741086006
14627,1.18697142601
14628,1.24899435043
14629,1.27264773846
14630,1.17034006119
14631,1.08025622368
14632,1.17180192471
14633,1.17537164688
14634,1.14789974689
14635,1.20523881912
14636,1.20403265953
14637,1.08906662464
14638,1.12523090839
14639,1.20883285999
14640,1.32261610031
14641,1.17255282402
14642,1.24630713463
14643,1.22081851959
14644,1.15332210064
14645,1.16764986515
14646,1.16017258167
14647,1.20894551277
14648,1.27326357365
14649,1.1495680809
14650,1.21503126621
14651,1.15235328674
14652,1.11883461475
14653,1.14688265324
14654,1.1912330389
14655,1.16793751717
14656,1.12278747559
14657,1.22621095181
14658,1.1017357111
14659,1.12101042271
14660,1.19791865349
14661,1.19478702545
14662,1.17165565491
14663,1.20551562309
14664,1.18540489674
14665,1.16289794445
14666,1.19351994991
14667,1.12270200253
14668,1.27862668037
14669,1.14318478107
14670,1.15425002575
14671,1.1243121624
14672,1.21212089062
14673,1.15600299835
14674,1.10624027252
14675,1.13121020794
14676,1.10337364674
14677,1.16038405895
14678,1.16532862186
14679,1.05274677277
14680,1.19024395943
14681,1.18250024319
14682,1.09260392189
14683,1.17477464676
14684,1.12949860096
14685,1.09942364693
14686,1.20208382607
14687,1.13027608395
14688,1.32120192051
14689,1.29756832123
14690,1.21869552135
14691,1.09966278076
14692,1.15023243427
14693,1.22649657726
14694,1.18886375427
14695,1.19121658802
14696,1.18736195564
14697,1.21160185337
14698,1.16482532024
14699,1.25626003742
14700,1.31246912479
14701,1.16792500019
14702,1.200766325
14703,1.17721796036
14704,1.15342843533
14705,1.12713325024
14706,1.17001950741
14707,1.22309327126
14708,1.07873606682
14709,1.12397396564
14710,1.10935866833
14711,1.08822572231
14712,1.23302733898
14713,1.14747464657
14714,1.23306560516
14715,1.15653431416
14716,1.13161730766
14717,1.21466779709
14718,1.14545881748
14719,1.17333817482
14720,1.09500038624
14721,1.14662587643
14722,1.14769816399
14723,1.14857649803
14724,1.18810081482
14725,1.2662409544
14726,1.2479776144
14727,1.12843799591
14728,1.12764024734
14729,1.26606523991
14730,1.17031681538
14731,1.14284622669
14732,1.23597300053
14733,1.22800481319
14734,1.19402575493
14735,1.17521333694
14736,1.12704086304
14737,1.1490727663
14738,1.12855315208
14739,1.14238417149
14740,1.20660841465
14741,1.24316120148
14742,1.1625020504
14743,1.27971017361
14744,1.11956977844
14745,1.19289278984
14746,1.11221194267
14747,1.14595389366
14748,1.18330168724
14749,1.11113333702
14750,1.17146456242
14751,1.2228281498
14752,1.0802526474
14753,1.134308815
14754,1.16947424412
14755,1.17373859882
14756,1.17094659805
14757,1.15085554123
14758,1.1624699831
14759,1.20319199562
14760,1.11543881893
14761,1.16059362888
14762,1.18439745903
14763,1.06329011917
14764,1.19201767445
14765,1.16079843044
14766,1.15718388557
14767,1.22082412243
14768,1.19220089912
14769,1.08591365814
14770,1.13413631916
14771,1.1667047739
14772,1.08829438686
14773,1.12285447121
14774,1.18242228031
14775,1.10301756859
14776,1.15871572495
14777,1.15796208382
14778,1.19059717655
14779,1.23877573013
14780,1.16149830818
14781,1.17213177681
14782,1.18225109577
14783,1.14231824875
14784,1.1407648325
14785,1.13194024563
14786,1.17624092102
14787,1.15232646465
14788,1.07804465294
14789,1.07603979111
14790,1.14935719967
14791,1.09644818306
14792,1.24911880493
14793,1.15574789047
14794,1.13101756573
14795,1.27133870125
14796,1.16882872581
14797,1.21313428879
14798,1.13519430161
14799,1.21284854412
14800,1.06817376614
14801,1.23129749298
14802,1.149969697
14803,1.18166601658
14804,1.1308978796
14805,1.22783732414
14806,1.17093133926
14807,1.11256492138
14808,1.21446764469
14809,1.20502710342
14810,1.1702927351
14811,1.19699680805
14812,1.23261499405
14813,1.10642695427
14814,1.18680894375
14815,1.12397360802
14816,1.15294086933
14817,1.2314504385
14818,1.25568032265
14819,1.19749486446
14820,1.14264428616
14821,1.17527651787
14822,1.10450458527
14823,1.19419968128
14824,1.16669034958
14825,1.25380277634
14826,1.24088478088
14827,1.19261312485
14828,1.12668442726
14829,1.08735203743
14830,1.23577010632
14831,1.14105188847
14832,1.15513718128
14833,1.14429366589
14834,1.18036592007
14835,1.18008053303
14836,1.16960942745
14837,1.11717998981
14838,1.19241070747
14839,1.21461415291
14840,1.21575295925
14841,1.20219576359
14842,1.10846936703
14843,1.33809971809
14844,1.17550480366
14845,1.18941783905
14846,1.16600894928
14847,1.15087211132
14848,1.18610310555
14849,1.13836121559
14850,1.17228972912
14851,1.10834610462
14852,1.15967547894
14853,1.13871312141
14854,1.16222476959
14855,1.2934012413
14856,1.12956917286
14857,1.13198101521
14858,1.27921998501
14859,1.19918787479
14860,1.12678921223
14861,1.15744996071
14862,1.19090223312
14863,1.15930843353
14864,1.19687521458
14865,1.14993417263
14866,1.15448629856
14867,1.16620242596
14868,1.22388076782
14869,1.16320431232
14870,1.13818073273
14871,1.15149235725
14872,1.1813390255
14873,1.20386314392
14874,1.16131234169
14875,1.14774978161
14876,1.20467877388
14877,1.0849981308
14878,1.1308991909
14879,1.15569889545
14880,1.07842576504
14881,1.15184628963
14882,1.21170556545
14883,1.15264356136
14884,1.24715518951
14885,1.15520620346
14886,1.27723026276
14887,1.16038608551
14888,1.20861029625
14889,1.14506232738
14890,1.12059104443
14891,1.16375768185
14892,1.14739012718
14893,1.10158920288
14894,1.17325735092
14895,1.17986607552
14896,1.15168309212
14897,1.22191822529
14898,1.20441436768
14899,1.28591632843
14900,1.20367240906
14901,1.17263352871
14902,1.2204515934
14903,1.17210352421
14904,1.24272358418
14905,1.20816612244
14906,1.21531975269
14907,1.2171652317
14908,1.25781047344
14909,1.11485040188
14910,1.19203495979
14911,1.22610390186
14912,1.19489181042
14913,1.17121660709
14914,1.24370026588
14915,1.09326303005
14916,1.26668989658
14917,1.18328773975
14918,1.26363015175
14919,1.23845279217
14920,1.16813266277
14921,1.25405967236
14922,1.20992350578
14923,1.24200546741
14924,1.20403409004
14925,1.20160138607
14926,1.17772734165
14927,1.25194907188
14928,1.20420980453
14929,1.12938213348
14930,1.0997107029
14931,1.11110913754
14932,1.16597616673
14933,1.2192145586
14934,1.10121273994
14935,1.18378508091
14936,1.18470072746
14937,1.1720277071
14938,1.26047003269
14939,1.1698372364
14940,1.29269814491
14941,1.16678571701
14942,1.18012499809
14943,1.15616714954
14944,1.09943318367
14945,1.19016718864
14946,1.1910520792
14947,1.24746084213
14948,1.17327809334
14949,1.1704056263
14950,1.12448608875
14951,1.13337481022
14952,1.29512381554
14953,1.2344609499
14954,1.05561029911
14955,1.26065611839
14956,1.13490283489
14957,1.15663194656
14958,1.06295239925
14959,1.19920647144
14960,1.18542361259
14961,1.16704785824
14962,1.19946289062
14963,1.22904884815
14964,1.22740519047
14965,1.14826047421
14966,1.16021120548
14967,1.1481782198
14968,1.25348114967
14969,1.21432995796
14970,1.1457722187
14971,1.19407176971
14972,1.10764694214
14973,1.00272250175
14974,1.2075830698
14975,1.20058310032
14976,1.19849967957
14977,1.34895312786
14978,1.21313786507
14979,1.17447137833
14980,1.14721155167
14981,1.19090735912
14982,1.24546539783
14983,1.06580638885
14984,1.24966955185
14985,1.13881456852
14986,1.13442015648
14987,1.27315878868
14988,1.25673627853
14989,1.2108438015
14990,1.1726783514
14991,1.19916200638
14992,1.16786730289
14993,1.10294616222
14994,1.15220749378
14995,1.11706733704
14996,1.18086159229
14997,1.14282274246
14998,1.17325377464
14999,1.23748171329
15000,1.1182551384
15001,1.16138017178
15002,1.10911738873
15003,1.08654820919
15004,1.06851029396
15005,1.11703169346
15006,1.22257483006
15007,1.08678436279
15008,1.16446721554
15009,1.13651561737
15010,1.09061479568
15011,1.2052090168
15012,1.13391554356
15013,1.1833575964
15014,1.28484380245
15015,1.17281484604
15016,1.21969592571
15017,1.14337027073
15018,1.25751650333
15019,1.22335326672
15020,1.19342446327
15021,1.14123010635
15022,1.13723611832
15023,1.21305549145
15024,1.1935915947
15025,1.16647613049
15026,1.15243256092
15027,1.13092660904
15028,1.10208952427
15029,1.21036481857
15030,1.20522475243
15031,1.19037044048
15032,1.25832748413
15033,1.16859424114
15034,1.27606797218
15035,1.22629082203
15036,1.1638686657
15037,1.19987523556
15038,1.22232866287
15039,1.13147413731
15040,1.22552287579
15041,1.15432310104
15042,1.13896262646
15043,1.16090643406
15044,1.25166130066
15045,1.08233129978
15046,1.16016745567
15047,1.18159925938
15048,1.25349152088
15049,1.29878079891
15050,1.09901428223
15051,1.14422261715
15052,1.21987760067
15053,1.18443644047
15054,1.15707969666
15055,1.17571103573
15056,1.17447066307
15057,1.18933534622
15058,1.20793962479
15059,1.17747354507
15060,1.20445632935
15061,1.19778931141
15062,1.17355036736
15063,1.17254710197
15064,1.20190823078
15065,1.22138810158
15066,1.29404950142
15067,1.21518981457
15068,1.1274882555
15069,1.17921686172
15070,1.19111526012
15071,1.24745261669
15072,1.15341365337
15073,1.17827117443
15074,1.18237805367
15075,1.2342915535
15076,1.17645454407
15077,1.16363453865
15078,1.18132245541
15079,1.15224516392
15080,1.18116998672
15081,1.11635410786
15082,1.16261780262
15083,1.13562035561
15084,1.20670926571
15085,1.16981697083
15086,1.06346309185
15087,1.22871041298
15088,1.09940946102
15089,1.27700078487
15090,1.17098176479
15091,1.14105927944
15092,1.12242770195
15093,1.22833871841
15094,1.25839579105
15095,1.15378034115
15096,1.3886910677
15097,1.19958949089
15098,1.18838274479
15099,1.21175420284
15100,1.32216978073
15101,1.22832560539
15102,1.23882508278
15103,1.15928196907
15104,1.21743690968
15105,1.16532480717
15106,1.26812624931
15107,1.23125290871
15108,1.21870529652
15109,1.15610611439
15110,1.14382636547
15111,1.18733048439
15112,1.16736185551
15113,1.15640866756
15114,1.16211748123
15115,1.19069766998
15116,1.25511956215
15117,1.21085774899
15118,1.24993181229
15119,1.15229356289
15120,1.30390822887
15121,1.14716351032
15122,1.11847794056
15123,1.14739191532
15124,1.22671604156
15125,1.20424854755
15126,1.14359652996
15127,1.18985903263
15128,1.09418666363
15129,1.12646198273
15130,1.18016970158
15131,1.20938837528
15132,1.21630012989
15133,1.16925358772
15134,1.3139373064
15135,1.23970901966
15136,1.21687328815
15137,1.14429783821
15138,1.12635719776
15139,1.11967432499
15140,1.12413191795
15141,1.15965616703
15142,1.16787385941
15143,1.21529221535
15144,1.26744866371
15145,1.16576480865
15146,1.06018400192
15147,1.21481096745
15148,1.17376279831
15149,1.13915848732
15150,1.27326714993
15151,1.12375044823
15152,1.1487326622
15153,1.22322189808
15154,1.27847576141
15155,1.11592042446
15156,1.07315766811
15157,1.13196742535
15158,1.30308556557
15159,1.24914956093
15160,1.09678649902
15161,1.11081504822
15162,1.25587415695
15163,1.2060226202
15164,1.10982370377
15165,1.22771000862
15166,1.30690181255
15167,1.18380630016
15168,1.15269875526
15169,1.24438118935
15170,1.22793376446
15171,1.20155358315
15172,1.10564422607
15173,1.07666325569
15174,1.11599218845
15175,1.36057186127
15176,1.20516753197
15177,1.20471334457
15178,1.33575928211
15179,1.21849358082
15180,1.33248889446
15181,1.11475479603
15182,1.13734388351
15183,1.081797719
15184,1.22970175743
15185,1.14301931858
15186,1.19450652599
15187,1.1893787384
15188,1.13743102551
15189,1.21889710426
15190,1.12132048607
15191,1.20276045799
15192,1.19528949261
15193,1.16495513916
15194,1.25479495525
15195,1.1678301096
15196,1.16703677177
15197,1.11977267265
15198,1.20936191082
15199,1.28635668755
15200,1.17699992657
15201,1.20140123367
15202,1.17072677612
15203,1.20845770836
15204,1.11759674549
15205,1.30281054974
15206,1.1829097271
15207,1.19909918308
15208,1.17394292355
15209,1.14589881897
15210,1.25626623631
15211,1.14013898373
15212,1.18279075623
15213,1.22480666637
15214,1.20318710804
15215,1.2101650238
15216,1.23627102375
15217,1.26975727081
15218,1.14118587971
15219,1.16017150879
15220,1.13733077049
15221,1.14436686039
15222,1.21463239193
15223,1.25959348679
15224,1.26012265682
15225,1.24727261066
15226,1.15927064419
15227,1.19552731514
15228,1.18498551846
15229,1.16200244427
15230,1.1174902916
15231,1.22766840458
15232,1.15982997417
15233,1.16472792625
15234,1.13487768173
15235,1.2038834095
15236,1.23178184032
15237,1.21714293957
15238,1.11270046234
15239,1.17679536343
15240,1.14542508125
15241,1.1650698185
15242,1.22481608391
15243,1.20724320412
15244,1.10294866562
15245,1.1652507782
15246,1.2187012434
15247,1.27345871925
15248,1.20736551285
15249,1.20363247395
15250,1.25437784195
15251,1.22995865345
15252,1.17305576801
15253,1.24176192284
15254,1.15547680855
15255,1.18010926247
15256,1.22223377228
15257,1.07468736172
15258,1.20392096043
15259,1.05919837952
15260,1.1662800312
15261,1.24364495277
15262,1.27115678787
15263,1.32400369644
15264,1.13470876217
15265,1.17804694176
15266,1.072676301
15267,1.16595828533
15268,1.10117554665
15269,1.18376421928
15270,1.22948122025
15271,1.18407273293
15272,1.1984218359
15273,1.12720942497
15274,1.19693624973
15275,1.18609499931
15276,1.13134980202
15277,1.15781092644
15278,1.25845003128
15279,1.19286763668
15280,1.19252490997
15281,1.1828905344
15282,1.15990924835
15283,1.07886922359
15284,1.15545499325
15285,1.13804447651
15286,1.22041022778
15287,1.10610556602
15288,1.19568145275
15289,1.2703486681
15290,1.19989526272
15291,1.20081543922
15292,1.19915401936
15293,1.20662236214
15294,1.1438164711
15295,1.13525950909
15296,1.18202507496
15297,1.14797019958
15298,1.15761423111
15299,1.28990447521
15300,1.21030783653
15301,1.15376842022
15302,1.14811241627
15303,1.14298093319
15304,1.1831458807
15305,1.14565229416
15306,1.18331849575
15307,1.31214475632
15308,1.19372558594
15309,1.29204571247
15310,1.25944447517
15311,1.24018287659
15312,1.19165766239
15313,1.27608573437
15314,1.23997402191
15315,1.24855768681
15316,1.16418218613
15317,1.17366230488
15318,1.1813338995
15319,1.1158028841
15320,1.26788032055
15321,1.20133662224
15322,1.23702895641
15323,1.11090564728
15324,1.14811611176
15325,1.19040441513
15326,1.18994891644
15327,1.18478238583
15328,1.11350810528
15329,1.13753068447
15330,1.27664363384
15331,1.21873581409
15332,1.25090062618
15333,1.29269611835
15334,1.17035996914
15335,1.17025148869
15336,1.20121157169
15337,1.19847583771
15338,1.13067853451
15339,1.12640023232
15340,1.15913927555
15341,1.15419721603
15342,1.20952820778
15343,1.22946941853
15344,1.18543922901
15345,1.21993851662
15346,1.1062527895
15347,1.14274477959
15348,1.16385924816
15349,1.20847213268
15350,1.04505360126
15351,1.16238999367
15352,1.30132007599
15353,1.06806755066
15354,1.26726543903
15355,1.29538607597
15356,1.12130367756
15357,1.24873816967
15358,1.18741607666
15359,1.09523797035
15360,1.21342337132
15361,1.18540048599
15362,1.26506268978
15363,1.1514005661
15364,1.19472146034
15365,1.19630479813
15366,1.20804393291
15367,1.24242508411
15368,1.19894719124
15369,1.20878088474
15370,1.12365150452
15371,1.16978275776
15372,1.15829741955
15373,1.12513482571
15374,1.19336366653
15375,1.27616667747
15376,1.15432810783
15377,1.32536685467
15378,1.23739755154
15379,1.22628962994
15380,1.07862317562
15381,1.13362193108
15382,1.09746074677
15383,1.15531599522
15384,1.18209290504
15385,1.23337697983
15386,1.19680464268
15387,1.23779428005
15388,1.15453076363
15389,1.09098410606
15390,1.20775461197
15391,1.2142021656
15392,1.09360814095
15393,1.27840721607
15394,1.25160562992
15395,1.10705113411
15396,1.13258433342
15397,1.2265535593
15398,1.16828048229
15399,1.20797836781
15400,1.18806266785
15401,1.08417928219
15402,1.16496312618
15403,1.17653119564
15404,1.23519802094
15405,1.22298932076
15406,1.17571747303
15407,1.14046132565
15408,1.16231739521
15409,1.19115614891
15410,1.15580260754
15411,1.23286926746
15412,1.18273675442
15413,1.1663402319
15414,1.12736606598
15415,1.18086290359
15416,1.17229998112
15417,1.13589930534
15418,1.22126090527
15419,1.14715778828
15420,1.29153931141
15421,1.17804765701
15422,1.24451899529
15423,1.12760865688
15424,1.24092364311
15425,1.14868116379
15426,1.14595472813
15427,1.12430691719
15428,1.13921248913
15429,1.13136672974
15430,1.22861707211
15431,1.16984403133
15432,1.21234536171
15433,1.09376990795
15434,1.18147993088
15435,1.20457804203
15436,1.22005426884
15437,1.2469830513
15438,1.24330413342
15439,1.20955657959
15440,1.34597396851
15441,1.25594890118
15442,1.16716372967
15443,1.22137665749
15444,1.21456825733
15445,1.16358423233
15446,1.16818463802
15447,1.1662170887
15448,1.29927635193
15449,1.13982892036
15450,1.16472923756
15451,1.1416580677
15452,1.12212884426
15453,1.2565510273
15454,1.14167416096
15455,1.22983276844
15456,1.18979847431
15457,1.06542742252
15458,1.14532983303
15459,1.23797917366
15460,1.19808065891
15461,1.16678452492
15462,1.13851082325
15463,1.24669337273
15464,1.11162519455
15465,1.16964912415
15466,1.26928412914
15467,1.17814958096
15468,1.22357618809
15469,1.30435180664
15470,1.11937308311
15471,1.18503522873
15472,1.21118497849
15473,1.15881884098
15474,1.19544398785
15475,1.20324790478
15476,1.27958703041
15477,1.25537347794
15478,1.1630371809
15479,1.24463701248
15480,1.078535676
15481,1.37053024769
15482,1.23477721214
15483,1.26731610298
15484,1.23018729687
15485,1.14580273628
15486,1.15889155865
15487,1.27000939846
15488,1.21755027771
15489,1.1632335186
15490,1.25159609318
15491,1.19784855843
15492,1.23786711693
15493,1.14309632778
15494,1.32793176174
15495,1.09406304359
15496,1.19246649742
15497,1.16357862949
15498,1.20136678219
15499,1.18115794659
15500,1.20301616192
15501,1.1825248003
15502,1.17591571808
15503,1.24075865746
15504,1.22726750374
15505,1.19160974026
15506,1.17053997517
15507,1.16832888126
15508,1.11961305141
15509,1.06346523762
15510,1.06607151031
15511,1.23647797108
15512,1.22994792461
15513,1.21734619141
15514,1.13874590397
15515,1.20427441597
15516,1.15247452259
15517,1.23219561577
15518,1.17895972729
15519,1.20398652554
15520,1.26086163521
15521,1.20352995396
15522,1.15424251556
15523,1.12313294411
15524,1.2190721035
15525,1.1505651474
15526,1.14716005325
15527,1.19986534119
15528,1.22348940372
15529,1.20561420918
15530,1.22822499275
15531,1.26668357849
15532,1.18394434452
15533,1.14871525764
15534,1.15595722198
15535,1.27103281021
15536,1.19000267982
15537,1.1400500536
15538,1.17588686943
15539,1.25097954273
15540,1.13447618484
15541,1.22346401215
15542,1.14457976818
15543,1.19243526459
15544,1.18646907806
15545,1.24296247959
15546,1.15233266354
15547,1.19902086258
15548,1.27326023579
15549,1.12077212334
15550,1.23575663567
15551,1.29019224644
15552,1.12010216713
15553,1.21948552132
15554,1.12763822079
15555,1.27486085892
15556,1.23680186272
15557,1.24077677727
15558,1.15558624268
15559,1.16326296329
15560,1.12587428093
15561,1.16903984547
15562,1.13282930851
15563,1.15109360218
15564,1.1832754612
15565,1.10041177273
15566,1.22116279602
15567,1.25372850895
15568,1.22689211369
15569,1.29467523098
15570,1.20742964745
15571,1.23763847351
15572,1.18473505974
15573,1.35520529747
15574,1.28009581566
15575,1.22870373726
15576,1.20184516907
15577,1.15856266022
15578,1.26441299915
15579,1.19088661671
15580,1.14502835274
15581,1.25458610058
15582,1.17128133774
15583,1.17937421799
15584,1.24709367752
15585,1.19098258018
15586,1.11265301704
15587,1.12655639648
15588,1.14085388184
15589,1.25687944889
15590,1.2244399786
15591,1.1703363657
15592,1.14732027054
15593,1.21520662308
15594,1.09525418282
15595,1.19518172741
15596,1.05769193172
15597,1.17202997208
15598,1.17859828472
15599,1.20757269859
15600,1.31620538235
15601,1.15434455872
15602,1.24119055271
15603,1.27064502239
15604,1.25987803936
15605,1.17997312546
15606,1.25036621094
15607,1.17672002316
15608,1.11070263386
15609,1.26844394207
15610,1.19882690907
15611,1.21744120121
15612,1.2226973772
15613,1.17760515213
15614,1.12835717201
15615,1.13302755356
15616,1.22633957863
15617,1.17738044262
15618,1.20997583866
15619,1.18209600449
15620,1.1189006567
15621,1.26500797272
15622,1.1897418499
15623,1.20062839985
15624,1.06517136097
15625,1.20740234852
15626,1.20839953423
15627,1.20512986183
15628,1.15817856789
15629,1.16190731525
15630,2.33906841278
