global_step,gradient_norm
1,4.7066488266
2,4.76697397232
3,4.78272771835
4,4.7665348053
5,4.79082202911
6,4.65753746033
7,4.60908889771
8,4.53589582443
9,4.43761634827
10,4.25969266891
11,4.14655590057
12,3.95206212997
13,3.77767848969
14,3.61170530319
15,3.39848232269
16,3.24471402168
17,3.15071153641
18,3.07104825974
19,2.94927024841
20,2.90079116821
21,2.82480716705
22,2.78127670288
23,2.73244476318
24,2.68102550507
25,2.64775657654
26,2.58204054832
27,2.56045866013
28,2.54644465446
29,2.51265788078
30,2.48374342918
31,2.4848382473
32,2.47915005684
33,2.48048067093
34,2.49279427528
35,2.45097875595
36,2.47077918053
37,2.47320270538
38,2.42617082596
39,2.46172428131
40,2.4428832531
41,2.43238091469
42,2.42679309845
43,2.42842912674
44,2.43220543861
45,2.41098928452
46,2.38776612282
47,2.40524077415
48,2.418602705
49,2.38823151588
50,2.37393140793
51,2.36702084541
52,2.37871408463
53,2.35957741737
54,2.33403968811
55,2.33439040184
56,2.26464915276
57,2.27290630341
58,2.24678373337
59,2.23788022995
60,2.24805617332
61,2.24984550476
62,2.22448420525
63,2.23206734657
64,2.2135283947
65,2.18685674667
66,2.18502211571
67,2.15947008133
68,2.13681983948
69,2.1946618557
70,2.11513018608
71,2.13706946373
72,2.11248064041
73,2.12641811371
74,2.07601356506
75,2.11021494865
76,2.06078910828
77,2.05549526215
78,2.0926759243
79,2.03659296036
80,2.01943063736
81,2.09271812439
82,2.05420517921
83,1.99525213242
84,2.01940488815
85,1.99003767967
86,1.97973299026
87,2.01181149483
88,1.96726810932
89,1.9569517374
90,1.93243145943
91,1.92513251305
92,1.85875117779
93,1.88880217075
94,1.88692510128
95,1.86612939835
96,1.83638632298
97,1.83655059338
98,1.83498334885
99,1.75444114208
100,1.79341971874
101,1.77122402191
102,1.75307261944
103,1.75353777409
104,1.72109889984
105,1.7358186245
106,1.66862642765
107,1.69458031654
108,1.68091380596
109,1.65753531456
110,1.68495845795
111,1.59708440304
112,1.63679075241
113,1.70325553417
114,1.6013931036
115,1.60007607937
116,1.56426930428
117,1.46663892269
118,1.51339042187
119,1.49050021172
120,1.45546603203
121,1.4660397768
122,1.45211720467
123,1.42572236061
124,1.40391123295
125,1.50113511086
126,1.41070616245
127,1.44198596478
128,1.35163140297
129,1.40444016457
130,1.32708477974
131,1.46818828583
132,1.32128429413
133,1.29080021381
134,1.28477466106
135,1.31620180607
136,1.29528546333
137,1.37342166901
138,1.16493618488
139,1.2717320919
140,1.18995809555
141,1.1353584528
142,1.12110710144
143,1.05843853951
144,1.16257500648
145,1.19409632683
146,1.06018948555
147,1.34004068375
148,0.988975286484
149,1.15476202965
150,1.02953219414
151,1.26314783096
152,1.05012083054
153,1.10725319386
154,1.32233572006
155,0.897845447063
156,1.01150107384
157,0.943916499615
158,1.23857319355
159,1.09093248844
160,1.0366692543
161,0.988458812237
162,0.909618914127
163,1.05385398865
164,0.978796839714
165,0.843616962433
166,1.05511701107
167,0.815854787827
168,1.0435847044
169,0.84527951479
170,0.87245029211
171,1.00157046318
172,0.8155772686
173,0.781292319298
174,0.896822452545
175,0.687277257442
176,0.774343192577
177,0.812501072884
178,0.72728729248
179,0.708223879337
180,0.92099404335
181,0.710421979427
182,0.833691954613
183,0.750458478928
184,0.787871479988
185,0.833743572235
186,0.826018035412
187,0.885727286339
188,1.14416253567
189,0.797093212605
190,0.908820569515
191,0.723691999912
192,0.76125228405
193,0.763550519943
194,0.758171141148
195,0.743539214134
196,0.737161815166
197,0.772438645363
198,0.760117650032
199,0.926654696465
200,0.823092341423
201,0.781408846378
202,0.961386740208
203,0.683709979057
204,0.861567020416
205,0.786089360714
206,0.658706009388
207,0.740198612213
208,0.848343670368
209,0.743897080421
210,0.725957810879
211,0.769138455391
212,0.798695147038
213,0.762783706188
214,0.66135007143
215,0.724086999893
216,0.696476340294
217,0.731916189194
218,0.827749013901
219,0.861991167068
220,0.792159259319
221,0.883248150349
222,0.761515974998
223,0.888632774353
224,0.7492146492
225,0.704636991024
226,0.866443753242
227,0.798629999161
228,0.924854338169
229,0.661971986294
230,0.940699398518
231,0.88278824091
232,0.929707050323
233,0.976177632809
234,0.728756308556
235,0.821809113026
236,0.782215416431
237,0.832366704941
238,0.895758926868
239,0.892639398575
240,1.02284407616
241,0.818587064743
242,0.836634576321
243,0.932572722435
244,1.09830534458
245,1.00456213951
246,0.845452666283
247,0.877644956112
248,0.828688144684
249,1.11264967918
250,0.948526978493
251,0.992940604687
252,0.828618228436
253,0.875250160694
254,0.901364922523
255,0.911667406559
256,1.19187021255
257,0.85588157177
258,0.858038306236
259,0.879806101322
260,0.793981552124
261,1.09058892727
262,0.830273985863
263,1.0457764864
264,0.941759884357
265,0.928984045982
266,0.924703359604
267,0.913975000381
268,0.84843403101
269,0.95913630724
270,1.07353746891
271,1.05513310432
272,1.2669159174
273,1.03128600121
274,1.13763964176
275,1.07716059685
276,1.13326096535
277,1.14682292938
278,1.08768570423
279,1.19039189816
280,0.917127668858
281,1.14336621761
282,1.08567345142
283,1.10763573647
284,0.905022025108
285,1.03275680542
286,0.892221271992
287,0.922003209591
288,1.20731186867
289,1.12015640736
290,1.11473357677
291,0.831647336483
292,1.12252175808
293,1.19443130493
294,1.31448996067
295,1.26762497425
296,1.1425806284
297,1.25306463242
298,1.21463119984
299,1.13855445385
300,1.25242638588
301,1.17250490189
302,0.956309378147
303,1.06972014904
304,1.1672950983
305,1.40928828716
306,1.01941108704
307,1.42553186417
308,1.40420520306
309,0.947642683983
310,1.39180648327
311,1.17149806023
312,1.16931724548
313,1.33840143681
314,1.00975084305
315,1.09844994545
316,1.05174601078
317,0.930994033813
318,1.23230051994
319,0.915419518948
320,1.16250085831
321,1.04345178604
322,1.30314719677
323,1.27677321434
324,1.08760499954
325,1.13249325752
326,0.942888796329
327,0.897027671337
328,1.00480246544
329,0.992084562778
330,1.05677008629
331,1.01396846771
332,1.30459880829
333,0.970550894737
334,1.04742014408
335,1.15423297882
336,1.05424916744
337,1.064204216
338,1.07491600513
339,1.12779307365
340,1.09748661518
341,1.06953382492
342,1.26234483719
343,1.05306696892
344,1.51219689846
345,1.24388384819
346,1.46988403797
347,1.47809159756
348,1.2818198204
349,1.16383743286
350,1.25444185734
351,1.0320546627
352,1.26594352722
353,1.21385884285
354,1.44277620316
355,1.1183475256
356,1.71690368652
357,1.26123631001
358,1.53899216652
359,1.15402472019
360,1.65169203281
361,1.34371185303
362,1.42691016197
363,1.41371178627
364,1.36684727669
365,1.21951460838
366,1.1366559267
367,1.17067372799
368,1.22855484486
369,1.62340700626
370,1.21741569042
371,1.40115463734
372,1.41575372219
373,1.47864031792
374,1.26177084446
375,1.37343466282
376,1.08521866798
377,1.40726339817
378,1.15366101265
379,1.40571331978
380,1.13910901546
381,1.19948840141
382,1.35570561886
383,1.71205163002
384,1.01675331593
385,1.35761463642
386,1.30159759521
387,1.45075404644
388,1.26628279686
389,1.72982144356
390,1.38140583038
391,1.67335093021
392,1.63213765621
393,2.00233960152
394,1.93732631207
395,1.48065412045
396,1.72286629677
397,1.42348754406
398,1.42341518402
399,1.40265071392
400,1.35877025127
401,1.30139791965
402,1.57277643681
403,1.54556691647
404,1.20818269253
405,1.44940936565
406,1.0015399456
407,1.39924037457
408,1.35002732277
409,1.57411813736
410,1.20088493824
411,1.47289729118
412,1.30916726589
413,1.1746057272
414,1.2143228054
415,1.5418138504
416,1.50890469551
417,1.46873819828
418,1.38481342793
419,1.11719572544
420,1.50309789181
421,1.62398898602
422,1.49717223644
423,1.7093526125
424,1.72967267036
425,1.54320681095
426,2.02940320969
427,1.72608828545
428,1.71570944786
429,1.49815964699
430,1.38742315769
431,1.78126275539
432,1.53992819786
433,1.68736946583
434,1.71009755135
435,1.26399600506
436,1.69203543663
437,1.54511725903
438,1.83930075169
439,1.61581492424
440,1.85628807545
441,1.87287223339
442,1.67808318138
443,1.57473134995
444,1.57515084743
445,2.70562076569
446,2.11522078514
447,1.75724577904
448,2.14954400063
449,1.29083192348
450,2.25973892212
451,1.82221031189
452,1.30204331875
453,1.89774227142
454,1.62967085838
455,1.48891878128
456,1.73379313946
457,2.15331625938
458,2.00237631798
459,1.88460302353
460,2.03726315498
461,1.44071173668
462,1.69803190231
463,1.27258491516
464,1.68352985382
465,1.3003731966
466,1.34237933159
467,1.37244391441
468,1.31876456738
469,1.61346948147
470,1.54844796658
471,1.43809700012
472,1.42259585857
473,1.49105501175
474,1.50143194199
475,1.45047080517
476,1.5305762291
477,1.31358265877
478,1.44705319405
479,1.8141746521
480,1.78435480595
481,1.95607709885
482,1.93883693218
483,1.62483239174
484,1.8859539032
485,1.80903792381
486,1.52540278435
487,1.25017821789
488,1.44742596149
489,1.47576248646
490,1.35229837894
491,1.59073853493
492,1.73747158051
493,1.54196345806
494,1.53823208809
495,1.38391757011
496,1.74487400055
497,1.56136226654
498,1.58186602592
499,2.16861486435
500,1.83556485176
501,1.68289160728
502,1.83332383633
503,2.05205535889
504,1.78230428696
505,2.11373400688
506,1.67495143414
507,2.52911424637
508,2.08186149597
509,1.99605667591
510,1.80745112896
511,1.58127343655
512,2.14961981773
513,1.65456843376
514,1.90656483173
515,1.92350280285
516,1.52186191082
517,1.71846210957
518,1.72869801521
519,1.82041442394
520,1.47696995735
521,1.73185908794
522,1.77036499977
523,1.78342616558
524,1.87665081024
525,1.93007314205
526,1.50197553635
527,2.17991280556
528,1.83448243141
529,1.64744091034
530,1.84224164486
531,1.78674125671
532,2.04263114929
533,1.51823663712
534,1.92842638493
535,1.76771497726
536,1.74652183056
537,1.5453286171
538,1.69973349571
539,1.76324033737
540,1.44714105129
541,1.56468129158
542,1.47340226173
543,1.7874301672
544,1.64147675037
545,1.92408847809
546,1.67597126961
547,1.79958319664
548,1.67685949802
549,1.72045218945
550,1.50136256218
551,1.57891738415
552,2.0550327301
553,1.85204124451
554,1.99023151398
555,1.82428610325
556,1.66890001297
557,1.6675350666
558,1.72255802155
559,1.70041811466
560,1.73485517502
561,1.84713947773
562,2.48109102249
563,1.58677601814
564,2.23369479179
565,1.81096410751
566,1.48928368092
567,1.53158640862
568,1.81799507141
569,1.90346002579
570,1.74561941624
571,1.74349546432
572,1.74124610424
573,1.82098639011
574,1.6425049305
575,1.68656826019
576,1.85178089142
577,1.6680136919
578,1.74815404415
579,2.01692652702
580,2.22215890884
581,1.89980185032
582,2.17159795761
583,2.05556941032
584,1.44006371498
585,1.86704003811
586,1.77723264694
587,2.06468462944
588,1.94491755962
589,2.07973837852
590,2.10702943802
591,1.80611121655
592,2.1184220314
593,1.70268058777
594,1.86417341232
595,1.61373913288
596,1.94480443001
597,1.70256662369
598,1.8552069664
599,2.01041817665
600,1.67933237553
601,1.52204287052
602,1.58138954639
603,1.90898859501
604,1.85954093933
605,1.42481482029
606,1.98323571682
607,1.82155489922
608,1.81380355358
609,1.78794264793
610,1.90473496914
611,1.94309985638
612,1.79143953323
613,1.82746481895
614,1.75913953781
615,1.45458495617
616,2.04351615906
617,1.72505795956
618,1.77681350708
619,2.1626791954
620,2.36999416351
621,1.8589605093
622,1.54877531528
623,2.24372768402
624,2.0318236351
625,1.82507562637
626,1.84330260754
627,1.55271065235
628,1.70774412155
629,1.77899944782
630,1.77915406227
631,1.93393945694
632,1.75002849102
633,1.85607421398
634,1.93875396252
635,2.40610146523
636,2.03184604645
637,1.72302079201
638,1.71601569653
639,2.24954390526
640,2.1877925396
641,1.80964660645
642,1.97565567493
643,2.38636398315
644,2.17387962341
645,2.20993542671
646,1.80483794212
647,2.25889062881
648,2.32339286804
649,1.65411198139
650,1.9665876627
651,1.90786361694
652,1.84648168087
653,1.91311085224
654,2.24357748032
655,2.56031775475
656,2.57821249962
657,2.25922727585
658,1.95966362953
659,2.3042371273
660,1.93980395794
661,1.91729223728
662,2.04606533051
663,1.95671784878
664,2.08626294136
665,2.11100792885
666,1.95167148113
667,2.29862689972
668,2.27790188789
669,1.97988283634
670,2.06106591225
671,2.10738444328
672,1.85319077969
673,1.86024296284
674,2.06581139565
675,1.90561485291
676,1.61474454403
677,1.72926986217
678,2.01206016541
679,1.95063579082
680,1.80177986622
681,2.07857728004
682,1.93545258045
683,2.41861534119
684,2.06491303444
685,2.4632627964
686,2.0762822628
687,2.96013307571
688,2.30301260948
689,1.9353055954
690,2.41027474403
691,2.10919260979
692,2.34727454185
693,1.80657947063
694,2.1819126606
695,1.7592549324
696,1.97482478619
697,2.20565509796
698,1.92620015144
699,2.08463716507
700,2.02833914757
701,2.23499035835
702,2.28519511223
703,1.80398714542
704,2.34156966209
705,1.59406220913
706,2.20922493935
707,1.74877822399
708,2.35071015358
709,2.45549488068
710,1.71769237518
711,1.88443756104
712,2.11659812927
713,1.75455129147
714,1.74975192547
715,1.77517127991
716,2.12690663338
717,1.83918964863
718,2.23976206779
719,1.95228695869
720,1.87257885933
721,1.83188056946
722,1.97007608414
723,1.91062569618
724,2.0346353054
725,1.77689433098
726,1.98811721802
727,1.98338663578
728,2.10767054558
729,1.98121750355
730,2.13252162933
731,1.96904230118
732,2.38222432137
733,1.84328114986
734,2.32122969627
735,2.09089112282
736,2.10343360901
737,2.13831114769
738,2.16161131859
739,2.44284319878
740,2.13286757469
741,2.07061982155
742,2.07494521141
743,1.94961345196
744,1.75465738773
745,2.25445389748
746,2.06345748901
747,1.93969464302
748,1.99799799919
749,2.14440965652
750,2.07074809074
751,2.24795675278
752,1.91458082199
753,1.95040369034
754,1.9378452301
755,2.2554037571
756,1.9387704134
757,2.21833825111
758,2.31481647491
759,1.95406615734
760,2.31501078606
761,2.13147592545
762,2.28880906105
763,2.44139647484
764,1.92959272861
765,2.05098748207
766,2.95378041267
767,2.26411771774
768,2.0330312252
769,2.04743528366
770,2.14740681648
771,2.02875995636
772,1.83297145367
773,1.9229041338
774,2.34533023834
775,1.90278744698
776,1.70508635044
777,1.73509192467
778,1.62579619884
779,1.81054472923
780,1.89888370037
781,1.60678112507
782,1.73715102673
783,1.67289698124
784,2.06339597702
785,1.93478703499
786,1.82069814205
787,1.8276065588
788,1.99785506725
789,1.86642348766
790,1.71569383144
791,2.01086068153
792,2.07409191132
793,1.94892990589
794,1.99510192871
795,1.7729203701
796,1.59918689728
797,1.97749125957
798,1.91431164742
799,2.1368803978
800,1.64154148102
801,2.30768465996
802,1.86687552929
803,2.11396098137
804,1.93653523922
805,1.82818746567
806,1.87503802776
807,1.63554668427
808,2.1455013752
809,1.79539358616
810,1.85622096062
811,2.0628824234
812,2.00689959526
813,2.28784775734
814,2.14889001846
815,2.02042365074
816,1.99661576748
817,1.98020076752
818,2.20812273026
819,1.80877757072
820,2.0207400322
821,1.87146997452
822,2.12935996056
823,1.96526885033
824,1.80755877495
825,2.14037251472
826,1.87195360661
827,2.06542205811
828,1.79872095585
829,1.96154165268
830,2.09276390076
831,2.03472757339
832,2.1229622364
833,1.85832870007
834,1.98457169533
835,1.69963014126
836,2.07439517975
837,1.80071222782
838,2.23752713203
839,1.92469167709
840,1.85534775257
841,1.83268535137
842,1.93487823009
843,2.0384953022
844,1.80948102474
845,2.17266941071
846,1.77976262569
847,2.1083881855
848,2.08156824112
849,2.13668727875
850,2.14640283585
851,2.40860533714
852,1.95059335232
853,2.06579995155
854,1.88178575039
855,2.03628349304
856,2.37658810616
857,2.0454761982
858,2.05577635765
859,1.92723059654
860,1.72981381416
861,1.97078073025
862,2.12749791145
863,1.78999435902
864,2.21912050247
865,1.84529578686
866,1.80876517296
867,1.90527904034
868,1.91173708439
869,2.28191375732
870,2.1519882679
871,2.36649703979
872,2.05014562607
873,1.8269174099
874,2.38568663597
875,1.8093136549
876,2.04112052917
877,2.0701239109
878,1.94271242619
879,2.08251571655
880,2.24644613266
881,2.20953607559
882,1.96682345867
883,1.92790186405
884,2.34413266182
885,1.99752366543
886,2.14618778229
887,1.64624798298
888,1.86662352085
889,1.93131768703
890,2.25116991997
891,1.76515901089
892,2.07704854012
893,1.75916218758
894,1.81955516338
895,1.83435690403
896,1.90222382545
897,2.01051878929
898,1.7695132494
899,2.19661879539
900,1.90143585205
901,1.88619112968
902,1.98114943504
903,2.03304481506
904,2.0009572506
905,2.01081728935
906,2.08593392372
907,2.2008523941
908,2.09079027176
909,2.13589167595
910,1.77218389511
911,2.0392267704
912,1.96613740921
913,1.90976476669
914,1.92070770264
915,2.12337255478
916,1.9765099287
917,2.00895476341
918,1.74710416794
919,1.82227170467
920,2.04934024811
921,2.18067646027
922,2.07115006447
923,1.97696506977
924,1.90720629692
925,2.0519297123
926,1.75093889236
927,1.97487616539
928,2.02593207359
929,2.10860157013
930,1.91586720943
931,2.09281015396
932,1.74877774715
933,1.91558039188
934,2.12259864807
935,1.75908660889
936,2.10591340065
937,2.35559892654
938,1.92949724197
939,1.80283653736
940,2.27140402794
941,1.83855807781
942,1.95318114758
943,2.0688188076
944,1.95022380352
945,2.0957429409
946,1.74223828316
947,2.12632441521
948,1.8167347908
949,1.75532436371
950,1.91494786739
951,1.81022715569
952,1.89050686359
953,1.69088900089
954,1.7548981905
955,1.92751276493
956,1.87662243843
957,2.16399002075
958,2.02792811394
959,2.12429332733
960,2.05295348167
961,2.00351405144
962,1.71892416477
963,1.61227273941
964,2.25736498833
965,2.00515794754
966,2.02623963356
967,2.00088477135
968,1.82739281654
969,1.68867075443
970,2.1164727211
971,1.85203278065
972,1.88983821869
973,2.01463341713
974,1.98040521145
975,1.99774742126
976,1.84474790096
977,2.14272165298
978,2.01680994034
979,2.22604513168
980,2.12463569641
981,2.01800656319
982,2.34368658066
983,2.19054722786
984,2.12828779221
985,2.63549613953
986,2.32359743118
987,1.82391297817
988,1.83913040161
989,1.80128729343
990,2.07476830482
991,2.21641516685
992,2.07305812836
993,1.89225924015
994,1.8134522438
995,1.86120378971
996,1.83295893669
997,1.82442712784
998,2.0070707798
999,1.70001351833
1000,2.0666282177
1001,1.85450422764
1002,2.10666298866
1003,1.89534282684
1004,1.88251709938
1005,1.8986364603
1006,1.81175136566
1007,1.85770773888
1008,2.19178462029
1009,1.81933939457
1010,2.29371333122
1011,1.757584095
1012,2.17410087585
1013,1.95184659958
1014,1.77635908127
1015,2.34705805779
1016,1.94052886963
1017,1.90241110325
1018,1.94052350521
1019,1.86363077164
1020,1.72533226013
1021,2.11914396286
1022,2.29236674309
1023,1.84510529041
1024,1.81451773643
1025,1.92574620247
1026,1.94878578186
1027,1.87427771091
1028,1.90666890144
1029,1.68616139889
1030,1.69146871567
1031,2.11522531509
1032,1.91818344593
1033,1.74692571163
1034,2.13740468025
1035,1.95668745041
1036,1.80186772346
1037,2.18493819237
1038,1.90348732471
1039,1.66936647892
1040,1.94351601601
1041,1.93209385872
1042,1.81406092644
1043,1.74688112736
1044,2.08113408089
1045,1.91131770611
1046,1.80608737469
1047,1.94388341904
1048,1.85693836212
1049,2.12217473984
1050,1.7292470932
1051,1.72142767906
1052,2.25627040863
1053,1.99251723289
1054,2.03571438789
1055,2.08940219879
1056,1.9734171629
1057,2.00565838814
1058,2.05176711082
1059,1.72186636925
1060,1.83362472057
1061,1.82972788811
1062,2.07243037224
1063,1.87649071217
1064,1.78926455975
1065,2.0547709465
1066,2.19008278847
1067,1.87545919418
1068,2.10145950317
1069,2.13682317734
1070,1.91555333138
1071,2.2666914463
1072,1.96086406708
1073,1.81339478493
1074,1.93517374992
1075,2.0028321743
1076,2.22988080978
1077,1.73533344269
1078,2.44333958626
1079,2.03345608711
1080,1.83084058762
1081,2.06108665466
1082,1.8611382246
1083,1.87688159943
1084,1.85563194752
1085,1.93778264523
1086,1.58730375767
1087,1.90168297291
1088,1.76506698132
1089,1.65898168087
1090,1.94019579887
1091,1.87737894058
1092,1.91668438911
1093,1.9123197794
1094,1.98616802692
1095,1.67793238163
1096,2.17217302322
1097,1.86272120476
1098,1.81899499893
1099,1.95878863335
1100,1.86069476604
1101,2.00606489182
1102,1.76203012466
1103,1.91497802734
1104,1.94693613052
1105,1.80601191521
1106,1.7481225729
1107,1.83618021011
1108,1.94139516354
1109,1.84783875942
1110,1.89508891106
1111,1.93000400066
1112,1.91102743149
1113,1.91247427464
1114,1.96502411366
1115,1.97331953049
1116,2.13006019592
1117,1.92140078545
1118,1.7433296442
1119,2.28385901451
1120,1.99084293842
1121,2.00586104393
1122,1.92396938801
1123,2.09202814102
1124,1.84957253933
1125,1.74893546104
1126,2.05272746086
1127,1.87734138966
1128,2.00988197327
1129,2.18312644958
1130,2.02420163155
1131,1.91337966919
1132,1.83187949657
1133,1.98319041729
1134,1.98555994034
1135,2.07935738564
1136,1.94008016586
1137,1.8438167572
1138,2.29026937485
1139,1.76570785046
1140,1.98140931129
1141,2.10800004005
1142,1.68161857128
1143,1.9075704813
1144,2.15016579628
1145,1.7134616375
1146,1.8593930006
1147,2.00032925606
1148,2.12137174606
1149,2.11905384064
1150,2.21739697456
1151,2.04084944725
1152,2.06983280182
1153,1.71541070938
1154,1.51543164253
1155,1.99735617638
1156,2.18661808968
1157,2.23857831955
1158,1.89912617207
1159,1.73755455017
1160,1.9375576973
1161,1.89893162251
1162,1.89024221897
1163,1.85049331188
1164,1.76210045815
1165,1.68053686619
1166,1.95541441441
1167,2.16431117058
1168,1.90276885033
1169,1.93183982372
1170,1.71865212917
1171,1.72872805595
1172,1.94320070744
1173,2.24953889847
1174,1.91648554802
1175,1.91890406609
1176,2.13812327385
1177,1.81484532356
1178,1.82456886768
1179,2.0274746418
1180,2.12435531616
1181,1.9533983469
1182,1.96228563786
1183,1.88023281097
1184,2.14551138878
1185,1.8913987875
1186,1.8171159029
1187,2.13374900818
1188,1.98465240002
1189,2.34701704979
1190,1.73178815842
1191,2.32043480873
1192,1.97200882435
1193,1.91310477257
1194,2.03500580788
1195,1.89954078197
1196,1.92654514313
1197,2.02741622925
1198,2.16871404648
1199,1.93806302547
1200,2.11179327965
1201,1.92732954025
1202,1.95442605019
1203,1.77003479004
1204,2.06798243523
1205,2.13900828362
1206,2.24766492844
1207,1.90644180775
1208,2.171438694
1209,2.12493824959
1210,1.97673881054
1211,1.83967280388
1212,1.77457177639
1213,2.04424858093
1214,2.30964565277
1215,2.05047726631
1216,1.76050806046
1217,1.56485807896
1218,1.80822980404
1219,1.94047343731
1220,1.67826616764
1221,1.96138286591
1222,1.69743096828
1223,2.03683328629
1224,1.73368906975
1225,1.80723571777
1226,1.95960235596
1227,2.02032232285
1228,1.90224933624
1229,1.93289268017
1230,1.80453586578
1231,1.86267232895
1232,2.14556407928
1233,1.76203918457
1234,1.95393788815
1235,2.13740062714
1236,1.83964693546
1237,1.87135541439
1238,2.18568015099
1239,1.90864241123
1240,1.6865427494
1241,2.06984496117
1242,1.81946539879
1243,1.85678040981
1244,2.47571969032
1245,1.68142902851
1246,1.81246507168
1247,1.81325960159
1248,1.96342158318
1249,1.72468137741
1250,1.75555408001
1251,1.93550801277
1252,1.82892262936
1253,1.75460326672
1254,1.9249600172
1255,1.79253959656
1256,1.842015028
1257,1.76030254364
1258,1.91133069992
1259,1.89407753944
1260,1.90387368202
1261,1.80648207664
1262,1.59828650951
1263,1.95487976074
1264,1.86272025108
1265,1.70106399059
1266,1.76627111435
1267,1.74071907997
1268,1.86796712875
1269,1.57128107548
1270,1.87101507187
1271,2.07514882088
1272,1.99850738049
1273,1.94199049473
1274,1.9304869175
1275,1.886474967
1276,1.88270258904
1277,1.55021333694
1278,1.82328593731
1279,2.07195854187
1280,1.69620811939
1281,1.83624780178
1282,1.62174010277
1283,1.73390781879
1284,1.81308567524
1285,1.9798823595
1286,1.95849454403
1287,1.86442625523
1288,2.05453228951
1289,1.87473082542
1290,1.99240851402
1291,1.99555015564
1292,1.87632656097
1293,1.97178471088
1294,1.78364312649
1295,1.89056885242
1296,2.08401656151
1297,1.94633579254
1298,1.79805707932
1299,2.17329025269
1300,1.79288244247
1301,1.67881393433
1302,1.73772346973
1303,1.74503839016
1304,1.77625656128
1305,1.75585246086
1306,1.68274402618
1307,1.94943320751
1308,1.7641094923
1309,1.73137044907
1310,1.938788414
1311,1.6959758997
1312,1.72497940063
1313,1.82046091557
1314,1.67274999619
1315,1.82862377167
1316,1.92557227612
1317,1.690330863
1318,1.65073478222
1319,2.12287998199
1320,1.92291796207
1321,1.84881556034
1322,2.13203310966
1323,1.97804474831
1324,1.96290624142
1325,1.69685745239
1326,2.02590179443
1327,2.01435422897
1328,1.9477930069
1329,2.16937565804
1330,2.45587897301
1331,2.07781171799
1332,1.83267629147
1333,2.11064600945
1334,1.80226755142
1335,1.82669591904
1336,1.80452716351
1337,1.68940412998
1338,2.05717754364
1339,1.92350685596
1340,1.85244429111
1341,1.87681484222
1342,1.69200372696
1343,1.74547123909
1344,1.82718896866
1345,1.89381349087
1346,1.95590078831
1347,1.80174899101
1348,2.0880689621
1349,1.83242285252
1350,1.84360921383
1351,1.77053797245
1352,2.25110888481
1353,2.03916335106
1354,1.89465475082
1355,1.68213272095
1356,1.85461139679
1357,1.91941165924
1358,1.95615136623
1359,1.74084734917
1360,1.76599514484
1361,1.61702144146
1362,1.72828829288
1363,1.88721334934
1364,1.59858369827
1365,1.72312915325
1366,1.6276692152
1367,1.77863895893
1368,1.68576323986
1369,1.75865495205
1370,1.80015933514
1371,2.04794716835
1372,2.1268620491
1373,2.00498628616
1374,2.1726372242
1375,1.71630954742
1376,1.83586835861
1377,1.89251470566
1378,1.75436544418
1379,2.02322006226
1380,1.82374477386
1381,1.94569015503
1382,1.97459173203
1383,2.02479505539
1384,1.82051861286
1385,1.64027154446
1386,1.79105162621
1387,1.85397970676
1388,2.00699281693
1389,1.81530952454
1390,1.74782907963
1391,1.97997581959
1392,2.46100997925
1393,2.11445140839
1394,1.91227567196
1395,1.87008559704
1396,1.80004549026
1397,1.6011070013
1398,1.80429756641
1399,1.73500263691
1400,1.92163300514
1401,1.81354665756
1402,1.71931910515
1403,1.87635910511
1404,2.1418223381
1405,1.88236641884
1406,2.13483738899
1407,2.00650429726
1408,1.73505914211
1409,1.68999493122
1410,1.86341977119
1411,1.87202465534
1412,1.79132258892
1413,1.62310838699
1414,2.02448940277
1415,1.79303920269
1416,2.0264313221
1417,1.74554121494
1418,1.6668292284
1419,1.82842731476
1420,1.80979609489
1421,1.96023082733
1422,1.70083498955
1423,2.10965657234
1424,1.81936240196
1425,1.70089101791
1426,1.90026068687
1427,1.99838352203
1428,1.67502295971
1429,1.79432737827
1430,1.80784225464
1431,1.57504737377
1432,1.63239562511
1433,1.75336301327
1434,1.68399131298
1435,1.58437347412
1436,1.7631688118
1437,2.2734951973
1438,1.71020650864
1439,2.11325955391
1440,2.00341129303
1441,1.88193869591
1442,1.91461193562
1443,1.74480497837
1444,2.22146677971
1445,2.11243367195
1446,1.60240972042
1447,1.92513406277
1448,1.83657693863
1449,1.75477790833
1450,1.64149057865
1451,1.87654256821
1452,1.76710379124
1453,1.76235985756
1454,1.88114345074
1455,1.57426905632
1456,1.80467176437
1457,1.95812046528
1458,1.84725117683
1459,1.7349101305
1460,2.07233715057
1461,1.67540812492
1462,1.68842828274
1463,1.77067565918
1464,1.96190941334
1465,1.81419813633
1466,1.87564766407
1467,1.86384046078
1468,1.74811553955
1469,1.86032378674
1470,1.98196399212
1471,1.88972830772
1472,1.62664306164
1473,1.79197049141
1474,1.71633350849
1475,1.64285814762
1476,2.03885149956
1477,1.50667512417
1478,1.70345532894
1479,1.56359469891
1480,1.77335739136
1481,1.59043991566
1482,1.68785464764
1483,1.67634725571
1484,1.78644263744
1485,1.57617592812
1486,1.65554583073
1487,1.77389502525
1488,1.80548810959
1489,1.82091403008
1490,1.82660663128
1491,1.94351828098
1492,2.01393675804
1493,2.08669757843
1494,1.97018671036
1495,2.00920057297
1496,1.86199355125
1497,1.87489187717
1498,1.93935573101
1499,1.57176935673
1500,1.919749856
1501,1.78205358982
1502,2.12516880035
1503,1.62810444832
1504,1.92285561562
1505,2.10313224792
1506,1.84926760197
1507,1.88810276985
1508,1.76207816601
1509,1.90138137341
1510,1.77320408821
1511,1.72716581821
1512,2.11901974678
1513,1.78688633442
1514,1.88830304146
1515,1.71219336987
1516,1.74865591526
1517,1.5689586401
1518,1.5078291893
1519,1.56957519054
1520,1.78880000114
1521,1.82841360569
1522,1.76499152184
1523,1.78076505661
1524,1.87462449074
1525,1.87886929512
1526,2.11069965363
1527,1.71287989616
1528,1.89092230797
1529,1.96023249626
1530,1.90237188339
1531,1.81792759895
1532,1.7106603384
1533,1.87780416012
1534,1.7786886692
1535,1.76456308365
1536,1.58262681961
1537,1.64468669891
1538,1.83224463463
1539,1.91578233242
1540,1.77529549599
1541,1.68239355087
1542,1.82662189007
1543,1.67904055119
1544,1.7901070118
1545,1.61266160011
1546,1.69078397751
1547,1.81343138218
1548,1.88417184353
1549,1.88574886322
1550,1.64780020714
1551,2.01622676849
1552,1.53393721581
1553,1.86393415928
1554,1.74093043804
1555,1.54345667362
1556,1.79550039768
1557,1.58007657528
1558,1.73244273663
1559,1.69368088245
1560,1.60611152649
1561,1.55928421021
1562,1.63872921467
1563,2.6079492569
1564,2.47245597839
1565,2.25142550468
1566,1.9372626543
1567,1.86972558498
1568,1.70606946945
1569,1.78276991844
1570,1.65316128731
1571,1.61234915257
1572,1.66022253036
1573,1.57246375084
1574,1.69676995277
1575,1.611317873
1576,1.76936638355
1577,1.64422988892
1578,1.5503256321
1579,1.90456962585
1580,1.65091872215
1581,1.56885921955
1582,1.78367030621
1583,1.69224429131
1584,1.87271058559
1585,1.71645867825
1586,1.64314937592
1587,1.78251647949
1588,1.79345393181
1589,1.66338956356
1590,1.75877547264
1591,1.83453667164
1592,1.64191305637
1593,1.88876616955
1594,1.75568282604
1595,1.75423789024
1596,1.64945375919
1597,1.90314149857
1598,1.87091350555
1599,1.71677780151
1600,1.80783510208
1601,1.72314929962
1602,1.62141335011
1603,1.78246605396
1604,1.55861318111
1605,1.68835282326
1606,1.62642467022
1607,1.7648434639
1608,1.9536049366
1609,2.02077436447
1610,1.81899225712
1611,1.687099576
1612,1.61620354652
1613,1.86846196651
1614,1.69692242146
1615,1.89014112949
1616,1.64947533607
1617,2.03865194321
1618,1.89143180847
1619,1.85106873512
1620,2.08688259125
1621,1.76048016548
1622,1.67922866344
1623,1.89732074738
1624,1.88899302483
1625,1.70827651024
1626,1.77263844013
1627,1.76892435551
1628,1.64996910095
1629,1.84492313862
1630,1.66834592819
1631,2.12635946274
1632,1.93076610565
1633,1.58695816994
1634,1.84307157993
1635,1.76053440571
1636,1.55550026894
1637,1.55159461498
1638,1.76470530033
1639,1.65036201477
1640,1.53804814816
1641,1.72710311413
1642,1.58164656162
1643,1.53275287151
1644,1.72952568531
1645,1.58962261677
1646,1.58157539368
1647,1.62294018269
1648,1.93949592113
1649,1.85480570793
1650,1.8141592741
1651,1.65434920788
1652,1.59522950649
1653,1.66513371468
1654,1.64222896099
1655,1.60429084301
1656,2.01593756676
1657,1.74916994572
1658,1.56845796108
1659,1.56002926826
1660,1.77323353291
1661,1.89503908157
1662,1.55148363113
1663,1.77093195915
1664,1.77241015434
1665,1.56916892529
1666,1.57586681843
1667,1.61922931671
1668,1.84916639328
1669,1.69487392902
1670,1.58813774586
1671,1.73509550095
1672,1.84527814388
1673,1.97423517704
1674,1.60485374928
1675,1.89174437523
1676,1.68209123611
1677,1.80603659153
1678,1.81826472282
1679,1.83434295654
1680,1.86544680595
1681,1.84063100815
1682,2.02550768852
1683,1.92132854462
1684,1.84407174587
1685,2.17050790787
1686,1.86530375481
1687,1.63362526894
1688,2.09949946404
1689,1.78864777088
1690,1.69065034389
1691,2.11826944351
1692,1.72556972504
1693,1.7357172966
1694,1.73936462402
1695,1.67116677761
1696,1.84097182751
1697,1.54756879807
1698,1.78368020058
1699,1.73972654343
1700,1.66962552071
1701,1.91244316101
1702,1.83152484894
1703,1.80859768391
1704,1.8034683466
1705,1.81543242931
1706,1.7157677412
1707,1.73273324966
1708,1.65069854259
1709,1.55934011936
1710,1.63028621674
1711,1.76047694683
1712,1.55497229099
1713,1.53537511826
1714,1.44854700565
1715,1.60160911083
1716,1.69998943806
1717,1.58425557613
1718,1.50521576405
1719,1.73746275902
1720,1.58849596977
1721,1.68309617043
1722,1.85221517086
1723,1.87645375729
1724,1.75512838364
1725,1.81773293018
1726,1.58813142776
1727,1.90621995926
1728,1.8154065609
1729,1.70176970959
1730,1.67074084282
1731,1.83289372921
1732,1.5867228508
1733,1.59772789478
1734,1.56062352657
1735,1.4446772337
1736,1.82411730289
1737,1.49318444729
1738,1.77067577839
1739,1.83674931526
1740,1.65700685978
1741,1.79702794552
1742,1.57370603085
1743,1.84224736691
1744,1.74670255184
1745,1.56908011436
1746,1.68830692768
1747,2.03822731972
1748,1.90556168556
1749,1.53982806206
1750,1.68131256104
1751,1.94253385067
1752,1.70054733753
1753,2.01206254959
1754,1.97896814346
1755,1.77236521244
1756,1.92760646343
1757,1.603328228
1758,1.78836500645
1759,1.96419501305
1760,1.54091632366
1761,1.51423144341
1762,1.9099265337
1763,1.93227052689
1764,1.89666604996
1765,1.71873271465
1766,1.65777170658
1767,1.67870736122
1768,1.76908385754
1769,1.64562237263
1770,1.67724120617
1771,1.80449581146
1772,1.53629052639
1773,1.67422568798
1774,1.53018522263
1775,1.87266325951
1776,1.87741589546
1777,1.59690117836
1778,1.7194570303
1779,1.6702657938
1780,1.67750179768
1781,1.70227956772
1782,1.582939744
1783,1.70044386387
1784,1.49516844749
1785,1.51592159271
1786,1.6205432415
1787,1.45650672913
1788,1.72725343704
1789,1.79181361198
1790,1.66585755348
1791,2.21870660782
1792,1.66406941414
1793,1.54062008858
1794,1.78302586079
1795,1.65928053856
1796,1.74934542179
1797,1.68151402473
1798,1.71015405655
1799,1.72088396549
1800,1.51846909523
1801,1.87280547619
1802,1.6368111372
1803,1.62965404987
1804,1.87166142464
1805,1.65559566021
1806,1.59635126591
1807,1.61778748035
1808,1.50868439674
1809,1.55529332161
1810,1.54475235939
1811,1.87136518955
1812,1.59170591831
1813,1.68706071377
1814,1.62664437294
1815,1.57420313358
1816,1.70174503326
1817,1.70619690418
1818,1.6214543581
1819,1.93791019917
1820,1.894485116
1821,1.68102872372
1822,1.69105434418
1823,1.77150261402
1824,1.68396019936
1825,1.69706606865
1826,1.69305288792
1827,1.79398429394
1828,1.99315464497
1829,1.69072377682
1830,1.65024662018
1831,1.74955630302
1832,1.59456300735
1833,1.88064861298
1834,1.72891259193
1835,1.5591340065
1836,1.79607784748
1837,1.56602632999
1838,1.60564935207
1839,1.73877251148
1840,1.54308366776
1841,1.70828330517
1842,1.7360342741
1843,2.18987321854
1844,1.66917538643
1845,2.02647638321
1846,1.68681252003
1847,1.71646273136
1848,1.57571780682
1849,1.75656366348
1850,1.81814968586
1851,1.77343678474
1852,1.56501674652
1853,1.75652372837
1854,2.01024889946
1855,1.73641860485
1856,1.70690214634
1857,1.90569007397
1858,1.80364024639
1859,1.58390116692
1860,1.50222992897
1861,1.76408922672
1862,1.509085536
1863,1.72627425194
1864,1.74442398548
1865,1.58781206608
1866,1.85003149509
1867,1.62044000626
1868,1.83627319336
1869,2.32563710213
1870,1.73606753349
1871,1.78985154629
1872,1.93641269207
1873,1.76658070087
1874,1.99659383297
1875,1.68215560913
1876,1.78315019608
1877,1.72210156918
1878,1.79114067554
1879,1.91592288017
1880,1.73837935925
1881,1.67460811138
1882,1.68158650398
1883,1.66321575642
1884,1.56131613255
1885,1.74775290489
1886,1.79167020321
1887,1.55546629429
1888,1.79810452461
1889,1.43940508366
1890,1.59139764309
1891,2.09385037422
1892,1.5928413868
1893,1.48457407951
1894,1.52721369267
1895,1.50564038754
1896,1.46309924126
1897,1.59416234493
1898,1.60233199596
1899,1.64972007275
1900,1.66163647175
1901,1.62302541733
1902,1.8364546299
1903,1.74532604218
1904,1.55838692188
1905,1.71330904961
1906,1.55542075634
1907,1.51555132866
1908,1.43009698391
1909,1.60736835003
1910,1.68784832954
1911,1.50135231018
1912,1.72984039783
1913,1.61674189568
1914,1.55464398861
1915,1.69717013836
1916,1.55339562893
1917,1.5896974802
1918,1.79078984261
1919,1.80419576168
1920,1.66357016563
1921,1.71176838875
1922,1.52453076839
1923,1.70615112782
1924,1.85608649254
1925,1.67240869999
1926,1.52721858025
1927,1.53304827213
1928,1.79395723343
1929,1.65087389946
1930,1.60681092739
1931,1.6474956274
1932,1.74195086956
1933,1.66281974316
1934,1.6187005043
1935,1.57827365398
1936,1.60309231281
1937,1.83547174931
1938,1.52606034279
1939,1.61560440063
1940,1.57710444927
1941,1.53051126003
1942,1.61141216755
1943,1.54561233521
1944,1.78453719616
1945,1.68104600906
1946,1.68422448635
1947,1.43812835217
1948,1.59909296036
1949,1.703810215
1950,1.76784992218
1951,1.67087113857
1952,1.80656611919
1953,1.93163430691
1954,1.61396205425
1955,1.92828035355
1956,1.68034815788
1957,1.91238570213
1958,1.82895684242
1959,1.98280191422
1960,1.97317147255
1961,1.72833800316
1962,1.74127066135
1963,1.99096107483
1964,1.57718920708
1965,1.8378418684
1966,1.6237680912
1967,1.66306519508
1968,1.6681624651
1969,1.63553750515
1970,1.69086182117
1971,1.75832426548
1972,1.49897158146
1973,1.89344930649
1974,1.92006468773
1975,1.63001477718
1976,2.03083395958
1977,1.65016818047
1978,1.70223271847
1979,1.69595873356
1980,1.50990045071
1981,1.6544533968
1982,1.71088206768
1983,1.56579399109
1984,1.7551715374
1985,1.64429712296
1986,1.6336055994
1987,1.64748954773
1988,1.71380853653
1989,1.60864973068
1990,1.80429494381
1991,1.49992346764
1992,1.70507359505
1993,1.80969262123
1994,1.50368237495
1995,1.51946806908
1996,1.58905816078
1997,1.52003502846
1998,1.54866790771
1999,1.59034800529
2000,1.56825983524
2001,1.58100795746
2002,1.61050355434
2003,2.0464823246
2004,1.49765455723
2005,1.66890084743
2006,1.84057462215
2007,1.62735295296
2008,1.62916231155
2009,1.69183170795
2010,1.72258901596
2011,1.69176352024
2012,1.59194362164
2013,1.69302630424
2014,1.61194777489
2015,1.49947118759
2016,1.66574406624
2017,1.40825533867
2018,1.53733026981
2019,1.36620700359
2020,1.52500462532
2021,1.53752350807
2022,1.48868381977
2023,1.55221247673
2024,1.58809518814
2025,1.55778074265
2026,1.77566111088
2027,1.6584084034
2028,1.70914804935
2029,1.69777703285
2030,1.73546564579
2031,1.7534198761
2032,1.63678264618
2033,1.59143328667
2034,1.56675362587
2035,1.69735169411
2036,1.72588980198
2037,1.70077359676
2038,1.51743495464
2039,1.69037950039
2040,1.55336105824
2041,1.59163379669
2042,1.5831489563
2043,1.69565629959
2044,1.51899707317
2045,1.47411191463
2046,1.55743026733
2047,1.3633967638
2048,1.69962596893
2049,1.96233725548
2050,1.97648894787
2051,1.79404222965
2052,1.97527968884
2053,1.61473965645
2054,1.7719553709
2055,1.79882729053
2056,1.85495376587
2057,1.76529896259
2058,1.50218129158
2059,1.71910262108
2060,1.77328121662
2061,1.7363704443
2062,1.59832859039
2063,1.7807892561
2064,1.61845338345
2065,1.37585389614
2066,1.40363168716
2067,1.62753987312
2068,1.39911270142
2069,1.57388007641
2070,1.52249395847
2071,1.55041956902
2072,1.66981863976
2073,1.73501324654
2074,1.67387199402
2075,1.53771650791
2076,1.64287924767
2077,1.5881857872
2078,1.59234464169
2079,1.77986013889
2080,1.56453216076
2081,1.67379796505
2082,1.54135918617
2083,1.44721293449
2084,1.64197075367
2085,1.63010537624
2086,1.64082360268
2087,1.60171353817
2088,1.53187978268
2089,1.68120932579
2090,1.57425880432
2091,1.71381235123
2092,1.58024919033
2093,1.54052686691
2094,1.51309990883
2095,1.60470092297
2096,1.55328047276
2097,1.47962832451
2098,1.62329101562
2099,1.45161700249
2100,1.45823931694
2101,1.5783803463
2102,1.43011164665
2103,1.54251182079
2104,1.60199546814
2105,1.63318264484
2106,1.47949385643
2107,1.55994331837
2108,1.60371744633
2109,1.57254004478
2110,1.55111765862
2111,1.60804438591
2112,1.69655120373
2113,1.62524163723
2114,1.62875795364
2115,1.63074290752
2116,1.71902275085
2117,1.68278539181
2118,1.92676150799
2119,1.49843668938
2120,1.67243170738
2121,1.7685956955
2122,1.7475310564
2123,1.71584105492
2124,1.47030520439
2125,1.44834208488
2126,1.59489488602
2127,1.45637369156
2128,1.57871818542
2129,1.47304904461
2130,2.03842639923
2131,1.54687094688
2132,1.65483641624
2133,1.47078204155
2134,1.67881727219
2135,1.57243692875
2136,1.60934984684
2137,1.64692258835
2138,1.50435304642
2139,1.68388772011
2140,1.70945429802
2141,1.57522296906
2142,1.56587636471
2143,1.46742355824
2144,1.78115427494
2145,1.76666760445
2146,1.54817950726
2147,1.7973151207
2148,1.62952935696
2149,1.60337078571
2150,1.49825012684
2151,1.48671209812
2152,1.61570370197
2153,1.86924731731
2154,1.55607867241
2155,1.75277936459
2156,1.65408921242
2157,1.69304561615
2158,1.58163607121
2159,1.72845757008
2160,1.63084793091
2161,1.44382464886
2162,1.55246067047
2163,1.55580163002
2164,1.52890598774
2165,1.48461830616
2166,1.59098505974
2167,1.6557469368
2168,1.53461146355
2169,1.50870788097
2170,1.43202364445
2171,1.75897622108
2172,1.44129025936
2173,1.54591012001
2174,1.59805643559
2175,1.56110846996
2176,1.70348370075
2177,1.67827391624
2178,1.45380437374
2179,1.87078952789
2180,1.80103302002
2181,1.86309587955
2182,1.70974302292
2183,2.01215410233
2184,1.62393522263
2185,1.69174826145
2186,1.91612350941
2187,1.39455378056
2188,1.57850897312
2189,1.97797596455
2190,1.66545033455
2191,1.56149351597
2192,1.57342338562
2193,1.3460136652
2194,1.55241405964
2195,1.50136613846
2196,1.6075091362
2197,1.62588524818
2198,1.67388474941
2199,1.53807270527
2200,1.69073617458
2201,1.53931283951
2202,1.64328896999
2203,1.49436557293
2204,1.54537367821
2205,1.55366301537
2206,1.60959124565
2207,1.77900350094
2208,1.85125398636
2209,1.50278139114
2210,1.51631081104
2211,1.63322603703
2212,1.79444432259
2213,1.6488404274
2214,1.78400278091
2215,1.81864726543
2216,1.62290811539
2217,1.65960967541
2218,1.67604732513
2219,1.77232992649
2220,1.46636521816
2221,1.50873267651
2222,1.52059626579
2223,1.46409547329
2224,1.70386016369
2225,1.48772919178
2226,1.54226911068
2227,1.43744122982
2228,1.63072228432
2229,1.67573988438
2230,1.43955254555
2231,1.55171430111
2232,1.62076818943
2233,1.65669250488
2234,1.55000591278
2235,1.58927667141
2236,1.591127038
2237,1.65706884861
2238,1.59400820732
2239,1.77735722065
2240,1.90159738064
2241,1.86972796917
2242,1.60991847515
2243,1.71989965439
2244,1.75172555447
2245,1.65489864349
2246,1.42278683186
2247,1.51576685905
2248,1.59143090248
2249,1.45011973381
2250,1.69211983681
2251,1.68244099617
2252,1.57922744751
2253,1.56280255318
2254,1.52971470356
2255,1.5092420578
2256,1.43904554844
2257,1.42373430729
2258,1.71651399136
2259,1.44320869446
2260,1.60830485821
2261,1.62223696709
2262,1.50025415421
2263,1.64375460148
2264,1.53950715065
2265,1.72864973545
2266,1.62111389637
2267,1.74195146561
2268,1.69270730019
2269,1.39351928234
2270,1.46213364601
2271,1.62679862976
2272,1.34757339954
2273,1.61232626438
2274,1.80602908134
2275,1.73844516277
2276,1.60629749298
2277,1.60991227627
2278,1.55342233181
2279,1.60939192772
2280,1.55482053757
2281,1.66804456711
2282,1.75233578682
2283,1.55131757259
2284,1.62662684917
2285,1.69186472893
2286,1.54183912277
2287,1.52478396893
2288,1.51317048073
2289,1.5357375145
2290,1.48696672916
2291,1.53430318832
2292,1.30527877808
2293,1.4004342556
2294,1.65116214752
2295,1.49813723564
2296,1.58290803432
2297,1.43524003029
2298,1.63000333309
2299,1.46098673344
2300,1.43509960175
2301,1.58311092854
2302,1.42467296124
2303,1.55297636986
2304,1.48513936996
2305,1.50416445732
2306,1.99308741093
2307,1.71892821789
2308,1.38300645351
2309,1.60409021378
2310,1.59240138531
2311,1.47869610786
2312,1.67284202576
2313,1.42646837234
2314,1.4623272419
2315,1.54749464989
2316,1.47526311874
2317,1.71076405048
2318,1.54525434971
2319,1.43961799145
2320,1.35808026791
2321,1.59560930729
2322,1.38936543465
2323,1.70940053463
2324,1.48072075844
2325,1.51794600487
2326,1.55659222603
2327,1.39101421833
2328,1.42358124256
2329,1.46441996098
2330,1.50235247612
2331,1.55675876141
2332,1.54305064678
2333,1.66882693768
2334,1.48087286949
2335,1.84665131569
2336,1.59604775906
2337,1.92948198318
2338,1.74639904499
2339,1.6367521286
2340,1.70213067532
2341,1.47067666054
2342,1.55287373066
2343,1.49798977375
2344,1.65730416775
2345,1.64067256451
2346,1.5701893568
2347,1.78365647793
2348,1.61650621891
2349,1.52750468254
2350,1.50709414482
2351,1.58373272419
2352,1.48291504383
2353,1.58928704262
2354,1.44398391247
2355,1.50001561642
2356,1.46942460537
2357,1.65444684029
2358,1.44260203838
2359,1.45239055157
2360,1.60127055645
2361,1.44521927834
2362,1.31763088703
2363,1.51798355579
2364,1.50466346741
2365,1.54764270782
2366,1.38527107239
2367,1.39678132534
2368,1.38453364372
2369,1.5132997036
2370,1.60387706757
2371,1.51801288128
2372,1.51945388317
2373,1.51482772827
2374,1.57211637497
2375,1.59222984314
2376,1.35711920261
2377,1.62685143948
2378,1.50116920471
2379,1.37265753746
2380,1.52200114727
2381,1.38268530369
2382,1.41116440296
2383,1.36221957207
2384,1.49427199364
2385,1.49611234665
2386,1.52725601196
2387,1.68301737309
2388,1.51189959049
2389,1.38994681835
2390,1.62132751942
2391,1.59925150871
2392,1.50692486763
2393,1.59786891937
2394,1.48429453373
2395,1.42555677891
2396,1.63504564762
2397,1.66191899776
2398,1.59074676037
2399,1.74822235107
2400,1.71780800819
2401,1.66659092903
2402,1.53121042252
2403,1.72359502316
2404,1.87820613384
2405,1.74947857857
2406,1.76372468472
2407,1.73112785816
2408,1.57770895958
2409,1.70747244358
2410,1.4913662672
2411,1.66927850246
2412,1.50733697414
2413,1.44374299049
2414,1.65549051762
2415,1.46304941177
2416,1.63944721222
2417,1.55309331417
2418,1.52173268795
2419,1.59052169323
2420,1.6193754673
2421,1.85516762733
2422,1.63451349735
2423,1.58442497253
2424,1.78677380085
2425,1.457675457
2426,1.71665465832
2427,1.86094284058
2428,1.72753250599
2429,1.8220641613
2430,1.6189494133
2431,1.62524247169
2432,1.52655220032
2433,1.57259082794
2434,1.53192925453
2435,1.45358490944
2436,1.37443816662
2437,1.37880790234
2438,1.39544951916
2439,1.49245262146
2440,1.66228103638
2441,1.5207682848
2442,1.27691888809
2443,1.50820446014
2444,1.53495204449
2445,1.49803471565
2446,1.73050928116
2447,1.52981185913
2448,1.44003629684
2449,1.59770560265
2450,1.45422017574
2451,1.67832958698
2452,1.51786518097
2453,1.36301159859
2454,1.33558094501
2455,1.51156806946
2456,1.40302538872
2457,1.47714221478
2458,1.57807922363
2459,1.62439978123
2460,1.47548151016
2461,1.72254550457
2462,1.86627757549
2463,1.57067763805
2464,1.74151551723
2465,1.48303163052
2466,1.67167782784
2467,1.53585934639
2468,1.51188838482
2469,1.45808327198
2470,1.67057919502
2471,1.48916733265
2472,1.52440619469
2473,1.58027207851
2474,1.58953034878
2475,1.54136562347
2476,1.32511126995
2477,1.68466842175
2478,1.55011296272
2479,1.57055997849
2480,1.43349957466
2481,1.46207499504
2482,1.49543750286
2483,1.41400516033
2484,1.37231731415
2485,1.45484161377
2486,1.59140074253
2487,1.57738614082
2488,1.48658955097
2489,1.43856394291
2490,1.6524116993
2491,1.41818630695
2492,1.51464951038
2493,1.47912883759
2494,1.60978925228
2495,1.42427241802
2496,1.59444785118
2497,1.63480091095
2498,1.47887158394
2499,1.33594655991
2500,1.4813375473
2501,1.42086541653
2502,1.53330159187
2503,1.47277092934
2504,1.38748049736
2505,1.57231783867
2506,1.57376122475
2507,1.57725870609
2508,1.37537121773
2509,1.52518498898
2510,1.46624183655
2511,1.52393400669
2512,1.35305988789
2513,1.34845006466
2514,1.64030528069
2515,1.39929485321
2516,1.49822175503
2517,1.40942358971
2518,1.5726262331
2519,1.52731502056
2520,1.46509885788
2521,1.44217956066
2522,1.52485322952
2523,1.35837578773
2524,1.43909204006
2525,1.41178870201
2526,1.48481941223
2527,1.47049701214
2528,1.46424043179
2529,1.46782171726
2530,1.40254664421
2531,1.76372456551
2532,1.61348903179
2533,1.53120040894
2534,1.72401618958
2535,1.48828136921
2536,1.45315420628
2537,1.34192407131
2538,1.56005108356
2539,1.51149702072
2540,1.48587822914
2541,1.61565434933
2542,1.41201817989
2543,1.56351494789
2544,1.4011913538
2545,1.50932657719
2546,1.59786689281
2547,1.50476002693
2548,1.64492762089
2549,1.6986297369
2550,1.58176279068
2551,1.46438133717
2552,1.43140828609
2553,1.4220148325
2554,1.55797958374
2555,1.45718181133
2556,1.68771314621
2557,1.58709168434
2558,1.44115936756
2559,1.68387627602
2560,1.34237205982
2561,1.5383067131
2562,1.58073091507
2563,1.45721054077
2564,1.59283220768
2565,1.47053909302
2566,1.52029561996
2567,1.52914607525
2568,1.37339556217
2569,1.51378059387
2570,1.49036169052
2571,1.63597810268
2572,1.7258746624
2573,1.62469768524
2574,1.70337867737
2575,1.45594239235
2576,1.45953726768
2577,1.81795191765
2578,1.45167267323
2579,1.53166079521
2580,1.38964152336
2581,1.51261413097
2582,1.39069449902
2583,1.62183237076
2584,1.29130864143
2585,1.52896285057
2586,1.52880942822
2587,1.39422869682
2588,1.51323759556
2589,1.42166256905
2590,1.18604803085
2591,1.41015970707
2592,1.47883844376
2593,1.38533449173
2594,1.42525339127
2595,1.39294695854
2596,1.32696425915
2597,1.38099861145
2598,1.46910881996
2599,1.32635390759
2600,1.44535839558
2601,1.40988314152
2602,1.52819287777
2603,1.53432130814
2604,1.44107496738
2605,1.4291009903
2606,1.57929635048
2607,1.41679704189
2608,1.3814445734
2609,1.48704493046
2610,1.37742519379
2611,1.38546133041
2612,1.36926758289
2613,1.6086332798
2614,1.44928395748
2615,1.37193000317
2616,1.43623447418
2617,1.49484705925
2618,1.53219783306
2619,1.5313270092
2620,1.35048496723
2621,1.50362765789
2622,1.31191444397
2623,1.41631770134
2624,1.51997566223
2625,1.27985846996
2626,1.4275739193
2627,1.53943419456
2628,1.45873355865
2629,1.42767906189
2630,1.62228059769
2631,1.45899033546
2632,1.71613776684
2633,1.46094930172
2634,1.45217442513
2635,1.37929332256
2636,1.39601397514
2637,1.62130594254
2638,1.48893177509
2639,1.39721822739
2640,1.36006879807
2641,1.54598724842
2642,1.42980134487
2643,1.41103434563
2644,1.45245909691
2645,1.44406688213
2646,1.49219322205
2647,1.27668106556
2648,1.31051158905
2649,1.34200263023
2650,1.49052095413
2651,1.62318944931
2652,1.46123659611
2653,1.48008549213
2654,1.49276161194
2655,1.46113693714
2656,1.43306064606
2657,1.74419403076
2658,1.5209274292
2659,1.57652544975
2660,1.49026465416
2661,1.66637527943
2662,1.41457235813
2663,1.58775520325
2664,1.41755568981
2665,1.64722752571
2666,1.26774072647
2667,1.77832615376
2668,1.60163211823
2669,1.38166046143
2670,1.51454019547
2671,1.50331842899
2672,1.43700122833
2673,1.61107540131
2674,1.42997002602
2675,1.57897424698
2676,1.50987398624
2677,1.47213411331
2678,1.50598478317
2679,1.56131231785
2680,1.52801847458
2681,1.70152020454
2682,1.39327526093
2683,1.57695960999
2684,1.67637872696
2685,1.38034188747
2686,1.66146445274
2687,1.44510769844
2688,1.599401474
2689,1.43383908272
2690,1.50767982006
2691,1.36817216873
2692,1.49453449249
2693,1.47800529003
2694,1.46153271198
2695,1.40367794037
2696,1.61191952229
2697,1.53453028202
2698,1.44749867916
2699,1.51046097279
2700,1.46570551395
2701,1.45749807358
2702,1.2803786993
2703,1.40559065342
2704,1.54784142971
2705,1.43194973469
2706,1.44683003426
2707,1.58699512482
2708,1.63483071327
2709,1.61478221416
2710,1.4321449995
2711,1.57003712654
2712,1.62452244759
2713,1.40025508404
2714,1.57468426228
2715,1.42168998718
2716,1.40138733387
2717,1.47605633736
2718,1.5207811594
2719,1.30972194672
2720,1.57896316051
2721,1.45782315731
2722,1.52615189552
2723,1.35588145256
2724,1.55893158913
2725,1.43700945377
2726,1.48374474049
2727,1.37029576302
2728,1.4104975462
2729,1.27426326275
2730,1.70808970928
2731,1.49910879135
2732,1.52380430698
2733,1.44991993904
2734,1.39485037327
2735,1.49176096916
2736,1.54618120193
2737,1.47161769867
2738,1.38234364986
2739,1.39675831795
2740,1.44752109051
2741,1.56522572041
2742,1.23501753807
2743,1.55260491371
2744,1.31075572968
2745,1.4757181406
2746,1.50109302998
2747,1.45108020306
2748,1.52827978134
2749,1.53024053574
2750,1.60976016521
2751,1.42576348782
2752,1.34825539589
2753,1.37010371685
2754,1.38670933247
2755,1.4305011034
2756,1.35898411274
2757,1.6762676239
2758,1.66080605984
2759,1.40659439564
2760,1.50424790382
2761,1.41177761555
2762,1.43625891209
2763,1.64414083958
2764,1.38092148304
2765,1.34577357769
2766,1.69615280628
2767,1.57940852642
2768,1.5057643652
2769,1.4726433754
2770,1.55219268799
2771,1.38507282734
2772,1.54379105568
2773,1.42177522182
2774,1.51104819775
2775,1.33757638931
2776,1.36210083961
2777,1.33852910995
2778,1.57723605633
2779,1.4336578846
2780,1.36642253399
2781,1.43351459503
2782,1.55322730541
2783,1.37154352665
2784,1.36886429787
2785,1.43325269222
2786,1.43418526649
2787,1.58610069752
2788,1.43686127663
2789,1.47061657906
2790,1.75987005234
2791,1.46265995502
2792,1.41294705868
2793,1.58427405357
2794,1.53657102585
2795,1.42733597755
2796,1.47997462749
2797,1.45150005817
2798,1.38083040714
2799,1.37248075008
2800,1.31961369514
2801,1.3437037468
2802,1.51311159134
2803,1.34749400616
2804,1.50743126869
2805,1.47387850285
2806,1.37699961662
2807,1.47046661377
2808,1.69637298584
2809,1.38266694546
2810,1.3369269371
2811,1.50345861912
2812,1.28246212006
2813,1.49777722359
2814,1.49619674683
2815,1.51506626606
2816,1.43108642101
2817,1.59089910984
2818,1.47902798653
2819,1.55490291119
2820,1.680590868
2821,1.4523011446
2822,1.61830186844
2823,1.67511367798
2824,1.45701563358
2825,1.39843177795
2826,1.54559242725
2827,1.50404024124
2828,1.54986894131
2829,1.38132596016
2830,1.4766304493
2831,1.27161800861
2832,1.45375847816
2833,1.475055933
2834,1.42545378208
2835,1.44392848015
2836,1.49369418621
2837,1.79334807396
2838,1.53115034103
2839,1.36370885372
2840,1.60175561905
2841,1.33828866482
2842,1.42353200912
2843,1.41908228397
2844,1.38661777973
2845,1.36700689793
2846,1.76587927341
2847,1.54136788845
2848,1.49256193638
2849,1.47973895073
2850,1.39601135254
2851,1.37032651901
2852,1.45287168026
2853,1.32115805149
2854,1.33983099461
2855,1.36775529385
2856,1.43622565269
2857,1.4474619627
2858,1.19876253605
2859,1.4674808979
2860,1.48425412178
2861,1.40318870544
2862,1.30848073959
2863,1.27703905106
2864,1.48029243946
2865,1.37829995155
2866,1.40383255482
2867,1.4242079258
2868,1.48464846611
2869,1.4047049284
2870,1.5328425169
2871,1.58716368675
2872,1.74119126797
2873,1.64793407917
2874,1.55945217609
2875,1.40080857277
2876,1.51984369755
2877,1.37192261219
2878,1.35340714455
2879,1.43595468998
2880,1.42547214031
2881,1.56010448933
2882,1.42127490044
2883,1.36831009388
2884,1.56682324409
2885,1.67730903625
2886,1.56526327133
2887,1.72075998783
2888,1.66039586067
2889,1.55603659153
2890,1.68607759476
2891,1.68386018276
2892,1.35976243019
2893,1.32722747326
2894,1.41205906868
2895,1.33222770691
2896,1.47738385201
2897,1.52495849133
2898,1.34633553028
2899,1.52717781067
2900,1.77173161507
2901,1.44141983986
2902,1.40172922611
2903,1.56464922428
2904,1.43769240379
2905,1.38479793072
2906,1.67559170723
2907,1.443749547
2908,1.3774740696
2909,1.68519794941
2910,1.84790873528
2911,1.53575980663
2912,1.67849552631
2913,1.71244239807
2914,1.56059777737
2915,1.45306777954
2916,1.57846617699
2917,1.3957914114
2918,1.42492902279
2919,1.35756528378
2920,1.42662799358
2921,1.41046917439
2922,1.54891943932
2923,1.6362336874
2924,1.49974620342
2925,1.44771647453
2926,1.42860591412
2927,1.47223949432
2928,1.45010662079
2929,1.31359124184
2930,1.53330636024
2931,1.34479522705
2932,1.46676719189
2933,1.3384026289
2934,1.40603220463
2935,1.45410430431
2936,1.5114377737
2937,1.49316084385
2938,1.43747699261
2939,1.39664304256
2940,1.34133183956
2941,1.4778829813
2942,1.5268985033
2943,1.36162269115
2944,1.32781052589
2945,1.47505998611
2946,1.45388150215
2947,1.43613171577
2948,1.43142104149
2949,1.35507678986
2950,1.34127449989
2951,1.29556012154
2952,1.35761320591
2953,1.3825596571
2954,1.37986600399
2955,1.46018648148
2956,1.42358148098
2957,1.35221517086
2958,1.45309138298
2959,1.40478360653
2960,1.41598141193
2961,1.32748150826
2962,1.26234388351
2963,1.51348257065
2964,1.27077805996
2965,1.47578752041
2966,1.50591814518
2967,1.2999625206
2968,1.36726951599
2969,1.43967914581
2970,1.37105834484
2971,1.38484787941
2972,1.39799940586
2973,1.50291097164
2974,1.25879180431
2975,1.52293181419
2976,1.5903826952
2977,1.59472024441
2978,1.43534684181
2979,1.40890789032
2980,1.37241959572
2981,1.47589051723
2982,1.33770501614
2983,1.42350316048
2984,1.49534952641
2985,1.29796946049
2986,1.43688571453
2987,1.3909573555
2988,1.50188720226
2989,1.40869486332
2990,1.38334512711
2991,1.39113891125
2992,1.27714407444
2993,1.37073099613
2994,1.40841162205
2995,1.34795176983
2996,1.43684434891
2997,1.29164683819
2998,1.25120806694
2999,1.39585936069
3000,1.50935220718
3001,1.39558398724
3002,1.46510517597
3003,1.49755060673
3004,1.44234681129
3005,1.57020974159
3006,1.36407601833
3007,1.41517043114
3008,1.53585577011
3009,1.562292099
3010,1.40708696842
3011,1.58087038994
3012,1.45328855515
3013,1.59585011005
3014,1.36559867859
3015,1.38776350021
3016,1.49784374237
3017,1.47492015362
3018,1.36489188671
3019,1.56178402901
3020,1.3714158535
3021,1.69889247417
3022,1.64383387566
3023,1.35254859924
3024,1.31189227104
3025,1.5452299118
3026,1.51278567314
3027,1.44142580032
3028,1.44592678547
3029,1.35921108723
3030,1.66787481308
3031,1.46023523808
3032,1.3973082304
3033,1.46663141251
3034,1.50995326042
3035,1.40069687366
3036,1.43941605091
3037,1.59835505486
3038,1.46676886082
3039,1.49679076672
3040,1.48348116875
3041,1.36437511444
3042,1.45981907845
3043,1.378054142
3044,1.41676723957
3045,1.50825619698
3046,1.40682065487
3047,1.42358112335
3048,1.51754617691
3049,1.57267951965
3050,1.53344798088
3051,1.39181876183
3052,1.38033628464
3053,1.38504636288
3054,1.36793613434
3055,1.45634186268
3056,1.41188752651
3057,1.38359463215
3058,1.47718703747
3059,1.44825470448
3060,1.69548106194
3061,1.29170036316
3062,1.50916278362
3063,1.75133025646
3064,1.51361560822
3065,1.48662924767
3066,1.24314808846
3067,1.32309341431
3068,1.47822225094
3069,1.26170766354
3070,1.27918183804
3071,1.3846398592
3072,1.32057857513
3073,1.28015398979
3074,1.4696201086
3075,1.33293616772
3076,1.47791588306
3077,1.53798317909
3078,1.38620638847
3079,1.5851432085
3080,1.72711145878
3081,1.54270887375
3082,1.5301669836
3083,1.47488999367
3084,1.40670204163
3085,1.37808346748
3086,1.38548505306
3087,1.42046785355
3088,1.33878922462
3089,1.52627360821
3090,1.55111205578
3091,1.37253248692
3092,1.47405016422
3093,1.47432386875
3094,1.67157828808
3095,1.34375226498
3096,1.54913330078
3097,1.66600441933
3098,1.35489594936
3099,1.37786078453
3100,1.70454287529
3101,1.31048774719
3102,1.41805577278
3103,1.52032101154
3104,1.46461796761
3105,1.39757013321
3106,1.69751787186
3107,1.52721178532
3108,1.45240712166
3109,1.48267173767
3110,1.34514760971
3111,1.32843470573
3112,1.28784692287
3113,1.35468816757
3114,1.3376044035
3115,1.26251006126
3116,1.456422925
3117,1.51218628883
3118,1.34516119957
3119,1.31460833549
3120,1.37519323826
3121,1.60498189926
3122,1.42124593258
3123,1.21860945225
3124,1.59524834156
3125,1.4737598896
3126,2.33976507187
3127,1.43498444557
3128,1.41328632832
3129,1.45675361156
3130,1.2856464386
3131,1.42654109001
3132,1.5336176157
3133,1.40241312981
3134,1.20696794987
3135,1.40323281288
3136,1.48520576954
3137,1.27033007145
3138,1.29239296913
3139,1.34988582134
3140,1.48183858395
3141,1.39196026325
3142,1.37557816505
3143,1.43660616875
3144,1.48672223091
3145,1.3627808094
3146,1.26324164867
3147,1.37008917332
3148,1.43623530865
3149,1.36587202549
3150,1.28442561626
3151,1.36898875237
3152,1.39495897293
3153,1.33098840714
3154,1.45001161098
3155,1.38739466667
3156,1.39100635052
3157,1.38761734962
3158,1.42456483841
3159,1.3721280098
3160,1.46918034554
3161,1.48089993
3162,1.35010433197
3163,1.34449326992
3164,1.4627648592
3165,1.48055446148
3166,1.30864548683
3167,1.30242538452
3168,1.45037579536
3169,1.72843563557
3170,1.38285577297
3171,1.50205981731
3172,1.47077429295
3173,1.53917360306
3174,1.38290011883
3175,1.45012676716
3176,1.3876452446
3177,1.40477609634
3178,1.45130038261
3179,1.42150139809
3180,1.4740139246
3181,1.40605223179
3182,1.30778706074
3183,1.3341012001
3184,1.49025213718
3185,1.32074093819
3186,1.494130373
3187,1.27706849575
3188,1.50036644936
3189,1.39720880985
3190,1.47004640102
3191,1.37958943844
3192,1.26082491875
3193,1.25194466114
3194,1.39381253719
3195,1.29555642605
3196,1.38077414036
3197,1.29421675205
3198,1.39166367054
3199,1.44483792782
3200,1.39536702633
3201,1.51955139637
3202,1.42302536964
3203,1.3998349905
3204,1.40110003948
3205,1.37541568279
3206,1.40886759758
3207,1.36624002457
3208,1.48960959911
3209,1.32811832428
3210,1.38440108299
3211,1.29871594906
3212,1.42780435085
3213,1.39583408833
3214,1.47915828228
3215,1.36173760891
3216,1.44909012318
3217,1.49716591835
3218,1.3638023138
3219,1.46247923374
3220,1.41351723671
3221,1.27406644821
3222,1.33363032341
3223,1.3997451067
3224,1.33464312553
3225,1.37118685246
3226,1.49105155468
3227,1.29849565029
3228,1.32475244999
3229,1.42755961418
3230,1.38636529446
3231,1.4226218462
3232,1.33651435375
3233,1.33181321621
3234,1.28760540485
3235,1.45833361149
3236,1.35831511021
3237,1.38710451126
3238,1.36209487915
3239,1.52482116222
3240,1.32324171066
3241,1.18778598309
3242,1.38885426521
3243,1.29181516171
3244,1.25675928593
3245,1.22791862488
3246,1.48711943626
3247,1.35937774181
3248,1.43020701408
3249,1.40035629272
3250,1.23463654518
3251,1.37136268616
3252,1.37412810326
3253,1.30270087719
3254,1.38227260113
3255,1.41788303852
3256,1.38775420189
3257,1.41202414036
3258,1.4470924139
3259,1.54290401936
3260,1.4906771183
3261,1.51731657982
3262,1.68529093266
3263,1.39213824272
3264,1.52685499191
3265,1.384729743
3266,1.40257632732
3267,1.48235428333
3268,1.30736398697
3269,1.4917242527
3270,1.50619149208
3271,1.44393467903
3272,1.37217724323
3273,1.34363377094
3274,1.65753757954
3275,1.37434160709
3276,1.50374150276
3277,1.46486735344
3278,1.2436426878
3279,1.50778722763
3280,1.40770924091
3281,1.27006566525
3282,1.40015566349
3283,1.33156001568
3284,1.26205098629
3285,1.25683474541
3286,1.46238601208
3287,1.23994541168
3288,1.26067447662
3289,1.40544521809
3290,1.27772128582
3291,1.32829844952
3292,1.36326849461
3293,1.30780541897
3294,1.30952084064
3295,1.35937619209
3296,1.33034729958
3297,1.34475123882
3298,1.34622049332
3299,1.4983035326
3300,1.43652498722
3301,1.35484707355
3302,1.37403726578
3303,1.37904632092
3304,1.33160996437
3305,1.36888194084
3306,1.52519333363
3307,1.38712310791
3308,1.36335420609
3309,1.29593706131
3310,1.37278974056
3311,1.26713097095
3312,1.38237404823
3313,1.36599898338
3314,1.27583765984
3315,1.43007421494
3316,1.35382580757
3317,1.28089404106
3318,1.34827208519
3319,1.4524487257
3320,1.34357631207
3321,1.26130998135
3322,1.29366791248
3323,1.27961432934
3324,1.34687876701
3325,1.56371808052
3326,1.54371988773
3327,1.37227499485
3328,1.63485300541
3329,1.49056637287
3330,1.21803188324
3331,1.36508309841
3332,1.56397819519
3333,1.33266735077
3334,1.52253246307
3335,1.31767976284
3336,1.30258727074
3337,1.36728012562
3338,1.39917576313
3339,1.48831641674
3340,1.32797563076
3341,1.41551482677
3342,1.40884137154
3343,1.54474687576
3344,1.49748563766
3345,1.35679483414
3346,1.56068110466
3347,1.48467922211
3348,1.26894342899
3349,1.61226141453
3350,1.49379730225
3351,1.39042699337
3352,1.39374780655
3353,1.53540635109
3354,1.39046704769
3355,1.28722774982
3356,1.50391054153
3357,1.37734794617
3358,1.41568207741
3359,1.40808975697
3360,1.39799952507
3361,1.29353511333
3362,1.35393333435
3363,1.38304769993
3364,1.40856730938
3365,1.4617369175
3366,1.37649977207
3367,1.34414875507
3368,1.41271853447
3369,1.37892615795
3370,1.40257680416
3371,1.39621436596
3372,1.3013753891
3373,1.50161206722
3374,1.38196909428
3375,1.35675477982
3376,1.31045496464
3377,1.33074963093
3378,1.51129961014
3379,1.39293313026
3380,1.30972397327
3381,1.24517798424
3382,1.36806130409
3383,1.38260149956
3384,1.39665186405
3385,1.44485139847
3386,1.30838799477
3387,1.44987344742
3388,1.45739018917
3389,1.3805668354
3390,1.43710708618
3391,1.34535515308
3392,1.40600907803
3393,1.32324790955
3394,1.44661474228
3395,1.41884922981
3396,1.37577581406
3397,1.22284531593
3398,1.35328745842
3399,1.40621328354
3400,1.21892869473
3401,1.31846952438
3402,1.42919886112
3403,1.32788038254
3404,1.33673405647
3405,1.34666550159
3406,1.43201601505
3407,1.40867722034
3408,1.25334489346
3409,1.40698897839
3410,1.36938202381
3411,1.49442756176
3412,1.48032546043
3413,1.35604727268
3414,1.33454167843
3415,1.57550787926
3416,1.3128477335
3417,1.46412599087
3418,1.48730432987
3419,1.26959013939
3420,1.60781931877
3421,1.64215254784
3422,1.36835098267
3423,1.40247404575
3424,1.44262897968
3425,1.53876960278
3426,1.44395875931
3427,1.27786362171
3428,1.40781474113
3429,1.30265665054
3430,1.28901791573
3431,1.33533620834
3432,1.29714047909
3433,1.25822114944
3434,1.31422686577
3435,1.30284631252
3436,1.4159168005
3437,1.23478055
3438,1.44465625286
3439,1.32438361645
3440,1.14266419411
3441,1.36589598656
3442,1.29701757431
3443,1.38829016685
3444,1.46602535248
3445,1.36063694954
3446,1.48507750034
3447,1.33756303787
3448,1.33008480072
3449,1.28226745129
3450,1.54685485363
3451,1.48063886166
3452,1.34038233757
3453,1.31765282154
3454,1.47744047642
3455,1.28795015812
3456,1.25523245335
3457,1.29479169846
3458,1.29351043701
3459,1.35726046562
3460,1.27902722359
3461,1.50837171078
3462,1.29366052151
3463,1.2576867342
3464,1.45445811749
3465,1.32080197334
3466,1.4049744606
3467,1.52180218697
3468,1.38749086857
3469,1.31919419765
3470,1.3354716301
3471,1.37661540508
3472,1.39319252968
3473,1.3708178997
3474,1.36385262012
3475,1.32253324986
3476,1.44669985771
3477,1.41062939167
3478,1.49834060669
3479,1.48724853992
3480,1.44426393509
3481,1.4579501152
3482,1.45992767811
3483,1.32719218731
3484,1.54453861713
3485,1.53305828571
3486,1.46072757244
3487,1.44326591492
3488,1.47801709175
3489,1.42836308479
3490,1.45047736168
3491,1.48734652996
3492,1.47459661961
3493,1.39863967896
3494,1.41143345833
3495,1.4532558918
3496,1.52106130123
3497,1.55384755135
3498,1.31962454319
3499,1.31506085396
3500,1.40855562687
3501,1.3509016037
3502,1.28829038143
3503,1.30519020557
3504,1.32225167751
3505,1.35543000698
3506,1.21973788738
3507,1.20053553581
3508,1.45489883423
3509,1.42509186268
3510,1.35207462311
3511,1.3685747385
3512,1.51108753681
3513,1.33666753769
3514,1.45594918728
3515,1.31916451454
3516,1.35230123997
3517,1.29860794544
3518,1.47612380981
3519,1.37895452976
3520,1.42998611927
3521,1.31552886963
3522,1.49545204639
3523,1.45385086536
3524,1.26263999939
3525,1.3762819767
3526,1.43915808201
3527,1.37945890427
3528,1.41690731049
3529,1.33123791218
3530,1.38253903389
3531,1.54870808125
3532,1.45221734047
3533,1.49865794182
3534,1.36741983891
3535,1.29547095299
3536,1.47390413284
3537,1.25379312038
3538,1.32283735275
3539,1.3675506115
3540,1.5207233429
3541,1.29514789581
3542,1.32961022854
3543,1.40142452717
3544,1.32338500023
3545,1.31654906273
3546,1.22631263733
3547,1.38105797768
3548,1.32172882557
3549,1.47806560993
3550,1.35356199741
3551,1.3348685503
3552,1.42769265175
3553,1.3477396965
3554,1.35176229477
3555,1.32655239105
3556,1.28546929359
3557,1.29449534416
3558,1.39644300938
3559,1.41333687305
3560,1.3875837326
3561,1.48734629154
3562,1.47479426861
3563,1.41014575958
3564,1.43176364899
3565,1.40778160095
3566,1.31577777863
3567,1.34691441059
3568,1.25852012634
3569,1.26541852951
3570,1.18836557865
3571,1.37495076656
3572,1.22451329231
3573,1.31087529659
3574,1.36072015762
3575,1.40582299232
3576,1.3284471035
3577,1.28744006157
3578,1.38351488113
3579,1.62411355972
3580,1.595261693
3581,1.42189311981
3582,1.32720851898
3583,1.45366835594
3584,1.27038156986
3585,1.25827395916
3586,1.29962825775
3587,1.3519500494
3588,1.37277829647
3589,1.34443116188
3590,1.25183522701
3591,1.36333060265
3592,1.34752297401
3593,1.23926532269
3594,1.56286156178
3595,1.32561576366
3596,1.18311691284
3597,1.38223052025
3598,1.47602748871
3599,1.45967185497
3600,1.39527654648
3601,1.27445065975
3602,1.37939429283
3603,1.23728442192
3604,1.51331412792
3605,1.46837580204
3606,1.33705973625
3607,1.33101963997
3608,1.43971383572
3609,1.38166344166
3610,1.34078145027
3611,1.41990876198
3612,1.26346743107
3613,1.45749497414
3614,1.26580440998
3615,1.24521934986
3616,1.24717652798
3617,1.2911837101
3618,1.23559439182
3619,1.33736777306
3620,1.37707841396
3621,1.35983920097
3622,1.37476074696
3623,1.183609128
3624,1.25910317898
3625,1.26858484745
3626,1.18617105484
3627,1.38661372662
3628,1.59963965416
3629,1.38286399841
3630,1.34685790539
3631,1.41213750839
3632,1.45681977272
3633,1.43898713589
3634,1.44649732113
3635,1.40525138378
3636,1.51238441467
3637,1.24054968357
3638,1.36268353462
3639,1.36605203152
3640,1.34516811371
3641,1.27177202702
3642,1.36192727089
3643,1.36474943161
3644,1.26704263687
3645,1.30738770962
3646,1.32958376408
3647,1.38111937046
3648,1.30185949802
3649,1.42344665527
3650,1.47509276867
3651,1.42105031013
3652,1.30493509769
3653,1.31570637226
3654,1.35966336727
3655,1.41324007511
3656,1.47900855541
3657,1.25370430946
3658,1.42702198029
3659,1.40335667133
3660,1.33502709866
3661,1.47693705559
3662,1.30571973324
3663,1.35611402988
3664,1.36449325085
3665,1.35784769058
3666,1.40166950226
3667,1.394323349
3668,1.41889238358
3669,1.2507174015
3670,1.43097496033
3671,1.32685685158
3672,1.36340761185
3673,1.30346632004
3674,1.30215990543
3675,1.26152098179
3676,1.29762339592
3677,1.26694858074
3678,1.38294994831
3679,1.21373534203
3680,1.24459338188
3681,1.38479566574
3682,1.24900960922
3683,1.19356071949
3684,1.24685943127
3685,1.30506050587
3686,1.23931634426
3687,1.3194038868
3688,1.38757193089
3689,1.23113656044
3690,1.3015294075
3691,1.27571308613
3692,1.33750128746
3693,1.22880387306
3694,1.44653296471
3695,1.37094390392
3696,1.24757957458
3697,1.47315645218
3698,1.34386730194
3699,1.32922828197
3700,1.35554301739
3701,1.32923281193
3702,1.34280395508
3703,1.28381335735
3704,1.29810786247
3705,1.46471440792
3706,1.28510808945
3707,1.34019649029
3708,1.55882573128
3709,1.4894515276
3710,1.32272422314
3711,1.23729717731
3712,1.37580502033
3713,1.28963148594
3714,1.3744853735
3715,1.33739829063
3716,1.26957261562
3717,1.35511469841
3718,1.29526185989
3719,1.27528738976
3720,1.30160367489
3721,1.29176080227
3722,1.34272146225
3723,1.4151238203
3724,1.40722322464
3725,1.24502587318
3726,1.43805766106
3727,1.31116509438
3728,1.28135490417
3729,1.38432526588
3730,1.42503988743
3731,1.28048098087
3732,1.22098064423
3733,1.38633358479
3734,1.40150165558
3735,1.34369325638
3736,1.30865848064
3737,1.40474045277
3738,1.37776243687
3739,1.2971445322
3740,1.40898191929
3741,1.45379972458
3742,1.41150021553
3743,1.37546682358
3744,1.31670939922
3745,1.38630247116
3746,1.24413883686
3747,1.47562992573
3748,1.39238500595
3749,1.38694596291
3750,1.40333497524
3751,1.2859992981
3752,1.27997899055
3753,1.33361458778
3754,1.33224582672
3755,1.27198016644
3756,1.3567250967
3757,1.28182077408
3758,1.33384120464
3759,1.24246633053
3760,1.41729640961
3761,1.30999612808
3762,1.26087129116
3763,1.33958029747
3764,1.34987986088
3765,1.39520609379
3766,1.49671077728
3767,1.37916243076
3768,1.29589021206
3769,1.19152116776
3770,1.3265427351
3771,1.27043128014
3772,1.36863267422
3773,1.36117637157
3774,1.279327631
3775,1.40580379963
3776,1.3376390934
3777,1.34465456009
3778,1.27050149441
3779,1.24604821205
3780,1.33308708668
3781,1.35741078854
3782,1.37343227863
3783,1.27904808521
3784,1.33115768433
3785,1.41391968727
3786,1.35192024708
3787,1.27645719051
3788,1.44261944294
3789,1.32635068893
3790,1.19387114048
3791,1.36091291904
3792,1.31264078617
3793,1.22044074535
3794,1.28194212914
3795,1.15902662277
3796,1.22244155407
3797,1.17419397831
3798,1.14041173458
3799,1.17836678028
3800,1.52687835693
3801,1.1960132122
3802,1.12600028515
3803,1.21026134491
3804,1.28397107124
3805,1.22128582001
3806,1.17979180813
3807,1.22923398018
3808,1.13666903973
3809,1.32713019848
3810,1.36793518066
3811,1.40621244907
3812,1.35142481327
3813,1.27274024487
3814,1.37714207172
3815,1.24034059048
3816,1.31696724892
3817,1.34220612049
3818,1.25035893917
3819,1.39640438557
3820,1.44580721855
3821,1.18813955784
3822,1.40116357803
3823,1.46620631218
3824,1.41520702839
3825,1.34257054329
3826,1.35615897179
3827,1.33233463764
3828,1.29023420811
3829,1.35790157318
3830,1.26526868343
3831,1.28353524208
3832,1.2562456131
3833,1.26689946651
3834,1.45600676537
3835,1.28885781765
3836,1.3091801405
3837,1.21845853329
3838,1.4824732542
3839,1.32610213757
3840,1.2911990881
3841,1.31444954872
3842,1.38327848911
3843,1.25126850605
3844,1.29257130623
3845,1.37907660007
3846,1.28606522083
3847,1.28774559498
3848,1.36364603043
3849,1.4027132988
3850,1.39024043083
3851,1.24586546421
3852,1.21657836437
3853,1.29673433304
3854,1.36054372787
3855,1.25273537636
3856,1.31128501892
3857,1.33640491962
3858,1.25444412231
3859,1.40241479874
3860,1.20892453194
3861,1.32966709137
3862,1.47010493279
3863,1.41292560101
3864,1.32613384724
3865,1.26541447639
3866,1.40139293671
3867,1.44114053249
3868,1.43813848495
3869,1.38316512108
3870,1.37331342697
3871,1.3399926424
3872,1.25700283051
3873,1.34871459007
3874,1.35877013206
3875,1.17633342743
3876,1.23048257828
3877,1.32199382782
3878,1.30187630653
3879,1.2316391468
3880,1.3479796648
3881,1.28873968124
3882,1.35142242908
3883,1.22409915924
3884,1.23240470886
3885,1.3210067749
3886,1.32784819603
3887,1.43195879459
3888,1.2279497385
3889,1.21733605862
3890,1.30422639847
3891,1.29429161549
3892,1.21482431889
3893,1.32336866856
3894,1.31366741657
3895,1.32071888447
3896,1.21180319786
3897,1.37923324108
3898,1.24044859409
3899,1.45233058929
3900,1.29788684845
3901,1.18434488773
3902,1.31213033199
3903,1.17516744137
3904,1.33566701412
3905,1.22710907459
3906,1.41108071804
3907,1.37623929977
3908,1.23784971237
3909,1.414524436
3910,1.38482964039
3911,1.14904344082
3912,1.22235739231
3913,1.28069162369
3914,1.19535124302
3915,1.25755274296
3916,1.18250381947
3917,1.2246670723
3918,1.27286863327
3919,1.38896715641
3920,1.29329311848
3921,1.27545404434
3922,1.30531716347
3923,1.15829646587
3924,1.39366340637
3925,1.53178942204
3926,1.31663012505
3927,1.27678644657
3928,1.21754348278
3929,1.32311356068
3930,1.25859773159
3931,1.29901385307
3932,1.26992356777
3933,1.24938070774
3934,1.31363677979
3935,1.31675195694
3936,1.43785059452
3937,1.34554934502
3938,1.29363322258
3939,1.38904643059
3940,1.17798018456
3941,1.18880677223
3942,1.35461425781
3943,1.35919797421
3944,1.30242133141
3945,1.27039504051
3946,1.3943169117
3947,1.34295523167
3948,1.34896290302
3949,1.34824109077
3950,1.38194584846
3951,1.41161692142
3952,1.38428711891
3953,1.27083098888
3954,1.24737143517
3955,1.39649140835
3956,1.29959356785
3957,1.34777021408
3958,1.40448534489
3959,1.23564839363
3960,1.26701891422
3961,1.25425839424
3962,1.23110127449
3963,1.33490860462
3964,1.41827619076
3965,1.25181531906
3966,1.3088350296
3967,1.19580543041
3968,1.32518768311
3969,1.30578887463
3970,1.31474816799
3971,1.26557433605
3972,1.2703795433
3973,1.18689823151
3974,1.3374017477
3975,1.20600509644
3976,1.29122972488
3977,1.39230382442
3978,1.35931122303
3979,1.52219951153
3980,1.37363088131
3981,1.30866348743
3982,1.43305194378
3983,1.3384257555
3984,1.1763471365
3985,1.29753506184
3986,1.19537627697
3987,1.30719327927
3988,1.26580297947
3989,1.24547576904
3990,1.41098606586
3991,1.18219172955
3992,1.26880085468
3993,1.29449510574
3994,1.3224016428
3995,1.23020541668
3996,1.2641377449
3997,1.41543626785
3998,1.38900017738
3999,1.45077681541
4000,1.21644496918
4001,1.25352072716
4002,1.39336013794
4003,1.33525311947
4004,1.28205347061
4005,1.18867897987
4006,1.29899024963
4007,1.3096704483
4008,1.42358195782
4009,1.3339291811
4010,1.26820790768
4011,1.27969563007
4012,1.39538800716
4013,1.31872093678
4014,1.3785507679
4015,1.35965836048
4016,1.23306953907
4017,1.31675291061
4018,1.36755692959
4019,1.39524412155
4020,1.28137516975
4021,1.29950213432
4022,1.25740265846
4023,1.35853421688
4024,1.27806532383
4025,1.26243305206
4026,1.23545062542
4027,1.29399657249
4028,1.26974368095
4029,1.40575540066
4030,1.24769604206
4031,1.20285928249
4032,1.33238494396
4033,1.24454438686
4034,1.28689575195
4035,1.38932240009
4036,1.23711240292
4037,1.35025691986
4038,1.34986364841
4039,1.38902699947
4040,1.26682722569
4041,1.22619700432
4042,1.12157535553
4043,1.32099044323
4044,1.40130734444
4045,1.26729357243
4046,1.35118722916
4047,1.3718585968
4048,1.25527095795
4049,1.4972332716
4050,1.24495255947
4051,1.40764725208
4052,1.35582685471
4053,1.39776217937
4054,1.30977976322
4055,1.30705821514
4056,1.33581650257
4057,1.33585691452
4058,1.3363314867
4059,1.42760384083
4060,1.29510474205
4061,1.26620960236
4062,1.24499464035
4063,1.18695807457
4064,1.22978496552
4065,1.36227691174
4066,1.32271122932
4067,1.1980214119
4068,1.38443434238
4069,1.3521746397
4070,1.244982481
4071,1.29671490192
4072,1.2214602232
4073,1.21112084389
4074,1.26498651505
4075,1.3143055439
4076,1.29572534561
4077,1.28200435638
4078,1.28041696548
4079,1.20059502125
4080,1.21873748302
4081,1.2322319746
4082,1.3423538208
4083,1.28298819065
4084,1.36049878597
4085,1.38204550743
4086,1.416203022
4087,1.43803560734
4088,1.33121967316
4089,1.47568893433
4090,1.30407941341
4091,1.21164977551
4092,1.21870195866
4093,1.48558664322
4094,1.42173039913
4095,1.31009030342
4096,1.26443839073
4097,1.26239824295
4098,1.36549425125
4099,1.2555937767
4100,1.30027961731
4101,1.33747303486
4102,1.31713759899
4103,1.29461288452
4104,1.19666981697
4105,1.17147731781
4106,1.20183360577
4107,1.50143861771
4108,1.20056390762
4109,1.39600002766
4110,1.39600634575
4111,1.31600701809
4112,1.26065790653
4113,1.28721153736
4114,1.28187179565
4115,1.33051919937
4116,1.35616540909
4117,1.31728315353
4118,1.37688601017
4119,1.44052398205
4120,1.17157292366
4121,1.35445702076
4122,1.21962070465
4123,1.24941849709
4124,1.26992452145
4125,1.28098070621
4126,1.26348090172
4127,1.32144618034
4128,1.2249994278
4129,1.2296640873
4130,1.24171447754
4131,1.32578277588
4132,1.2425814867
4133,1.30955672264
4134,1.32266676426
4135,1.45067358017
4136,1.28163588047
4137,1.24862504005
4138,1.18104839325
4139,1.20047354698
4140,1.27981972694
4141,1.45517230034
4142,1.36026990414
4143,1.15567409992
4144,1.31046533585
4145,1.32851839066
4146,1.27831542492
4147,1.23200178146
4148,1.43330264091
4149,1.32563459873
4150,1.28881442547
4151,1.25537264347
4152,1.23503041267
4153,1.3395524025
4154,1.36463308334
4155,1.26206469536
4156,1.22807407379
4157,1.46449553967
4158,1.28842735291
4159,1.2940094471
4160,1.25949001312
4161,1.33954632282
4162,1.22358548641
4163,1.37545073032
4164,1.45896840096
4165,1.27126562595
4166,1.19865620136
4167,1.26012194157
4168,1.39784026146
4169,1.30497312546
4170,1.30485057831
4171,1.34863328934
4172,1.34626317024
4173,1.32746076584
4174,1.34131979942
4175,1.30527734756
4176,1.14882421494
4177,1.23535656929
4178,1.33983337879
4179,1.30222642422
4180,1.185516119
4181,1.41981840134
4182,1.38065993786
4183,1.22970294952
4184,1.32108533382
4185,1.330103755
4186,1.26313793659
4187,1.30139112473
4188,1.24736762047
4189,1.25971615314
4190,1.23379445076
4191,1.18614625931
4192,1.23496365547
4193,1.25093209743
4194,1.26230156422
4195,1.21327638626
4196,1.15985715389
4197,1.4136223793
4198,1.21005475521
4199,1.2829580307
4200,1.26914310455
4201,1.15559327602
4202,1.28543460369
4203,1.30858910084
4204,1.26469182968
4205,1.25480306149
4206,1.47636139393
4207,1.24858772755
4208,1.3215996027
4209,1.2533942461
4210,1.16094648838
4211,1.21307992935
4212,1.17497313023
4213,1.14751005173
4214,1.28553330898
4215,1.20541393757
4216,1.12747144699
4217,1.2367657423
4218,1.2017236948
4219,1.29833030701
4220,1.25925898552
4221,1.33434844017
4222,1.26600337029
4223,1.34014415741
4224,1.26804113388
4225,1.16966462135
4226,1.28951621056
4227,1.2537125349
4228,1.41152644157
4229,1.28595638275
4230,1.23995113373
4231,1.26595675945
4232,1.40717637539
4233,1.26652014256
4234,1.16099107265
4235,1.33341300488
4236,1.34198474884
4237,1.31637310982
4238,1.28453683853
4239,1.25451660156
4240,1.29447484016
4241,1.1739243269
4242,1.16646957397
4243,1.26597261429
4244,1.22798216343
4245,1.24648821354
4246,1.37943792343
4247,1.34633886814
4248,1.28287661076
4249,1.26383066177
4250,1.35625422001
4251,1.23852884769
4252,1.26961517334
4253,1.4570940733
4254,1.30417478085
4255,1.2479531765
4256,1.35932981968
4257,1.24381232262
4258,1.24900889397
4259,1.43770611286
4260,1.39833533764
4261,1.19002914429
4262,1.33581340313
4263,1.44457960129
4264,1.27379763126
4265,1.28539276123
4266,1.33087897301
4267,1.19570827484
4268,1.32731807232
4269,1.34392428398
4270,1.28318166733
4271,1.27570080757
4272,1.37447988987
4273,1.18249249458
4274,1.23932099342
4275,1.21133577824
4276,1.23732542992
4277,1.22236359119
4278,1.30032682419
4279,1.38218295574
4280,1.28343915939
4281,1.20780658722
4282,1.235922575
4283,1.20090162754
4284,1.25714707375
4285,1.30945897102
4286,1.31767475605
4287,1.26076197624
4288,1.23792302608
4289,1.26279914379
4290,1.34027218819
4291,1.25615048409
4292,1.1982486248
4293,1.20528721809
4294,1.38020718098
4295,1.2447501421
4296,1.19761383533
4297,1.18956887722
4298,1.26171290874
4299,1.32284808159
4300,1.29113805294
4301,1.28489506245
4302,1.36702561378
4303,1.34921514988
4304,1.2557309866
4305,1.15743112564
4306,1.29053521156
4307,1.48817443848
4308,1.39439570904
4309,1.27376437187
4310,1.22752404213
4311,1.25301218033
4312,1.26308691502
4313,1.27340018749
4314,1.26173198223
4315,1.26901161671
4316,1.46729552746
4317,1.24333202839
4318,1.18982887268
4319,1.24272370338
4320,1.31946837902
4321,1.33721792698
4322,1.22593009472
4323,1.26985740662
4324,1.4022963047
4325,1.55972445011
4326,1.24728500843
4327,1.28740799427
4328,1.4135133028
4329,1.39876866341
4330,1.30343043804
4331,1.53812766075
4332,1.39791798592
4333,1.22383856773
4334,1.22389864922
4335,1.48992240429
4336,1.31962895393
4337,1.16312110424
4338,1.2023332119
4339,1.33019244671
4340,1.13868510723
4341,1.23094201088
4342,1.13039290905
4343,1.25821816921
4344,1.2202476263
4345,1.22155737877
4346,1.22777915001
4347,1.19273900986
4348,1.19730234146
4349,1.25083255768
4350,1.12331831455
4351,1.17044401169
4352,1.40382921696
4353,1.18918228149
4354,1.19600391388
4355,1.26663672924
4356,1.27036905289
4357,1.18114840984
4358,1.20790910721
4359,1.1427615881
4360,1.23335540295
4361,1.18333017826
4362,1.18719625473
4363,1.15556371212
4364,1.24049317837
4365,1.2630712986
4366,1.24003875256
4367,1.350476861
4368,1.20711505413
4369,1.28101170063
4370,1.25867247581
4371,1.17610919476
4372,1.27583754063
4373,1.27492880821
4374,1.29302728176
4375,1.24248242378
4376,1.23840677738
4377,1.11391830444
4378,1.26894021034
4379,1.13100266457
4380,1.23221802711
4381,1.36540329456
4382,1.39287614822
4383,1.27609014511
4384,1.14638984203
4385,1.35330116749
4386,1.2930366993
4387,1.31389021873
4388,1.32130384445
4389,1.26686990261
4390,1.29084992409
4391,1.27429127693
4392,1.26580226421
4393,1.35607779026
4394,1.29796457291
4395,1.14698684216
4396,1.31391620636
4397,1.24862158298
4398,1.19024896622
4399,1.08594167233
4400,1.36935031414
4401,1.24948692322
4402,1.32727706432
4403,1.15367841721
4404,1.13137745857
4405,1.33417403698
4406,1.39925205708
4407,1.17340528965
4408,1.22707247734
4409,1.25612807274
4410,1.27621567249
4411,1.21841180325
4412,1.28439307213
4413,1.19305145741
4414,1.2361086607
4415,1.37483251095
4416,1.19342553616
4417,1.27017450333
4418,1.35350418091
4419,1.30775618553
4420,1.26172220707
4421,1.22198319435
4422,1.32188439369
4423,1.27464127541
4424,1.47506678104
4425,1.27458870411
4426,1.20136642456
4427,1.40023779869
4428,1.5141479969
4429,1.28846538067
4430,1.21851837635
4431,1.26611208916
4432,1.1925599575
4433,1.20733368397
4434,1.17705142498
4435,1.37879264355
4436,1.32501173019
4437,1.32720196247
4438,1.35016620159
4439,1.19711899757
4440,1.16995644569
4441,1.19612240791
4442,1.34174394608
4443,1.21632349491
4444,1.17924714088
4445,1.30869460106
4446,1.33052039146
4447,1.23780798912
4448,1.38519096375
4449,1.35832571983
4450,1.2369556427
4451,1.27496898174
4452,1.30020225048
4453,1.31524527073
4454,1.25245130062
4455,1.18927133083
4456,1.19914579391
4457,1.17490231991
4458,1.21928167343
4459,1.22225308418
4460,1.38845539093
4461,1.25062429905
4462,1.31871318817
4463,1.35458183289
4464,1.24331581593
4465,1.3165653944
4466,1.2375202179
4467,1.23965537548
4468,1.10085070133
4469,1.25565731525
4470,1.16250741482
4471,1.28589677811
4472,1.27298748493
4473,1.22215735912
4474,1.27182376385
4475,1.31205153465
4476,1.24520814419
4477,1.28614974022
4478,1.23000860214
4479,1.36720359325
4480,1.30806982517
4481,1.10261654854
4482,1.2590239048
4483,1.30135512352
4484,1.12167859077
4485,1.04111647606
4486,1.21092760563
4487,1.20587670803
4488,1.25578486919
4489,1.21391069889
4490,1.25724613667
4491,1.14665710926
4492,1.20563137531
4493,1.26218140125
4494,1.34936904907
4495,1.25044739246
4496,1.28683745861
4497,1.14139842987
4498,1.14425158501
4499,1.23541033268
4500,1.13305461407
4501,1.26613092422
4502,1.1457798481
4503,1.19596910477
4504,1.23531424999
4505,1.24821090698
4506,1.16206991673
4507,1.17411065102
4508,1.18987607956
4509,1.23645973206
4510,1.21542656422
4511,1.27433276176
4512,1.21333646774
4513,1.18521785736
4514,1.42332875729
4515,1.22664535046
4516,1.3108779192
4517,1.28476810455
4518,1.1347540617
4519,1.18038916588
4520,1.31299734116
4521,1.31559765339
4522,1.16888856888
4523,1.15663933754
4524,1.23923385143
4525,1.05919003487
4526,1.29773521423
4527,1.22638440132
4528,1.13778364658
4529,1.18383967876
4530,1.25468420982
4531,1.30345869064
4532,1.27889227867
4533,1.20714271069
4534,1.29110717773
4535,1.29380476475
4536,1.24545204639
4537,1.22772169113
4538,1.2382478714
4539,1.20422422886
4540,1.29992806911
4541,1.21914410591
4542,1.27445781231
4543,1.24873256683
4544,1.17669188976
4545,1.17752766609
4546,1.14591825008
4547,1.23497259617
4548,1.19618225098
4549,1.24428701401
4550,1.1821449995
4551,1.20373153687
4552,1.18265414238
4553,1.39757966995
4554,1.13558888435
4555,1.15609920025
4556,1.21182394028
4557,1.15729689598
4558,1.21767759323
4559,1.15197074413
4560,1.17372405529
4561,1.1891181469
4562,1.26895952225
4563,1.31631839275
4564,1.23309743404
4565,1.34622752666
4566,1.3130671978
4567,1.18763196468
4568,1.20130372047
4569,1.27109479904
4570,1.19984602928
4571,1.30479121208
4572,1.23133134842
4573,1.17582428455
4574,1.24730908871
4575,1.27998995781
4576,1.30997419357
4577,1.34359741211
4578,1.27327156067
4579,1.21469950676
4580,1.28120219707
4581,1.23901367188
4582,1.22610473633
4583,1.28132116795
4584,1.24682843685
4585,1.16010665894
4586,1.26506769657
4587,1.19782924652
4588,1.232391119
4589,1.18414354324
4590,1.29459023476
4591,1.16307246685
4592,1.11516499519
4593,1.20102107525
4594,1.23710179329
4595,1.23514986038
4596,1.22054803371
4597,1.33566522598
4598,1.23623180389
4599,1.22739219666
4600,1.30957686901
4601,1.23080289364
4602,1.34169054031
4603,1.26531791687
4604,1.1642781496
4605,1.28037023544
4606,1.28108739853
4607,1.29231333733
4608,1.2552986145
4609,1.26024615765
4610,1.16901946068
4611,1.21467041969
4612,1.23646402359
4613,1.23853254318
4614,1.15017473698
4615,1.21943747997
4616,1.23207485676
4617,1.17270886898
4618,1.13492906094
4619,1.13392937183
4620,1.20349037647
4621,1.26062631607
4622,1.17332649231
4623,1.13659393787
4624,1.28124630451
4625,1.13691484928
4626,1.34027659893
4627,1.3260217905
4628,1.23006045818
4629,1.19421732426
4630,1.13781547546
4631,1.27401006222
4632,1.16082239151
4633,1.24332726002
4634,1.1715130806
4635,1.28867983818
4636,1.08279681206
4637,1.20845031738
4638,1.32102489471
4639,1.27255129814
4640,1.23304569721
4641,1.36455106735
4642,1.21411442757
4643,1.21479558945
4644,1.275359869
4645,1.33552277088
4646,1.11401474476
4647,1.24407017231
4648,1.35265290737
4649,1.21586918831
4650,1.25200879574
4651,1.30226266384
4652,1.31238162518
4653,1.27300155163
4654,1.26153659821
4655,1.24112689495
4656,1.32143759727
4657,1.28365623951
4658,1.16182994843
4659,1.31509160995
4660,1.1968960762
4661,1.18627130985
4662,1.27797949314
4663,1.12404072285
4664,1.30045115948
4665,1.17449259758
4666,1.23808133602
4667,1.12637531757
4668,1.26282644272
4669,1.31843960285
4670,1.27017557621
4671,1.24150705338
4672,1.25862085819
4673,1.25858056545
4674,1.19677364826
4675,1.28410184383
4676,1.17276632786
4677,1.18036472797
4678,1.31741154194
4679,1.20086729527
4680,1.1884213686
4681,1.16715466976
4682,1.13225066662
4683,1.16761624813
4684,1.14778971672
4685,1.19751775265
4686,1.20650100708
4687,1.26940584183
4688,1.23567426205
4689,1.85035097599
4690,1.30212080479
4691,1.28876245022
4692,1.24031484127
4693,1.28214251995
4694,1.1326508522
4695,1.16096270084
4696,1.14448320866
4697,1.28580367565
4698,1.25427412987
4699,1.15310180187
4700,1.11807096004
4701,1.1697562933
4702,1.18290233612
4703,1.33883535862
4704,1.16420996189
4705,1.31122410297
4706,1.15070748329
4707,1.27819895744
4708,1.27027440071
4709,1.20054554939
4710,1.2143393755
4711,1.38008630276
4712,1.22763383389
4713,1.15585064888
4714,1.19908356667
4715,1.225020051
4716,1.24920189381
4717,1.2155456543
4718,1.22598838806
4719,1.319231987
4720,1.11420214176
4721,1.21549773216
4722,1.27978682518
4723,1.19370675087
4724,1.20341312885
4725,1.13075780869
4726,1.30745708942
4727,1.27002966404
4728,1.23480582237
4729,1.17911612988
4730,1.22409534454
4731,1.23151767254
4732,1.33679294586
4733,1.0823366642
4734,1.25256478786
4735,1.33470749855
4736,1.16519892216
4737,1.22944915295
4738,1.17206537724
4739,1.1499017477
4740,1.15661871433
4741,1.22617650032
4742,1.21731114388
4743,1.16630446911
4744,1.14207267761
4745,1.26491391659
4746,1.21540248394
4747,1.22800803185
4748,1.23187887669
4749,1.3074940443
4750,1.29900598526
4751,1.27689170837
4752,1.26888263226
4753,1.26218378544
4754,1.21844100952
4755,1.16891551018
4756,1.20862627029
4757,1.24027264118
4758,1.11692261696
4759,1.16791498661
4760,1.28062129021
4761,1.28111970425
4762,1.2445204258
4763,1.22905504704
4764,1.2709145546
4765,1.19860947132
4766,1.23767352104
4767,1.15145730972
4768,1.21220755577
4769,1.18864309788
4770,1.14360272884
4771,1.23372793198
4772,1.27156102657
4773,1.22594511509
4774,1.16638922691
4775,1.28759431839
4776,1.34160363674
4777,1.22097885609
4778,1.50919020176
4779,1.35272908211
4780,1.2987165451
4781,1.2791082859
4782,1.29829585552
4783,1.1238515377
4784,1.1506152153
4785,1.21194326878
4786,1.29980862141
4787,1.28670048714
4788,1.20500719547
4789,1.25122785568
4790,1.26295089722
4791,1.16842389107
4792,1.17557537556
4793,1.17872178555
4794,1.28976869583
4795,1.33442735672
4796,1.20538473129
4797,1.13754463196
4798,1.09095454216
4799,1.16262769699
4800,1.10095477104
4801,1.13571572304
4802,1.10134744644
4803,1.21493554115
4804,1.17157578468
4805,1.16612350941
4806,1.25311863422
4807,1.1046192646
4808,1.05726230145
4809,1.16997826099
4810,1.12384748459
4811,1.21356511116
4812,1.19890928268
4813,1.22348916531
4814,1.13924837112
4815,1.35043132305
4816,1.37466967106
4817,1.13169896603
4818,1.10573291779
4819,1.28025686741
4820,1.2986805439
4821,1.20278143883
4822,1.15090537071
4823,1.19135928154
4824,1.16181445122
4825,1.18982493877
4826,1.24850976467
4827,1.34161674976
4828,1.20855844021
4829,1.193780303
4830,1.30532455444
4831,1.39122700691
4832,1.25059890747
4833,1.12865877151
4834,1.19032943249
4835,1.20169329643
4836,1.19356226921
4837,1.31950521469
4838,1.16192865372
4839,1.2620036602
4840,1.14065051079
4841,1.32128798962
4842,1.20491158962
4843,1.11608660221
4844,1.23342144489
4845,1.32802200317
4846,1.08125460148
4847,1.29397368431
4848,1.23045313358
4849,1.13253247738
4850,1.13214814663
4851,1.16824054718
4852,1.25591170788
4853,1.22889518738
4854,1.14873683453
4855,1.14219582081
4856,1.28663182259
4857,1.18728005886
4858,1.17904210091
4859,1.13687384129
4860,1.25497424603
4861,1.24615156651
4862,1.25370085239
4863,1.05596601963
4864,1.4010887146
4865,1.26284885406
4866,1.19721674919
4867,1.34881687164
4868,1.28840768337
4869,1.25261723995
4870,1.25771594048
4871,1.1771569252
4872,1.34308707714
4873,1.23540008068
4874,1.23325622082
4875,1.31295108795
4876,1.23160016537
4877,1.24258100986
4878,1.15397620201
4879,1.36830365658
4880,1.14321863651
4881,1.23496341705
4882,1.13939630985
4883,1.28109490871
4884,1.19006752968
4885,1.32610535622
4886,1.23546409607
4887,1.15168893337
4888,1.27107727528
4889,1.34792566299
4890,1.09627914429
4891,1.1205842495
4892,1.21933460236
4893,1.23239421844
4894,1.21062898636
4895,1.25196504593
4896,1.3213083744
4897,1.09801995754
4898,1.3734087944
4899,1.29910707474
4900,1.2352449894
4901,1.25525307655
4902,1.46143424511
4903,1.17865598202
4904,1.2952426672
4905,1.39104712009
4906,1.18878984451
4907,1.22484910488
4908,1.38677883148
4909,1.21374893188
4910,1.20674300194
4911,1.08192539215
4912,1.27109181881
4913,1.22144186497
4914,1.18580400944
4915,1.16377794743
4916,1.17837500572
4917,1.18476390839
4918,1.14267909527
4919,1.19245219231
4920,1.13148283958
4921,1.17478573322
4922,1.14153802395
4923,1.11946094036
4924,1.20119583607
4925,1.24591600895
4926,1.09004807472
4927,1.27188622952
4928,1.21806013584
4929,1.25087988377
4930,1.1380045414
4931,1.16154825687
4932,1.2449491024
4933,1.25237250328
4934,1.23631834984
4935,1.20511972904
4936,1.17902565002
4937,1.19815587997
4938,1.13928544521
4939,1.28995156288
4940,1.31154644489
4941,1.17226183414
4942,1.29302883148
4943,1.2692168951
4944,1.22384440899
4945,1.11593616009
4946,1.19085645676
4947,1.20322942734
4948,1.26443457603
4949,1.20975363255
4950,1.23703730106
4951,1.10199415684
4952,1.21917831898
4953,1.23214292526
4954,1.23081636429
4955,1.29277646542
4956,1.31996250153
4957,1.15363323689
4958,1.17805206776
4959,1.16607630253
4960,1.25168311596
4961,1.08735084534
4962,1.22868871689
4963,1.25231599808
4964,1.2346508503
4965,1.41143906116
4966,1.30505096912
4967,1.13702619076
4968,1.17129361629
4969,1.31719648838
4970,1.24598002434
4971,1.08335065842
4972,1.21933412552
4973,1.15562951565
4974,1.36966884136
4975,1.20537638664
4976,1.26298666
4977,1.1684397459
4978,1.13401997089
4979,1.16362535954
4980,1.15835487843
4981,1.10850572586
4982,1.23415458202
4983,1.24586081505
4984,1.11870670319
4985,1.14662504196
4986,1.1811453104
4987,1.16777086258
4988,1.24855542183
4989,1.24949753284
4990,1.16003012657
4991,1.19615292549
4992,1.17475247383
4993,1.18042349815
4994,1.41366922855
4995,1.23905718327
4996,1.30894613266
4997,1.29782342911
4998,1.19235336781
4999,1.36657476425
5000,1.34342169762
5001,1.44638895988
5002,1.28821778297
5003,1.15084397793
5004,1.1724640131
5005,1.27476704121
5006,1.19164872169
5007,1.23879289627
5008,1.25382363796
5009,1.369602561
5010,1.08633697033
5011,1.22617065907
5012,1.35673654079
5013,1.16867268085
5014,1.38534903526
5015,1.24373149872
5016,1.25010883808
5017,1.11743104458
5018,1.25839495659
5019,1.33798348904
5020,1.27083528042
5021,1.21655499935
5022,1.12579452991
5023,1.30006706715
5024,1.26044166088
5025,1.25695025921
5026,1.22540259361
5027,1.1334195137
5028,1.25875854492
5029,1.03424525261
5030,1.26685631275
5031,1.15940058231
5032,1.17311799526
5033,1.20910525322
5034,1.23125374317
5035,1.37729847431
5036,1.25071370602
5037,1.25435185432
5038,1.29512369633
5039,1.25816941261
5040,1.38660466671
5041,1.17942500114
5042,1.22835850716
5043,1.19392883778
5044,1.18678593636
5045,1.12659955025
5046,1.24335324764
5047,1.24119102955
5048,1.17292749882
5049,1.10150742531
5050,1.19946372509
5051,1.24815022945
5052,1.09694588184
5053,1.07129836082
5054,1.30564010143
5055,1.09634411335
5056,1.18602514267
5057,1.16886949539
5058,1.27257299423
5059,1.10672938824
5060,1.21095228195
5061,1.11399877071
5062,1.21681559086
5063,1.3222874403
5064,1.16116499901
5065,1.17987108231
5066,1.19258832932
5067,1.37373530865
5068,1.14589762688
5069,1.25213325024
5070,1.25979113579
5071,1.15149474144
5072,1.15319120884
5073,1.19329059124
5074,1.12060940266
5075,1.25877201557
5076,1.44598317146
5077,1.29020059109
5078,1.22657191753
5079,1.12135088444
5080,1.22221982479
5081,1.18059015274
5082,1.20535254478
5083,1.13849151134
5084,1.18476188183
5085,1.38398349285
5086,1.21544134617
5087,1.09236299992
5088,1.33582663536
5089,1.17057001591
5090,1.26852214336
5091,1.16598713398
5092,1.23870432377
5093,1.16505897045
5094,1.15925359726
5095,1.15652155876
5096,1.11944591999
5097,1.17804598808
5098,1.17589616776
5099,1.15052700043
5100,1.15503060818
5101,1.17987167835
5102,1.10090065002
5103,1.06096088886
5104,1.3381742239
5105,1.1929628849
5106,1.17431569099
5107,1.20316779613
5108,1.14347040653
5109,1.19194483757
5110,1.21962618828
5111,1.1696356535
5112,1.14951443672
5113,1.18837058544
5114,1.1524579525
5115,1.28634214401
5116,1.21428203583
5117,1.18257784843
5118,1.31075143814
5119,1.19211256504
5120,1.20722639561
5121,1.06463968754
5122,1.14049756527
5123,1.40987837315
5124,1.29600477219
5125,1.25975811481
5126,1.29356312752
5127,1.24712729454
5128,1.19035112858
5129,1.2639991045
5130,1.29473316669
5131,1.19319713116
5132,1.23220527172
5133,1.1809347868
5134,1.13553738594
5135,1.1430772543
5136,1.09863626957
5137,1.15730214119
5138,1.26975440979
5139,1.19160461426
5140,1.10795462132
5141,1.23319876194
5142,1.1489367485
5143,1.14487290382
5144,1.18406534195
5145,1.22481453419
5146,1.27410626411
5147,1.2318059206
5148,1.12957191467
5149,1.13383114338
5150,1.20819103718
5151,1.16106247902
5152,1.18732786179
5153,1.16622948647
5154,1.37107241154
5155,1.35369384289
5156,1.36098062992
5157,1.13496625423
5158,1.32149994373
5159,1.27566921711
5160,1.24439513683
5161,1.26400053501
5162,1.17028164864
5163,1.16638410091
5164,1.29993855953
5165,1.19016325474
5166,1.15691590309
5167,1.33585309982
5168,1.27917313576
5169,1.29442095757
5170,1.23601412773
5171,1.26428735256
5172,1.22949838638
5173,1.30216801167
5174,1.21062278748
5175,1.19892799854
5176,1.10889136791
5177,1.27302134037
5178,1.20011973381
5179,1.1269942522
5180,1.12281048298
5181,1.2002620697
5182,1.30004787445
5183,1.28047835827
5184,1.14029979706
5185,1.16457152367
5186,1.15539634228
5187,1.08830714226
5188,1.33205890656
5189,1.25239706039
5190,1.24388825893
5191,1.13594853878
5192,1.12205708027
5193,1.11287999153
5194,1.13141798973
5195,1.18610715866
5196,1.16806900501
5197,1.22100162506
5198,1.17052125931
5199,1.24918663502
5200,1.23091626167
5201,1.10502123833
5202,1.17899596691
5203,1.17322063446
5204,1.23022603989
5205,1.25400650501
5206,1.15992057323
5207,1.19642663002
5208,1.21880555153
5209,1.16487538815
5210,1.12114787102
5211,1.34521138668
5212,1.28649008274
5213,1.32983565331
5214,1.12964892387
5215,1.17284989357
5216,1.29809308052
5217,1.30938661098
5218,1.1505292654
5219,1.26187717915
5220,1.20960378647
5221,1.29263615608
5222,1.31213700771
5223,1.13980078697
5224,1.09371685982
5225,1.2053565979
5226,1.18130433559
5227,1.13108313084
5228,1.21508300304
5229,1.25699782372
5230,1.17305362225
5231,1.13421547413
5232,1.16761791706
5233,1.26960086823
5234,1.30263578892
5235,1.29928028584
5236,1.1846755743
5237,1.20835447311
5238,1.20485413074
5239,1.30183207989
5240,1.22056615353
5241,1.12468481064
5242,1.11690795422
5243,1.20360684395
5244,1.19740986824
5245,1.16760754585
5246,1.11415994167
5247,1.15999424458
5248,1.2309705019
5249,1.09852707386
5250,1.2295165062
5251,1.09578716755
5252,1.19986629486
5253,1.18933022022
5254,1.12750780582
5255,1.18808865547
5256,1.1752076149
5257,1.19170594215
5258,1.17981278896
5259,1.03116559982
5260,1.17991638184
5261,1.11580264568
5262,1.13538742065
5263,1.20875799656
5264,1.23982548714
5265,1.14245581627
5266,1.1890617609
5267,1.16003727913
5268,1.30387425423
5269,1.2018917799
5270,1.11028158665
5271,1.27927541733
5272,1.14245319366
5273,1.30032885075
5274,1.23498725891
5275,1.20198071003
5276,1.25553715229
5277,1.20356547832
5278,1.2481096983
5279,1.18554651737
5280,1.05431461334
5281,1.09048974514
5282,1.1143758297
5283,1.25745141506
5284,1.16434764862
5285,1.26814472675
5286,1.37517476082
5287,1.27612364292
5288,1.19774734974
5289,1.20226669312
5290,1.1852517128
5291,1.14131486416
5292,1.16682565212
5293,1.16577792168
5294,1.19049477577
5295,1.22581958771
5296,1.16298818588
5297,1.19795155525
5298,1.08981215954
5299,1.26646912098
5300,1.23240530491
5301,1.22982442379
5302,1.13010764122
5303,1.13439941406
5304,1.22598564625
5305,1.16150379181
5306,1.12132179737
5307,1.09629321098
5308,1.22706055641
5309,1.16660296917
5310,1.16093862057
5311,1.15183317661
5312,1.20175516605
5313,1.14593982697
5314,1.26113140583
5315,1.15777850151
5316,1.24649596214
5317,1.14063441753
5318,1.26194059849
5319,1.35870063305
5320,1.17011368275
5321,1.1284930706
5322,1.17727684975
5323,1.2127737999
5324,1.22083306313
5325,1.29018890858
5326,1.19142711163
5327,1.15397167206
5328,1.12592494488
5329,1.21026957035
5330,1.15238285065
5331,1.20477414131
5332,1.24656796455
5333,1.19878590107
5334,1.28335404396
5335,1.19975745678
5336,1.22747671604
5337,1.22663831711
5338,1.1475995779
5339,1.04722309113
5340,1.15869820118
5341,1.09849607944
5342,1.1319283247
5343,1.10884404182
5344,1.19564437866
5345,1.04979300499
5346,1.17403531075
5347,1.11809122562
5348,1.16876423359
5349,1.06305730343
5350,1.14527702332
5351,1.18863379955
5352,1.38077378273
5353,1.12796401978
5354,1.25068795681
5355,1.16107022762
5356,1.15022444725
5357,1.15626513958
5358,1.16089451313
5359,1.25642204285
5360,1.30463409424
5361,1.17433476448
5362,1.21302103996
5363,1.05865108967
5364,1.08168423176
5365,1.16597664356
5366,1.21957945824
5367,1.13227975368
5368,1.0668669939
5369,1.14648509026
5370,1.3778668642
5371,1.17083978653
5372,1.13651394844
5373,1.14189469814
5374,1.19995629787
5375,1.12088370323
5376,1.31146657467
5377,1.08853948116
5378,1.18147158623
5379,1.23162746429
5380,1.14491415024
5381,1.23429822922
5382,1.21041297913
5383,1.29652512074
5384,1.25751328468
5385,1.0907201767
5386,1.23667228222
5387,1.23737740517
5388,1.2084031105
5389,1.17064094543
5390,1.2153968811
5391,1.20815289021
5392,1.17511487007
5393,1.27229058743
5394,1.13451480865
5395,1.17766976357
5396,1.28407669067
5397,1.24396753311
5398,1.36880123615
5399,1.1998796463
5400,1.12416160107
5401,1.20027816296
5402,1.25803887844
5403,1.14653885365
5404,1.23104035854
5405,1.18522536755
5406,1.13335001469
5407,1.14930856228
5408,1.10831749439
5409,1.22992658615
5410,1.13351941109
5411,1.17913544178
5412,1.12794852257
5413,1.20368766785
5414,1.17393279076
5415,1.21681153774
5416,1.18076169491
5417,1.31824243069
5418,1.11808884144
5419,1.22285234928
5420,1.2876175642
5421,1.16877305508
5422,1.28492450714
5423,1.25148737431
5424,1.23520231247
5425,1.11427485943
5426,1.18078708649
5427,1.17720615864
5428,1.16203200817
5429,1.10585999489
5430,1.11190354824
5431,1.22425305843
5432,1.11521852016
5433,1.19096040726
5434,1.12572145462
5435,1.15365362167
5436,1.24690926075
5437,1.25864732265
5438,1.21930384636
5439,1.14328050613
5440,1.16692793369
5441,1.1944425106
5442,1.20484948158
5443,1.23433494568
5444,1.25698232651
5445,1.29919338226
5446,1.20552647114
5447,1.10727214813
5448,1.18397545815
5449,1.15962874889
5450,1.23367714882
5451,1.28497993946
5452,1.29683661461
5453,1.15657699108
5454,1.16532075405
5455,1.09395945072
5456,1.15834784508
5457,1.25918209553
5458,1.1546806097
5459,1.27961015701
5460,1.21210825443
5461,1.16218709946
5462,1.04872298241
5463,1.21309864521
5464,1.20969426632
5465,1.13745629787
5466,1.19033968449
5467,1.22118902206
5468,1.12521648407
5469,1.28586387634
5470,1.19175934792
5471,1.17268240452
5472,1.12811136246
5473,1.23360741138
5474,1.1592798233
5475,1.20482075214
5476,1.1237694025
5477,1.14481306076
5478,1.20218765736
5479,1.29115402699
5480,1.20513474941
5481,1.16682863235
5482,1.33734130859
5483,1.22372746468
5484,1.22382175922
5485,1.11403954029
5486,1.12533903122
5487,1.19174718857
5488,1.2252112627
5489,1.23996770382
5490,1.15707802773
5491,1.3678715229
5492,1.11789405346
5493,1.11258304119
5494,1.23289740086
5495,1.29532694817
5496,1.13462197781
5497,1.14897859097
5498,1.12406980991
5499,1.13259220123
5500,1.22247362137
5501,1.20507025719
5502,1.28793501854
5503,1.20314002037
5504,1.22090911865
5505,1.16730034351
5506,1.21230745316
5507,1.20755779743
5508,1.18934845924
5509,1.14715266228
5510,1.23446333408
5511,1.22269654274
5512,1.06094074249
5513,1.12991857529
5514,1.23453187943
5515,1.20403850079
5516,1.17161786556
5517,1.13539075851
5518,1.1124907732
5519,1.26293957233
5520,1.20301389694
5521,1.17246031761
5522,1.24306869507
5523,1.30745828152
5524,1.188174963
5525,1.31505191326
5526,1.25469815731
5527,1.05675339699
5528,1.2333009243
5529,1.09796380997
5530,1.21130931377
5531,1.22232437134
5532,1.11754751205
5533,1.1256403923
5534,1.16925835609
5535,1.01778709888
5536,1.20674681664
5537,1.1252194643
5538,1.23010742664
5539,1.21269571781
5540,1.08086240292
5541,1.13320422173
5542,1.11389815807
5543,1.17074966431
5544,1.26207113266
5545,1.11302566528
5546,1.18654298782
5547,1.12453353405
5548,1.02504312992
5549,1.13844108582
5550,1.24599480629
5551,1.14243495464
5552,1.09387147427
5553,1.15110230446
5554,1.14273476601
5555,1.10579311848
5556,1.29584133625
5557,1.0795686245
5558,1.16361939907
5559,1.2246505022
5560,1.18282103539
5561,1.15421772003
5562,1.18347704411
5563,1.27260112762
5564,1.18404400349
5565,1.13862085342
5566,1.28841686249
5567,1.25076556206
5568,1.19697713852
5569,1.15887629986
5570,1.29980158806
5571,1.20824432373
5572,1.21849441528
5573,1.18767392635
5574,1.16053235531
5575,1.19501578808
5576,1.05445110798
5577,1.19360518456
5578,1.13817369938
5579,1.24892759323
5580,1.07988834381
5581,1.25351536274
5582,1.26191413403
5583,1.26486110687
5584,1.17097723484
5585,1.13035213947
5586,1.26143038273
5587,1.08664560318
5588,1.19187355042
5589,1.1420224905
5590,1.11141419411
5591,1.06777393818
5592,1.11417424679
5593,1.17157793045
5594,1.14556252956
5595,1.06501471996
5596,1.15470075607
5597,1.23804020882
5598,1.0873606205
5599,1.19804131985
5600,1.19109475613
5601,1.11677837372
5602,1.21356737614
5603,1.27517139912
5604,1.14886271954
5605,1.16246187687
5606,1.21807944775
5607,1.16495239735
5608,1.07907009125
5609,1.16706955433
5610,1.32404589653
5611,1.23926007748
5612,1.1395560503
5613,1.20138907433
5614,1.25207471848
5615,1.24559402466
5616,1.10075831413
5617,1.28349864483
5618,1.23640024662
5619,1.11227226257
5620,1.19247639179
5621,1.10982429981
5622,1.08511388302
5623,1.07725286484
5624,1.03090810776
5625,1.17319881916
5626,1.07393562794
5627,1.12373220921
5628,1.11232805252
5629,1.16454970837
5630,1.04195487499
5631,1.17854881287
5632,1.19654750824
5633,1.14273941517
5634,1.1681946516
5635,1.07618331909
5636,1.20269405842
5637,1.13460481167
5638,1.20222496986
5639,1.20427930355
5640,1.13585865498
5641,1.10670292377
5642,1.21114873886
5643,1.15053403378
5644,1.12228739262
5645,1.19464480877
5646,1.18898665905
5647,1.21146202087
5648,1.24240815639
5649,1.19181883335
5650,1.10892784595
5651,1.11613225937
5652,1.14369952679
5653,1.2464261055
5654,1.16545808315
5655,1.23200941086
5656,1.36134493351
5657,1.17384266853
5658,1.25144934654
5659,1.25073742867
5660,1.22732031345
5661,1.27702200413
5662,1.2015529871
5663,1.11429429054
5664,1.16109204292
5665,1.33373618126
5666,1.25328087807
5667,1.1846331358
5668,1.145180583
5669,1.20604228973
5670,1.17040383816
5671,1.06358504295
5672,1.16148996353
5673,1.32591199875
5674,1.10877990723
5675,1.20938932896
5676,1.08021235466
5677,1.04422056675
5678,1.07182049751
5679,1.09207618237
5680,1.16727852821
5681,1.20998704433
5682,1.15968394279
5683,1.13027322292
5684,1.14509797096
5685,1.20699238777
5686,1.13836872578
5687,1.07019746304
5688,1.03759539127
5689,1.14592397213
5690,1.09209048748
5691,1.21715724468
5692,1.32534742355
5693,1.21622598171
5694,1.05311191082
5695,1.17004990578
5696,1.18774557114
5697,1.29860150814
5698,1.13268303871
5699,1.14647138119
5700,1.38720428944
5701,1.15635097027
5702,1.20261871815
5703,1.27147960663
5704,1.16803991795
5705,1.23187935352
5706,1.27208769321
5707,1.2568308115
5708,1.26187968254
5709,1.19784486294
5710,1.27328252792
5711,1.25276660919
5712,1.31704568863
5713,1.16123557091
5714,1.24588799477
5715,1.13697779179
5716,1.25830698013
5717,1.216537714
5718,1.16275012493
5719,1.28866875172
5720,1.24560177326
5721,1.19190514088
5722,1.08179461956
5723,1.28446114063
5724,1.24548208714
5725,1.17793381214
5726,1.14714181423
5727,1.19197499752
5728,1.28001856804
5729,1.11182832718
5730,1.06021511555
5731,1.17226779461
5732,1.1883546114
5733,1.13144302368
5734,1.24814641476
5735,1.04979848862
5736,1.11338579655
5737,1.16419529915
5738,1.24158942699
5739,1.15398061275
5740,1.15890192986
5741,1.084628582
5742,1.09614014626
5743,1.20411324501
5744,1.20820116997
5745,1.09455645084
5746,1.12815415859
5747,1.17806529999
5748,1.39096713066
5749,1.2532902956
5750,1.16342175007
5751,1.14637184143
5752,1.19195151329
5753,1.17869389057
5754,1.04454553127
5755,1.16925644875
5756,1.06978392601
5757,1.15703296661
5758,1.22061061859
5759,1.15422987938
5760,1.17809247971
5761,1.12467968464
5762,1.18273198605
5763,1.09949553013
5764,1.23188364506
5765,1.39282691479
5766,1.24826431274
5767,1.1650686264
5768,1.21918106079
5769,1.14224934578
5770,1.07631480694
5771,1.15393185616
5772,1.17137348652
5773,1.2758282423
5774,1.13214802742
5775,1.21464562416
5776,1.13080894947
5777,1.16789901257
5778,1.22195935249
5779,1.19842064381
5780,1.17406761646
5781,1.18311071396
5782,1.11766386032
5783,1.12964701653
5784,1.19738256931
5785,1.1774969101
5786,1.2348678112
5787,1.16798782349
5788,1.09470283985
5789,1.13475215435
5790,1.15515446663
5791,1.1707047224
5792,1.22394013405
5793,1.12339174747
5794,1.08822536469
5795,1.1261510849
5796,1.22492539883
5797,1.20152711868
5798,1.21919560432
5799,1.1757478714
5800,1.11397862434
5801,1.15531945229
5802,1.24074852467
5803,1.1774970293
5804,1.07031548023
5805,1.34125721455
5806,1.13006079197
5807,1.12984406948
5808,1.0934523344
5809,1.16769886017
5810,1.16347706318
5811,1.21098685265
5812,1.16125035286
5813,1.25625085831
5814,1.19258534908
5815,1.23869967461
5816,1.1840467453
5817,1.18797874451
5818,1.16179645061
5819,1.17661583424
5820,1.14303719997
5821,1.27166342735
5822,1.16311371326
5823,1.13727223873
5824,1.18283033371
5825,1.18184065819
5826,1.2156829834
5827,1.11803436279
5828,1.16274058819
5829,1.18420612812
5830,1.10611557961
5831,1.11106586456
5832,1.22909593582
5833,1.17907464504
5834,1.24518084526
5835,1.1611610651
5836,1.13019263744
5837,1.10855436325
5838,1.29235434532
5839,1.14978969097
5840,1.1762239933
5841,1.16765868664
5842,1.18085634708
5843,1.15100061893
5844,1.42354178429
5845,1.16156005859
5846,1.3174725771
5847,1.2614313364
5848,1.15564799309
5849,1.25500929356
5850,1.17140007019
5851,1.12014830112
5852,1.23444104195
5853,1.09979224205
5854,1.13564682007
5855,1.11144948006
5856,1.25578606129
5857,1.24404168129
5858,1.05258500576
5859,1.2148680687
5860,1.22753298283
5861,1.17434442043
5862,1.12728357315
5863,1.08921003342
5864,1.18371319771
5865,1.23405861855
5866,1.22043037415
5867,1.16534650326
5868,1.21454107761
5869,1.16121697426
5870,1.13894844055
5871,1.10153865814
5872,1.14451920986
5873,1.18609571457
5874,1.15911412239
5875,1.25163221359
5876,1.13331031799
5877,1.13755333424
5878,1.17040145397
5879,1.19940745831
5880,1.24550890923
5881,1.22866010666
5882,1.12584352493
5883,1.12227356434
5884,1.19619429111
5885,1.17449009418
5886,1.16152966022
5887,1.15394663811
5888,1.1355856657
5889,1.18615984917
5890,1.10656249523
5891,1.18908429146
5892,1.08419954777
5893,1.18239676952
5894,1.25397109985
5895,1.22100055218
5896,1.1205073595
5897,1.23691022396
5898,1.15714395046
5899,1.1182744503
5900,1.19271719456
5901,1.13674986362
5902,1.12410259247
5903,1.09900033474
5904,1.06173825264
5905,1.11796581745
5906,1.14594900608
5907,1.12583506107
5908,1.22281444073
5909,1.20483374596
5910,1.12843739986
5911,1.18644523621
5912,1.16403889656
5913,1.07983911037
5914,1.09251797199
5915,1.17406618595
5916,1.13925802708
5917,1.16767001152
5918,1.2167391777
5919,1.14850771427
5920,1.10614025593
5921,1.22908008099
5922,1.20327687263
5923,1.12242352962
5924,1.16961443424
5925,1.12099301815
5926,1.08143365383
5927,1.21298885345
5928,1.03016400337
5929,1.051197052
5930,1.10153448582
5931,1.17231583595
5932,1.2127841711
5933,1.24303162098
5934,1.09973752499
5935,1.13162219524
5936,1.21790933609
5937,1.22105395794
5938,1.14036345482
5939,1.07457745075
5940,1.17220282555
5941,1.15073752403
5942,1.09226846695
5943,1.09124088287
5944,1.05697834492
5945,1.02113831043
5946,1.123960495
5947,1.21187436581
5948,1.17783045769
5949,1.19507277012
5950,1.09875428677
5951,1.22535908222
5952,1.23365795612
5953,1.21060657501
5954,1.08282160759
5955,1.19705092907
5956,1.2066423893
5957,1.09373855591
5958,1.08773970604
5959,1.09129476547
5960,1.0486369133
5961,1.26183795929
5962,1.12323820591
5963,1.16534078121
5964,1.19359195232
5965,1.13215947151
5966,1.10021328926
5967,1.22964274883
5968,1.20225119591
5969,1.13354742527
5970,1.08201706409
5971,1.13340032101
5972,1.15882980824
5973,1.32474303246
5974,1.16555249691
5975,1.0777271986
5976,1.1599470377
5977,1.16511237621
5978,1.06907844543
5979,1.19604349136
5980,1.18335139751
5981,1.16222238541
5982,1.12979876995
5983,1.30742275715
5984,1.16762208939
5985,1.1275280714
5986,1.05813491344
5987,1.09696030617
5988,1.15299463272
5989,1.10375928879
5990,1.22366821766
5991,1.11774098873
5992,1.14811742306
5993,1.01423215866
5994,1.11383700371
5995,1.21624267101
5996,1.06378555298
5997,1.14006519318
5998,1.19918644428
5999,1.14344632626
6000,1.10480606556
6001,1.05990993977
6002,1.20572507381
6003,1.23283112049
6004,1.13362920284
6005,1.14208209515
6006,1.08367288113
6007,1.15420877934
6008,1.13680458069
6009,1.22494328022
6010,1.07761108875
6011,1.18781757355
6012,1.11649513245
6013,1.24071705341
6014,1.21266174316
6015,1.15873849392
6016,1.2330596447
6017,1.12291514874
6018,1.26316928864
6019,1.0919919014
6020,1.14629387856
6021,1.22857904434
6022,1.24815785885
6023,1.16696679592
6024,1.22242867947
6025,1.16851067543
6026,1.12776517868
6027,1.07450771332
6028,1.12452054024
6029,1.13961386681
6030,1.12671852112
6031,1.25020241737
6032,1.10827744007
6033,1.11640822887
6034,1.11047375202
6035,1.13363647461
6036,1.21221888065
6037,1.12838757038
6038,1.21530473232
6039,1.17817354202
6040,1.24184370041
6041,1.10398292542
6042,1.17142260075
6043,1.2197701931
6044,1.17529892921
6045,1.10619580746
6046,1.12184643745
6047,1.36181604862
6048,1.16879189014
6049,1.09911668301
6050,1.15553581715
6051,1.2700599432
6052,1.18688070774
6053,1.04434561729
6054,1.25340259075
6055,1.0807749033
6056,1.22738552094
6057,1.06972932816
6058,1.03535473347
6059,1.04019260406
6060,1.23072683811
6061,1.03077971935
6062,1.20667290688
6063,1.28039634228
6064,1.24410963058
6065,1.10804283619
6066,1.11222243309
6067,1.20914411545
6068,1.23446595669
6069,1.11154389381
6070,1.19321942329
6071,1.12267029285
6072,1.19690585136
6073,1.10706818104
6074,1.14796280861
6075,1.15050780773
6076,1.16753304005
6077,1.10611510277
6078,1.20988893509
6079,1.23033940792
6080,1.0030798912
6081,1.09484231472
6082,1.13756608963
6083,1.14781463146
6084,1.07953047752
6085,1.16599714756
6086,1.12749123573
6087,1.16494321823
6088,1.1995023489
6089,1.14148032665
6090,1.1039788723
6091,1.14550662041
6092,1.18994069099
6093,1.1347206831
6094,1.13664162159
6095,1.00251221657
6096,1.24609172344
6097,1.18107199669
6098,1.01801204681
6099,1.14241290092
6100,1.15734505653
6101,1.21864795685
6102,1.13638174534
6103,1.00933456421
6104,1.16016972065
6105,1.33052122593
6106,1.1535640955
6107,1.15760314465
6108,1.15935599804
6109,1.16758525372
6110,1.09546732903
6111,1.11265850067
6112,1.16483986378
6113,1.12996697426
6114,1.05564856529
6115,1.09973311424
6116,1.1459389925
6117,1.05133008957
6118,1.07350850105
6119,1.0917224884
6120,1.1052544117
6121,1.10198664665
6122,1.19538486004
6123,1.08004689217
6124,1.17184638977
6125,1.2212870121
6126,1.13825643063
6127,1.12370574474
6128,1.15346872807
6129,1.22976613045
6130,1.13754177094
6131,1.03385150433
6132,1.23143315315
6133,1.1306604147
6134,1.11936962605
6135,1.15059673786
6136,1.19889104366
6137,1.14790868759
6138,1.11351394653
6139,1.10434627533
6140,1.20729362965
6141,1.13261675835
6142,1.08033442497
6143,1.16906487942
6144,1.15596175194
6145,1.09556460381
6146,1.10774326324
6147,1.2002222538
6148,1.10341441631
6149,1.23210537434
6150,1.15488564968
6151,1.04881429672
6152,1.17074215412
6153,1.20941591263
6154,1.22607719898
6155,1.16424679756
6156,1.20814037323
6157,1.11306071281
6158,1.1134775877
6159,1.19476425648
6160,1.11116147041
6161,1.15727925301
6162,1.04812312126
6163,1.10896170139
6164,1.09077548981
6165,1.15469825268
6166,1.27304077148
6167,1.20879435539
6168,1.09564363956
6169,1.15243756771
6170,1.09202682972
6171,1.16010415554
6172,1.09943807125
6173,1.15431213379
6174,1.11062896252
6175,1.1844946146
6176,1.19833230972
6177,1.11760485172
6178,1.06223034859
6179,1.21903657913
6180,1.16836023331
6181,1.16013932228
6182,1.11667108536
6183,1.34791004658
6184,1.11255884171
6185,1.13465952873
6186,1.2382017374
6187,1.14169561863
6188,1.14937353134
6189,1.10001444817
6190,1.17103791237
6191,1.10136854649
6192,1.20867359638
6193,1.19014787674
6194,1.06875884533
6195,1.0517077446
6196,1.06416141987
6197,1.07798492908
6198,1.10334122181
6199,1.19925200939
6200,1.1300907135
6201,1.17105329037
6202,1.20415306091
6203,1.15546643734
6204,1.19819903374
6205,1.16112232208
6206,1.12125647068
6207,1.08928418159
6208,1.02738332748
6209,1.13535821438
6210,1.15503251553
6211,1.16607379913
6212,1.09832799435
6213,1.0691857338
6214,1.03787827492
6215,1.09352064133
6216,1.1114718914
6217,1.21916854382
6218,1.06287372112
6219,1.17091965675
6220,1.20354652405
6221,1.24761223793
6222,1.10920512676
6223,1.11352932453
6224,1.19577550888
6225,1.1217700243
6226,1.17293822765
6227,1.167796731
6228,1.11936116219
6229,1.17546069622
6230,1.19502019882
6231,1.19891750813
6232,1.18306100368
6233,1.17630028725
6234,1.17366600037
6235,1.09019184113
6236,1.13594961166
6237,1.10541498661
6238,1.1611571312
6239,1.05132985115
6240,1.16408967972
6241,1.16075026989
6242,1.13371098042
6243,1.17735612392
6244,1.08099794388
6245,1.13756108284
6246,1.20421183109
6247,1.19235730171
6248,1.0956608057
6249,1.15915942192
6250,1.20555448532
6251,1.25561094284
6252,1.69296324253
6253,1.26341199875
6254,1.10968124866
6255,1.20975518227
6256,1.18360304832
6257,1.14269387722
6258,1.13553595543
6259,1.15412116051
6260,1.18305814266
6261,1.25555121899
6262,1.1327432394
6263,1.05844652653
6264,1.16793274879
6265,1.11769235134
6266,1.15146613121
6267,1.09300851822
6268,1.05777919292
6269,1.09590387344
6270,1.16865491867
6271,1.08368635178
6272,1.16899597645
6273,1.19991314411
6274,1.12993371487
6275,1.04631638527
6276,1.10340726376
6277,1.12509155273
6278,1.14136457443
6279,1.16237127781
6280,1.1535359621
6281,1.11498117447
6282,1.09981560707
6283,1.17005670071
6284,1.11866438389
6285,1.20883405209
6286,1.12965202332
6287,1.11430382729
6288,1.16104960442
6289,1.15540361404
6290,1.08994376659
6291,1.09961485863
6292,1.31342637539
6293,1.09946501255
6294,1.08389532566
6295,1.11788439751
6296,1.12295436859
6297,1.1529712677
6298,1.13901925087
6299,1.13118481636
6300,1.14181017876
6301,1.08260476589
6302,1.11719334126
6303,1.32491886616
6304,1.15774297714
6305,1.24326837063
6306,1.19767832756
6307,1.07622337341
6308,1.13749909401
6309,1.13946425915
6310,1.20855128765
6311,1.22182750702
6312,1.213732481
6313,1.14253389835
6314,1.09500908852
6315,1.04938030243
6316,1.14383232594
6317,1.13609361649
6318,1.12510836124
6319,1.00039124489
6320,1.20254933834
6321,1.12956142426
6322,1.16802179813
6323,1.05366778374
6324,1.20190119743
6325,1.09055614471
6326,1.14966714382
6327,1.13807213306
6328,1.28709518909
6329,1.01365029812
6330,1.22515642643
6331,1.101821661
6332,1.2035639286
6333,1.13266730309
6334,1.17827749252
6335,1.1652970314
6336,1.09224700928
6337,1.13498008251
6338,1.06945014
6339,1.15063488483
6340,1.08211362362
6341,1.14616191387
6342,1.13861513138
6343,1.21769344807
6344,1.26078402996
6345,1.16299080849
6346,1.08115327358
6347,1.18337929249
6348,1.16960418224
6349,1.21693682671
6350,1.06987190247
6351,1.20999062061
6352,1.06469357014
6353,1.08945274353
6354,1.12788271904
6355,1.04575836658
6356,1.11921942234
6357,1.21536588669
6358,1.25875401497
6359,1.05580341816
6360,1.04823851585
6361,1.16347301006
6362,1.3364918232
6363,1.17187976837
6364,1.13247323036
6365,1.08795213699
6366,1.12384986877
6367,1.12889444828
6368,1.10501611233
6369,1.15877449512
6370,1.10706532001
6371,1.12917101383
6372,1.08665311337
6373,1.13717842102
6374,1.20996892452
6375,1.162109375
6376,1.17572700977
6377,1.20294940472
6378,1.05059409142
6379,1.22298622131
6380,1.19238841534
6381,1.1917334795
6382,1.11546218395
6383,1.11722159386
6384,1.12513399124
6385,1.17813265324
6386,1.1398640871
6387,1.25060129166
6388,1.15424585342
6389,1.14668571949
6390,1.18986260891
6391,1.09404122829
6392,1.16553640366
6393,1.21881771088
6394,1.13943624496
6395,1.18785059452
6396,1.14646708965
6397,1.16182589531
6398,1.12799811363
6399,1.16181766987
6400,1.21851480007
6401,1.20644831657
6402,1.07343506813
6403,1.21239197254
6404,1.19598305225
6405,1.05113184452
6406,1.22028124332
6407,1.13724219799
6408,1.12447440624
6409,1.23375499249
6410,1.05186712742
6411,1.09288728237
6412,1.15035319328
6413,1.1567492485
6414,1.0808095932
6415,1.21990954876
6416,1.33060085773
6417,1.17296206951
6418,1.14847075939
6419,1.0560977459
6420,1.17894816399
6421,1.10157585144
6422,1.16827201843
6423,1.11986255646
6424,1.08648753166
6425,1.09869003296
6426,1.22950041294
6427,1.20278596878
6428,1.20545947552
6429,1.1149020195
6430,1.14028131962
6431,1.08382689953
6432,1.10337173939
6433,1.23311257362
6434,1.21392655373
6435,1.09164988995
6436,1.16604244709
6437,1.11074233055
6438,1.18012189865
6439,1.22880291939
6440,1.25782740116
6441,1.16262722015
6442,1.09094905853
6443,1.12638616562
6444,1.17340064049
6445,1.13591444492
6446,1.1475893259
6447,1.16447138786
6448,1.14512217045
6449,1.11135721207
6450,1.23856115341
6451,1.1639841795
6452,1.32333612442
6453,1.14610350132
6454,1.18887519836
6455,1.11419653893
6456,1.09330117702
6457,1.26194596291
6458,1.1322633028
6459,1.19203984737
6460,1.21814382076
6461,1.14212071896
6462,1.17750513554
6463,1.22885417938
6464,1.19034838676
6465,1.08459246159
6466,1.02047407627
6467,1.11108326912
6468,1.20538675785
6469,1.15455794334
6470,1.23117828369
6471,1.05025732517
6472,1.119977355
6473,1.16982853413
6474,1.14228928089
6475,1.17849195004
6476,1.21279513836
6477,1.1938637495
6478,1.15090405941
6479,1.2866537571
6480,1.15815234184
6481,1.11391890049
6482,1.17476892471
6483,1.14057481289
6484,1.2665220499
6485,1.26196682453
6486,1.14467895031
6487,1.07649838924
6488,1.06813216209
6489,1.22469198704
6490,1.1281349659
6491,1.21490776539
6492,1.14918851852
6493,1.12835729122
6494,1.04116654396
6495,1.08788859844
6496,1.11842703819
6497,1.23817336559
6498,1.17065167427
6499,1.24501013756
6500,1.11507427692
6501,1.18512892723
6502,1.17833018303
6503,1.13715434074
6504,1.08385503292
6505,1.07470464706
6506,1.24505829811
6507,1.16351497173
6508,1.16180503368
6509,1.15219664574
6510,1.11525261402
6511,1.08469438553
6512,1.16431474686
6513,1.08612167835
6514,1.05894100666
6515,1.17475676537
6516,1.09560394287
6517,1.0257383585
6518,1.16453480721
6519,1.13340902328
6520,1.12997674942
6521,1.16594719887
6522,1.11515283585
6523,1.09020900726
6524,1.05867671967
6525,1.08730733395
6526,1.11765503883
6527,1.06855010986
6528,1.08376061916
6529,1.08394408226
6530,1.17793238163
6531,1.14483034611
6532,1.25719821453
6533,1.20158267021
6534,1.15801954269
6535,1.17392480373
6536,1.2023832798
6537,1.12366104126
6538,1.24099981785
6539,1.06874907017
6540,1.18468344212
6541,1.12610805035
6542,1.19873118401
6543,1.1739667654
6544,1.21439361572
6545,1.11033797264
6546,1.3223503828
6547,1.20177614689
6548,1.10619831085
6549,1.17028522491
6550,1.18567359447
6551,1.08426010609
6552,1.1979316473
6553,1.23289978504
6554,1.15029132366
6555,1.0986739397
6556,1.15740346909
6557,1.15784287453
6558,1.21069908142
6559,1.23685455322
6560,1.13509142399
6561,1.1857997179
6562,1.24783837795
6563,1.31365203857
6564,1.09232807159
6565,1.1575922966
6566,1.08753323555
6567,1.25578665733
6568,1.2542450428
6569,1.21204519272
6570,1.22666525841
6571,1.06568789482
6572,1.1318898201
6573,1.23153781891
6574,1.17567098141
6575,1.21527445316
6576,1.17273700237
6577,1.20956110954
6578,1.29888164997
6579,1.25689375401
6580,1.21896219254
6581,1.10200095177
6582,1.09168183804
6583,1.15777528286
6584,1.21801686287
6585,1.03792488575
6586,1.03280901909
6587,1.200740695
6588,1.09378623962
6589,1.04652619362
6590,1.0648137331
6591,1.10472202301
6592,1.08309864998
6593,1.069699049
6594,1.18876123428
6595,1.16100180149
6596,1.16191470623
6597,1.05702424049
6598,1.22734856606
6599,1.28672397137
6600,1.08917319775
6601,1.08328533173
6602,1.06646335125
6603,1.15934300423
6604,1.07795917988
6605,1.15876686573
6606,1.09484541416
6607,1.11870896816
6608,1.10601520538
6609,1.18520605564
6610,1.21194255352
6611,1.17993807793
6612,1.21061527729
6613,1.17299461365
6614,1.12215638161
6615,1.17438817024
6616,1.14442706108
6617,1.18931210041
6618,1.24946522713
6619,1.02350878716
6620,1.10062789917
6621,1.08949923515
6622,1.08619713783
6623,1.14595603943
6624,1.11802625656
6625,1.1310147047
6626,1.09006726742
6627,1.24387967587
6628,1.00384795666
6629,1.1801456213
6630,1.08050084114
6631,1.13844704628
6632,1.28951752186
6633,1.35383343697
6634,1.11487877369
6635,1.24581515789
6636,1.14594233036
6637,1.01322984695
6638,1.06878376007
6639,1.10665535927
6640,1.14757478237
6641,1.15707242489
6642,1.16584503651
6643,1.12867081165
6644,1.33805751801
6645,1.23822164536
6646,1.20540904999
6647,1.16471946239
6648,1.06681072712
6649,1.12457215786
6650,1.11452054977
6651,1.20964038372
6652,1.23989117146
6653,1.12162554264
6654,1.16926002502
6655,1.12835764885
6656,1.15129053593
6657,1.18072676659
6658,1.16136169434
6659,1.13906407356
6660,1.15668177605
6661,1.11111307144
6662,1.0854203701
6663,1.146083951
6664,1.16599869728
6665,1.09285414219
6666,1.09860575199
6667,1.17048501968
6668,1.078135252
6669,1.20520734787
6670,1.10149216652
6671,1.15711355209
6672,1.17676723003
6673,1.10479521751
6674,1.2045545578
6675,1.13746142387
6676,1.2498319149
6677,1.2310757637
6678,1.14984464645
6679,1.08590555191
6680,1.17446029186
6681,1.22120261192
6682,1.25630521774
6683,1.14141583443
6684,1.23103559017
6685,1.03226542473
6686,1.18555986881
6687,1.22835040092
6688,1.14949023724
6689,1.09646642208
6690,1.15356957912
6691,1.07912921906
6692,1.13522922993
6693,1.18447303772
6694,1.07397162914
6695,1.09141767025
6696,1.1331230402
6697,1.10176873207
6698,1.10694217682
6699,1.06478941441
6700,1.18769061565
6701,1.34744787216
6702,1.24380588531
6703,1.09225189686
6704,1.16326236725
6705,1.18123602867
6706,1.19031143188
6707,1.30226457119
6708,1.13166999817
6709,1.17221188545
6710,1.09744691849
6711,1.17788100243
6712,1.12271130085
6713,1.24346923828
6714,1.21743893623
6715,1.09771776199
6716,1.15583002567
6717,1.07060730457
6718,1.29072260857
6719,1.16022062302
6720,1.11123001575
6721,1.19300711155
6722,1.28377354145
6723,1.14816534519
6724,1.09415900707
6725,1.17780315876
6726,1.11831736565
6727,1.13609421253
6728,1.08796107769
6729,1.07416725159
6730,1.13499963284
6731,1.1799390316
6732,1.22448766232
6733,1.21770310402
6734,1.18519568443
6735,1.17217409611
6736,1.21687471867
6737,1.12421298027
6738,1.23765075207
6739,1.21887528896
6740,1.10926508904
6741,1.10801625252
6742,1.18936955929
6743,1.07349073887
6744,1.15590763092
6745,1.27147638798
6746,1.15275013447
6747,1.16354691982
6748,1.03290390968
6749,1.1662375927
6750,1.15166354179
6751,1.08080208302
6752,1.12411355972
6753,1.15169394016
6754,1.1138163805
6755,1.18647360802
6756,1.2134796381
6757,1.12642943859
6758,1.11388397217
6759,1.05078947544
6760,1.05157732964
6761,1.12399232388
6762,1.09833693504
6763,1.0304145813
6764,1.09741020203
6765,1.07762527466
6766,1.17792153358
6767,1.18200445175
6768,1.18928337097
6769,1.12060821056
6770,1.13242423534
6771,1.18121945858
6772,1.21481311321
6773,1.17204999924
6774,1.26854848862
6775,1.17401230335
6776,1.07356309891
6777,1.17296361923
6778,1.16073906422
6779,1.11658036709
6780,1.08902812004
6781,1.14226567745
6782,1.23894095421
6783,1.07410168648
6784,1.06835138798
6785,1.15399765968
6786,1.22736907005
6787,1.10028195381
6788,1.16597270966
6789,1.15404522419
6790,1.08986353874
6791,1.13503968716
6792,1.0584795475
6793,1.11030972004
6794,1.05164825916
6795,1.04688572884
6796,1.17056727409
6797,1.09999287128
6798,1.10398995876
6799,1.06105554104
6800,1.05490446091
6801,1.17006444931
6802,1.07319760323
6803,1.08238089085
6804,1.16923046112
6805,1.20339870453
6806,1.17924356461
6807,1.08968925476
6808,1.26612830162
6809,1.15816903114
6810,1.07200706005
6811,1.11259794235
6812,1.16878688335
6813,1.10280656815
6814,1.04750525951
6815,1.11280441284
6816,1.15656089783
6817,1.2001054287
6818,1.15177619457
6819,1.23228228092
6820,1.18142032623
6821,1.13651585579
6822,1.09894800186
6823,0.972754955292
6824,1.14547967911
6825,1.16417551041
6826,1.07774531841
6827,1.1397806406
6828,1.18877458572
6829,1.14880990982
6830,1.128231287
6831,1.19028925896
6832,1.11277985573
6833,1.12482571602
6834,1.20502352715
6835,1.2217168808
6836,1.09734880924
6837,1.10663533211
6838,1.15961325169
6839,1.16987884045
6840,1.07179772854
6841,1.22365164757
6842,1.02813959122
6843,1.17149460316
6844,1.21595060825
6845,1.16579210758
6846,1.08841013908
6847,1.1338583231
6848,1.23117089272
6849,1.1971347332
6850,1.1191649437
6851,1.21463561058
6852,1.03443944454
6853,1.02688026428
6854,1.11786210537
6855,1.17351579666
6856,1.09365975857
6857,1.08385539055
6858,1.24646949768
6859,1.29988515377
6860,1.35330653191
6861,1.24218046665
6862,1.15287661552
6863,1.12376379967
6864,1.30539858341
6865,1.27687764168
6866,1.15920853615
6867,1.1055867672
6868,1.15722584724
6869,1.09294474125
6870,1.15145218372
6871,1.24286472797
6872,1.10911023617
6873,1.06098842621
6874,1.14701521397
6875,1.08374428749
6876,1.2297488451
6877,1.20840275288
6878,1.09338104725
6879,1.17361879349
6880,1.16942965984
6881,1.10534060001
6882,1.17485749722
6883,1.1550693512
6884,1.07592153549
6885,1.0319737196
6886,1.11336326599
6887,1.17529392242
6888,1.03228795528
6889,1.1812428236
6890,1.16056370735
6891,1.12238657475
6892,1.04177093506
6893,1.07520353794
6894,1.15502285957
6895,1.12459003925
6896,1.04757201672
6897,1.03115344048
6898,1.10938847065
6899,1.13968932629
6900,1.18914818764
6901,1.16026723385
6902,1.07796275616
6903,1.15007007122
6904,1.14156353474
6905,1.26556169987
6906,1.15295815468
6907,1.0985430479
6908,1.1186106205
6909,1.24259507656
6910,1.1611764431
6911,1.0134459734
6912,1.13207125664
6913,1.09219515324
6914,1.16566681862
6915,1.22928750515
6916,1.0827883482
6917,1.05624890327
6918,1.17227637768
6919,1.22224247456
6920,1.21988403797
6921,1.20512187481
6922,1.22082781792
6923,1.30019450188
6924,1.09950959682
6925,1.17796695232
6926,1.15943288803
6927,1.18205070496
6928,1.19638419151
6929,1.20912396908
6930,1.1596865654
6931,1.15728223324
6932,1.1042252779
6933,1.29431498051
6934,1.17894232273
6935,1.15941512585
6936,1.06836593151
6937,1.26049923897
6938,1.10001659393
6939,1.08048903942
6940,1.13855850697
6941,1.1021194458
6942,1.09187948704
6943,1.28489267826
6944,1.26013684273
6945,1.11398863792
6946,1.0812497139
6947,1.14443874359
6948,1.2151556015
6949,1.13179051876
6950,1.11787390709
6951,1.19316279888
6952,1.08701753616
6953,1.17758321762
6954,1.16840612888
6955,1.10383820534
6956,1.13515996933
6957,1.10780739784
6958,1.15685498714
6959,1.00107705593
6960,1.12186360359
6961,1.25356185436
6962,1.19235134125
6963,1.21997606754
6964,1.11236000061
6965,1.16533029079
6966,1.16217958927
6967,1.20086455345
6968,1.1388194561
6969,1.07107889652
6970,1.04174745083
6971,1.14126694202
6972,1.24698078632
6973,1.16947484016
6974,1.05405604839
6975,1.07558560371
6976,1.29119408131
6977,1.17188966274
6978,1.10984349251
6979,1.08958113194
6980,1.196413517
6981,1.19476270676
6982,1.14332675934
6983,1.15812110901
6984,1.1808334589
6985,1.18723845482
6986,1.27814459801
6987,1.10281801224
6988,1.05836760998
6989,1.10939180851
6990,1.19135057926
6991,1.14655482769
6992,1.25168740749
6993,1.08222019672
6994,1.1489212513
6995,1.17660570145
6996,1.10352087021
6997,1.06977939606
6998,1.08413112164
6999,1.1661003828
7000,1.13580703735
7001,1.10962808132
7002,1.05532205105
7003,1.03121566772
7004,1.20027053356
7005,1.09817874432
7006,1.03923296928
7007,1.17190992832
7008,1.24641525745
7009,1.18860507011
7010,1.01215314865
7011,1.10628771782
7012,1.07841587067
7013,1.19332444668
7014,1.08858788013
7015,1.15739262104
7016,1.22521436214
7017,1.03761684895
7018,1.02775514126
7019,1.06327164173
7020,1.11045229435
7021,1.06663990021
7022,1.05402672291
7023,1.02395880222
7024,1.11247110367
7025,1.10435283184
7026,1.12310218811
7027,1.07956385612
7028,1.15412676334
7029,1.08179354668
7030,1.11164498329
7031,1.18116044998
7032,1.21547615528
7033,1.07126700878
7034,1.12092912197
7035,1.06334114075
7036,1.1632925272
7037,1.04714441299
7038,1.06650495529
7039,1.17281532288
7040,1.18002092838
7041,1.19305944443
7042,1.12191152573
7043,1.1248254776
7044,1.09236884117
7045,1.10401213169
7046,1.17665052414
7047,1.1803021431
7048,1.13855278492
7049,1.18503558636
7050,1.14412236214
7051,1.22743189335
7052,1.06574332714
7053,1.04553759098
7054,1.08285474777
7055,1.15657556057
7056,1.15846979618
7057,1.04785990715
7058,1.09419906139
7059,1.14276611805
7060,1.13430583477
7061,1.17274212837
7062,1.24235975742
7063,1.14407813549
7064,1.17070055008
7065,1.22702074051
7066,1.15457832813
7067,1.17497873306
7068,1.09336984158
7069,1.14472532272
7070,1.19916081429
7071,1.16416561604
7072,1.11741411686
7073,1.05579125881
7074,1.09376728535
7075,1.22328603268
7076,1.11571967602
7077,1.15070021152
7078,1.18993830681
7079,1.07743120193
7080,1.08817732334
7081,1.12858510017
7082,1.33636415005
7083,1.24195981026
7084,1.16719961166
7085,1.10111236572
7086,1.20317304134
7087,1.17335677147
7088,1.08484697342
7089,1.14009940624
7090,1.14620661736
7091,1.10016191006
7092,1.11599600315
7093,1.04800093174
7094,1.14804792404
7095,1.14022529125
7096,1.068187356
7097,1.00357091427
7098,1.13390874863
7099,1.105422616
7100,1.11211979389
7101,1.10722970963
7102,1.13529801369
7103,1.20148348808
7104,1.13808965683
7105,1.15681731701
7106,1.1945155859
7107,1.05356132984
7108,1.07631361485
7109,1.1418787241
7110,1.10305261612
7111,1.09542584419
7112,1.12964117527
7113,1.23467862606
7114,1.05979168415
7115,1.11816966534
7116,1.18598043919
7117,1.25074291229
7118,1.21362292767
7119,1.20213127136
7120,1.15235459805
7121,1.21374320984
7122,1.08594417572
7123,1.15336322784
7124,1.08652591705
7125,1.0421538353
7126,1.00003409386
7127,1.1458837986
7128,1.10872006416
7129,1.13292968273
7130,1.05946874619
7131,1.14049315453
7132,1.256701231
7133,1.06784570217
7134,1.11624360085
7135,1.09865248203
7136,1.27273333073
7137,1.05990064144
7138,1.03705322742
7139,1.08078610897
7140,1.11390674114
7141,1.05174446106
7142,1.12983894348
7143,1.26281011105
7144,1.10451221466
7145,1.10002660751
7146,1.02921915054
7147,1.23685455322
7148,1.13427102566
7149,1.06826841831
7150,1.29243993759
7151,1.17140448093
7152,1.06429946423
7153,1.06455671787
7154,1.17746567726
7155,1.14636015892
7156,1.15298843384
7157,1.06558871269
7158,1.22669529915
7159,1.20317387581
7160,1.09427547455
7161,1.23271846771
7162,1.18404507637
7163,1.08717215061
7164,1.15707707405
7165,1.19278168678
7166,1.16560685635
7167,1.27221667767
7168,1.24500894547
7169,1.15778708458
7170,1.22472369671
7171,1.27830159664
7172,1.17136585712
7173,1.182487607
7174,1.04748487473
7175,1.05869460106
7176,1.29254591465
7177,1.16381573677
7178,1.14618515968
7179,1.10459256172
7180,1.27705180645
7181,1.09044337273
7182,1.19234991074
7183,1.1622890234
7184,1.27469825745
7185,1.24520432949
7186,1.10874199867
7187,1.04936623573
7188,1.14162409306
7189,1.20484089851
7190,1.2602814436
7191,1.13273954391
7192,1.14865970612
7193,1.02433085442
7194,1.13113379478
7195,1.07663547993
7196,1.06329870224
7197,1.15773379803
7198,1.14040184021
7199,1.0875954628
7200,1.13783419132
7201,1.11927807331
7202,1.07753300667
7203,1.17168748379
7204,1.15463018417
7205,1.16382849216
7206,1.05960261822
7207,1.06671249866
7208,1.15136635303
7209,1.14255869389
7210,1.16591775417
7211,1.22653257847
7212,1.1691173315
7213,1.11076295376
7214,1.15458083153
7215,1.18384921551
7216,1.09228503704
7217,1.0800151825
7218,1.07724189758
7219,1.34628343582
7220,1.09502053261
7221,1.17288577557
7222,1.16788744926
7223,1.13659656048
7224,1.27063751221
7225,1.19275045395
7226,1.1235820055
7227,1.0538225174
7228,1.12767457962
7229,1.0978988409
7230,1.14991545677
7231,1.096393466
7232,1.18037033081
7233,1.18092167377
7234,1.24836277962
7235,1.19942080975
7236,1.08185136318
7237,1.14445114136
7238,1.17979824543
7239,1.11680221558
7240,1.13876307011
7241,1.13690280914
7242,1.07423400879
7243,1.12155807018
7244,1.17024314404
7245,1.16259002686
7246,1.1390157938
7247,1.09026670456
7248,1.18206751347
7249,1.13588726521
7250,1.20531404018
7251,1.0622292757
7252,1.24146783352
7253,1.13937461376
7254,1.08884549141
7255,1.12842154503
7256,1.11459851265
7257,1.1537938118
7258,1.13707077503
7259,1.11703824997
7260,1.19538605213
7261,1.14005303383
7262,1.09550201893
7263,1.09040677547
7264,1.17261111736
7265,1.15037035942
7266,1.07293081284
7267,1.13006663322
7268,1.10024428368
7269,1.25798678398
7270,1.09253358841
7271,1.19458425045
7272,1.1584610939
7273,1.05920851231
7274,1.05685305595
7275,0.97249096632
7276,1.13443207741
7277,1.12971591949
7278,1.12775492668
7279,1.06140136719
7280,1.07110786438
7281,1.12213814259
7282,1.15215134621
7283,1.13508236408
7284,1.04947149754
7285,1.07578790188
7286,1.169039011
7287,1.20209097862
7288,1.06375527382
7289,1.17308485508
7290,1.10140585899
7291,1.16050899029
7292,1.12871468067
7293,1.16123020649
7294,1.1214029789
7295,1.15260994434
7296,1.21968376637
7297,1.03711867332
7298,1.02641546726
7299,1.07742142677
7300,1.03757500648
7301,1.1811593771
7302,1.10412073135
7303,1.21378695965
7304,1.10890781879
7305,1.09372854233
7306,1.08360087872
7307,1.13356173038
7308,1.04208147526
7309,1.09111273289
7310,1.1319899559
7311,1.1997833252
7312,1.04964351654
7313,1.17116045952
7314,1.19033014774
7315,1.20787060261
7316,1.1791189909
7317,1.0915132761
7318,1.05664682388
7319,1.1485683918
7320,0.987192809582
7321,1.16338348389
7322,1.22113442421
7323,1.06459677219
7324,1.01560902596
7325,1.12959575653
7326,1.10019433498
7327,1.14330673218
7328,1.18040442467
7329,1.10849487782
7330,1.03745365143
7331,1.11394166946
7332,1.22110509872
7333,1.14132142067
7334,1.02224111557
7335,1.03676772118
7336,1.13632273674
7337,1.16197192669
7338,1.08766150475
7339,1.1732057333
7340,1.20144701004
7341,1.16111016273
7342,1.09651243687
7343,1.10796105862
7344,1.07727324963
7345,1.02649581432
7346,1.14706039429
7347,1.11587870121
7348,1.10763204098
7349,1.12026512623
7350,1.00423598289
7351,1.02826142311
7352,1.13359892368
7353,1.13956153393
7354,1.24718987942
7355,1.04654586315
7356,1.08693790436
7357,1.08834648132
7358,1.05650174618
7359,1.13240110874
7360,1.06339502335
7361,1.10088479519
7362,1.06376063824
7363,1.15145719051
7364,1.13887321949
7365,1.10910058022
7366,1.10955798626
7367,1.08835411072
7368,1.14862406254
7369,1.31026399136
7370,1.11878347397
7371,1.19797766209
7372,1.03471040726
7373,1.11903035641
7374,1.12592840195
7375,1.2342056036
7376,1.17281842232
7377,1.04088759422
7378,1.03691482544
7379,1.12683951855
7380,1.20594966412
7381,1.11789357662
7382,1.13909327984
7383,1.05506777763
7384,1.34735929966
7385,1.16100299358
7386,1.1044781208
7387,1.22615242004
7388,1.14512741566
7389,1.06861078739
7390,1.18989980221
7391,1.20978057384
7392,1.12131440639
7393,1.13750076294
7394,1.22875118256
7395,1.17384874821
7396,1.09876465797
7397,1.109136343
7398,1.08004641533
7399,1.18804574013
7400,1.24628221989
7401,1.16419506073
7402,1.10127937794
7403,1.13340771198
7404,1.07857525349
7405,1.11718702316
7406,1.1285712719
7407,1.08846354485
7408,1.11925566196
7409,1.1746147871
7410,1.0991666317
7411,1.04996371269
7412,1.02624046803
7413,1.19913613796
7414,1.28403866291
7415,1.18326210976
7416,1.06193339825
7417,1.1229300499
7418,1.19023454189
7419,1.15946447849
7420,1.11778914928
7421,1.11023271084
7422,1.10686707497
7423,1.14356744289
7424,1.22541809082
7425,1.19574427605
7426,1.16917669773
7427,1.24035620689
7428,1.11070072651
7429,1.0550891161
7430,1.13092446327
7431,1.12944078445
7432,1.21091997623
7433,1.11380720139
7434,1.17528498173
7435,1.17257380486
7436,1.16255021095
7437,1.05007863045
7438,1.10672271252
7439,1.117446661
7440,1.09241342545
7441,1.17883837223
7442,1.12920117378
7443,1.12711167336
7444,1.10472118855
7445,1.07824480534
7446,1.1007720232
7447,1.17875027657
7448,1.03100848198
7449,1.0367552042
7450,1.119109869
7451,1.36397123337
7452,1.1507114172
7453,1.07851421833
7454,1.05931222439
7455,1.12474024296
7456,1.11252439022
7457,1.12226164341
7458,1.15497493744
7459,1.27291190624
7460,1.07148087025
7461,1.19234347343
7462,1.07165169716
7463,1.1279116869
7464,1.18733072281
7465,1.16284012794
7466,1.06141197681
7467,1.04596543312
7468,1.08576738834
7469,1.11474251747
7470,1.11826884747
7471,1.1888333559
7472,1.12266016006
7473,1.05474340916
7474,1.13319861889
7475,1.1283967495
7476,1.12288820744
7477,1.06478083134
7478,1.14912760258
7479,1.13843846321
7480,1.10808169842
7481,1.09078860283
7482,1.09232974052
7483,1.11121404171
7484,1.21685326099
7485,1.22132074833
7486,1.13953602314
7487,1.0680167675
7488,1.1439435482
7489,1.20948731899
7490,1.20807564259
7491,1.06691336632
7492,1.11638259888
7493,1.08024406433
7494,1.11162698269
7495,1.13808703423
7496,1.04521930218
7497,1.07693099976
7498,1.20141792297
7499,1.06687581539
7500,1.08020496368
7501,1.16491150856
7502,1.09755039215
7503,1.1592874527
7504,1.15399706364
7505,1.08136856556
7506,1.08239734173
7507,1.05765664577
7508,1.08666992188
7509,1.1082085371
7510,1.08894455433
7511,1.20985817909
7512,1.19323945045
7513,1.15392053127
7514,1.13914263248
7515,1.20464897156
7516,1.13596463203
7517,1.0638614893
7518,1.05806994438
7519,1.10457825661
7520,1.15114617348
7521,1.19108355045
7522,1.09097242355
7523,1.10255455971
7524,1.14685118198
7525,0.976225733757
7526,1.11343514919
7527,1.18096041679
7528,1.13599145412
7529,1.16849339008
7530,1.22574400902
7531,1.21132516861
7532,1.24026417732
7533,1.1574921608
7534,1.25575554371
7535,1.28036522865
7536,1.11775827408
7537,1.13771438599
7538,1.17395091057
7539,1.14426445961
7540,1.132853508
7541,1.08746433258
7542,1.10721743107
7543,1.1054469347
7544,1.12635314465
7545,1.12787520885
7546,1.15920639038
7547,1.06288194656
7548,1.16109204292
7549,1.07588851452
7550,1.12039625645
7551,1.06392788887
7552,1.15308070183
7553,1.02577805519
7554,1.14978694916
7555,1.09027647972
7556,1.19358277321
7557,1.22237718105
7558,1.25962543488
7559,1.1316742897
7560,1.13457226753
7561,1.18902099133
7562,1.22799575329
7563,1.07527124882
7564,1.1926240921
7565,1.14922845364
7566,1.0351883173
7567,1.12511849403
7568,1.10748791695
7569,1.00293314457
7570,1.08055055141
7571,1.12988221645
7572,1.26346921921
7573,1.07856547832
7574,1.06501674652
7575,1.16628754139
7576,1.09282839298
7577,1.06428813934
7578,1.07101464272
7579,1.14567863941
7580,1.19112420082
7581,1.14448928833
7582,1.0888030529
7583,1.09164345264
7584,1.13947212696
7585,1.0835416317
7586,1.17456376553
7587,1.06840920448
7588,1.15783238411
7589,1.08519494534
7590,1.0838508606
7591,1.23534965515
7592,1.24677932262
7593,1.22822761536
7594,1.14800846577
7595,1.0337228775
7596,1.21624231339
7597,1.09674310684
7598,1.15466845036
7599,1.14237952232
7600,1.11097478867
7601,1.16900980473
7602,1.07430696487
7603,1.17067039013
7604,1.08369934559
7605,1.05107867718
7606,1.2098596096
7607,1.14997053146
7608,1.08144938946
7609,1.14061701298
7610,1.04374742508
7611,1.21466612816
7612,1.19813656807
7613,1.08265352249
7614,1.19142854214
7615,1.19109272957
7616,1.15413308144
7617,1.09237313271
7618,1.11005449295
7619,1.05400395393
7620,1.09711277485
7621,1.18428337574
7622,1.10807394981
7623,1.01634645462
7624,1.12176835537
7625,1.1578836441
7626,1.11347150803
7627,1.08850228786
7628,1.11327505112
7629,1.08039021492
7630,1.06301498413
7631,1.03545069695
7632,1.08724021912
7633,1.075299263
7634,1.19469058514
7635,1.1612610817
7636,1.02726531029
7637,1.03564953804
7638,1.06283557415
7639,1.1238809824
7640,1.09975397587
7641,1.15734744072
7642,1.17476546764
7643,1.08949410915
7644,1.25921988487
7645,1.25653553009
7646,1.1463612318
7647,1.14677894115
7648,1.0823302269
7649,1.17609024048
7650,1.1324108839
7651,1.11872553825
7652,1.12735509872
7653,1.24866187572
7654,1.16042470932
7655,1.10744976997
7656,1.21262645721
7657,1.22097694874
7658,1.15632629395
7659,1.15809702873
7660,1.18684589863
7661,1.19207203388
7662,1.20064806938
7663,1.31171810627
7664,1.17378330231
7665,1.05303537846
7666,1.11579418182
7667,1.25393879414
7668,1.18794214725
7669,1.14364683628
7670,1.15858662128
7671,1.37499594688
7672,1.17946827412
7673,1.07439672947
7674,1.12833225727
7675,1.19520533085
7676,1.11145877838
7677,1.1060116291
7678,1.14926254749
7679,1.19042551517
7680,1.1718558073
7681,1.14134645462
7682,1.08646285534
7683,1.15026497841
7684,1.08286345005
7685,1.12338161469
7686,1.03555822372
7687,1.12153816223
7688,1.13638746738
7689,1.22899985313
7690,1.16346538067
7691,1.08901131153
7692,1.13078832626
7693,1.02862477303
7694,1.04453599453
7695,1.04931044579
7696,1.05715322495
7697,1.12879014015
7698,1.11537909508
7699,1.14277434349
7700,1.09576416016
7701,1.1365981102
7702,1.19553637505
7703,1.05554103851
7704,1.07823061943
7705,1.11964249611
7706,1.0376611948
7707,1.12031245232
7708,1.07764351368
7709,1.10544359684
7710,1.129088521
7711,1.18051505089
7712,1.29386222363
7713,1.07355308533
7714,1.20205879211
7715,1.0957865715
7716,1.10339295864
7717,1.14231967926
7718,1.10858416557
7719,1.12233543396
7720,1.1278976202
7721,1.05037486553
7722,1.09609758854
7723,1.11639344692
7724,1.12354505062
7725,1.11318445206
7726,1.13375520706
7727,1.13673114777
7728,1.20392942429
7729,1.10994946957
7730,1.09137630463
7731,1.11325728893
7732,1.1246972084
7733,1.03511142731
7734,1.12844407558
7735,1.1364171505
7736,1.1845189333
7737,1.2151362896
7738,1.15159726143
7739,1.10253429413
7740,1.09645760059
7741,1.24668192863
7742,1.16322910786
7743,1.16418886185
7744,1.08397376537
7745,1.14199757576
7746,1.11072313786
7747,1.10711371899
7748,1.14330530167
7749,1.08874452114
7750,1.1419532299
7751,1.13849377632
7752,1.08107984066
7753,1.23126959801
7754,1.16084504128
7755,1.14596092701
7756,1.2438223362
7757,1.16087567806
7758,1.06692004204
7759,1.16724324226
7760,1.09210658073
7761,1.05429708958
7762,1.09152698517
7763,1.12822198868
7764,1.10059309006
7765,1.12863683701
7766,0.949495375156
7767,1.05866837502
7768,1.08984959126
7769,1.12749421597
7770,1.10409045219
7771,1.09741020203
7772,1.09854090214
7773,1.0479799509
7774,1.11005163193
7775,1.01153326035
7776,1.14574801922
7777,1.06194651127
7778,1.16096591949
7779,1.08885025978
7780,1.12958788872
7781,1.11515522003
7782,1.14502167702
7783,1.00443673134
7784,1.08561074734
7785,1.15006005764
7786,1.13868546486
7787,1.12507450581
7788,1.12128317356
7789,1.24413907528
7790,1.07795727253
7791,1.06544923782
7792,1.02176749706
7793,1.31485295296
7794,1.19456553459
7795,1.00424957275
7796,1.05105674267
7797,1.18451404572
7798,1.11399209499
7799,1.10150623322
7800,1.07809495926
7801,1.09655690193
7802,1.09167778492
7803,1.1009349823
7804,1.08016562462
7805,1.12581527233
7806,1.0489256382
7807,1.07501339912
7808,1.09678709507
7809,1.05231082439
7810,1.12498188019
7811,1.15537762642
7812,1.16787755489
7813,1.03748643398
7814,1.16119456291
7815,1.56916308403
7816,1.12801682949
7817,1.15154969692
7818,1.06422150135
7819,1.10332882404
7820,1.06664717197
7821,1.10585653782
7822,1.0429867506
7823,1.08001184464
7824,1.07548952103
7825,1.11279428005
7826,1.07334637642
7827,1.05096638203
7828,1.12988317013
7829,1.09807407856
7830,1.06785178185
7831,1.13216328621
7832,1.21759796143
7833,1.13778829575
7834,1.08648729324
7835,1.13146448135
7836,1.09498596191
7837,1.01255643368
7838,1.16002297401
7839,1.1046640873
7840,1.11716878414
7841,1.06955444813
7842,1.05514800549
7843,1.12285780907
7844,1.12520122528
7845,1.24100446701
7846,1.08056366444
7847,1.07008838654
7848,1.08464407921
7849,1.05143380165
7850,1.07478821278
7851,1.17610037327
7852,1.08950829506
7853,1.11222779751
7854,1.17488408089
7855,1.09847092628
7856,1.08452928066
7857,1.16314792633
7858,1.0874029398
7859,1.19222164154
7860,1.22451984882
7861,1.2974768877
7862,1.1147300005
7863,1.09764420986
7864,1.14228463173
7865,1.0244551897
7866,1.08295047283
7867,1.05638325214
7868,1.1585419178
7869,1.13542437553
7870,1.11416113377
7871,1.11984336376
7872,1.13845670223
7873,1.08798527718
7874,1.09890532494
7875,1.08559274673
7876,1.07329261303
7877,1.29256033897
7878,1.24857616425
7879,1.15155351162
7880,1.13427710533
7881,1.20800423622
7882,1.13639485836
7883,1.07160604
7884,1.14360499382
7885,1.12823188305
7886,1.14047956467
7887,1.10950624943
7888,1.17962551117
7889,1.10902822018
7890,1.10093140602
7891,1.25983953476
7892,1.13154125214
7893,1.11026346684
7894,1.06757330894
7895,1.09536612034
7896,1.19574284554
7897,1.01330387592
7898,1.13238382339
7899,1.13764739037
7900,1.11048603058
7901,1.04313659668
7902,1.10360813141
7903,1.19526183605
7904,1.08910763264
7905,1.07848596573
7906,1.10197198391
7907,1.07919919491
7908,1.09897339344
7909,1.00921404362
7910,1.19579970837
7911,1.13081228733
7912,1.17199099064
7913,1.08339214325
7914,1.11252224445
7915,1.09096562862
7916,1.14004290104
7917,1.13230466843
7918,1.09331297874
7919,1.1218239069
7920,1.16163682938
7921,1.14993786812
7922,1.21262478828
7923,1.08095324039
7924,1.09032142162
7925,1.05459034443
7926,1.13400912285
7927,1.10181879997
7928,1.11214339733
7929,1.22494602203
7930,1.1572496891
7931,1.11333906651
7932,1.14468824863
7933,1.10654103756
7934,1.12066614628
7935,1.14474761486
7936,1.15331041813
7937,1.14642679691
7938,1.06603336334
7939,1.19205570221
7940,1.18432569504
7941,1.17471516132
7942,1.18690466881
7943,1.16933500767
7944,1.18311321735
7945,1.06995725632
7946,1.09755206108
7947,1.27616119385
7948,1.14226126671
7949,1.07526755333
7950,1.10504209995
7951,1.10439050198
7952,1.04407262802
7953,1.17068815231
7954,1.01971280575
7955,1.08000767231
7956,1.16311597824
7957,1.18047118187
7958,1.09041500092
7959,1.12622141838
7960,1.06260204315
7961,1.24928033352
7962,1.06703722477
7963,1.12185716629
7964,1.0619841814
7965,1.1571637392
7966,1.08695220947
7967,1.1031024456
7968,1.14467668533
7969,1.08900141716
7970,1.07318639755
7971,1.09482121468
7972,1.13047146797
7973,1.15491175652
7974,1.09085762501
7975,1.09933853149
7976,1.17120373249
7977,1.17758202553
7978,1.03005456924
7979,1.01181054115
7980,1.10412669182
7981,1.19133627415
7982,1.13788807392
7983,1.15501070023
7984,1.03755652905
7985,1.13879966736
7986,1.09201407433
7987,1.16580104828
7988,1.09203112125
7989,1.08860969543
7990,1.03434765339
7991,1.08206188679
7992,1.13770973682
7993,1.11056089401
7994,1.23686993122
7995,1.22616004944
7996,1.12369573116
7997,1.13328838348
7998,1.16222131252
7999,1.20923364162
8000,1.17029726505
8001,1.18629848957
8002,1.04530370235
8003,1.18134689331
8004,1.23020517826
8005,1.17597484589
8006,1.18918728828
8007,1.1177521944
8008,1.09274435043
8009,1.13717067242
8010,1.08643746376
8011,1.13140821457
8012,1.30001926422
8013,1.07527697086
8014,1.1397125721
8015,1.13025820255
8016,1.18020641804
8017,1.10955893993
8018,1.06459724903
8019,1.01779830456
8020,1.03895223141
8021,1.12507045269
8022,1.1945656538
8023,1.09396767616
8024,1.15066695213
8025,1.12897253036
8026,1.18170511723
8027,1.23779380322
8028,1.16273617744
8029,1.10007941723
8030,1.08786094189
8031,1.04088628292
8032,1.08197772503
8033,1.11611938477
8034,1.16984474659
8035,1.20196843147
8036,1.08171308041
8037,1.14165377617
8038,1.02611243725
8039,1.11733865738
8040,1.22044503689
8041,1.21060121059
8042,1.12569844723
8043,1.11937487125
8044,1.04291689396
8045,1.12355351448
8046,1.13752031326
8047,1.10846531391
8048,1.121712327
8049,1.14927983284
8050,1.00921928883
8051,1.1705173254
8052,1.05679440498
8053,1.18352198601
8054,1.03148019314
8055,1.09073472023
8056,1.19752502441
8057,1.08572018147
8058,1.10862457752
8059,1.16227841377
8060,1.11771452427
8061,1.18573522568
8062,1.02423775196
8063,1.09795641899
8064,1.20898401737
8065,1.22734248638
8066,1.08192646503
8067,1.17379689217
8068,1.13767671585
8069,1.09066390991
8070,1.0692486763
8071,1.16226124763
8072,1.08591270447
8073,1.05260872841
8074,1.0797226429
8075,1.00928711891
8076,1.05162799358
8077,1.16686046124
8078,1.18016374111
8079,1.18694651127
8080,1.11708080769
8081,1.09847068787
8082,1.1242929697
8083,1.07845890522
8084,1.14693641663
8085,1.08985674381
8086,1.09919536114
8087,1.17107582092
8088,1.12321257591
8089,1.06764864922
8090,1.11009609699
8091,1.0343657732
8092,1.08536946774
8093,1.15302968025
8094,1.15225541592
8095,1.270611763
8096,1.14574015141
8097,1.15103149414
8098,1.09891724586
8099,1.18623363972
8100,1.17221152782
8101,1.02526152134
8102,1.03940522671
8103,1.11747455597
8104,1.11886179447
8105,1.10819065571
8106,1.15893423557
8107,1.06590747833
8108,1.08337676525
8109,1.05651521683
8110,1.12121593952
8111,1.11659681797
8112,1.09067416191
8113,1.11356663704
8114,1.11973309517
8115,1.09857535362
8116,1.13865208626
8117,1.18518126011
8118,1.15348720551
8119,1.26283955574
8120,1.12177312374
8121,1.05597937107
8122,1.17783093452
8123,1.252202034
8124,1.18291950226
8125,1.26942956448
8126,1.25109934807
8127,1.10488212109
8128,1.12637019157
8129,1.08768665791
8130,1.26720881462
8131,1.17008721828
8132,1.2555462122
8133,1.08254349232
8134,1.15479063988
8135,1.15252661705
8136,1.09793305397
8137,1.10215914249
8138,1.06462800503
8139,1.10858523846
8140,1.17614865303
8141,1.15305459499
8142,1.11737728119
8143,1.20517981052
8144,1.13617110252
8145,1.13656902313
8146,1.10832428932
8147,1.13888919353
8148,1.12903571129
8149,1.2645894289
8150,1.13564538956
8151,1.13575315475
8152,1.13970732689
8153,1.25633370876
8154,1.10509026051
8155,1.07475697994
8156,1.01957917213
8157,1.14769256115
8158,1.29135036469
8159,1.11695480347
8160,1.04913270473
8161,1.11560702324
8162,1.07729899883
8163,1.11817967892
8164,1.0286757946
8165,1.09183609486
8166,1.22678208351
8167,1.09021937847
8168,1.05665397644
8169,1.07151281834
8170,1.0606533289
8171,1.12808048725
8172,1.0393538475
8173,1.05290913582
8174,1.16196334362
8175,1.10187256336
8176,1.11006224155
8177,1.14753472805
8178,1.29774928093
8179,1.07649517059
8180,1.14683783054
8181,1.24409890175
8182,1.00643515587
8183,1.08769726753
8184,1.07892489433
8185,1.07790386677
8186,1.14332818985
8187,1.08715212345
8188,1.07415819168
8189,1.02177882195
8190,1.20973801613
8191,1.1815956831
8192,1.11147177219
8193,1.20185828209
8194,1.06802773476
8195,1.1592643261
8196,1.19190883636
8197,1.05690693855
8198,1.21287274361
8199,1.24039721489
8200,1.12631499767
8201,1.08613789082
8202,1.13021624088
8203,1.10889196396
8204,1.10550272465
8205,1.04476368427
8206,1.04184234142
8207,1.06255531311
8208,1.07140624523
8209,1.04176068306
8210,1.11486959457
8211,1.01337218285
8212,1.15178143978
8213,1.09374237061
8214,1.16729092598
8215,1.04893743992
8216,1.05343234539
8217,1.04357659817
8218,1.16291606426
8219,1.09557855129
8220,1.17018425465
8221,1.15498924255
8222,1.12618732452
8223,1.12455308437
8224,1.14466571808
8225,1.07199525833
8226,1.11962890625
8227,1.22263610363
8228,1.05644309521
8229,1.1447558403
8230,1.14365613461
8231,1.10229742527
8232,1.02637851238
8233,1.18901336193
8234,1.19487535954
8235,1.14338505268
8236,1.16600799561
8237,1.08948051929
8238,1.10871863365
8239,1.15173339844
8240,1.12733793259
8241,1.02494525909
8242,1.06323862076
8243,1.02087330818
8244,1.05557608604
8245,1.08947718143
8246,1.07405900955
8247,1.13572227955
8248,1.13522052765
8249,1.05696690083
8250,1.11635696888
8251,1.14546978474
8252,1.08865368366
8253,1.26162230968
8254,1.1910238266
8255,1.16496062279
8256,1.08580374718
8257,1.19349682331
8258,1.10379314423
8259,1.02823185921
8260,1.08957266808
8261,1.04047083855
8262,1.15870130062
8263,1.18196713924
8264,1.08090603352
8265,1.14917445183
8266,1.14268434048
8267,1.02653026581
8268,1.11249494553
8269,1.04380500317
8270,1.15980958939
8271,1.08364796638
8272,1.0535030365
8273,1.09481167793
8274,1.11568069458
8275,1.01948857307
8276,1.10180282593
8277,0.978679895401
8278,1.05943071842
8279,1.07322621346
8280,1.1005011797
8281,1.14063167572
8282,1.09835374355
8283,1.13598656654
8284,1.10257101059
8285,1.13115167618
8286,1.14717531204
8287,1.14187169075
8288,1.14931571484
8289,1.09094524384
8290,1.10269713402
8291,1.16536450386
8292,1.10984063148
8293,1.18228685856
8294,1.12321317196
8295,1.12163305283
8296,1.15985941887
8297,1.1103849411
8298,1.09924709797
8299,1.1469386816
8300,1.16537094116
8301,1.19151294231
8302,1.09477257729
8303,1.11218118668
8304,1.04228925705
8305,1.0853215456
8306,1.17164349556
8307,1.18032932281
8308,1.1313624382
8309,1.21634936333
8310,1.03895425797
8311,1.206848979
8312,1.281935215
8313,1.14385223389
8314,1.11729490757
8315,1.07664275169
8316,1.19384813309
8317,1.18890726566
8318,1.13888466358
8319,1.15361177921
8320,1.11284947395
8321,1.10762107372
8322,1.11095428467
8323,1.09686398506
8324,1.19993817806
8325,1.10991322994
8326,1.2175385952
8327,1.12050068378
8328,1.10368955135
8329,1.12185955048
8330,1.17466950417
8331,1.07307970524
8332,1.07012474537
8333,1.173869133
8334,1.07020771503
8335,1.085313797
8336,1.12329804897
8337,1.172336936
8338,1.14592468739
8339,1.1103605032
8340,1.05987274647
8341,1.07380115986
8342,1.07090485096
8343,1.10674738884
8344,1.12390267849
8345,1.08965945244
8346,1.10846877098
8347,1.0471675396
8348,1.17615580559
8349,1.11585426331
8350,1.11879181862
8351,1.20305323601
8352,1.15692484379
8353,1.11454021931
8354,1.08154189587
8355,1.09043729305
8356,1.17519521713
8357,1.21838068962
8358,1.02972638607
8359,1.12062454224
8360,1.16793859005
8361,1.17269873619
8362,1.22000801563
8363,1.10747301579
8364,1.09606194496
8365,1.01896595955
8366,1.11827039719
8367,1.11331403255
8368,1.00385594368
8369,1.13108456135
8370,1.23886060715
8371,1.14235365391
8372,1.01729691029
8373,1.18866610527
8374,1.11175727844
8375,1.0901248455
8376,1.07700097561
8377,1.08780491352
8378,1.16466832161
8379,1.13994860649
8380,1.09569108486
8381,1.10330235958
8382,1.11018157005
8383,1.10683357716
8384,1.13287806511
8385,1.09379446507
8386,1.08561372757
8387,1.10062384605
8388,1.13158404827
8389,1.11375486851
8390,1.1267786026
8391,1.11542057991
8392,1.05117988586
8393,1.10865807533
8394,1.12593197823
8395,1.12844800949
8396,1.09275639057
8397,1.21856510639
8398,1.14265096188
8399,1.04861485958
8400,1.07002496719
8401,1.10917270184
8402,1.05131149292
8403,1.16521477699
8404,1.05905890465
8405,1.01749300957
8406,1.10429942608
8407,1.13450801373
8408,1.1307297945
8409,1.10963022709
8410,1.15577578545
8411,1.16666436195
8412,1.09415459633
8413,1.15838992596
8414,1.04144001007
8415,1.01506793499
8416,1.05928742886
8417,1.03716444969
8418,1.05063927174
8419,1.05731642246
8420,1.09142458439
8421,1.1089220047
8422,1.0849750042
8423,1.09235727787
8424,1.15589272976
8425,1.11810731888
8426,1.13054847717
8427,1.06474065781
8428,1.10225594044
8429,1.11732649803
8430,1.06042277813
8431,1.13869333267
8432,1.21478426456
8433,1.21465587616
8434,1.12270724773
8435,1.0988509655
8436,1.27392220497
8437,1.11694729328
8438,1.18294644356
8439,1.10367047787
8440,1.15443456173
8441,1.19192063808
8442,1.11982083321
8443,1.12604737282
8444,1.11114859581
8445,1.11021363735
8446,1.19794404507
8447,1.14823460579
8448,1.13178253174
8449,1.05063307285
8450,1.07218647003
8451,1.10303449631
8452,1.10644698143
8453,1.09561502934
8454,1.12455964088
8455,1.12098371983
8456,1.1095482111
8457,1.07058405876
8458,1.25099480152
8459,1.11488234997
8460,1.05620825291
8461,1.12530589104
8462,1.24184215069
8463,1.23308908939
8464,1.10535371304
8465,1.14319419861
8466,1.13663589954
8467,1.00979375839
8468,1.09906351566
8469,1.09924519062
8470,1.03200554848
8471,1.18400645256
8472,1.17814958096
8473,1.11304688454
8474,1.04933393002
8475,1.07980978489
8476,1.09980475903
8477,1.08540868759
8478,1.24133634567
8479,1.06837511063
8480,1.15362882614
8481,1.09743916988
8482,1.08913850784
8483,1.11428654194
8484,1.17420399189
8485,1.18611371517
8486,1.06148636341
8487,1.01225447655
8488,1.07122123241
8489,1.10127711296
8490,1.11181211472
8491,1.1586420536
8492,1.09720361233
8493,1.07473397255
8494,1.04207861423
8495,1.18989467621
8496,1.28800010681
8497,1.10688734055
8498,1.10919964314
8499,1.16163539886
8500,1.1525144577
8501,1.17986619473
8502,1.15665376186
8503,1.11818420887
8504,1.03515231609
8505,1.09849154949
8506,1.09809589386
8507,1.26523768902
8508,0.976466476917
8509,1.05027639866
8510,1.148630023
8511,1.10618650913
8512,1.1836990118
8513,1.04180085659
8514,1.18028616905
8515,1.29943907261
8516,1.10884356499
8517,1.1657179594
8518,1.17676544189
8519,1.18436896801
8520,1.24181580544
8521,1.10839188099
8522,1.10370826721
8523,1.11163401604
8524,1.10983479023
8525,1.0640566349
8526,1.21347153187
8527,1.12621831894
8528,1.27314782143
8529,1.18985712528
8530,1.08587777615
8531,1.15511882305
8532,1.21171879768
8533,1.16303730011
8534,0.992143332958
8535,1.10557317734
8536,1.17419552803
8537,1.21105921268
8538,1.07876694202
8539,1.09547674656
8540,1.08847296238
8541,1.13846373558
8542,1.067715168
8543,1.17982423306
8544,1.20954096317
8545,1.23858273029
8546,1.07504725456
8547,1.12628722191
8548,1.10618793964
8549,1.25387203693
8550,1.0582613945
8551,1.22252321243
8552,1.14580857754
8553,1.13118934631
8554,1.0665409565
8555,1.08241820335
8556,1.04925787449
8557,1.16247737408
8558,1.09945821762
8559,1.1201031208
8560,1.17346656322
8561,1.07314360142
8562,1.06691503525
8563,1.15052723885
8564,1.06987762451
8565,1.12420868874
8566,0.988799989223
8567,1.1097792387
8568,1.14468157291
8569,1.24682867527
8570,1.0590389967
8571,1.14248085022
8572,1.19868052006
8573,1.2099916935
8574,1.03958046436
8575,1.20170331001
8576,1.18316805363
8577,1.08258187771
8578,1.0625244379
8579,1.10023343563
8580,1.06933748722
8581,1.17120659351
8582,1.19611465931
8583,1.09402108192
8584,1.2215514183
8585,1.16298270226
8586,1.07497930527
8587,1.21516084671
8588,1.05670893192
8589,1.03391695023
8590,1.09738481045
8591,1.16023766994
8592,1.1909724474
8593,1.09346461296
8594,1.17107343674
8595,1.16398203373
8596,1.0866189003
8597,1.04963099957
8598,1.09156894684
8599,1.08560752869
8600,1.03552722931
8601,1.13969409466
8602,1.14848423004
8603,1.09735751152
8604,1.10407185555
8605,1.09953939915
8606,1.06034851074
8607,1.04946315289
8608,1.09731888771
8609,1.09874272346
8610,1.14251387119
8611,1.15137779713
8612,1.06014382839
8613,1.08788728714
8614,1.16373300552
8615,1.03379952908
8616,1.03604853153
8617,1.07004785538
8618,1.12722504139
8619,1.06659293175
8620,1.12484145164
8621,1.08013570309
8622,0.943575561047
8623,1.14355695248
8624,1.0786999464
8625,1.09491443634
8626,1.10417723656
8627,1.16080033779
8628,1.07208585739
8629,1.1088000536
8630,1.1175570488
8631,1.18833482265
8632,1.20439255238
8633,1.07409119606
8634,1.03431963921
8635,1.22797822952
8636,1.15452539921
8637,1.01991641521
8638,1.08703684807
8639,1.20414531231
8640,1.1904964447
8641,1.17808187008
8642,1.16930413246
8643,1.17276239395
8644,1.11118030548
8645,1.09310412407
8646,1.07715976238
8647,1.11727833748
8648,1.08230996132
8649,1.06730914116
8650,1.04959952831
8651,1.05954325199
8652,1.20673978329
8653,1.07410979271
8654,1.0349009037
8655,1.07899439335
8656,1.09146928787
8657,1.08433783054
8658,1.06994044781
8659,1.11101067066
8660,1.19131922722
8661,1.11292505264
8662,1.05707001686
8663,1.12347388268
8664,1.1018242836
8665,1.10238969326
8666,1.11452460289
8667,1.09640717506
8668,1.07780170441
8669,1.05598366261
8670,1.04523873329
8671,1.10199344158
8672,1.11248004436
8673,1.15550410748
8674,1.07691657543
8675,1.06670606136
8676,1.12820160389
8677,1.13098502159
8678,1.09550321102
8679,1.13148248196
8680,1.11820292473
8681,1.12046575546
8682,1.17725217342
8683,1.10841226578
8684,1.20328652859
8685,1.08148574829
8686,1.15097689629
8687,1.09400594234
8688,1.09453070164
8689,1.01476418972
8690,1.04355311394
8691,1.19406092167
8692,1.02262377739
8693,1.1424831152
8694,1.10074162483
8695,1.09516060352
8696,1.1528750658
8697,1.06416285038
8698,1.17691254616
8699,1.03527796268
8700,1.14375078678
8701,1.1238822937
8702,1.15691435337
8703,1.01551735401
8704,1.2277469635
8705,1.13070142269
8706,1.173838377
8707,1.13380694389
8708,1.23480439186
8709,1.07830953598
8710,1.17285549641
8711,1.14010214806
8712,1.17072451115
8713,1.12134301662
8714,1.12780952454
8715,1.23299598694
8716,1.3594212532
8717,1.15970826149
8718,1.11281299591
8719,1.07754671574
8720,1.12692189217
8721,1.16816985607
8722,1.18943023682
8723,1.08708107471
8724,1.08328974247
8725,1.0174280405
8726,1.0813498497
8727,1.13031005859
8728,1.12616991997
8729,1.08974087238
8730,1.19091069698
8731,1.19076681137
8732,1.17891216278
8733,1.09870493412
8734,1.11096048355
8735,1.10159707069
8736,1.04155039787
8737,1.04542696476
8738,1.18386888504
8739,1.07338202
8740,1.20029747486
8741,1.14671230316
8742,1.15628445148
8743,1.20529353619
8744,1.08200275898
8745,1.12364542484
8746,1.10407555103
8747,1.20165801048
8748,1.07948112488
8749,1.07818543911
8750,1.17622768879
8751,1.12376606464
8752,1.12214803696
8753,1.0696952343
8754,1.09069037437
8755,1.09602820873
8756,1.07289350033
8757,1.20283305645
8758,1.11000573635
8759,1.1366109848
8760,1.06173276901
8761,1.10601449013
8762,1.02334702015
8763,1.10961961746
8764,1.14653873444
8765,1.03723061085
8766,1.1563359499
8767,1.19490838051
8768,1.07329785824
8769,1.04953110218
8770,1.09855973721
8771,1.10884618759
8772,1.06039535999
8773,1.14534807205
8774,1.16032254696
8775,1.03134417534
8776,1.0740249157
8777,1.06034338474
8778,1.08815896511
8779,1.06384968758
8780,1.10808455944
8781,1.075735569
8782,1.07777416706
8783,1.14147019386
8784,1.03584814072
8785,1.17209029198
8786,1.13146579266
8787,1.16385030746
8788,1.16585600376
8789,1.06377017498
8790,1.11822426319
8791,1.12911272049
8792,1.13695895672
8793,1.02958786488
8794,1.13771164417
8795,1.24146878719
8796,1.13676202297
8797,1.17142450809
8798,1.16124296188
8799,1.22265088558
8800,1.10391962528
8801,1.1984128952
8802,1.21416854858
8803,1.10095751286
8804,1.13896775246
8805,1.05329227448
8806,1.09710812569
8807,1.18515968323
8808,1.15895295143
8809,1.01050698757
8810,1.16382360458
8811,1.22423100471
8812,1.15980815887
8813,1.12636470795
8814,1.09217727184
8815,1.08369934559
8816,1.20152795315
8817,1.23766112328
8818,1.24238610268
8819,1.14670860767
8820,1.13558793068
8821,1.0576184988
8822,1.04008865356
8823,1.13613653183
8824,1.10697329044
8825,1.08726739883
8826,1.138199687
8827,1.29076981544
8828,1.17180657387
8829,1.10001075268
8830,1.07314562798
8831,1.04205310345
8832,1.10481381416
8833,1.06703662872
8834,1.01362717152
8835,1.12914764881
8836,1.16926121712
8837,1.16766524315
8838,1.11277127266
8839,1.06822085381
8840,1.01472055912
8841,1.03599107265
8842,1.24239516258
8843,1.08618056774
8844,1.09913051128
8845,1.08266794682
8846,1.14153170586
8847,1.08631873131
8848,1.23305559158
8849,1.02633595467
8850,1.03659081459
8851,1.15156388283
8852,1.08841717243
8853,1.03633403778
8854,1.20754635334
8855,1.06529140472
8856,1.13985741138
8857,1.06028628349
8858,1.15090548992
8859,1.16175734997
8860,1.10244500637
8861,1.1629421711
8862,1.18542170525
8863,1.11085927486
8864,1.18423259258
8865,1.20921683311
8866,1.12843132019
8867,1.1149135828
8868,1.0404419899
8869,1.11497020721
8870,1.088529706
8871,1.19967639446
8872,1.10891985893
8873,1.15655183792
8874,1.12211060524
8875,1.16636967659
8876,1.09792554379
8877,1.14417111874
8878,1.10774874687
8879,1.11325085163
8880,1.17163836956
8881,1.14106798172
8882,1.11874783039
8883,1.14733481407
8884,1.17105150223
8885,1.12167775631
8886,1.0792517662
8887,1.06999909878
8888,1.00210630894
8889,1.05868661404
8890,1.09802603722
8891,1.13982546329
8892,1.06618142128
8893,1.17502784729
8894,1.11183202267
8895,1.13228416443
8896,1.17144238949
8897,1.03814303875
8898,1.02889454365
8899,1.18976461887
8900,1.06567728519
8901,1.13083910942
8902,1.14221596718
8903,1.08875393867
8904,1.0499162674
8905,1.08800828457
8906,1.07381999493
8907,1.09084773064
8908,1.12270736694
8909,1.159943223
8910,1.0313192606
8911,1.05493831635
8912,1.19603228569
8913,1.08269608021
8914,1.15158784389
8915,1.12966918945
8916,1.08473336697
8917,1.12031745911
8918,1.15594053268
8919,1.0791759491
8920,1.1331884861
8921,1.10700392723
8922,1.11569094658
8923,1.1390901804
8924,1.04691171646
8925,1.21244132519
8926,1.10215342045
8927,1.10410773754
8928,1.07407140732
8929,1.16906023026
8930,1.08764123917
8931,1.11822426319
8932,1.15885269642
8933,1.16371273994
8934,1.07353973389
8935,1.12164580822
8936,1.1449303627
8937,1.09501743317
8938,1.07064712048
8939,1.09289038181
8940,1.17157626152
8941,1.0584628582
8942,1.15725040436
8943,1.16605961323
8944,1.05200481415
8945,1.13271915913
8946,1.10112404823
8947,1.08357906342
8948,1.13792061806
8949,1.23569893837
8950,1.15032327175
8951,1.11643242836
8952,1.14944398403
8953,1.04530644417
8954,1.15491223335
8955,1.1998167038
8956,1.19261872768
8957,1.20078837872
8958,1.07557225227
8959,1.12658166885
8960,1.14684545994
8961,1.07500362396
8962,1.09031808376
8963,1.28001511097
8964,1.06343436241
8965,1.08279573917
8966,1.22963154316
8967,1.2617803812
8968,1.21381878853
8969,1.1435418129
8970,1.09010469913
8971,1.10575819016
8972,1.22851097584
8973,1.09576702118
8974,1.12205576897
8975,1.1437060833
8976,1.23325848579
8977,1.12413322926
8978,1.08656060696
8979,1.15446841717
8980,1.08292746544
8981,1.07074081898
8982,1.17567920685
8983,1.17830276489
8984,1.09160172939
8985,1.1124985218
8986,1.16939628124
8987,1.22263753414
8988,1.10316586494
8989,1.12427163124
8990,1.06170499325
8991,1.16273295879
8992,1.16068267822
8993,1.07526123524
8994,1.04546391964
8995,1.14808499813
8996,1.07231593132
8997,1.10078442097
8998,1.17369174957
8999,1.10385870934
9000,1.07771706581
9001,1.21712589264
9002,1.06416213512
9003,1.06704378128
9004,1.17297291756
9005,1.04657423496
9006,1.13676416874
9007,1.06914389133
9008,1.19912922382
9009,1.12746572495
9010,1.11989426613
9011,1.08130943775
9012,1.15667879581
9013,1.07678806782
9014,1.07950282097
9015,1.11750364304
9016,1.09867167473
9017,1.11972296238
9018,1.05379426479
9019,1.11427092552
9020,1.17743372917
9021,1.13513219357
9022,1.05518710613
9023,1.10452318192
9024,1.15664422512
9025,1.12844479084
9026,1.03597843647
9027,1.14769136906
9028,1.07917833328
9029,1.15431678295
9030,1.07252597809
9031,1.04123497009
9032,1.09194672108
9033,1.12457382679
9034,1.10952138901
9035,1.17342066765
9036,1.15982139111
9037,1.01220703125
9038,1.088083148
9039,1.12148213387
9040,1.17523002625
9041,1.14825391769
9042,1.12002038956
9043,1.03143835068
9044,1.12640881538
9045,1.08941376209
9046,1.11648571491
9047,1.07144641876
9048,1.29289984703
9049,1.20408523083
9050,1.09756374359
9051,1.02453804016
9052,1.18034863472
9053,1.04175043106
9054,1.01699113846
9055,1.06008410454
9056,1.172752738
9057,1.1270083189
9058,1.11315476894
9059,1.14108550549
9060,1.11467051506
9061,1.08791875839
9062,1.14934742451
9063,1.11493659019
9064,1.07285714149
9065,1.08311831951
9066,1.18869245052
9067,1.09371829033
9068,1.09908044338
9069,1.10713434219
9070,1.15572988987
9071,1.09044361115
9072,1.22757363319
9073,1.15408265591
9074,1.06805622578
9075,1.09614825249
9076,1.19723236561
9077,1.27845275402
9078,1.1931425333
9079,1.21773266792
9080,1.22600483894
9081,1.21255803108
9082,1.17182993889
9083,1.22120928764
9084,1.12649786472
9085,1.14766526222
9086,1.13337922096
9087,1.15927779675
9088,1.13957738876
9089,1.2928429842
9090,1.16667234898
9091,1.23217821121
9092,1.20813083649
9093,1.13538897038
9094,1.08506894112
9095,1.1903232336
9096,1.200725317
9097,1.15889596939
9098,1.19461333752
9099,1.12769806385
9100,1.16779232025
9101,1.15150523186
9102,1.16330480576
9103,1.08023965359
9104,1.05697107315
9105,1.0540112257
9106,1.21647310257
9107,1.1252874136
9108,1.0683516264
9109,0.990511119366
9110,1.21448493004
9111,1.11016726494
9112,1.14572012424
9113,1.22376847267
9114,1.04941284657
9115,1.15428984165
9116,1.19771647453
9117,1.23197424412
9118,1.23930454254
9119,1.05561161041
9120,1.10154509544
9121,1.22802639008
9122,1.19525241852
9123,1.09100043774
9124,1.09431707859
9125,1.08613860607
9126,1.08977365494
9127,1.15240848064
9128,1.0878187418
9129,1.02084350586
9130,1.06192481518
9131,1.1429708004
9132,1.14281094074
9133,1.07579290867
9134,1.09150838852
9135,1.07116627693
9136,1.11636137962
9137,1.16229939461
9138,1.08640098572
9139,1.0783110857
9140,1.09688770771
9141,1.0301759243
9142,1.02371537685
9143,1.15147662163
9144,1.0761474371
9145,1.1865850687
9146,1.1342869997
9147,1.17698514462
9148,1.0670260191
9149,1.03964185715
9150,1.11010277271
9151,1.14731812477
9152,1.09799206257
9153,1.03511655331
9154,1.07881784439
9155,1.15385699272
9156,1.21808409691
9157,1.15988171101
9158,1.179459095
9159,1.08423399925
9160,1.0389765501
9161,1.16182422638
9162,1.15223312378
9163,1.13556849957
9164,1.18511033058
9165,1.09373223782
9166,1.10400986671
9167,1.26395487785
9168,1.13926947117
9169,1.08795726299
9170,1.18075275421
9171,1.21454906464
9172,1.21505403519
9173,1.25273096561
9174,1.10626876354
9175,1.23388338089
9176,1.27103960514
9177,1.09658241272
9178,1.11715877056
9179,1.13001167774
9180,1.11408936977
9181,1.21461939812
9182,1.06746852398
9183,1.03387570381
9184,1.08519613743
9185,1.16794133186
9186,1.23736476898
9187,0.991527974606
9188,1.06433093548
9189,1.23382282257
9190,1.21088635921
9191,1.2309179306
9192,1.08728635311
9193,1.009324193
9194,1.02912855148
9195,1.06054234505
9196,1.10045063496
9197,1.07187128067
9198,1.10900008678
9199,1.14611244202
9200,1.1810362339
9201,1.04692935944
9202,1.09816217422
9203,1.17220711708
9204,1.19424211979
9205,1.16771519184
9206,1.14066374302
9207,1.13481581211
9208,1.12813985348
9209,1.16626155376
9210,1.08928728104
9211,1.12193500996
9212,1.07096910477
9213,1.1893440485
9214,1.11183416843
9215,1.18830859661
9216,1.249532938
9217,1.18096530437
9218,1.1152330637
9219,1.15888142586
9220,1.10497319698
9221,1.20714259148
9222,1.11209607124
9223,1.08454108238
9224,1.17903006077
9225,1.12474226952
9226,1.10500597954
9227,1.12065589428
9228,1.06224632263
9229,1.02949559689
9230,1.06758010387
9231,1.12796366215
9232,1.13375532627
9233,1.15691137314
9234,1.15053868294
9235,1.1598751545
9236,1.11486279964
9237,1.20801985264
9238,1.127622962
9239,1.19253838062
9240,1.13882911205
9241,1.13581991196
9242,1.19085931778
9243,1.07911169529
9244,1.09295463562
9245,1.16306734085
9246,1.19297671318
9247,1.06162500381
9248,1.0844502449
9249,1.06277346611
9250,1.13964271545
9251,1.20715332031
9252,1.08388137817
9253,1.05252051353
9254,1.1524913311
9255,1.18838596344
9256,1.12035298347
9257,1.08891057968
9258,1.04963541031
9259,1.21313989162
9260,1.15736091137
9261,1.15360593796
9262,1.09063529968
9263,1.08689892292
9264,1.01143240929
9265,1.09609520435
9266,1.16306495667
9267,1.17831730843
9268,1.18866491318
9269,1.12810277939
9270,1.13330698013
9271,1.11960077286
9272,1.12460160255
9273,1.11869263649
9274,1.02491140366
9275,1.16677999496
9276,1.14037907124
9277,1.12514185905
9278,1.1783427
9279,1.13013696671
9280,1.04950463772
9281,1.05903184414
9282,1.09979045391
9283,1.08765792847
9284,1.04428017139
9285,1.06770300865
9286,1.07378065586
9287,1.10452735424
9288,1.19239532948
9289,1.20439982414
9290,1.16113603115
9291,1.0609152317
9292,1.1197552681
9293,1.13187229633
9294,1.19309353828
9295,1.09634971619
9296,1.03407001495
9297,1.05254614353
9298,1.10115945339
9299,1.13477098942
9300,1.13739049435
9301,1.12401044369
9302,1.10507321358
9303,1.14689946175
9304,1.02939581871
9305,1.27525353432
9306,1.17364561558
9307,1.15598940849
9308,1.09179568291
9309,1.05171573162
9310,1.10962486267
9311,1.23315751553
9312,1.10009753704
9313,1.16903316975
9314,1.07139623165
9315,1.17936348915
9316,1.11760509014
9317,1.1461879015
9318,1.17733824253
9319,1.14247357845
9320,1.13042867184
9321,1.14016866684
9322,1.08911824226
9323,1.17999053001
9324,1.184212327
9325,1.19287502766
9326,1.13900899887
9327,1.11282908916
9328,1.14369606972
9329,1.1500569582
9330,1.28518986702
9331,1.13818359375
9332,1.13327765465
9333,1.06624519825
9334,1.15075802803
9335,1.12296748161
9336,1.21273708344
9337,1.15539324284
9338,1.13497126102
9339,1.06399524212
9340,1.14994680882
9341,1.06065273285
9342,1.13088226318
9343,1.11574053764
9344,1.19994175434
9345,1.08532595634
9346,1.1162378788
9347,1.09178495407
9348,1.08199059963
9349,1.14858233929
9350,1.06139481068
9351,1.08114612103
9352,1.11182689667
9353,1.0587208271
9354,1.16515243053
9355,1.10260915756
9356,1.14384043217
9357,1.06906270981
9358,1.06633162498
9359,1.1225014925
9360,1.15405678749
9361,1.12098062038
9362,1.19954562187
9363,1.11804246902
9364,1.09504437447
9365,1.26027357578
9366,1.24639999866
9367,1.13971805573
9368,1.04750669003
9369,1.22453296185
9370,1.08783066273
9371,1.14614188671
9372,1.17565274239
9373,1.07809376717
9374,1.13427174091
9375,1.14229857922
9376,1.12815034389
9377,1.09533345699
9378,2.0844681263
9379,1.08314216137
9380,1.18612790108
9381,1.15355026722
9382,1.07114434242
9383,1.1501121521
9384,1.01798856258
9385,1.11334609985
9386,1.12829256058
9387,1.10641813278
9388,1.12551116943
9389,1.05127108097
9390,1.21833598614
9391,1.10806286335
9392,1.04680466652
9393,1.08668208122
9394,1.09630119801
9395,1.16982984543
9396,1.19537627697
9397,1.12225615978
9398,1.05778634548
9399,1.15395700932
9400,1.1121931076
9401,1.1405787468
9402,1.19672036171
9403,1.10512137413
9404,1.19003093243
9405,1.18423092365
9406,1.20189237595
9407,1.1836206913
9408,1.09510183334
9409,1.17606651783
9410,1.15144228935
9411,1.12431263924
9412,1.15248274803
9413,1.11307704449
9414,1.14685356617
9415,1.07030820847
9416,1.21626472473
9417,1.10943460464
9418,1.12282824516
9419,1.16647183895
9420,1.17585706711
9421,1.08650112152
9422,1.11328792572
9423,1.20580387115
9424,1.10043823719
9425,1.06400775909
9426,1.10420155525
9427,1.11978125572
9428,1.04782545567
9429,1.12234437466
9430,1.15331697464
9431,1.12613201141
9432,1.14754986763
9433,1.10828816891
9434,1.20135319233
9435,0.975957036018
9436,1.13625657558
9437,1.10384321213
9438,1.10341715813
9439,1.23326480389
9440,1.07879853249
9441,1.04125845432
9442,1.10120773315
9443,1.1025801897
9444,1.07929623127
9445,1.09301161766
9446,1.17263305187
9447,1.19865071774
9448,1.18223428726
9449,1.11917448044
9450,1.15759289265
9451,1.20268273354
9452,1.15481197834
9453,1.10640275478
9454,1.05919122696
9455,1.26617014408
9456,1.12435698509
9457,1.13501799107
9458,1.15050196648
9459,1.172057271
9460,1.22617697716
9461,1.11637592316
9462,1.15730178356
9463,1.22712087631
9464,1.14594972134
9465,1.1403003931
9466,1.13051187992
9467,1.11887228489
9468,1.08285331726
9469,1.21101510525
9470,1.12687063217
9471,1.12050914764
9472,1.09821605682
9473,1.19186520576
9474,1.08419644833
9475,1.04463768005
9476,1.15179896355
9477,1.22966396809
9478,1.12663567066
9479,1.14114153385
9480,1.11654508114
9481,1.0637563467
9482,1.13089764118
9483,1.11860406399
9484,1.14956307411
9485,1.20398306847
9486,1.13636004925
9487,1.1489931345
9488,1.17593240738
9489,1.07968270779
9490,1.08815467358
9491,1.05313766003
9492,1.16602945328
9493,1.12423253059
9494,1.09143519402
9495,1.206579566
9496,1.04175567627
9497,1.02590107918
9498,1.04201769829
9499,1.23828649521
9500,1.02706468105
9501,1.03794085979
9502,1.06082725525
9503,1.13159787655
9504,1.07100856304
9505,1.08513176441
9506,1.18908941746
9507,1.21460807323
9508,1.22248971462
9509,1.1782810688
9510,1.24986767769
9511,1.13465082645
9512,1.04643249512
9513,1.1818767786
9514,1.19693124294
9515,1.01085186005
9516,1.12718045712
9517,1.03034543991
9518,1.08898186684
9519,1.10533356667
9520,1.15147173405
9521,1.13542342186
9522,1.15980541706
9523,1.13689947128
9524,1.16920220852
9525,1.12028777599
9526,1.13286149502
9527,1.05947852135
9528,1.13941824436
9529,1.18468594551
9530,1.13517856598
9531,1.21819186211
9532,1.16119015217
9533,1.1376324892
9534,1.15686917305
9535,1.07127761841
9536,1.14473235607
9537,1.16207885742
9538,1.15669393539
9539,1.03066253662
9540,1.0684543848
9541,1.21148371696
9542,1.10173618793
9543,1.07429373264
9544,1.04254221916
9545,1.08342599869
9546,1.12309730053
9547,1.20321917534
9548,1.03915143013
9549,1.06020081043
9550,1.04482769966
9551,1.17649769783
9552,1.25085175037
9553,1.07597601414
9554,1.1114615202
9555,1.16710054874
9556,1.25513768196
9557,1.1408059597
9558,1.128682971
9559,1.11209893227
9560,1.17260694504
9561,1.11518263817
9562,1.140822649
9563,1.0325987339
9564,1.08063101768
9565,1.19701218605
9566,1.09850883484
9567,1.16921782494
9568,1.28082585335
9569,1.13716006279
9570,1.1707662344
9571,1.04988896847
9572,1.1520844698
9573,1.13958132267
9574,1.15151798725
9575,1.08612108231
9576,1.160556674
9577,0.974572062492
9578,1.05872738361
9579,1.13621890545
9580,1.06875872612
9581,1.19121384621
9582,1.11157739162
9583,1.10417199135
9584,1.14385259151
9585,1.15013968945
9586,1.18690812588
9587,1.18066549301
9588,1.07486641407
9589,1.07175374031
9590,1.10818362236
9591,1.19126522541
9592,1.04094946384
9593,1.14168488979
9594,1.13207817078
9595,1.21064090729
9596,1.13766217232
9597,1.1306334734
9598,1.06424069405
9599,1.15826773643
9600,1.16201901436
9601,1.1064633131
9602,1.09365963936
9603,1.15509057045
9604,1.06098616123
9605,1.14606118202
9606,1.06844580173
9607,1.22902750969
9608,1.27670657635
9609,1.17055821419
9610,1.11093997955
9611,1.18208777905
9612,1.05328881741
9613,1.14351975918
9614,1.09158039093
9615,1.11870980263
9616,1.11979389191
9617,1.20844864845
9618,1.17648744583
9619,1.13693249226
9620,1.23460221291
9621,1.18638277054
9622,1.13249754906
9623,1.14757275581
9624,1.18853414059
9625,1.05722427368
9626,1.16528117657
9627,1.18427169323
9628,1.17416036129
9629,1.04531466961
9630,1.10859644413
9631,1.14960753918
9632,1.18134307861
9633,1.19007003307
9634,1.17838656902
9635,1.13935160637
9636,1.08122956753
9637,1.01903188229
9638,1.18804252148
9639,1.17554736137
9640,1.05613422394
9641,1.1071447134
9642,1.06823551655
9643,1.22527372837
9644,1.10244905949
9645,1.17121839523
9646,1.07906365395
9647,1.11813247204
9648,1.08434951305
9649,1.22327792645
9650,1.07406270504
9651,1.11231005192
9652,1.01376736164
9653,1.0836814642
9654,1.10479009151
9655,1.02968943119
9656,1.12469875813
9657,1.2060533762
9658,1.09490442276
9659,1.11249399185
9660,1.18319702148
9661,1.10754907131
9662,1.18003165722
9663,1.11815094948
9664,1.03853404522
9665,1.12923765182
9666,1.09786713123
9667,1.08179402351
9668,1.14125216007
9669,1.16177225113
9670,1.18220770359
9671,1.16149163246
9672,1.00772726536
9673,1.13913619518
9674,1.0462884903
9675,1.17941117287
9676,1.18447828293
9677,1.13471961021
9678,1.11548101902
9679,1.24903035164
9680,1.28608083725
9681,1.04500293732
9682,1.13932967186
9683,1.23298716545
9684,1.07058727741
9685,1.09741413593
9686,1.18846428394
9687,1.04068624973
9688,1.05465996265
9689,1.13497543335
9690,1.20506083965
9691,1.13288021088
9692,1.18084931374
9693,1.24685704708
9694,1.09140110016
9695,1.07428467274
9696,1.2301710844
9697,1.15716397762
9698,1.21857118607
9699,1.17618870735
9700,1.1728426218
9701,1.08372879028
9702,1.18277561665
9703,1.17494738102
9704,1.05556225777
9705,1.06265854836
9706,1.0371338129
9707,1.14329040051
9708,1.13334059715
9709,1.14810371399
9710,1.11896324158
9711,1.08857655525
9712,1.25365972519
9713,1.11661207676
9714,1.1030369997
9715,1.07596492767
9716,1.19581007957
9717,1.11901974678
9718,1.11774599552
9719,1.08066380024
9720,1.09074544907
9721,1.09609830379
9722,1.16296970844
9723,1.08359217644
9724,1.15995526314
9725,1.12265646458
9726,1.09370982647
9727,1.17885708809
9728,1.07100450993
9729,1.21901869774
9730,1.26326239109
9731,1.10532033443
9732,1.19193184376
9733,1.11315572262
9734,1.08906877041
9735,1.11267280579
9736,1.1292706728
9737,1.13539767265
9738,1.08290565014
9739,1.07900524139
9740,1.15607213974
9741,1.11094665527
9742,1.08395838737
9743,1.08105528355
9744,1.13544309139
9745,1.1626418829
9746,1.13033401966
9747,1.2099802494
9748,1.13593220711
9749,1.14329075813
9750,1.14610588551
9751,1.13468873501
9752,1.0563737154
9753,1.1204277277
9754,1.05212175846
9755,1.11790823936
9756,1.05410850048
9757,1.1670384407
9758,1.25227272511
9759,1.09362208843
9760,1.03636205196
9761,1.08653628826
9762,1.13310575485
9763,1.10665941238
9764,1.04253339767
9765,1.1211233139
9766,1.14436113834
9767,1.03099668026
9768,1.14684975147
9769,1.19916450977
9770,1.05583620071
9771,1.10371422768
9772,1.15476369858
9773,1.15537202358
9774,1.14643025398
9775,1.22965168953
9776,1.09023976326
9777,1.08486568928
9778,1.15247023106
9779,1.04668772221
9780,1.00850176811
9781,1.09618210793
9782,1.05281305313
9783,1.17279362679
9784,1.14670050144
9785,1.23513567448
9786,1.13659620285
9787,1.15731060505
9788,1.14794957638
9789,1.21438121796
9790,1.20587205887
9791,1.12558495998
9792,1.16347718239
9793,1.15748095512
9794,1.15349364281
9795,1.13430535793
9796,1.05391514301
9797,1.09490907192
9798,1.16232895851
9799,1.15100073814
9800,1.0609152317
9801,1.1619976759
9802,1.1642332077
9803,1.05760228634
9804,1.06714701653
9805,1.13251507282
9806,1.12367630005
9807,1.0648753643
9808,1.14323377609
9809,1.13126170635
9810,1.11638736725
9811,1.20673882961
9812,1.16330981255
9813,1.1397908926
9814,1.11542284489
9815,1.07759010792
9816,1.16656088829
9817,1.107421875
9818,1.24417257309
9819,1.37404108047
9820,1.12670588493
9821,1.13897633553
9822,1.21719348431
9823,1.07526504993
9824,1.15026676655
9825,1.0752774477
9826,1.14600884914
9827,1.07748043537
9828,1.11379981041
9829,1.10533702374
9830,1.08198308945
9831,1.12548458576
9832,1.10492706299
9833,1.14967918396
9834,1.03983068466
9835,1.19734156132
9836,1.03675496578
9837,1.21333050728
9838,1.1492420435
9839,1.18683516979
9840,1.06710875034
9841,1.12924909592
9842,1.07258987427
9843,1.10856950283
9844,1.1919273138
9845,1.19912981987
9846,1.16629040241
9847,1.10975599289
9848,1.1902987957
9849,1.16879785061
9850,1.1814095974
9851,1.17460536957
9852,1.14322149754
9853,1.19097006321
9854,1.10409939289
9855,1.12789821625
9856,1.10243451595
9857,1.09981489182
9858,1.13288605213
9859,1.14084625244
9860,1.18764519691
9861,1.20699238777
9862,1.0996286869
9863,1.07011914253
9864,1.25145757198
9865,1.17298734188
9866,1.215315938
9867,1.07491254807
9868,1.12190711498
9869,1.08095884323
9870,1.05828881264
9871,1.23460543156
9872,1.07458162308
9873,1.09471988678
9874,1.07216560841
9875,1.07517361641
9876,1.13208532333
9877,1.07913291454
9878,1.12276601791
9879,1.19512832165
9880,1.09261441231
9881,1.21247506142
9882,0.955739676952
9883,1.10675942898
9884,1.10607290268
9885,1.13669848442
9886,1.02859318256
9887,1.11984217167
9888,1.13587141037
9889,1.25677871704
9890,1.08619654179
9891,1.08701789379
9892,1.08803462982
9893,1.07585799694
9894,1.11001777649
9895,1.19160485268
9896,1.09777462482
9897,1.09112787247
9898,1.15384602547
9899,1.07019841671
9900,1.11584055424
9901,1.08591103554
9902,1.08171510696
9903,1.23093247414
9904,1.08180129528
9905,1.13288402557
9906,1.12680029869
9907,1.27171576023
9908,1.10849571228
9909,1.12579238415
9910,1.20198667049
9911,1.05597829819
9912,1.07325005531
9913,1.04700398445
9914,1.15759694576
9915,1.08590352535
9916,1.17077279091
9917,1.13221251965
9918,1.15488505363
9919,1.08009135723
9920,1.08314156532
9921,1.07352244854
9922,1.1813621521
9923,1.121052742
9924,1.12953174114
9925,1.13447463512
9926,1.09892213345
9927,1.14236104488
9928,1.10126447678
9929,1.13247716427
9930,1.01601445675
9931,1.14847576618
9932,1.10864794254
9933,1.15927755833
9934,1.19686090946
9935,1.04918205738
9936,1.06491613388
9937,1.11116445065
9938,1.10846483707
9939,1.02098274231
9940,1.06399726868
9941,1.07788789272
9942,1.084405303
9943,1.11083114147
9944,1.10219788551
9945,1.19654130936
9946,1.3173879385
9947,1.11075675488
9948,1.11335456371
9949,1.09157454967
9950,1.22994613647
9951,1.07221293449
9952,1.17123842239
9953,1.11439025402
9954,1.17928087711
9955,1.1459389925
9956,1.13732540607
9957,1.22681593895
9958,1.22403645515
9959,1.11187553406
9960,1.07944667339
9961,1.13039922714
9962,1.14916932583
9963,1.10758876801
9964,1.16770243645
9965,1.09603583813
9966,1.22310650349
9967,1.1315612793
9968,1.17158412933
9969,1.1492857933
9970,1.12871670723
9971,1.2235045433
9972,1.10889732838
9973,1.11792373657
9974,1.10819578171
9975,1.07749819756
9976,1.13508963585
9977,1.10802125931
9978,1.07643508911
9979,1.10175466537
9980,1.17338263988
9981,1.07665026188
9982,1.06033837795
9983,1.1056021452
9984,1.2388573885
9985,1.12079250813
9986,1.08651995659
9987,1.12782049179
9988,1.08146309853
9989,1.19225883484
9990,1.17098677158
9991,1.23478353024
9992,1.06182694435
9993,1.00400388241
9994,1.0995746851
9995,1.12132370472
9996,1.14106297493
9997,1.1768682003
9998,1.16929757595
9999,1.16595327854
10000,1.06386303902
10001,1.18495047092
10002,1.1458876133
10003,1.13753473759
10004,1.23782205582
10005,1.12984788418
10006,1.1150996685
10007,1.12891221046
10008,1.06860411167
10009,1.1611739397
10010,1.06841385365
10011,1.14611911774
10012,1.10972690582
10013,1.10353636742
10014,1.13116014004
10015,1.11445569992
10016,1.11537134647
10017,1.12881469727
10018,1.13985741138
10019,1.26896131039
10020,1.06795752048
10021,1.13127243519
10022,1.20107233524
10023,1.11958777905
10024,1.07524061203
10025,1.07167112827
10026,1.07396817207
10027,1.11302530766
10028,1.13162863255
10029,1.09358263016
10030,1.11987233162
10031,1.11541473866
10032,1.15343606472
10033,1.14406049252
10034,1.1099063158
10035,1.12937927246
10036,1.01341581345
10037,1.16935813427
10038,1.2078037262
10039,1.15457868576
10040,1.02761089802
10041,1.19402480125
10042,1.20754277706
10043,1.11219394207
10044,1.18534910679
10045,1.17356467247
10046,1.12252736092
10047,1.00511240959
10048,1.11610770226
10049,1.17661750317
10050,1.13095319271
10051,1.13457787037
10052,1.14548933506
10053,1.07419312
10054,1.17479455471
10055,1.05575287342
10056,1.17668330669
10057,1.16742229462
10058,1.15701472759
10059,1.09934186935
10060,1.09221458435
10061,1.18737185001
10062,1.18360865116
10063,1.05658233166
10064,1.07380437851
10065,1.1021541357
10066,1.13347434998
10067,1.16516804695
10068,1.05790400505
10069,0.952585816383
10070,1.08070373535
10071,1.03167283535
10072,1.01262938976
10073,1.06616616249
10074,1.05198323727
10075,1.11913061142
10076,1.17832279205
10077,1.28162574768
10078,1.29456710815
10079,1.1815611124
10080,1.1820833683
10081,1.17169415951
10082,1.11990809441
10083,1.16412425041
10084,1.20252966881
10085,1.15375137329
10086,1.14114630222
10087,1.14220881462
10088,1.14380300045
10089,1.13798737526
10090,1.12912142277
10091,1.14207029343
10092,1.06866383553
10093,1.17910277843
10094,1.11633527279
10095,1.16950011253
10096,1.10273146629
10097,1.05039656162
10098,1.10976421833
10099,1.05052947998
10100,1.07994794846
10101,1.07864558697
10102,1.1592233181
10103,1.15511572361
10104,1.12467432022
10105,1.09179747105
10106,1.09446835518
10107,1.12514805794
10108,1.1834641695
10109,1.12916398048
10110,1.10960280895
10111,1.07032072544
10112,1.06850123405
10113,1.12284612656
10114,1.09741711617
10115,1.12560606003
10116,1.08796358109
10117,1.08104360104
10118,1.18982899189
10119,1.08724915981
10120,1.2352887392
10121,1.09299898148
10122,1.1667304039
10123,1.0737426281
10124,1.17670297623
10125,1.14478254318
10126,1.07959449291
10127,1.07299554348
10128,1.14340722561
10129,1.14716947079
10130,1.13063287735
10131,1.01455688477
10132,1.05114650726
10133,1.13861465454
10134,1.12635624409
10135,1.1384139061
10136,1.18491148949
10137,1.08788454533
10138,1.05486285686
10139,1.14769804478
10140,1.14334022999
10141,1.09754383564
10142,1.09114551544
10143,1.06576383114
10144,1.15065896511
10145,1.05463266373
10146,1.07178997993
10147,1.10549366474
10148,1.11887288094
10149,1.0450398922
10150,1.1121121645
10151,1.14889335632
10152,1.10810697079
10153,1.06217992306
10154,1.10267353058
10155,1.03120398521
10156,1.2958548069
10157,1.09562122822
10158,1.15349829197
10159,1.12372636795
10160,1.03376400471
10161,1.00993084908
10162,1.08988809586
10163,1.12986826897
10164,1.25341594219
10165,1.06375861168
10166,1.07153356075
10167,1.17040109634
10168,1.20637524128
10169,1.16613924503
10170,1.08445465565
10171,1.12701714039
10172,1.1018910408
10173,1.11533546448
10174,1.0998108387
10175,1.09820568562
10176,1.09601020813
10177,1.16444170475
10178,1.22174465656
10179,1.13442599773
10180,1.10050594807
10181,1.17776286602
10182,1.12028193474
10183,1.13420820236
10184,1.14555823803
10185,1.07358622551
10186,1.04335308075
10187,1.10630774498
10188,1.10897374153
10189,1.16539573669
10190,1.22058653831
10191,1.19335770607
10192,1.14684343338
10193,1.06681680679
10194,1.12527835369
10195,1.13760101795
10196,1.1759313345
10197,1.11466491222
10198,1.08987534046
10199,1.13001298904
10200,1.31313562393
10201,1.24000680447
10202,1.11323487759
10203,1.12149548531
10204,1.10317766666
10205,1.09310817719
10206,1.2310334444
10207,1.18457663059
10208,1.1464830637
10209,1.1019487381
10210,1.01590704918
10211,1.16143620014
10212,1.19257164001
10213,1.20995402336
10214,1.16484475136
10215,1.09444522858
10216,1.09195613861
10217,1.11252474785
10218,1.15465378761
10219,1.16946458817
10220,1.05679512024
10221,1.15805268288
10222,1.02157926559
10223,1.22952914238
10224,1.09600138664
10225,1.11244571209
10226,1.15106809139
10227,1.05669915676
10228,1.21416521072
10229,1.09256291389
10230,1.0731883049
10231,1.23358941078
10232,1.10875785351
10233,1.06197679043
10234,1.16223752499
10235,1.26285886765
10236,1.17536401749
10237,1.0834877491
10238,1.11747503281
10239,1.14604902267
10240,1.26709377766
10241,1.18298113346
10242,1.15106487274
10243,1.07788836956
10244,1.16161811352
10245,1.1244134903
10246,1.06854522228
10247,1.1160132885
10248,1.0601965189
10249,1.02409160137
10250,1.10352551937
10251,1.13172507286
10252,1.15322518349
10253,1.15841937065
10254,0.989205241203
10255,1.17455792427
10256,1.1620606184
10257,1.07871592045
10258,1.06809747219
10259,1.11074149609
10260,1.13000154495
10261,1.23002290726
10262,1.14948642254
10263,1.10207772255
10264,1.12777781487
10265,1.143481493
10266,1.08908557892
10267,1.18222439289
10268,1.11918759346
10269,1.13618242741
10270,1.25047111511
10271,1.14299726486
10272,1.04282259941
10273,1.09572517872
10274,1.07131242752
10275,1.04782152176
10276,1.09469556808
10277,1.21023273468
10278,1.1672025919
10279,1.09196639061
10280,1.08900010586
10281,1.11072659492
10282,1.15752649307
10283,1.11891233921
10284,1.23239159584
10285,1.11440837383
10286,1.09211969376
10287,1.11766159534
10288,1.16044080257
10289,1.10891795158
10290,1.11070203781
10291,1.19867670536
10292,1.09434020519
10293,1.10972237587
10294,1.0175549984
10295,1.08912074566
10296,1.08980333805
10297,1.16720151901
10298,1.04629230499
10299,1.05031979084
10300,1.11876380444
10301,1.09519684315
10302,1.1271481514
10303,1.05168068409
10304,1.13283228874
10305,1.17932832241
10306,1.04192340374
10307,1.03901731968
10308,1.07444500923
10309,1.14062964916
10310,1.15696704388
10311,1.25331628323
10312,1.21119022369
10313,1.14214658737
10314,1.18785250187
10315,1.09955346584
10316,1.17037796974
10317,1.06869626045
10318,1.12725579739
10319,1.16940116882
10320,1.18735063076
10321,1.09981143475
10322,1.15676510334
10323,1.13323712349
10324,1.14525234699
10325,1.06342542171
10326,1.04723501205
10327,1.09581828117
10328,1.1035438776
10329,1.10601353645
10330,1.18250644207
10331,1.26971685886
10332,1.1871035099
10333,1.14762854576
10334,1.18548679352
10335,1.08949744701
10336,1.09881806374
10337,1.12259924412
10338,1.09865343571
10339,1.13960313797
10340,1.04861402512
10341,1.0354834795
10342,1.12000417709
10343,1.2184060812
10344,1.13275790215
10345,1.24273920059
10346,1.13062560558
10347,1.10745370388
10348,1.10562574863
10349,1.23987567425
10350,1.16599178314
10351,1.05834674835
10352,1.05298471451
10353,1.16380810738
10354,1.25381159782
10355,1.14986944199
10356,1.18184733391
10357,1.20920360088
10358,1.17625057697
10359,1.16671228409
10360,1.06683456898
10361,1.23158705235
10362,1.1699795723
10363,1.16375792027
10364,1.11333370209
10365,1.18761539459
10366,1.12901759148
10367,1.1423137188
10368,1.2957804203
10369,1.1532138586
10370,1.18191432953
10371,1.06692576408
10372,1.14788901806
10373,1.19292545319
10374,1.13956403732
10375,1.09470939636
10376,1.23937189579
10377,1.12650346756
10378,1.06090426445
10379,1.1552990675
10380,1.12158322334
10381,1.14493954182
10382,1.17796623707
10383,1.14959084988
10384,1.08081948757
10385,1.05912899971
10386,1.15480828285
10387,1.07670819759
10388,1.11042177677
10389,1.1062848568
10390,1.11643016338
10391,1.12656247616
10392,1.008456707
10393,1.09942042828
10394,1.1115885973
10395,1.05912792683
10396,1.0914400816
10397,1.1771466732
10398,1.09256291389
10399,1.05817675591
10400,1.09846460819
10401,1.13874900341
10402,1.14710283279
10403,1.1304268837
10404,1.07844305038
10405,1.02422273159
10406,1.11212432384
10407,1.13537442684
10408,1.13397777081
10409,1.14734363556
10410,1.1791189909
10411,1.12520062923
10412,1.05175220966
10413,1.06400215626
10414,1.05701589584
10415,1.12950527668
10416,1.20125102997
10417,1.15495336056
10418,1.09440159798
10419,1.16896128654
10420,1.16758155823
10421,1.22575926781
10422,1.13281595707
10423,1.0731112957
10424,1.05801928043
10425,1.10563540459
10426,1.16318953037
10427,1.09550237656
10428,1.24227547646
10429,1.1637595892
10430,1.14294469357
10431,1.06988286972
10432,1.11631059647
10433,1.20110273361
10434,1.21559536457
10435,1.12713003159
10436,1.11193108559
10437,1.13785970211
10438,1.09452414513
10439,1.11507964134
10440,1.10505199432
10441,1.04582512379
10442,1.21977543831
10443,1.07809782028
10444,1.20662462711
10445,1.1583635807
10446,1.07579565048
10447,1.12337315083
10448,1.05898964405
10449,1.15896499157
10450,1.12133908272
10451,1.07784438133
10452,1.10272991657
10453,1.091365695
10454,1.15439903736
10455,1.10316407681
10456,1.06381976604
10457,1.10369086266
10458,1.17098557949
10459,1.19442427158
10460,1.15035891533
10461,1.09458303452
10462,1.12484967709
10463,1.08541619778
10464,1.11734831333
10465,1.03247976303
10466,1.1110612154
10467,1.07368457317
10468,1.27457296848
10469,1.14922606945
10470,1.19177210331
10471,1.07134521008
10472,1.11597335339
10473,1.19645047188
10474,1.22716665268
10475,1.12839496136
10476,1.14997673035
10477,1.10918188095
10478,1.14975976944
10479,1.08542811871
10480,1.08662295341
10481,1.20203340054
10482,1.1446596384
10483,1.18139755726
10484,1.29853141308
10485,1.21147930622
10486,1.12935864925
10487,1.14155638218
10488,1.0875749588
10489,1.12814891338
10490,1.13851511478
10491,1.25263500214
10492,1.13698303699
10493,1.15568423271
10494,1.11170041561
10495,1.11682593822
10496,1.17988944054
10497,1.20085084438
10498,1.27944982052
10499,1.16752040386
10500,1.11026966572
10501,1.14389336109
10502,1.0795955658
10503,1.21890068054
10504,1.14069747925
10505,1.11323451996
10506,1.12100756168
10507,1.1773775816
10508,1.19708490372
10509,1.15142011642
10510,1.1145465374
10511,1.19687497616
10512,1.12922918797
10513,1.14492166042
10514,1.15223908424
10515,1.03014993668
10516,1.05461204052
10517,1.14888715744
10518,1.10515081882
10519,1.14284455776
10520,1.1235781908
10521,1.11760890484
10522,1.19006919861
10523,1.12938857079
10524,1.19242274761
10525,1.14852702618
10526,1.13502275944
10527,1.13883054256
10528,1.09853625298
10529,1.069185853
10530,1.11027705669
10531,1.14371621609
10532,1.09192049503
10533,1.21863353252
10534,1.12807476521
10535,1.24469816685
10536,1.20748996735
10537,1.08993530273
10538,1.17435383797
10539,1.10917747021
10540,1.08781075478
10541,1.11034548283
10542,1.2005289793
10543,1.10003852844
10544,1.07606744766
10545,1.09422850609
10546,1.12642502785
10547,1.22600877285
10548,1.1306322813
10549,1.06944298744
10550,1.08819413185
10551,1.0829731226
10552,1.13536465168
10553,1.17365705967
10554,1.16582620144
10555,1.14090847969
10556,1.11594355106
10557,1.12719380856
10558,1.13900780678
10559,1.10274350643
10560,1.07925510406
10561,1.15966641903
10562,1.09683120251
10563,1.13904130459
10564,1.10434234142
10565,1.12919867039
10566,1.20244133472
10567,1.01450276375
10568,1.15065944195
10569,1.08801174164
10570,1.13014352322
10571,1.04157686234
10572,1.07393205166
10573,1.06384336948
10574,1.16662049294
10575,1.25180494785
10576,1.21872627735
10577,1.02509784698
10578,1.11007535458
10579,1.13590347767
10580,1.08514940739
10581,1.18458724022
10582,1.16929352283
10583,1.10325396061
10584,1.20721387863
10585,1.19017231464
10586,1.16783583164
10587,1.08946764469
10588,1.14769291878
10589,1.15216517448
10590,1.19866371155
10591,1.21316599846
10592,1.05164062977
10593,1.10080850124
10594,1.12069356441
10595,1.102201581
10596,1.1250576973
10597,1.14743494987
10598,1.07839071751
10599,1.09428071976
10600,1.14871716499
10601,1.14222502708
10602,1.24601387978
10603,1.14222240448
10604,1.12222802639
10605,1.02771520615
10606,1.06517219543
10607,1.12279129028
10608,1.07641482353
10609,1.16272485256
10610,1.01451385021
10611,1.16427946091
10612,1.02987515926
10613,1.08287417889
10614,1.09026908875
10615,1.05793631077
10616,1.17280340195
10617,1.06607604027
10618,1.20711958408
10619,1.14904749393
10620,1.12212121487
10621,1.22292041779
10622,1.14874863625
10623,1.17251706123
10624,1.11232638359
10625,1.13205826283
10626,1.17119419575
10627,1.24762141705
10628,1.11894214153
10629,1.07056581974
10630,1.09622550011
10631,1.12609803677
10632,1.07330489159
10633,1.17174232006
10634,1.19527351856
10635,1.07318544388
10636,1.07861065865
10637,1.0053794384
10638,1.06637012959
10639,1.23306643963
10640,1.11273801327
10641,1.03978383541
10642,1.09295868874
10643,0.986597955227
10644,1.08400964737
10645,1.11525774002
10646,1.15324437618
10647,1.07694268227
10648,1.06659650803
10649,1.17159664631
10650,1.17536664009
10651,1.00570416451
10652,1.05862998962
10653,1.10223078728
10654,1.12664282322
10655,1.14207851887
10656,1.13624870777
10657,1.11512720585
10658,1.2309435606
10659,1.05759644508
10660,1.06991457939
10661,1.36844325066
10662,1.20778512955
10663,1.11820757389
10664,1.2029556036
10665,1.16411519051
10666,1.20989346504
10667,1.21948385239
10668,1.09861016273
10669,1.18342387676
10670,1.06011462212
10671,1.1086088419
10672,1.11773216724
10673,1.16527533531
10674,1.17333137989
10675,1.14209496975
10676,0.991373002529
10677,1.11537694931
10678,1.14291870594
10679,1.19006752968
10680,1.0259090662
10681,1.1264475584
10682,1.08742666245
10683,1.15886998177
10684,1.12161540985
10685,1.13830840588
10686,1.18836009502
10687,1.26846551895
10688,1.31438100338
10689,1.10038673878
10690,1.15391862392
10691,1.19025993347
10692,1.0440839529
10693,1.07650351524
10694,1.10185992718
10695,1.08386301994
10696,1.09058511257
10697,1.06861329079
10698,1.19560849667
10699,1.09767818451
10700,1.07999706268
10701,1.19597029686
10702,1.30952274799
10703,1.17348885536
10704,1.13636517525
10705,1.10737133026
10706,1.17352712154
10707,1.11152589321
10708,1.09767603874
10709,1.09382236004
10710,1.17828702927
10711,1.1619656086
10712,1.11278569698
10713,1.07725667953
10714,1.12310063839
10715,1.01845300198
10716,1.0687841177
10717,1.07880628109
10718,1.0531257391
10719,1.06693816185
10720,1.11938214302
10721,1.14522016048
10722,1.14609181881
10723,1.02956938744
10724,1.14174294472
10725,1.11096441746
10726,1.0372736454
10727,1.13607227802
10728,1.02822232246
10729,1.13823676109
10730,1.09064590931
10731,1.19603288174
10732,1.16684484482
10733,1.08651745319
10734,1.17949068546
10735,1.11099267006
10736,1.13609588146
10737,1.06636476517
10738,1.08661568165
10739,1.12391221523
10740,1.13471567631
10741,1.11642861366
10742,1.21402347088
10743,1.20935130119
10744,1.15145289898
10745,1.1359834671
10746,1.0862724781
10747,1.14115273952
10748,1.14233446121
10749,1.10787260532
10750,1.17587292194
10751,1.21634578705
10752,1.15430641174
10753,1.11625683308
10754,1.08545422554
10755,1.13014650345
10756,1.13183486462
10757,1.09099566936
10758,1.23238587379
10759,1.24182379246
10760,1.18405413628
10761,1.06584119797
10762,1.09352314472
10763,1.10592901707
10764,1.23142039776
10765,1.093090415
10766,1.03863120079
10767,1.05647039413
10768,1.08490467072
10769,1.04334580898
10770,1.23124527931
10771,1.27454268932
10772,1.08893060684
10773,1.11478209496
10774,1.14923918247
10775,1.05099904537
10776,1.12112545967
10777,1.17675340176
10778,1.2177079916
10779,1.09292411804
10780,1.1379404068
10781,1.13807570934
10782,1.17404985428
10783,1.18795382977
10784,1.24047482014
10785,1.10954546928
10786,1.07732534409
10787,1.16158032417
10788,1.09376311302
10789,1.07639825344
10790,1.19803416729
10791,1.18892335892
10792,1.06911301613
10793,1.05661225319
10794,1.11244499683
10795,1.11812102795
10796,1.0777349472
10797,1.10074162483
10798,1.1825094223
10799,1.03509521484
10800,1.14711952209
10801,1.16508114338
10802,1.17458605766
10803,1.12590169907
10804,1.14523553848
10805,1.15123796463
10806,1.16109669209
10807,1.12668311596
10808,1.1465857029
10809,1.11031067371
10810,1.0421667099
10811,1.14787244797
10812,1.15439832211
10813,1.18898105621
10814,1.21400523186
10815,1.11371517181
10816,1.12049520016
10817,1.19445264339
10818,1.0635663271
10819,1.21082305908
10820,1.17708516121
10821,1.18063271046
10822,1.16739881039
10823,1.09906458855
10824,1.0885540247
10825,1.2541821003
10826,1.09627211094
10827,1.08450984955
10828,1.14983570576
10829,1.18016421795
10830,1.14331197739
10831,1.10007500648
10832,1.1709523201
10833,1.07012295723
10834,1.177115798
10835,1.14703643322
10836,1.12987589836
10837,1.11899065971
10838,1.11252558231
10839,1.15512490273
10840,1.10817205906
10841,1.20702767372
10842,1.12991380692
10843,1.12401509285
10844,1.11549007893
10845,1.07930183411
10846,1.1707726717
10847,1.27306735516
10848,1.15243399143
10849,1.18744719028
10850,1.18625712395
10851,1.10021483898
10852,1.04510903358
10853,1.16165697575
10854,1.11918103695
10855,1.0777990818
10856,1.15824592113
10857,1.15913546085
10858,1.14883410931
10859,1.09253370762
10860,1.0849865675
10861,1.15885066986
10862,1.11972236633
10863,1.08437943459
10864,1.16696488857
10865,1.13516402245
10866,1.15645778179
10867,1.16482293606
10868,1.24703800678
10869,1.17361617088
10870,1.14340913296
10871,1.08103728294
10872,1.11461722851
10873,1.08671188354
10874,1.13600695133
10875,1.17369735241
10876,1.08960521221
10877,1.08694815636
10878,1.06116771698
10879,1.14137077332
10880,1.10409832001
10881,1.10884559155
10882,1.18615806103
10883,1.15925526619
10884,1.0639333725
10885,1.24794781208
10886,1.13917207718
10887,1.06845021248
10888,1.09390389919
10889,1.15058636665
10890,1.15646708012
10891,1.08517241478
10892,1.16231191158
10893,1.14202213287
10894,1.16638529301
10895,1.12084567547
10896,1.10357105732
10897,1.2438467741
10898,1.28646659851
10899,1.22185301781
10900,1.1454180479
10901,1.14553487301
10902,1.17462360859
10903,1.32134211063
10904,1.19522047043
10905,1.07654428482
10906,1.13346397877
10907,1.07756495476
10908,1.13270914555
10909,1.13360273838
10910,1.225949049
10911,1.06054282188
10912,1.1404800415
10913,1.09042346478
10914,1.11615049839
10915,1.02248811722
10916,1.09830856323
10917,1.163236022
10918,1.20550763607
10919,1.22945773602
10920,1.16087806225
10921,1.2305996418
10922,1.15116977692
10923,1.04891955853
10924,1.13280045986
10925,1.14042079449
10926,1.03091084957
10927,1.06142246723
10928,1.07519340515
10929,1.11979651451
10930,1.14466714859
10931,1.20738852024
10932,1.22639429569
10933,1.1084703207
10934,1.14049518108
10935,1.09465587139
10936,1.23641824722
10937,1.21935331821
10938,1.14850795269
10939,1.11878311634
10940,1.16172814369
10941,1.95244169235
10942,1.1506165266
10943,1.15218091011
10944,1.1298276186
10945,1.14535427094
10946,1.04426002502
10947,1.1051158905
10948,1.1251244545
10949,1.04945123196
10950,1.13809418678
10951,1.25466883183
10952,1.11497747898
10953,1.17076838017
10954,1.12875330448
10955,1.12161147594
10956,1.06294262409
10957,1.09078228474
10958,1.15485596657
10959,1.13289368153
10960,1.18421185017
10961,1.08713424206
10962,1.15114271641
10963,1.10978031158
10964,1.0786229372
10965,1.15163683891
10966,1.10704112053
10967,1.16327166557
10968,1.04369676113
10969,1.11049711704
10970,1.05179083347
10971,1.11989808083
10972,1.11063277721
10973,1.16060435772
10974,1.23260676861
10975,1.06926548481
10976,1.15515339375
10977,1.14784264565
10978,1.17293179035
10979,1.15062105656
10980,1.15875172615
10981,1.17471337318
10982,1.1335413456
10983,1.2049421072
10984,1.18617093563
10985,1.12837219238
10986,1.14177668095
10987,1.14342975616
10988,1.39194738865
10989,1.06920194626
10990,1.13455295563
10991,1.06898653507
10992,1.13013720512
10993,1.1085511446
10994,1.1023042202
10995,1.18443632126
10996,1.08062803745
10997,1.14730882645
10998,1.17697358131
10999,1.1314111948
11000,1.09495413303
11001,1.15320515633
11002,1.19599640369
11003,1.08343994617
11004,1.2124222517
11005,1.12981700897
11006,1.18197536469
11007,1.1383998394
11008,1.07128036022
11009,1.16520822048
11010,1.1756875515
11011,1.15095436573
11012,1.12374198437
11013,1.11342716217
11014,1.11708688736
11015,1.11026334763
11016,1.13053011894
11017,1.0171995163
11018,1.19196951389
11019,1.26836252213
11020,1.26219284534
11021,1.07195520401
11022,1.09495353699
11023,1.17586052418
11024,1.16600251198
11025,1.14469873905
11026,1.07001340389
11027,1.09220147133
11028,1.11300587654
11029,1.12262272835
11030,1.28118622303
11031,1.27314543724
11032,1.15079545975
11033,1.20250749588
11034,1.17222034931
11035,1.21627557278
11036,1.16818630695
11037,1.17688906193
11038,1.08729946613
11039,1.23261725903
11040,1.07920002937
11041,1.15440094471
11042,1.11657977104
11043,1.24681043625
11044,1.13596856594
11045,1.1187376976
11046,1.08119976521
11047,1.0774037838
11048,1.06484246254
11049,1.050309062
11050,1.1806845665
11051,1.06758105755
11052,1.10913288593
11053,1.23679172993
11054,1.1277821064
11055,1.19966411591
11056,1.22316324711
11057,1.1354316473
11058,1.13955521584
11059,1.15298342705
11060,1.13079118729
11061,1.14391446114
11062,1.10190927982
11063,1.11952292919
11064,1.19963085651
11065,1.07534241676
11066,1.1874986887
11067,1.09227049351
11068,1.05097389221
11069,1.11817932129
11070,1.18575739861
11071,1.13528001308
11072,1.03867220879
11073,1.2184882164
11074,1.0811817646
11075,1.13992774487
11076,1.20583617687
11077,1.12584674358
11078,1.13372004032
11079,1.13159930706
11080,1.16441404819
11081,1.09837388992
11082,1.19107651711
11083,1.17365300655
11084,1.12005567551
11085,1.2285143137
11086,1.07429468632
11087,1.08543467522
11088,1.15840256214
11089,1.08413827419
11090,1.0520465374
11091,1.23199474812
11092,1.22297906876
11093,1.15194034576
11094,1.08721601963
11095,1.17480254173
11096,1.07142317295
11097,1.08178424835
11098,1.11524617672
11099,1.1516520977
11100,1.14310669899
11101,1.12830507755
11102,1.1083612442
11103,1.07147979736
11104,1.16107273102
11105,1.17610764503
11106,1.1676940918
11107,1.08859407902
11108,1.13081407547
11109,1.05454790592
11110,1.09871482849
11111,1.07137799263
11112,1.1379455328
11113,1.07593846321
11114,1.13352787495
11115,1.16652941704
11116,1.14780032635
11117,1.13684117794
11118,1.09790420532
11119,1.09844887257
11120,1.1885945797
11121,1.09333884716
11122,1.13396859169
11123,1.19739675522
11124,1.19680011272
11125,1.19717466831
11126,1.15438210964
11127,1.10808241367
11128,1.20286631584
11129,1.15479683876
11130,1.17311453819
11131,1.25671195984
11132,1.11894774437
11133,1.10512650013
11134,1.28033864498
11135,1.13880801201
11136,1.12268304825
11137,1.32839632034
11138,1.20681238174
11139,1.11313068867
11140,1.12679386139
11141,1.11081397533
11142,1.17234992981
11143,1.09298598766
11144,1.09462690353
11145,1.13579750061
11146,1.14829194546
11147,1.11178267002
11148,1.17909038067
11149,1.23282206059
11150,1.15084064007
11151,1.09794712067
11152,1.08419001102
11153,1.01313483715
11154,1.17575335503
11155,1.0412466526
11156,1.02612817287
11157,1.09647929668
11158,1.24272406101
11159,1.11694216728
11160,1.18034934998
11161,1.12074446678
11162,1.11656343937
11163,1.07367968559
11164,1.07122468948
11165,1.0613297224
11166,1.10520243645
11167,1.18682575226
11168,1.09422051907
11169,1.03546202183
11170,1.10146951675
11171,1.11891341209
11172,1.23547542095
11173,1.03590941429
11174,1.14616858959
11175,1.20963788033
11176,1.11966872215
11177,1.20909273624
11178,1.14043974876
11179,1.1990956068
11180,1.08372569084
11181,1.12218403816
11182,1.09139049053
11183,1.14385020733
11184,1.17030966282
11185,1.13015174866
11186,1.21771550179
11187,1.07847166061
11188,1.18587136269
11189,1.16881835461
11190,1.09239244461
11191,1.03329575062
11192,1.13003206253
11193,1.09660732746
11194,1.1272393465
11195,1.17120301723
11196,1.15875661373
11197,1.1837772131
11198,1.08788263798
11199,1.15894627571
11200,1.2272554636
11201,1.120013237
11202,1.15936136246
11203,1.19450354576
11204,1.1881070137
11205,1.07496392727
11206,1.14730644226
11207,1.1029406786
11208,1.13500785828
11209,1.14858305454
11210,1.15341246128
11211,1.16491246223
11212,1.2065012455
11213,1.07582950592
11214,1.14294886589
11215,1.15751421452
11216,1.1322054863
11217,1.11997377872
11218,1.1689658165
11219,1.17144274712
11220,1.12600970268
11221,1.1009863615
11222,1.24947535992
11223,1.09567046165
11224,1.03363990784
11225,1.20050358772
11226,1.11763572693
11227,1.14175724983
11228,1.13678205013
11229,1.13816034794
11230,1.11451160908
11231,1.22378444672
11232,1.0940464735
11233,1.10228741169
11234,1.1713643074
11235,1.14525187016
11236,1.18982803822
11237,1.20594787598
11238,1.11184537411
11239,1.11786139011
11240,1.1380751133
11241,1.09376001358
11242,1.15259337425
11243,1.20517003536
11244,1.2234903574
11245,1.21050548553
11246,1.11303269863
11247,1.17864048481
11248,1.17541539669
11249,1.28810405731
11250,1.18757593632
11251,1.08520913124
11252,1.20122456551
11253,1.17617762089
11254,1.12116408348
11255,1.09496641159
11256,1.14842319489
11257,1.21764039993
11258,1.23559641838
11259,1.2021343708
11260,1.10010135174
11261,1.11749494076
11262,1.1467410326
11263,1.11863613129
11264,1.24030017853
11265,1.18902075291
11266,1.11757206917
11267,1.09131884575
11268,1.16611886024
11269,1.08124804497
11270,1.16034913063
11271,1.22901773453
11272,1.04902148247
11273,1.19111466408
11274,1.12870883942
11275,1.15038144588
11276,1.15162181854
11277,1.0840754509
11278,1.04760074615
11279,1.1750780344
11280,1.15746545792
11281,1.13525104523
11282,1.09388232231
11283,1.12861943245
11284,1.11794698238
11285,1.09591174126
11286,1.14101350307
11287,1.09952199459
11288,1.1255491972
11289,1.15437543392
11290,1.22743499279
11291,1.07684922218
11292,1.12973570824
11293,1.0795173645
11294,1.17055761814
11295,1.18883955479
11296,1.16187489033
11297,1.13605451584
11298,1.2486846447
11299,1.05128347874
11300,1.28343844414
11301,1.23196029663
11302,1.15686321259
11303,1.15039074421
11304,1.20098340511
11305,1.03614974022
11306,1.10077011585
11307,1.13284265995
11308,1.04499912262
11309,1.13337671757
11310,1.04732716084
11311,1.10501801968
11312,1.1047744751
11313,1.12939739227
11314,1.10491263866
11315,1.18229365349
11316,1.16249072552
11317,1.1808283329
11318,1.18557035923
11319,1.18471312523
11320,1.13262856007
11321,1.20168995857
11322,1.13475763798
11323,1.14376199245
11324,1.08392000198
11325,1.13432490826
11326,1.19028604031
11327,1.05201125145
11328,1.23592102528
11329,1.20699310303
11330,1.18694877625
11331,1.1669639349
11332,1.04561078548
11333,1.22421944141
11334,1.01951789856
11335,1.06251084805
11336,1.05153644085
11337,1.05462908745
11338,1.22678911686
11339,1.26263129711
11340,1.20301949978
11341,1.30083107948
11342,1.1476521492
11343,1.12482762337
11344,1.16994845867
11345,1.13845348358
11346,1.15910184383
11347,1.1667457819
11348,1.18636620045
11349,1.14556467533
11350,1.14787566662
11351,1.17679750919
11352,1.171423316
11353,1.09250354767
11354,1.12675797939
11355,1.07527637482
11356,1.03981363773
11357,1.14507722855
11358,1.11168956757
11359,1.14356887341
11360,1.14769399166
11361,1.03530800343
11362,1.03784656525
11363,1.09394824505
11364,1.17581069469
11365,1.16648030281
11366,1.141923666
11367,1.14427661896
11368,1.15164887905
11369,1.1035759449
11370,1.19352948666
11371,1.10925209522
11372,1.119617939
11373,1.17458331585
11374,1.08187329769
11375,1.14956319332
11376,1.11849236488
11377,1.17214655876
11378,1.17941784859
11379,1.08683753014
11380,1.08510255814
11381,1.14613223076
11382,1.10176551342
11383,1.13749086857
11384,1.28624010086
11385,1.21414792538
11386,1.05891978741
11387,1.14303040504
11388,1.14281535149
11389,1.11276078224
11390,1.2172242403
11391,1.1497528553
11392,1.13577961922
11393,1.06965065002
11394,1.11542975903
11395,1.07726883888
11396,1.13280034065
11397,1.11731612682
11398,1.06805038452
11399,1.10637938976
11400,1.08696186543
11401,1.26084220409
11402,1.06637072563
11403,1.10621035099
11404,1.05437755585
11405,1.21401500702
11406,1.07742476463
11407,1.07762467861
11408,1.21159148216
11409,1.12488150597
11410,1.09039199352
11411,1.07957041264
11412,1.08313715458
11413,1.07486581802
11414,1.12787437439
11415,1.11822712421
11416,1.08035624027
11417,1.17209708691
11418,1.18917798996
11419,1.15645325184
11420,1.09509694576
11421,1.10144686699
11422,1.05111670494
11423,1.12908613682
11424,1.05190587044
11425,1.07277488708
11426,1.08114326
11427,1.10705733299
11428,1.13864040375
11429,1.12294661999
11430,1.09871888161
11431,1.0806902647
11432,1.11557531357
11433,1.08903348446
11434,1.2950283289
11435,1.15393567085
11436,1.102678895
11437,1.10059130192
11438,1.10631251335
11439,1.18759894371
11440,1.1077504158
11441,1.1241645813
11442,1.16902279854
11443,1.14805173874
11444,1.21975386143
11445,1.09784841537
11446,1.21736502647
11447,1.09176266193
11448,1.18799078465
11449,1.16511285305
11450,1.24232554436
11451,1.20709383488
11452,1.18751776218
11453,1.1429040432
11454,1.12848436832
11455,1.16868281364
11456,1.28245997429
11457,1.13206100464
11458,1.21288561821
11459,1.11370301247
11460,1.11524319649
11461,1.19719982147
11462,1.29382169247
11463,1.08438134193
11464,1.07770812511
11465,1.18492162228
11466,1.03702270985
11467,1.0963010788
11468,1.19021439552
11469,1.18644094467
11470,1.19618284702
11471,1.05272948742
11472,1.11486721039
11473,1.11292004585
11474,1.15641772747
11475,1.19709980488
11476,1.15307152271
11477,1.10380113125
11478,1.09898126125
11479,1.12427306175
11480,1.1811003685
11481,1.24308264256
11482,1.21356785297
11483,1.16406047344
11484,1.10285317898
11485,1.14292883873
11486,1.21628546715
11487,1.12348496914
11488,1.17868280411
11489,1.21843421459
11490,1.10243344307
11491,1.13087391853
11492,1.20244956017
11493,1.1669536829
11494,1.15546441078
11495,1.13326728344
11496,1.08224952221
11497,1.05577707291
11498,1.15998363495
11499,1.12635588646
11500,1.1172324419
11501,1.11071097851
11502,1.09763371944
11503,1.11375176907
11504,1.12379837036
11505,1.12507843971
11506,1.10254526138
11507,1.19283950329
11508,1.21485328674
11509,1.12306964397
11510,1.08587288857
11511,1.16383481026
11512,1.07823216915
11513,1.1720957756
11514,1.15945136547
11515,1.05997490883
11516,1.12365198135
11517,1.18763422966
11518,1.1211438179
11519,1.21498847008
11520,1.12823903561
11521,1.21571826935
11522,1.16109621525
11523,1.20389699936
11524,1.13197100163
11525,1.00525474548
11526,1.08302819729
11527,1.18313646317
11528,1.23978710175
11529,1.17475116253
11530,1.17317605019
11531,1.14990437031
11532,1.15194964409
11533,1.1223590374
11534,1.17853081226
11535,1.04682552814
11536,1.16959273815
11537,1.15990364552
11538,1.1013674736
11539,1.08395814896
11540,1.14729583263
11541,1.23232471943
11542,1.20233631134
11543,1.12769842148
11544,1.13558888435
11545,1.12418234348
11546,1.13992142677
11547,1.1208409071
11548,1.12280189991
11549,1.14185941219
11550,1.1509540081
11551,1.0325152874
11552,1.1679186821
11553,1.1060321331
11554,1.11773407459
11555,1.21396172047
11556,1.14277112484
11557,1.02501213551
11558,1.17101562023
11559,1.07598114014
11560,1.1930000782
11561,1.09219038486
11562,1.09518897533
11563,1.06709206104
11564,1.16256904602
11565,1.15348112583
11566,1.098559618
11567,1.10549557209
11568,1.11964333057
11569,1.12002182007
11570,1.12919890881
11571,1.08655941486
11572,1.10849797726
11573,1.12418842316
11574,1.09959626198
11575,1.18971943855
11576,1.0803873539
11577,1.12127792835
11578,1.2349126339
11579,1.11694097519
11580,1.21039831638
11581,1.05887925625
11582,1.16016995907
11583,1.14488363266
11584,1.1670140028
11585,1.10001528263
11586,1.1717441082
11587,1.17073631287
11588,1.22479510307
11589,1.12893843651
11590,1.03933930397
11591,1.09471642971
11592,1.1365185976
11593,1.114341259
11594,1.20351314545
11595,1.12041890621
11596,1.09599232674
11597,1.11916923523
11598,1.12155508995
11599,1.0986020565
11600,1.15362286568
11601,1.11216652393
11602,1.13448607922
11603,1.04045927525
11604,1.17613244057
11605,1.12311065197
11606,1.10368418694
11607,1.09352469444
11608,1.12136280537
11609,1.12538540363
11610,1.11705088615
11611,1.17552137375
11612,1.18509089947
11613,1.15788972378
11614,1.08575987816
11615,1.18041086197
11616,1.05749905109
11617,1.16926825047
11618,1.07772612572
11619,1.13827586174
11620,1.1780654192
11621,1.1784517765
11622,1.17170238495
11623,1.15662145615
11624,1.10058665276
11625,1.17836368084
11626,1.10162425041
11627,1.10453593731
11628,1.17056691647
11629,1.10450696945
11630,1.1835463047
11631,1.11970627308
11632,1.08011674881
11633,1.13824856281
11634,1.17696416378
11635,1.04779589176
11636,1.0775963068
11637,1.12549889088
11638,1.05200827122
11639,1.21319937706
11640,1.22650325298
11641,1.172129035
11642,1.1677325964
11643,1.17369508743
11644,1.19743537903
11645,1.09873914719
11646,1.11914145947
11647,1.1114474535
11648,1.12112259865
11649,1.11290073395
11650,1.18016111851
11651,1.18293404579
11652,1.10735213757
11653,1.17673385143
11654,1.08653724194
11655,1.05769002438
11656,1.16211891174
11657,1.104211092
11658,1.18430137634
11659,1.03825092316
11660,1.12036108971
11661,1.17484986782
11662,1.06151854992
11663,1.19417881966
11664,1.10776698589
11665,1.22601521015
11666,1.15421748161
11667,1.18598592281
11668,1.24351906776
11669,1.28780031204
11670,1.12412750721
11671,1.09857463837
11672,1.08559679985
11673,1.12622094154
11674,1.03316569328
11675,1.16105306149
11676,1.06465792656
11677,1.1553914547
11678,1.23208355904
11679,1.05697071552
11680,1.18082356453
11681,1.14201676846
11682,1.12491214275
11683,1.15655982494
11684,1.11620140076
11685,1.1654394865
11686,1.20576238632
11687,1.18920981884
11688,1.15528047085
11689,1.12793171406
11690,1.12829303741
11691,1.10912656784
11692,1.12334394455
11693,1.0253316164
11694,1.17140543461
11695,1.21064996719
11696,1.09448981285
11697,1.15412986279
11698,1.19379854202
11699,1.14607298374
11700,1.18941795826
11701,1.08564484119
11702,1.08051979542
11703,1.22990131378
11704,1.22739636898
11705,1.14975774288
11706,1.19189119339
11707,1.07665133476
11708,1.18047165871
11709,1.18390285969
11710,1.12097096443
11711,1.27485239506
11712,1.23908901215
11713,1.14346432686
11714,1.28895032406
11715,1.2490183115
11716,1.2492544651
11717,1.1918605566
11718,1.11740481853
11719,1.16782927513
11720,1.19654977322
11721,1.20016920567
11722,1.24285054207
11723,1.15396130085
11724,1.09814155102
11725,1.00416409969
11726,1.1839287281
11727,1.10914075375
11728,1.17768895626
11729,1.10723006725
11730,1.15864574909
11731,1.17083179951
11732,1.07765424252
11733,1.09911549091
11734,1.01766598225
11735,1.13409936428
11736,1.18218243122
11737,1.17878067493
11738,1.17306375504
11739,1.17736208439
11740,1.06912279129
11741,1.16525113583
11742,1.2227833271
11743,1.14869868755
11744,1.1092672348
11745,1.2065513134
11746,1.14275419712
11747,1.16214370728
11748,1.13941657543
11749,1.15022647381
11750,1.07114863396
11751,1.14886415005
11752,1.17129278183
11753,1.11698007584
11754,1.06678283215
11755,1.15371501446
11756,1.12338042259
11757,0.983167409897
11758,1.10045385361
11759,1.08872890472
11760,1.09174251556
11761,1.14952838421
11762,1.04841816425
11763,1.15431106091
11764,1.07839894295
11765,1.22274792194
11766,1.17213094234
11767,1.18089258671
11768,1.13228464127
11769,1.18407464027
11770,1.27992379665
11771,1.21781742573
11772,1.24603927135
11773,1.21965718269
11774,1.11219334602
11775,1.12020635605
11776,1.16209280491
11777,1.10695564747
11778,1.22078490257
11779,1.16166841984
11780,1.17785835266
11781,1.0952064991
11782,1.09444737434
11783,1.18601214886
11784,1.20676541328
11785,1.11056518555
11786,1.38915467262
11787,1.18987512589
11788,1.05341112614
11789,1.12674295902
11790,1.13802289963
11791,1.17585253716
11792,1.14812457561
11793,1.16927945614
11794,1.16709315777
11795,1.06958568096
11796,1.10676586628
11797,1.24701607227
11798,1.12859988213
11799,1.12254881859
11800,1.13659453392
11801,1.19160103798
11802,1.19639885426
11803,1.13451325893
11804,1.13624215126
11805,1.17265081406
11806,1.13199722767
11807,1.12741088867
11808,1.16810846329
11809,1.06709492207
11810,1.25291216373
11811,1.12932765484
11812,1.16756427288
11813,1.22066533566
11814,1.16521680355
11815,1.15445411205
11816,1.16669178009
11817,1.13365411758
11818,1.14337825775
11819,1.05864942074
11820,1.22745919228
11821,1.10389125347
11822,1.19270777702
11823,1.25944721699
11824,1.10234951973
11825,1.09676074982
11826,1.12910580635
11827,1.00712990761
11828,1.07824027538
11829,1.10637164116
11830,1.17346310616
11831,1.06558001041
11832,1.14343845844
11833,1.2108631134
11834,1.06163394451
11835,1.10953271389
11836,1.185328722
11837,1.23649024963
11838,1.18885278702
11839,1.1453653574
11840,1.12689375877
11841,1.14975059032
11842,1.19842016697
11843,1.2156431675
11844,1.08678591251
11845,1.12864875793
11846,1.28965675831
11847,1.22199249268
11848,1.16897058487
11849,1.15682458878
11850,1.22549295425
11851,1.22236347198
11852,1.21481060982
11853,1.2427175045
11854,1.10669267178
11855,1.11549961567
11856,1.14671647549
11857,1.1520639658
11858,1.18807995319
11859,1.1510386467
11860,1.17742967606
11861,1.25261855125
11862,1.0973752737
11863,1.10983598232
11864,1.10527396202
11865,1.06876051426
11866,1.11954855919
11867,1.23315644264
11868,1.1698949337
11869,1.11520433426
11870,1.0767313242
11871,1.10151076317
11872,1.22372829914
11873,1.18890666962
11874,1.09735822678
11875,1.0967618227
11876,1.09685587883
11877,1.14111614227
11878,1.1424665451
11879,1.09544181824
11880,1.19815552235
11881,1.07133769989
11882,1.22267472744
11883,1.13250696659
11884,1.08650720119
11885,1.05819988251
11886,1.14699649811
11887,1.17036831379
11888,1.12342047691
11889,1.26958811283
11890,1.31703484058
11891,1.19676733017
11892,1.10727143288
11893,1.18551528454
11894,1.02648675442
11895,1.12398934364
11896,1.10032403469
11897,1.1844367981
11898,1.13267326355
11899,1.08819484711
11900,1.18520927429
11901,1.19360041618
11902,1.1627882719
11903,1.18722403049
11904,1.10904717445
11905,1.17660057545
11906,1.08375418186
11907,1.03677630424
11908,1.21342408657
11909,1.07075071335
11910,1.05926084518
11911,1.20069372654
11912,1.16233956814
11913,1.15458810329
11914,1.15613567829
11915,1.1455835104
11916,1.21436786652
11917,1.17228317261
11918,1.10264790058
11919,1.18002319336
11920,1.19160985947
11921,1.14276278019
11922,1.14688515663
11923,1.22693109512
11924,1.10187995434
11925,1.15559828281
11926,1.06983006001
11927,1.15290606022
11928,1.18050575256
11929,1.12490415573
11930,1.14779889584
11931,1.16860818863
11932,1.07879912853
11933,1.29925906658
11934,1.25169324875
11935,1.07573270798
11936,1.12400090694
11937,1.10114598274
11938,1.10038506985
11939,1.1105363369
11940,1.11565756798
11941,1.13649618626
11942,1.06482291222
11943,1.09233748913
11944,1.17896306515
11945,1.17888438702
11946,1.12788939476
11947,1.09805607796
11948,1.09978866577
11949,1.13386523724
11950,1.09012639523
11951,1.19416260719
11952,1.12243163586
11953,1.07928621769
11954,1.18897986412
11955,1.27656912804
11956,1.14076435566
11957,1.18050229549
11958,1.17331469059
11959,1.08239805698
11960,1.11182141304
11961,1.16378211975
11962,1.13533627987
11963,1.16473186016
11964,1.24529051781
11965,1.07056808472
11966,1.13904523849
11967,1.17566359043
11968,1.23352146149
11969,1.15855455399
11970,1.11564481258
11971,1.04799771309
11972,1.06457436085
11973,1.33087301254
11974,1.23584723473
11975,1.10503447056
11976,1.13821613789
11977,1.10357117653
11978,1.16997480392
11979,1.12119317055
11980,1.08273804188
11981,1.07994019985
11982,1.18480849266
11983,1.25298750401
11984,1.15327751637
11985,1.09690177441
11986,1.18757236004
11987,1.15053522587
11988,1.12340593338
11989,1.17425215244
11990,1.18305027485
11991,1.10858500004
11992,1.16709244251
11993,1.02648222446
11994,1.16921925545
11995,1.09197771549
11996,1.19106733799
11997,1.13525176048
11998,1.14642035961
11999,1.20875835419
12000,1.19447636604
12001,1.08164989948
12002,1.20864379406
12003,1.25315880775
12004,1.18096029758
12005,1.18951618671
12006,1.18434083462
12007,1.23745000362
12008,1.17902171612
12009,1.17047095299
12010,1.10107350349
12011,1.21137368679
12012,1.09677827358
12013,1.07662940025
12014,1.18795466423
12015,1.18604624271
12016,1.19536602497
12017,1.12805485725
12018,1.12481117249
12019,1.11645388603
12020,1.12537276745
12021,1.17075324059
12022,1.07356989384
12023,1.21238577366
12024,1.12492287159
12025,1.16239011288
12026,1.20042908192
12027,1.20032167435
12028,1.08942806721
12029,1.18831264973
12030,1.12405097485
12031,1.15783429146
12032,1.14721345901
12033,1.15730881691
12034,1.24317264557
12035,1.04060721397
12036,1.18084025383
12037,1.19360303879
12038,1.21298825741
12039,1.25107121468
12040,1.19548523426
12041,1.12222623825
12042,1.17985761166
12043,1.19374907017
12044,1.09058201313
12045,1.12930870056
12046,1.20756721497
12047,1.11415660381
12048,1.08869171143
12049,1.18058359623
12050,1.11617326736
12051,1.15565180779
12052,1.16700959206
12053,1.16688859463
12054,1.17775392532
12055,1.17973303795
12056,1.18496847153
12057,1.12901937962
12058,1.15741193295
12059,1.18122255802
12060,1.19709980488
12061,1.17257273197
12062,1.18732595444
12063,1.13498961926
12064,1.12282526493
12065,1.18086385727
12066,1.14890301228
12067,1.24906599522
12068,1.12384748459
12069,1.20831847191
12070,1.03218734264
12071,1.11932075024
12072,1.18823480606
12073,1.07926380634
12074,1.18544960022
12075,1.22915554047
12076,1.08946061134
12077,1.12818574905
12078,1.08151590824
12079,1.19760680199
12080,1.12259614468
12081,1.10499644279
12082,1.14994013309
12083,1.06266582012
12084,1.24836325645
12085,1.09891140461
12086,1.23638284206
12087,1.16685783863
12088,1.25220811367
12089,1.14761030674
12090,1.06182551384
12091,1.15890049934
12092,1.19712197781
12093,1.18588483334
12094,1.18686485291
12095,1.07803952694
12096,1.12625801563
12097,1.14166760445
12098,1.15853762627
12099,1.16335964203
12100,1.12282550335
12101,1.18462586403
12102,1.12016272545
12103,1.09788525105
12104,1.12626206875
12105,1.19766080379
12106,1.16878151894
12107,1.07230508327
12108,1.02197885513
12109,1.09416687489
12110,1.22027862072
12111,1.15464580059
12112,1.17585611343
12113,1.21872222424
12114,1.0678614378
12115,1.23744833469
12116,1.09184718132
12117,1.05720949173
12118,1.10729694366
12119,1.25190424919
12120,1.16861331463
12121,1.21320307255
12122,1.1223282814
12123,1.10894477367
12124,1.22199487686
12125,1.15254747868
12126,1.15458202362
12127,1.086358428
12128,1.05863213539
12129,1.03967344761
12130,1.09040105343
12131,1.21142840385
12132,1.14437115192
12133,1.16729569435
12134,1.16115045547
12135,1.09349298477
12136,1.16565513611
12137,1.2268269062
12138,1.0697838068
12139,1.1413782835
12140,1.06869423389
12141,1.19693481922
12142,1.17189633846
12143,1.15577244759
12144,1.148001194
12145,1.12555527687
12146,1.09472239017
12147,1.13783335686
12148,1.22303581238
12149,1.21817958355
12150,1.18127739429
12151,1.14549744129
12152,1.10137939453
12153,1.15360414982
12154,1.12187635899
12155,1.1252938509
12156,1.13669681549
12157,1.05486428738
12158,1.09162473679
12159,1.15072798729
12160,1.16206622124
12161,1.12589240074
12162,1.16160166264
12163,1.13908922672
12164,1.16586863995
12165,1.11361336708
12166,1.10898554325
12167,1.04751420021
12168,1.21742665768
12169,1.12898898125
12170,1.18876564503
12171,1.15060067177
12172,1.15615212917
12173,1.24462604523
12174,1.17395842075
12175,1.18537771702
12176,1.18948173523
12177,1.0469853878
12178,1.10342943668
12179,1.16039454937
12180,1.17222201824
12181,1.25317001343
12182,1.09657979012
12183,1.1353456974
12184,1.29505300522
12185,1.05008780956
12186,1.1601293087
12187,1.13239550591
12188,1.18664586544
12189,1.14484024048
12190,1.13702344894
12191,1.20644426346
12192,1.08425438404
12193,1.19254004955
12194,1.14871954918
12195,1.16850483418
12196,1.10696125031
12197,1.10467588902
12198,1.16614842415
12199,1.19422471523
12200,1.15415370464
12201,1.14184725285
12202,1.1083920002
12203,1.11819124222
12204,1.16090810299
12205,1.20913100243
12206,1.15869009495
12207,1.18757510185
12208,1.17487168312
12209,1.07901501656
12210,1.16792750359
12211,1.17581439018
12212,1.07749688625
12213,1.09133923054
12214,1.09919214249
12215,1.19796836376
12216,1.16184163094
12217,1.20394444466
12218,1.21718680859
12219,1.09690451622
12220,1.08619308472
12221,1.1237641573
12222,1.12833929062
12223,1.16932570934
12224,1.08666706085
12225,1.09215271473
12226,1.06295096874
12227,1.06448853016
12228,1.18174469471
12229,1.24625694752
12230,1.2462515831
12231,1.22080385685
12232,1.10636103153
12233,1.16919863224
12234,1.12921774387
12235,1.15517294407
12236,1.23633086681
12237,1.23699128628
12238,1.16101920605
12239,1.15428864956
12240,1.11717760563
12241,1.14656615257
12242,1.13968253136
12243,1.13415122032
12244,1.14099681377
12245,1.20215308666
12246,1.21296536922
12247,1.20083749294
12248,1.1704018116
12249,1.09096205235
12250,1.1852824688
12251,1.18168735504
12252,1.13086032867
12253,1.19495904446
12254,1.11160004139
12255,1.11013615131
12256,1.22819590569
12257,1.08445954323
12258,1.01851201057
12259,1.17546677589
12260,1.19592106342
12261,1.15864157677
12262,1.2054643631
12263,1.20804417133
12264,1.06855928898
12265,1.10372209549
12266,1.22417104244
12267,1.29088842869
12268,1.19963729382
12269,1.23206484318
12270,1.21373796463
12271,1.15659248829
12272,1.08289551735
12273,1.08958280087
12274,1.21067082882
12275,1.14649474621
12276,1.10314929485
12277,1.22353422642
12278,1.1552079916
12279,1.22807562351
12280,1.18476235867
12281,1.11429977417
12282,1.17171478271
12283,1.10849285126
12284,1.17016613483
12285,1.08192658424
12286,1.11200523376
12287,1.15258693695
12288,1.08056604862
12289,1.14384388924
12290,1.18837189674
12291,1.0399261713
12292,1.19027066231
12293,1.20480883121
12294,1.06876826286
12295,1.15694534779
12296,1.01985132694
12297,1.22259938717
12298,1.13662648201
12299,0.986541152
12300,1.10293114185
12301,1.10186290741
12302,1.13862383366
12303,1.1007835865
12304,1.18210864067
12305,1.13302719593
12306,1.15038859844
12307,1.13770473003
12308,1.19438564777
12309,1.19651222229
12310,1.08742344379
12311,1.10172343254
12312,1.09710431099
12313,1.19065093994
12314,1.19697773457
12315,1.20393919945
12316,1.1484388113
12317,1.13942575455
12318,1.16680502892
12319,1.06023001671
12320,1.17142546177
12321,1.19751298428
12322,1.12064623833
12323,1.14384877682
12324,1.1638520956
12325,1.13934159279
12326,1.17748439312
12327,1.13012897968
12328,1.10683953762
12329,1.12141644955
12330,1.09753143787
12331,1.21331620216
12332,1.13551568985
12333,1.16094887257
12334,1.13477742672
12335,1.1280798912
12336,1.13923430443
12337,1.20859444141
12338,1.17741239071
12339,1.17093098164
12340,1.12183713913
12341,1.23248672485
12342,1.22361552715
12343,1.19486296177
12344,1.17198038101
12345,1.16355133057
12346,1.16363656521
12347,1.26278209686
12348,1.14041495323
12349,1.26800215244
12350,1.21879029274
12351,1.11006188393
12352,1.17036056519
12353,1.0889647007
12354,1.13828229904
12355,1.14338362217
12356,1.1892002821
12357,1.08804798126
12358,1.10126829147
12359,1.16499900818
12360,1.12214457989
12361,1.05144226551
12362,1.1451086998
12363,1.13954758644
12364,1.16581213474
12365,1.21380198002
12366,1.12652158737
12367,1.1186311245
12368,1.16492271423
12369,1.21276056767
12370,1.18621981144
12371,1.12278163433
12372,1.08839201927
12373,1.15712141991
12374,1.12933421135
12375,1.12967514992
12376,1.15473043919
12377,1.16894006729
12378,1.18178296089
12379,1.19589948654
12380,1.04664254189
12381,1.1708304882
12382,1.20887029171
12383,1.25552093983
12384,1.15787923336
12385,1.10174322128
12386,1.14996182919
12387,1.14480221272
12388,1.10499989986
12389,1.15109777451
12390,1.21223759651
12391,1.19309580326
12392,1.35858416557
12393,1.14038193226
12394,1.19265305996
12395,1.14673936367
12396,1.10372829437
12397,1.24068927765
12398,1.18576991558
12399,1.24735891819
12400,1.15510189533
12401,1.13778448105
12402,1.15348172188
12403,1.1725127697
12404,1.12662088871
12405,1.16587126255
12406,1.11163341999
12407,1.08452892303
12408,1.16310286522
12409,1.11795032024
12410,1.22896194458
12411,1.09885418415
12412,1.17423498631
12413,1.13437068462
12414,1.10409784317
12415,1.13897848129
12416,1.18116748333
12417,1.13846862316
12418,1.15862584114
12419,1.17338657379
12420,1.12668120861
12421,1.11842346191
12422,1.23656570911
12423,1.26040291786
12424,1.08321940899
12425,1.11694383621
12426,1.14876759052
12427,1.05847787857
12428,1.13515603542
12429,1.07952272892
12430,1.19188892841
12431,1.17393863201
12432,1.27247607708
12433,1.14903223515
12434,1.1723742485
12435,1.18058335781
12436,1.14655065536
12437,1.10093641281
12438,1.14162874222
12439,1.15982055664
12440,1.13787078857
12441,1.16606330872
12442,1.20049405098
12443,1.14302480221
12444,1.11942827702
12445,1.0703997612
12446,1.11671757698
12447,1.13262951374
12448,1.06506752968
12449,1.26318979263
12450,1.17267906666
12451,1.1020963192
12452,1.0969543457
12453,1.19648873806
12454,1.14938628674
12455,1.22961843014
12456,1.21051585674
12457,1.19830918312
12458,1.08135223389
12459,1.10848248005
12460,1.19937503338
12461,1.18537402153
12462,1.15969979763
12463,1.16715323925
12464,1.20506441593
12465,1.18559277058
12466,1.17449510098
12467,1.07881140709
12468,1.28922653198
12469,1.07616448402
12470,1.04576766491
12471,1.14160239697
12472,1.18798995018
12473,1.06043028831
12474,1.1546381712
12475,1.25760495663
12476,1.08765733242
12477,1.14227628708
12478,1.20113313198
12479,1.13262605667
12480,1.18455946445
12481,1.11822891235
12482,1.08232784271
12483,1.13335049152
12484,1.18807053566
12485,1.22153377533
12486,1.12276315689
12487,1.149746418
12488,1.12485718727
12489,1.13202869892
12490,1.08222985268
12491,1.11052572727
12492,1.09922683239
12493,1.16184520721
12494,1.17504811287
12495,1.12405860424
12496,1.13720405102
12497,1.12813222408
12498,1.11620855331
12499,1.14239478111
12500,1.17130434513
12501,1.16953885555
12502,1.14598810673
12503,1.11421191692
12504,2.2083067894
12505,1.23784959316
12506,1.24316489697
12507,1.16971719265
12508,1.14318609238
12509,1.24664986134
12510,1.18595373631
12511,1.21296572685
12512,1.09353983402
12513,1.16487753391
12514,1.09789514542
12515,1.11066508293
12516,1.10621237755
12517,1.15384542942
12518,1.17633962631
12519,1.08341932297
12520,1.07531416416
12521,1.14328491688
12522,1.10089862347
12523,1.1427590847
12524,1.06752109528
12525,1.19122302532
12526,1.04669594765
12527,1.26072657108
12528,1.19719588757
12529,1.12125432491
12530,1.12053155899
12531,1.14531052113
12532,1.13583707809
12533,1.23400366306
12534,1.14105832577
12535,1.07180559635
12536,1.21968328953
12537,1.15725815296
12538,1.16290688515
12539,1.14612424374
12540,1.07976329327
12541,1.09819018841
12542,1.16442418098
12543,1.1590051651
12544,1.09364390373
12545,1.16783773899
12546,1.16437447071
12547,1.15975117683
12548,1.18243360519
12549,1.17637789249
12550,1.17392504215
12551,1.10737729073
12552,1.17628395557
12553,1.07796823978
12554,1.09033966064
12555,1.17037689686
12556,1.15433311462
12557,1.19581866264
12558,1.14024507999
12559,1.11567139626
12560,1.19352424145
12561,1.20624351501
12562,1.15896105766
12563,1.23417592049
12564,1.11933517456
12565,1.22376084328
12566,1.19953155518
12567,1.11457812786
12568,1.18594121933
12569,1.13205051422
12570,1.09660291672
12571,1.12396907806
12572,1.09003019333
12573,1.14892137051
12574,1.0618083477
12575,1.17206633091
12576,1.08363950253
12577,1.1307913065
12578,1.19536066055
12579,1.20083200932
12580,1.19466078281
12581,1.16466414928
12582,1.04688763618
12583,1.14017009735
12584,1.18737637997
12585,1.11085307598
12586,1.28322124481
12587,1.15975987911
12588,1.05174851418
12589,1.09283673763
12590,1.2048882246
12591,1.20258617401
12592,1.15910410881
12593,1.15658223629
12594,1.09106230736
12595,1.10708427429
12596,1.14151000977
12597,1.16425287724
12598,1.10346865654
12599,1.11405062675
12600,1.2443562746
12601,1.2773860693
12602,1.12035560608
12603,1.14884459972
12604,1.230068326
12605,1.18949615955
12606,1.08758080006
12607,1.1846600771
12608,1.16919946671
12609,1.09670579433
12610,1.12928795815
12611,1.12517213821
12612,1.16991519928
12613,1.12162184715
12614,1.0569460392
12615,1.05573141575
12616,1.13348650932
12617,1.13360893726
12618,1.13848721981
12619,1.1121417284
12620,1.19908833504
12621,1.11972916126
12622,1.1997115612
12623,1.17939567566
12624,1.16457414627
12625,1.20289075375
12626,1.15749454498
12627,1.05687832832
12628,1.22932219505
12629,1.17750620842
12630,1.07061231136
12631,1.03338062763
12632,1.09492897987
12633,1.11821293831
12634,1.07197451591
12635,1.18645846844
12636,1.14577400684
12637,1.1779974699
12638,1.15304994583
12639,1.16525638103
12640,1.27642977238
12641,1.15770447254
12642,1.21442091465
12643,1.17709815502
12644,1.14602971077
12645,1.24296569824
12646,1.03275454044
12647,1.14688467979
12648,1.07880544662
12649,1.21354544163
12650,1.15032041073
12651,1.060079813
12652,1.1009169817
12653,1.1545727253
12654,1.15868353844
12655,1.04616630077
12656,1.33239364624
12657,1.08891510963
12658,1.15867745876
12659,1.23772525787
12660,1.15363955498
12661,1.14292478561
12662,1.2308075428
12663,1.23024106026
12664,1.13021254539
12665,1.20124030113
12666,1.1402182579
12667,1.0759203434
12668,1.04334163666
12669,1.15839862823
12670,1.26774871349
12671,1.2710467577
12672,1.11232423782
12673,1.14154458046
12674,1.19798731804
12675,1.27673995495
12676,1.12567877769
12677,1.1722946167
12678,1.20363354683
12679,1.15300476551
12680,1.11211168766
12681,1.13348829746
12682,1.23518371582
12683,1.12692046165
12684,1.23936986923
12685,1.09017217159
12686,1.19169282913
12687,1.12894189358
12688,1.16592407227
12689,1.22105753422
12690,1.22877895832
12691,1.24205565453
12692,1.22114229202
12693,1.08870768547
12694,1.15059626102
12695,1.11351311207
12696,1.1261497736
12697,1.18563556671
12698,1.20174646378
12699,1.22124493122
12700,1.20544159412
12701,1.21864688396
12702,1.08544433117
12703,1.12655866146
12704,1.2117382288
12705,1.13601207733
12706,1.13841545582
12707,1.08176195621
12708,1.1639777422
12709,1.12765073776
12710,1.0853523016
12711,1.22514307499
12712,1.13684630394
12713,1.17143511772
12714,1.27662217617
12715,1.07258117199
12716,1.14592015743
12717,1.20149278641
12718,1.10215902328
12719,1.18769550323
12720,1.15402388573
12721,1.19078600407
12722,1.12520253658
12723,1.10883498192
12724,1.1858934164
12725,1.2437287569
12726,1.21974754333
12727,1.11365413666
12728,1.12310349941
12729,1.05692815781
12730,1.20665931702
12731,1.10747146606
12732,1.17130291462
12733,1.14367091656
12734,1.15488684177
12735,1.15455579758
12736,1.1884509325
12737,1.21577167511
12738,1.20491528511
12739,1.24753952026
12740,1.14846992493
12741,1.11945807934
12742,1.12095057964
12743,1.12145447731
12744,1.1871970892
12745,1.050791502
12746,1.19897699356
12747,1.1332372427
12748,1.13431668282
12749,1.12316513062
12750,1.09225547314
12751,1.14991033077
12752,1.21642518044
12753,1.1502648592
12754,1.12972903252
12755,1.12127447128
12756,1.20221400261
12757,1.11159288883
12758,1.20171034336
12759,1.07668888569
12760,1.19169044495
12761,1.15365719795
12762,1.15153872967
12763,1.22018277645
12764,1.15898025036
12765,1.14775526524
12766,1.13450670242
12767,1.20311224461
12768,1.16516792774
12769,1.17576217651
12770,1.18456172943
12771,1.12603354454
12772,1.26754891872
12773,1.17883253098
12774,1.11859309673
12775,1.19443130493
12776,1.15507721901
12777,1.14258658886
12778,1.27499139309
12779,1.17704963684
12780,1.19917654991
12781,1.11323094368
12782,1.0431445837
12783,1.13513791561
12784,1.21877479553
12785,1.18035137653
12786,1.14993000031
12787,1.15795600414
12788,1.0931956768
12789,1.15235102177
12790,1.08696603775
12791,1.10265111923
12792,1.12464988232
12793,1.11827516556
12794,1.07135260105
12795,1.18184280396
12796,1.137596488
12797,1.14111578465
12798,1.15719985962
12799,1.15661013126
12800,1.12907361984
12801,1.19113242626
12802,1.08667051792
12803,1.09169304371
12804,1.14091670513
12805,1.27408802509
12806,1.25855922699
12807,1.11584305763
12808,1.06054103374
12809,1.16778671741
12810,1.10812604427
12811,1.1333578825
12812,1.13499712944
12813,1.08636844158
12814,1.05906629562
12815,1.12156164646
12816,1.15084266663
12817,1.18551015854
12818,1.11696064472
12819,1.12162530422
12820,1.19229900837
12821,1.13150346279
12822,1.14705908298
12823,1.12387955189
12824,1.09511303902
12825,1.09344816208
12826,1.12539196014
12827,1.12154197693
12828,1.12108290195
12829,1.10350000858
12830,1.13079190254
12831,1.19330859184
12832,1.11090111732
12833,1.08622765541
12834,1.15612101555
12835,1.20844197273
12836,1.17520010471
12837,1.21479523182
12838,1.1105889082
12839,1.25512850285
12840,1.10061299801
12841,1.12394464016
12842,1.16024672985
12843,1.17902696133
12844,1.08135557175
12845,1.16554534435
12846,1.03076684475
12847,1.18637049198
12848,1.13904702663
12849,1.18004846573
12850,1.12059998512
12851,1.2093539238
12852,1.21441257
12853,1.19767272472
12854,1.13416051865
12855,1.29592752457
12856,1.16787338257
12857,1.20466947556
12858,1.2309961319
12859,1.07846057415
12860,1.13921320438
12861,1.18000161648
12862,1.28532636166
12863,1.19152438641
12864,1.1868172884
12865,1.16388523579
12866,1.20327425003
12867,1.08742260933
12868,1.1599214077
12869,1.18200349808
12870,1.19139254093
12871,1.27312195301
12872,1.13436877728
12873,1.23314380646
12874,1.12063705921
12875,1.09472131729
12876,1.16666030884
12877,1.14821743965
12878,1.22352039814
12879,1.20661687851
12880,1.2416087389
12881,1.20412659645
12882,1.12660741806
12883,1.18171310425
12884,1.08401381969
12885,1.1343357563
12886,1.13812339306
12887,1.14093828201
12888,1.1513761282
12889,1.15801024437
12890,1.28934502602
12891,1.10503256321
12892,1.23108136654
12893,1.11369144917
12894,1.19658577442
12895,1.16049015522
12896,1.11355507374
12897,1.1670358181
12898,1.22169232368
12899,1.18345379829
12900,1.13754725456
12901,1.12648797035
12902,1.14278328419
12903,1.2170894146
12904,1.19861257076
12905,1.08911538124
12906,1.16920518875
12907,1.19775605202
12908,1.13432466984
12909,1.16923868656
12910,1.06193804741
12911,1.15192067623
12912,1.21307480335
12913,1.21076965332
12914,1.16355705261
12915,1.1605297327
12916,1.14406609535
12917,1.16002321243
12918,1.10448300838
12919,1.19436764717
12920,1.07318019867
12921,1.16293752193
12922,1.12154400349
12923,1.14222931862
12924,1.09000003338
12925,1.19113111496
12926,1.13863384724
12927,1.26766622066
12928,1.14871501923
12929,1.15445399284
12930,1.16240620613
12931,1.18890333176
12932,1.12995445728
12933,1.13989961147
12934,1.15551710129
12935,1.15996980667
12936,1.19679749012
12937,1.20308232307
12938,1.06563150883
12939,1.22262012959
12940,1.15594506264
12941,1.17901778221
12942,1.19223177433
12943,1.26440346241
12944,1.12740957737
12945,1.20103764534
12946,1.10270571709
12947,1.12135839462
12948,1.24912285805
12949,1.09559905529
12950,1.07615637779
12951,1.17104017735
12952,1.12054073811
12953,1.20340895653
12954,1.18569433689
12955,1.1079518795
12956,1.18405020237
12957,1.21916759014
12958,1.18282580376
12959,1.10764873028
12960,1.11357116699
12961,1.18999147415
12962,1.18295228481
12963,1.13647866249
12964,1.1594388485
12965,1.09606766701
12966,1.1378891468
12967,1.29396557808
12968,1.1474673748
12969,1.17792117596
12970,1.08787226677
12971,1.19974207878
12972,1.19616997242
12973,1.30110383034
12974,1.3657900095
12975,1.07460296154
12976,1.13258063793
12977,1.18142485619
12978,1.07177436352
12979,1.17801761627
12980,1.15286147594
12981,1.2282063961
12982,1.15199112892
12983,1.07210862637
12984,1.17054772377
12985,1.12294209003
12986,1.14663887024
12987,1.25903582573
12988,1.1558637619
12989,1.19713294506
12990,1.08239734173
12991,1.22188162804
12992,1.07029402256
12993,1.13423776627
12994,1.21931517124
12995,1.26268339157
12996,1.22541749477
12997,1.15727770329
12998,1.19683623314
12999,1.10531258583
13000,1.10184037685
13001,1.21153342724
13002,1.1189467907
13003,1.28709626198
13004,1.27716767788
13005,1.23633110523
13006,1.16639065742
13007,1.16731417179
13008,1.12484657764
13009,1.13087236881
13010,1.1478843689
13011,1.237652421
13012,1.18668794632
13013,1.14845371246
13014,1.11760056019
13015,1.14413499832
13016,1.18403565884
13017,1.10312104225
13018,1.13693606853
13019,1.15498912334
13020,1.12733912468
13021,1.18049716949
13022,1.14257955551
13023,1.14332675934
13024,1.25241577625
13025,1.19467616081
13026,1.16126489639
13027,1.33489537239
13028,1.14536762238
13029,1.15727365017
13030,1.25057601929
13031,1.20228719711
13032,1.10352683067
13033,1.13203918934
13034,1.13635861874
13035,1.15096437931
13036,1.20739805698
13037,1.15761303902
13038,1.11264896393
13039,1.10963463783
13040,1.10253536701
13041,1.12851536274
13042,1.18545305729
13043,1.24577379227
13044,1.19937109947
13045,1.2899518013
13046,1.12584197521
13047,1.11977815628
13048,1.15772354603
13049,1.14655780792
13050,1.11981415749
13051,1.23931360245
13052,1.06797862053
13053,1.11463701725
13054,1.16576218605
13055,1.14844465256
13056,1.19515013695
13057,1.28225874901
13058,1.22789955139
13059,1.27983307838
13060,1.15178203583
13061,1.24157810211
13062,1.17171061039
13063,1.2042440176
13064,1.15297853947
13065,1.10195612907
13066,1.10553109646
13067,1.16766083241
13068,1.24847185612
13069,1.15792024136
13070,1.22037410736
13071,1.21315443516
13072,1.19660151005
13073,1.17570054531
13074,1.2335306406
13075,1.10275423527
13076,1.24642193317
13077,1.13714694977
13078,1.15303814411
13079,1.19353461266
13080,1.17011845112
13081,1.20117163658
13082,1.19591295719
13083,1.08832275867
13084,1.22765398026
13085,1.1746019125
13086,1.13465690613
13087,1.08203780651
13088,1.15072357655
13089,1.17922496796
13090,1.1732186079
13091,1.14881813526
13092,1.14399516582
13093,1.14119720459
13094,1.14227628708
13095,1.13692116737
13096,1.28727662563
13097,1.2184125185
13098,1.23334395885
13099,1.07412314415
13100,1.14811956882
13101,1.15504181385
13102,1.15320026875
13103,1.14974296093
13104,1.1034206152
13105,1.10188889503
13106,1.20892632008
13107,1.20367836952
13108,1.18419277668
13109,1.13779568672
13110,1.09396493435
13111,1.11127579212
13112,1.15160131454
13113,1.2067258358
13114,1.14724886417
13115,1.05187571049
13116,1.14748966694
13117,1.14423310757
13118,1.1346809864
13119,1.12150764465
13120,1.05619215965
13121,1.21696567535
13122,1.09680402279
13123,1.07405519485
13124,1.15751552582
13125,1.15992426872
13126,1.04908359051
13127,1.13847529888
13128,1.22103583813
13129,1.10873317719
13130,1.18853890896
13131,1.15584206581
13132,1.13385689259
13133,1.05478942394
13134,1.163372159
13135,1.13343942165
13136,1.21266996861
13137,1.16649198532
13138,1.11420655251
13139,1.14256358147
13140,1.24399471283
13141,1.2265765667
13142,1.26138830185
13143,1.23451793194
13144,1.14914548397
13145,1.16177773476
13146,1.18418359756
13147,1.22518479824
13148,1.26784110069
13149,1.2156304121
13150,1.14557909966
13151,1.14377367496
13152,1.16520047188
13153,1.03011345863
13154,1.09169995785
13155,1.09361457825
13156,1.19478905201
13157,1.0897963047
13158,1.23949491978
13159,1.1942987442
13160,1.17822170258
13161,1.17718684673
13162,1.1612610817
13163,1.12697649002
13164,1.10765206814
13165,1.21588933468
13166,1.18702769279
13167,1.1821398735
13168,1.19541025162
13169,1.18376684189
13170,1.14864051342
13171,1.16930794716
13172,1.18209648132
13173,1.21221148968
13174,1.1390402317
13175,1.10556197166
13176,1.14194440842
13177,1.15093147755
13178,1.15204358101
13179,1.09031772614
13180,1.10938084126
13181,1.16126024723
13182,1.0857514143
13183,1.18297815323
13184,1.21354627609
13185,1.13448417187
13186,1.17362689972
13187,1.14694797993
13188,1.2081580162
13189,1.20151305199
13190,1.1528403759
13191,1.26317882538
13192,1.13048744202
13193,1.18986558914
13194,1.15017616749
13195,1.11708068848
13196,1.10300683975
13197,1.20915484428
13198,1.21232759953
13199,1.15484166145
13200,1.14729833603
13201,1.13817727566
13202,1.19803440571
13203,1.09625852108
13204,1.11500442028
13205,1.10127878189
13206,1.18621182442
13207,1.12927675247
13208,1.12500798702
13209,1.23756062984
13210,1.25183856487
13211,1.17051613331
13212,1.19461905956
13213,1.18646335602
13214,1.09336006641
13215,1.20375359058
13216,1.09068727493
13217,1.16519153118
13218,1.15936899185
13219,1.2281897068
13220,1.13863313198
13221,1.15093791485
13222,1.15205860138
13223,1.18388569355
13224,1.14665734768
13225,1.12977147102
13226,1.13185322285
13227,1.19878315926
13228,1.15448188782
13229,1.20617258549
13230,1.26416683197
13231,1.13207805157
13232,1.08046126366
13233,1.15496706963
13234,1.19866502285
13235,1.14713335037
13236,1.14759409428
13237,1.19955098629
13238,1.32627344131
13239,1.12685227394
13240,1.14876687527
13241,1.19374883175
13242,1.10650527477
13243,1.14430975914
13244,1.15017855167
13245,1.15502583981
13246,1.10166800022
13247,1.13117277622
13248,1.1091375351
13249,1.11415433884
13250,1.17089629173
13251,1.06209564209
13252,1.17045283318
13253,1.15085065365
13254,0.987803518772
13255,1.13759624958
13256,1.20602595806
13257,1.11856234074
13258,1.16398251057
13259,1.19156968594
13260,1.11794543266
13261,1.21641886234
13262,1.10058116913
13263,1.05297923088
13264,1.05537736416
13265,1.17882812023
13266,1.09790277481
13267,1.14972281456
13268,1.1513491869
13269,1.2672855854
13270,1.06281769276
13271,1.15173566341
13272,1.12243056297
13273,1.10612607002
13274,1.11314070225
13275,1.17128324509
13276,1.15886461735
13277,1.12860119343
13278,1.24769759178
13279,1.15164339542
13280,1.12517428398
13281,1.18231534958
13282,1.19175601006
13283,1.2372713089
13284,1.1206651926
13285,1.18359351158
13286,1.20317161083
13287,1.11617553234
13288,1.05328726768
13289,1.1101360321
13290,1.10161316395
13291,1.19669830799
13292,1.09929633141
13293,1.15509414673
13294,1.22916209698
13295,1.22969138622
13296,1.25294232368
13297,1.20351481438
13298,1.15926933289
13299,1.12955224514
13300,1.12608647346
13301,1.17337715626
13302,1.13374137878
13303,1.12543725967
13304,1.12380325794
13305,1.21173810959
13306,1.10402107239
13307,1.10067343712
13308,1.09250223637
13309,1.09088242054
13310,1.23223078251
13311,1.10585665703
13312,1.12229192257
13313,1.17055284977
13314,1.12742733955
13315,1.16845822334
13316,1.15595710278
13317,1.13660502434
13318,1.20097351074
13319,1.15975487232
13320,1.16997170448
13321,1.15057086945
13322,1.14565312862
13323,1.06960427761
13324,1.13865184784
13325,1.18156218529
13326,1.12909030914
13327,1.1096405983
13328,1.10003507137
13329,1.22109389305
13330,1.19148755074
13331,1.18695533276
13332,1.13334643841
13333,1.24172437191
13334,1.19282436371
13335,1.2087572813
13336,1.1258033514
13337,1.12591648102
13338,1.12802422047
13339,1.1907145977
13340,1.13314640522
13341,1.1726821661
13342,1.2236635685
13343,1.18057560921
13344,1.14180731773
13345,1.30931079388
13346,1.15608215332
13347,1.07221758366
13348,1.2566754818
13349,1.15478277206
13350,1.18610441685
13351,1.08268392086
13352,1.0728303194
13353,1.09698903561
13354,1.19752454758
13355,1.21741628647
13356,1.21552717686
13357,1.14771425724
13358,1.12318885326
13359,1.17549586296
13360,1.16032230854
13361,1.14367759228
13362,1.27429866791
13363,1.21456301212
13364,1.245855093
13365,1.3108869791
13366,1.1752320528
13367,1.25239646435
13368,1.24038088322
13369,1.15692591667
13370,1.18206930161
13371,1.14508652687
13372,1.06843781471
13373,1.10753798485
13374,1.16274809837
13375,1.10776257515
13376,1.12134730816
13377,1.2973626852
13378,1.10681283474
13379,1.12221813202
13380,1.10576534271
13381,1.15061402321
13382,1.14103472233
13383,1.07645487785
13384,1.16614091396
13385,1.15508043766
13386,1.23386657238
13387,1.19569087029
13388,1.10647499561
13389,1.15338850021
13390,1.14033687115
13391,1.21604168415
13392,1.17188954353
13393,1.22361814976
13394,1.18398940563
13395,1.19987308979
13396,1.09645140171
13397,1.07368910313
13398,1.20629513264
13399,1.1586111784
13400,1.12352991104
13401,1.10502374172
13402,1.11786329746
13403,1.27091169357
13404,1.12353134155
13405,1.18994271755
13406,1.12659525871
13407,1.18238258362
13408,1.15151166916
13409,1.12024021149
13410,1.08003425598
13411,1.11196839809
13412,1.17537200451
13413,1.14207661152
13414,1.12433493137
13415,1.1392134428
13416,1.09867858887
13417,1.11695384979
13418,1.1230442524
13419,1.156498909
13420,1.16734707355
13421,1.24963760376
13422,1.23627781868
13423,1.20069336891
13424,1.23461484909
13425,1.12989461422
13426,1.12220990658
13427,1.15481030941
13428,1.12584865093
13429,1.1530315876
13430,1.07431101799
13431,1.19642722607
13432,1.0676189661
13433,1.19027924538
13434,1.18707036972
13435,1.17679464817
13436,1.24791431427
13437,1.20801866055
13438,1.25525105
13439,1.14122438431
13440,1.15601825714
13441,1.1235691309
13442,1.05768013
13443,1.1397163868
13444,1.11338925362
13445,1.27812623978
13446,1.13453376293
13447,1.21122896671
13448,1.22631680965
13449,1.22988474369
13450,1.13093161583
13451,1.08885884285
13452,1.13440537453
13453,1.18205356598
13454,1.1976994276
13455,1.1843047142
13456,1.11999893188
13457,1.10615670681
13458,1.0900554657
13459,1.06352055073
13460,1.16055858135
13461,1.17597925663
13462,1.118678689
13463,1.12444376945
13464,1.2193582058
13465,1.19850242138
13466,1.04842710495
13467,1.09726941586
13468,1.11688280106
13469,1.26431834698
13470,1.1873306036
13471,1.17627346516
13472,1.14178097248
13473,1.11897087097
13474,1.19226646423
13475,1.17012286186
13476,1.19787538052
13477,1.09351086617
13478,1.17940795422
13479,1.17857801914
13480,1.1980946064
13481,1.19942355156
13482,1.14757871628
13483,1.15646588802
13484,1.13995325565
13485,1.16446363926
13486,1.22969758511
13487,1.30895102024
13488,1.19022345543
13489,1.18269014359
13490,1.16116988659
13491,1.16828072071
13492,1.18272125721
13493,1.11905276775
13494,1.23452913761
13495,1.09761691093
13496,1.11674916744
13497,1.14285469055
13498,1.16660284996
13499,1.01001191139
13500,1.13687515259
13501,1.15227973461
13502,1.18884897232
13503,1.15104317665
13504,1.18754708767
13505,1.26400780678
13506,1.22138273716
13507,1.15261161327
13508,1.1428283453
13509,1.17219519615
13510,1.11692452431
13511,1.0570037365
13512,1.13933610916
13513,1.29691934586
13514,1.27001464367
13515,1.14558601379
13516,1.27080976963
13517,1.24448490143
13518,1.15054655075
13519,1.15052700043
13520,1.24435389042
13521,1.15707993507
13522,1.1236436367
13523,1.10395956039
13524,1.22130715847
13525,1.13956975937
13526,1.13407826424
13527,1.17736339569
13528,1.21906912327
13529,1.16808331013
13530,1.15703010559
13531,1.08555531502
13532,1.18218433857
13533,1.17344129086
13534,1.08222305775
13535,1.12447941303
13536,1.25704574585
13537,1.10932159424
13538,1.20144736767
13539,1.13722467422
13540,1.14916372299
13541,1.2197303772
13542,1.18371117115
13543,1.27788841724
13544,1.16188645363
13545,1.20634222031
13546,1.14434933662
13547,1.12807714939
13548,1.17436957359
13549,1.20807361603
13550,1.12905359268
13551,1.15768134594
13552,1.13687682152
13553,1.1671526432
13554,1.14262211323
13555,1.1034860611
13556,1.15989220142
13557,1.13793730736
13558,1.14900183678
13559,1.23627483845
13560,1.12551593781
13561,1.1728117466
13562,1.18003761768
13563,1.15711152554
13564,1.05702185631
13565,1.13440823555
13566,1.1270544529
13567,1.1480987072
13568,1.09120380878
13569,1.22345602512
13570,1.13015639782
13571,1.1127396822
13572,1.24615120888
13573,1.0755354166
13574,1.16381287575
13575,1.15424048901
13576,1.14071989059
13577,1.14513003826
13578,1.17561638355
13579,1.18242537975
13580,1.15014994144
13581,1.22168815136
13582,1.15763163567
13583,1.15402936935
13584,1.08990013599
13585,1.05906045437
13586,1.19133388996
13587,1.1519472599
13588,1.23015201092
13589,1.20684611797
13590,1.18006420135
13591,1.18801546097
13592,1.16861283779
13593,1.10996067524
13594,1.16118311882
13595,1.19836044312
13596,1.13002622128
13597,1.22707915306
13598,1.1065942049
13599,1.19602036476
13600,1.12116062641
13601,1.24803233147
13602,1.11493349075
13603,1.11626195908
13604,1.19942712784
13605,1.28905081749
13606,1.23699355125
13607,1.17251253128
13608,1.17108786106
13609,1.17955052853
13610,1.16520762444
13611,1.12830531597
13612,1.16522490978
13613,1.16309809685
13614,1.22237932682
13615,1.1736420393
13616,1.15551996231
13617,1.13305413723
13618,1.13169157505
13619,1.10454821587
13620,1.16088008881
13621,1.16515338421
13622,1.10291230679
13623,1.09227156639
13624,1.31640398502
13625,1.12749791145
13626,1.20248901844
13627,1.14697706699
13628,1.22136938572
13629,1.2099660635
13630,1.18595826626
13631,1.2055375576
13632,1.24994826317
13633,1.1308631897
13634,1.18687129021
13635,1.30275189877
13636,1.17797613144
13637,1.08776175976
13638,1.21912872791
13639,1.22704732418
13640,1.23456907272
13641,1.21134221554
13642,1.01722633839
13643,1.2042555809
13644,1.03902244568
13645,1.15360212326
13646,1.10437357426
13647,1.26786601543
13648,1.10622990131
13649,1.10713303089
13650,1.21424555779
13651,1.19409799576
13652,1.21182453632
13653,1.06718075275
13654,1.20285654068
13655,1.15163314342
13656,1.29355144501
13657,1.14474475384
13658,1.18100643158
13659,1.09932696819
13660,1.1830419302
13661,1.17962908745
13662,1.22187829018
13663,1.25657582283
13664,1.07052350044
13665,1.16727530956
13666,1.11015546322
13667,1.17827033997
13668,1.10736393929
13669,1.17144358158
13670,1.21638941765
13671,1.14969825745
13672,1.20730781555
13673,1.17981755733
13674,1.0959738493
13675,1.20406448841
13676,1.24703884125
13677,1.2091999054
13678,1.25481176376
13679,1.19022786617
13680,1.23636615276
13681,1.22804534435
13682,1.12265253067
13683,1.23826849461
13684,1.23717188835
13685,1.19630551338
13686,1.1443631649
13687,1.13581156731
13688,1.12885439396
13689,1.15827989578
13690,1.12869942188
13691,1.11556982994
13692,1.18909919262
13693,1.20281910896
13694,1.08897960186
13695,1.21613025665
13696,1.13773775101
13697,1.21568000317
13698,1.27245748043
13699,1.10059452057
13700,1.13149225712
13701,1.16121304035
13702,1.19531810284
13703,1.11123812199
13704,1.16406548023
13705,1.2348716259
13706,1.14047694206
13707,1.17579650879
13708,1.08722484112
13709,1.22305524349
13710,1.21186184883
13711,1.09339296818
13712,1.26048612595
13713,1.20386528969
13714,1.26320195198
13715,1.15062427521
13716,1.12516713142
13717,1.23101651669
13718,1.19218325615
13719,1.20514988899
13720,1.17691957951
13721,1.12955224514
13722,1.08255708218
13723,1.20426499844
13724,1.1833242178
13725,1.30245006084
13726,1.19140636921
13727,1.1176636219
13728,1.19542551041
13729,1.23071300983
13730,1.13769316673
13731,1.12842237949
13732,1.19258129597
13733,1.06427836418
13734,1.16025042534
13735,1.21060323715
13736,1.10017096996
13737,1.12870466709
13738,1.11261856556
13739,1.13599729538
13740,1.1221524477
13741,1.21166861057
13742,1.17822730541
13743,1.32307755947
13744,1.23318254948
13745,1.17421972752
13746,1.15437161922
13747,1.17557883263
13748,1.23077774048
13749,1.15430819988
13750,1.12506318092
13751,1.25878894329
13752,1.18805766106
13753,1.16649520397
13754,1.12026357651
13755,1.10576784611
13756,1.10342645645
13757,1.17079162598
13758,1.17868673801
13759,1.15273702145
13760,1.12158763409
13761,1.17620193958
13762,1.15351450443
13763,1.18434655666
13764,1.20503520966
13765,1.17999315262
13766,1.13563609123
13767,1.18128061295
13768,1.11220216751
13769,1.1922904253
13770,1.20302808285
13771,1.10816562176
13772,1.14509952068
13773,1.10816442966
13774,1.11004149914
13775,1.19654476643
13776,1.13985514641
13777,1.20916950703
13778,1.10664057732
13779,1.15981662273
13780,1.20160877705
13781,1.14382553101
13782,1.17071163654
13783,1.12921893597
13784,1.1650031805
13785,1.22036850452
13786,1.17501270771
13787,1.23298561573
13788,1.14203584194
13789,1.11251080036
13790,1.17209589481
13791,1.23021638393
13792,1.16474723816
13793,1.09105014801
13794,1.21401846409
13795,1.20119559765
13796,1.07466375828
13797,1.19973266125
13798,1.13845527172
13799,1.12204778194
13800,1.15641605854
13801,1.25052034855
13802,1.17667591572
13803,1.17143821716
13804,1.07630860806
13805,1.16785800457
13806,1.14377975464
13807,1.11020684242
13808,1.18644928932
13809,1.1649954319
13810,1.1834820509
13811,1.23019647598
13812,1.14984822273
13813,1.17230081558
13814,1.17285847664
13815,1.09968435764
13816,1.17168223858
13817,1.14884066582
13818,1.13389122486
13819,1.12284183502
13820,1.15420925617
13821,1.13239431381
13822,1.10555160046
13823,1.07150709629
13824,1.25889503956
13825,1.31508147717
13826,1.11866486073
13827,1.1797721386
13828,1.12566173077
13829,1.15122008324
13830,1.14526844025
13831,1.17228984833
13832,1.17881679535
13833,1.22242796421
13834,1.19351279736
13835,1.21752262115
13836,1.07800781727
13837,1.1796630621
13838,1.13994824886
13839,1.20412814617
13840,1.13718557358
13841,1.2527936697
13842,1.2386726141
13843,1.05167722702
13844,1.20092236996
13845,1.18656885624
13846,1.12573981285
13847,1.11951541901
13848,1.18368220329
13849,1.11127209663
13850,1.27017295361
13851,1.2468701601
13852,1.17619228363
13853,1.1473647356
13854,1.17249977589
13855,1.24391198158
13856,1.10884571075
13857,1.19227206707
13858,1.1184797287
13859,1.0736297369
13860,1.10700547695
13861,1.16774702072
13862,1.20416891575
13863,1.23737084866
13864,1.09767651558
13865,1.15600061417
13866,1.20513010025
13867,1.18265640736
13868,1.20589447021
13869,1.26513016224
13870,1.28271663189
13871,1.14612948895
13872,1.17031276226
13873,1.096814394
13874,1.21160185337
13875,1.20089554787
13876,1.1651018858
13877,1.10571038723
13878,1.14630019665
13879,1.11039566994
13880,1.23456048965
13881,1.06568109989
13882,1.1455757618
13883,1.24171280861
13884,1.12395513058
13885,1.20437657833
13886,1.1607427597
13887,1.21893692017
13888,1.09951281548
13889,1.08410346508
13890,1.13888919353
13891,1.18176198006
13892,1.11019206047
13893,1.10003864765
13894,1.21848809719
13895,1.15310406685
13896,1.22721982002
13897,1.23607540131
13898,1.1840672493
13899,1.15462744236
13900,1.18423962593
13901,1.26134252548
13902,1.2655570507
13903,1.2206915617
13904,1.18115913868
13905,1.13986301422
13906,1.16123461723
13907,1.22576117516
13908,1.17542183399
13909,1.1662800312
13910,1.19060087204
13911,1.17169559002
13912,1.22690820694
13913,1.14159166813
13914,1.1382188797
13915,1.23567318916
13916,1.22112321854
13917,1.16232669353
13918,1.1106659174
13919,1.1135725975
13920,1.17680644989
13921,1.19024133682
13922,1.07762205601
13923,1.21618616581
13924,1.2226934433
13925,1.15515697002
13926,1.25108981133
13927,1.21280658245
13928,1.24791371822
13929,1.20893168449
13930,1.07546889782
13931,1.2095887661
13932,1.26406764984
13933,1.22932171822
13934,1.11024427414
13935,1.15272712708
13936,1.07378005981
13937,1.1362760067
13938,1.12160158157
13939,1.16126072407
13940,1.17163169384
13941,1.21247947216
13942,1.2592997551
13943,1.09499251842
13944,1.18682718277
13945,1.27483701706
13946,1.22598350048
13947,1.14475083351
13948,1.08179879189
13949,1.18151783943
13950,1.18039691448
13951,1.2629224062
13952,1.15084922314
13953,1.06690645218
13954,1.10692775249
13955,1.11695659161
13956,1.22734344006
13957,1.11541068554
13958,1.16135454178
13959,1.0841511488
13960,1.25557434559
13961,1.18665897846
13962,1.09019362926
13963,1.21786499023
13964,1.09747314453
13965,1.1956435442
13966,1.2964900732
13967,1.22382247448
13968,1.12475264072
13969,1.13245379925
13970,1.14988899231
13971,1.17362105846
13972,1.1894724369
13973,1.20802152157
13974,1.19206249714
13975,1.21950602531
13976,1.19334113598
13977,1.22685360909
13978,1.32634902
13979,1.21140027046
13980,1.13247382641
13981,1.16454935074
13982,1.18716394901
13983,1.09584891796
13984,1.25899457932
13985,1.23767077923
13986,1.24690043926
13987,1.14354979992
13988,1.18312370777
13989,1.207685709
13990,1.21318328381
13991,1.0381411314
13992,1.22566568851
13993,1.24216997623
13994,1.25164937973
13995,1.16815388203
13996,1.14096772671
13997,1.16591274738
13998,1.28688633442
13999,1.24342477322
14000,1.20540332794
14001,1.10515940189
14002,1.20781540871
14003,1.21153783798
14004,1.13524436951
14005,1.13646519184
14006,1.14745652676
14007,1.14096534252
14008,1.1697576046
14009,1.21168613434
14010,1.18004608154
14011,1.21217656136
14012,1.1415554285
14013,1.14829623699
14014,1.10193908215
14015,1.17497050762
14016,1.16265201569
14017,1.18545651436
14018,1.09031951427
14019,1.18583214283
14020,1.21641790867
14021,1.21348154545
14022,1.16830980778
14023,1.03899013996
14024,1.20234382153
14025,1.16358017921
14026,1.17321395874
14027,1.24907445908
14028,1.23443996906
14029,1.113499403
14030,1.16482841969
14031,1.09397137165
14032,1.13383233547
14033,1.16734802723
14034,1.16356182098
14035,1.20315718651
14036,1.22693741322
14037,1.18277192116
14038,1.11069786549
14039,1.1976480484
14040,1.09904575348
14041,1.05382609367
14042,1.13043105602
14043,1.11149477959
14044,1.22902750969
14045,1.29915940762
14046,1.21351242065
14047,1.10362148285
14048,1.19723141193
14049,1.1221473217
14050,1.15256547928
14051,1.19411635399
14052,1.11701965332
14053,1.14794099331
14054,1.16129517555
14055,1.18476736546
14056,1.12516868114
14057,1.10986423492
14058,1.1666611433
14059,1.15763926506
14060,1.17121100426
14061,1.1133005619
14062,1.20790350437
14063,1.10061728954
14064,1.17556393147
14065,1.1980458498
14066,1.09356760979
14067,1.94330191612
14068,1.20413053036
14069,1.16824185848
14070,1.128657341
14071,1.21648728848
14072,1.1013777256
14073,1.10437321663
14074,1.21150398254
14075,1.16173446178
14076,1.08367311954
14077,1.12740659714
14078,1.16611611843
14079,1.23402047157
14080,1.15872645378
14081,1.15341544151
14082,1.17447805405
14083,1.14090526104
14084,1.08898711205
14085,1.12204861641
14086,1.24620079994
14087,1.12107276917
14088,1.22803974152
14089,1.080291152
14090,1.15978991985
14091,1.08538460732
14092,1.20890390873
14093,1.19612979889
14094,1.20467114449
14095,1.17041087151
14096,1.21853005886
14097,1.27154028416
14098,1.19442617893
14099,1.17524027824
14100,1.20914661884
14101,1.22195422649
14102,1.15412318707
14103,1.11923491955
14104,1.16733372211
14105,1.10752701759
14106,1.11628174782
14107,1.15174269676
14108,1.22387254238
14109,1.14175403118
14110,1.13401925564
14111,1.14783990383
14112,1.14833855629
14113,1.26652956009
14114,1.20770347118
14115,1.19935929775
14116,1.19115364552
14117,1.1834577322
14118,1.12763679028
14119,1.06698071957
14120,1.17422235012
14121,1.12589466572
14122,1.18530762196
14123,1.17052793503
14124,1.20602715015
14125,1.16566896439
14126,1.20793902874
14127,1.13488638401
14128,1.20890903473
14129,1.23581409454
14130,1.25659537315
14131,1.16504049301
14132,1.15693235397
14133,1.0776257515
14134,1.12314414978
14135,1.18028247356
14136,1.22680962086
14137,1.10671567917
14138,1.2374830246
14139,1.21041333675
14140,1.16800391674
14141,1.21727919579
14142,1.17510294914
14143,1.18185377121
14144,1.05538761616
14145,1.13334572315
14146,1.09955632687
14147,1.15920913219
14148,1.18034076691
14149,1.14164614677
14150,1.12372994423
14151,1.14883637428
14152,1.12450039387
14153,1.19922316074
14154,1.1504483223
14155,1.22798383236
14156,1.08857512474
14157,1.14262032509
14158,1.10601496696
14159,1.17950940132
14160,1.22744524479
14161,1.17884838581
14162,1.11864650249
14163,1.08571898937
14164,1.15968966484
14165,1.12851274014
14166,1.13394284248
14167,1.12987172604
14168,1.20155477524
14169,1.09886527061
14170,1.14092683792
14171,1.17848944664
14172,1.10212063789
14173,1.1753320694
14174,1.10853111744
14175,1.19385898113
14176,1.16239118576
14177,1.12363779545
14178,1.13933694363
14179,1.2374368906
14180,1.18194949627
14181,1.21008861065
14182,1.21121001244
14183,1.11835479736
14184,1.16994392872
14185,1.20314478874
14186,1.189920187
14187,1.23300611973
14188,1.18466520309
14189,1.0934779644
14190,1.17351293564
14191,1.23780655861
14192,1.13310158253
14193,1.18421792984
14194,1.20507729053
14195,1.07937014103
14196,1.08392977715
14197,1.1446877718
14198,1.25049769878
14199,1.23115861416
14200,1.22805321217
14201,1.18144512177
14202,1.20473873615
14203,1.24224710464
14204,1.25159490108
14205,1.14711999893
14206,1.10470879078
14207,1.21211874485
14208,1.15532290936
14209,1.15976321697
14210,1.21265411377
14211,1.06625950336
14212,1.1271225214
14213,1.22419309616
14214,1.16957461834
14215,1.09443438053
14216,1.12401843071
14217,1.21865820885
14218,1.25345027447
14219,1.17154967785
14220,1.13813078403
14221,1.17794060707
14222,1.16977775097
14223,1.14471447468
14224,1.17017114162
14225,1.22040617466
14226,1.18530571461
14227,1.09895193577
14228,1.17753088474
14229,1.1539825201
14230,1.10158455372
14231,1.17855727673
14232,1.20284330845
14233,1.27215671539
14234,1.13660812378
14235,1.14907026291
14236,1.09182214737
14237,1.18167769909
14238,1.16047561169
14239,1.20967829227
14240,1.15904724598
14241,1.15406930447
14242,1.24182760715
14243,1.14896714687
14244,1.18058693409
14245,1.21396923065
14246,1.21916472912
14247,1.18831157684
14248,1.25370359421
14249,1.21705949306
14250,1.18914830685
14251,1.12305092812
14252,1.05342721939
14253,1.12571454048
14254,1.18443930149
14255,1.10605251789
14256,1.13485491276
14257,1.21554636955
14258,1.18609058857
14259,1.22909891605
14260,1.19041883945
14261,1.20446956158
14262,1.10612845421
14263,1.22246062756
14264,1.16318881512
14265,1.2323114872
14266,1.20128285885
14267,1.17255282402
14268,1.13819265366
14269,1.15438234806
14270,1.19001662731
14271,1.1776008606
14272,1.1246150732
14273,1.20234286785
14274,1.21314692497
14275,1.09054720402
14276,1.07716310024
14277,1.07406532764
14278,1.22182524204
14279,1.15612447262
14280,1.16993951797
14281,1.28487598896
14282,1.26480793953
14283,1.12270748615
14284,1.27531373501
14285,1.21603477001
14286,1.17103111744
14287,1.16036438942
14288,1.08875477314
14289,1.11354410648
14290,1.08252167702
14291,1.19979953766
14292,1.25628125668
14293,1.1538516283
14294,1.23459970951
14295,1.1504342556
14296,1.2592227459
14297,1.20233774185
14298,1.10542654991
14299,1.13907086849
14300,1.14272105694
14301,1.21401810646
14302,1.23223829269
14303,1.24257409573
14304,1.20973622799
14305,1.18405723572
14306,1.18093907833
14307,1.17722535133
14308,1.1749380827
14309,1.19439971447
14310,1.19868731499
14311,1.08594381809
14312,1.12431979179
14313,1.11492371559
14314,1.21626973152
14315,1.13155770302
14316,1.20120358467
14317,1.20751440525
14318,1.22256970406
14319,1.149918437
14320,1.11319601536
14321,1.1617705822
14322,1.16363418102
14323,1.10091936588
14324,1.27607893944
14325,1.22068107128
14326,1.16822063923
14327,1.09135627747
14328,1.27830505371
14329,1.25283789635
14330,1.15187501907
14331,1.2295333147
14332,1.20510685444
14333,1.17426836491
14334,1.17129969597
14335,1.10160207748
14336,1.19074416161
14337,1.13403379917
14338,1.18017315865
14339,1.17420172691
14340,1.29445970058
14341,1.06153416634
14342,1.1404235363
14343,1.21283853054
14344,1.21010947227
14345,1.11290156841
14346,1.15745151043
14347,1.15168344975
14348,1.08343040943
14349,1.10090279579
14350,1.1662324667
14351,1.17052483559
14352,1.09378314018
14353,1.14572489262
14354,1.1367225647
14355,1.05709004402
14356,1.12968361378
14357,1.19291210175
14358,1.17180967331
14359,1.20996034145
14360,1.16094076633
14361,1.20975506306
14362,1.18224549294
14363,1.25044929981
14364,1.11900365353
14365,1.16149675846
14366,1.17714035511
14367,1.05317771435
14368,1.20650470257
14369,1.13624548912
14370,1.15720522404
14371,1.23336017132
14372,1.19949769974
14373,1.17611086369
14374,1.1288626194
14375,1.15385127068
14376,1.11867976189
14377,1.22755324841
14378,1.16055142879
14379,1.17705225945
14380,1.13712048531
14381,1.20189106464
14382,1.14712667465
14383,1.16422700882
14384,1.30300986767
14385,1.15549695492
14386,1.13291561604
14387,1.03661227226
14388,1.25899100304
14389,1.24508178234
14390,1.10952687263
14391,1.17140352726
14392,1.09097385406
14393,1.18683302402
14394,1.13807249069
14395,1.17691528797
14396,1.26984488964
14397,1.27045714855
14398,1.17712259293
14399,1.2042620182
14400,1.17340445518
14401,1.06382083893
14402,1.1338262558
14403,1.16317498684
14404,1.25694274902
14405,1.24012291431
14406,1.23405635357
14407,1.26397526264
14408,1.1581376791
14409,1.04533934593
14410,1.12559425831
14411,1.10397398472
14412,1.22272491455
14413,1.1769797802
14414,1.21961045265
14415,1.16432106495
14416,1.2890458107
14417,1.09688079357
14418,1.09590053558
14419,1.19181334972
14420,1.22952115536
14421,1.16306018829
14422,1.21602451801
14423,1.17059826851
14424,1.13582706451
14425,1.14080297947
14426,1.27630507946
14427,1.10020399094
14428,1.11562907696
14429,1.20292699337
14430,1.16170549393
14431,1.11887061596
14432,1.20227324963
14433,1.19944179058
14434,1.14160943031
14435,1.22024321556
14436,1.0841408968
14437,1.09692490101
14438,1.11711847782
14439,1.1786082983
14440,1.20646798611
14441,1.10030448437
14442,1.19787156582
14443,1.15369033813
14444,1.19639122486
14445,1.20127570629
14446,1.11490428448
14447,1.09895014763
14448,1.08657622337
14449,1.24873995781
14450,1.105017066
14451,1.1201633215
14452,1.13761174679
14453,1.21426594257
14454,1.111800313
14455,1.30402684212
14456,1.27503442764
14457,1.21285963058
14458,1.22771155834
14459,1.14832186699
14460,1.09993171692
14461,1.20410943031
14462,1.15814256668
14463,1.35548782349
14464,1.2370609045
14465,1.21587193012
14466,1.20585298538
14467,1.18705320358
14468,1.22747838497
14469,1.23291194439
14470,1.13987267017
14471,1.1445081234
14472,1.30933439732
14473,1.22691714764
14474,1.14308822155
14475,1.10164690018
14476,1.29089200497
14477,1.26264715195
14478,1.21056723595
14479,1.16622328758
14480,1.21732521057
14481,1.23308360577
14482,1.15558135509
14483,1.21035480499
14484,1.34029316902
14485,1.24148929119
14486,1.16308152676
14487,1.15530633926
14488,1.14409816265
14489,1.14822900295
14490,1.17247200012
14491,1.1472235918
14492,1.17913627625
14493,1.14744794369
14494,1.19828796387
14495,1.17817652225
14496,1.18327081203
14497,1.20659983158
14498,1.14861178398
14499,1.1704685688
14500,1.19009613991
14501,1.17375612259
14502,1.1790920496
14503,1.21312987804
14504,1.17874133587
14505,1.13277208805
14506,1.25510382652
14507,1.18662118912
14508,1.25183534622
14509,1.21172904968
14510,1.14262878895
14511,1.1600369215
14512,1.15431308746
14513,1.11947786808
14514,1.14955806732
14515,1.22761917114
14516,1.16646289825
14517,1.37395501137
14518,1.33308982849
14519,1.28369665146
14520,1.17038881779
14521,1.14981198311
14522,1.11214101315
14523,1.18220639229
14524,1.19579994678
14525,1.11873912811
14526,1.22478985786
14527,1.25636255741
14528,1.20580589771
14529,1.23623943329
14530,1.2004108429
14531,1.21475827694
14532,1.17051565647
14533,1.18651604652
14534,1.19904875755
14535,1.11876225471
14536,1.2253074646
14537,1.22644507885
14538,1.18733167648
14539,1.13650774956
14540,1.20233309269
14541,1.17264711857
14542,1.21459138393
14543,1.1272790432
14544,1.1876282692
14545,1.25576794147
14546,1.18604183197
14547,1.13566827774
14548,1.15657806396
14549,1.122351408
14550,1.12829995155
14551,1.19774079323
14552,1.21149742603
14553,1.13059592247
14554,1.09655153751
14555,1.13585007191
14556,1.19867265224
14557,1.14312279224
14558,1.25197863579
14559,1.22520768642
14560,1.14688575268
14561,1.17005443573
14562,1.15171980858
14563,1.18018007278
14564,1.18695259094
14565,1.20153415203
14566,1.17471194267
14567,1.19316840172
14568,1.21637439728
14569,1.16176652908
14570,1.12775599957
14571,1.11323916912
14572,1.13892912865
14573,1.18702673912
14574,1.16202032566
14575,1.15169715881
14576,1.23860037327
14577,1.17452251911
14578,1.13547348976
14579,1.20890784264
14580,1.23480367661
14581,1.19755256176
14582,1.15109705925
14583,1.18229949474
14584,1.12024116516
14585,1.12819123268
14586,1.1393917799
14587,1.16491770744
14588,1.25101971626
14589,1.13644754887
14590,1.17313194275
14591,1.15887832642
14592,1.16901385784
14593,1.24360775948
14594,1.10830533504
14595,1.23677229881
14596,1.2521276474
14597,1.22169816494
14598,1.12464594841
14599,1.16620850563
14600,1.16525161266
14601,1.23806202412
14602,1.19694638252
14603,1.11949217319
14604,1.16468942165
14605,1.16539621353
14606,1.17374813557
14607,1.17326200008
14608,1.18925583363
14609,1.1444324255
14610,1.25896823406
14611,1.33158791065
14612,1.0833221674
14613,1.24291574955
14614,1.18537914753
14615,1.20242714882
14616,1.17457067966
14617,1.16264533997
14618,1.11411643028
14619,1.18924164772
14620,1.32985210419
14621,1.18050432205
14622,1.24003946781
14623,1.27007758617
14624,1.17958545685
14625,1.12974345684
14626,1.15741086006
14627,1.18697142601
14628,1.24899435043
14629,1.27264773846
14630,1.17034006119
14631,1.08025622368
14632,1.17180192471
14633,1.17537164688
14634,1.14789974689
14635,1.20523881912
14636,1.20403265953
14637,1.08906662464
14638,1.12523090839
14639,1.20883285999
14640,1.32261610031
14641,1.17255282402
14642,1.24630713463
14643,1.22081851959
14644,1.15332210064
14645,1.16764986515
14646,1.16017258167
14647,1.20894551277
14648,1.27326357365
14649,1.1495680809
14650,1.21503126621
14651,1.15235328674
14652,1.11883461475
14653,1.14688265324
14654,1.1912330389
14655,1.16793751717
14656,1.12278747559
14657,1.22621095181
14658,1.1017357111
14659,1.12101042271
14660,1.19791865349
14661,1.19478702545
14662,1.17165565491
14663,1.20551562309
14664,1.18540489674
14665,1.16289794445
14666,1.19351994991
14667,1.12270200253
14668,1.27862668037
14669,1.14318478107
14670,1.15425002575
14671,1.1243121624
14672,1.21212089062
14673,1.15600299835
14674,1.10624027252
14675,1.13121020794
14676,1.10337364674
14677,1.16038405895
14678,1.16532862186
14679,1.05274677277
14680,1.19024395943
14681,1.18250024319
14682,1.09260392189
14683,1.17477464676
14684,1.12949860096
14685,1.09942364693
14686,1.20208382607
14687,1.13027608395
14688,1.32120192051
14689,1.29756832123
14690,1.21869552135
14691,1.09966278076
14692,1.15023243427
14693,1.22649657726
14694,1.18886375427
14695,1.19121658802
14696,1.18736195564
14697,1.21160185337
14698,1.16482532024
14699,1.25626003742
14700,1.31246912479
14701,1.16792500019
14702,1.200766325
14703,1.17721796036
14704,1.15342843533
14705,1.12713325024
14706,1.17001950741
14707,1.22309327126
14708,1.07873606682
14709,1.12397396564
14710,1.10935866833
14711,1.08822572231
14712,1.23302733898
14713,1.14747464657
14714,1.23306560516
14715,1.15653431416
14716,1.13161730766
14717,1.21466779709
14718,1.14545881748
14719,1.17333817482
14720,1.09500038624
14721,1.14662587643
14722,1.14769816399
14723,1.14857649803
14724,1.18810081482
14725,1.2662409544
14726,1.2479776144
14727,1.12843799591
14728,1.12764024734
14729,1.26606523991
14730,1.17031681538
14731,1.14284622669
14732,1.23597300053
14733,1.22800481319
14734,1.19402575493
14735,1.17521333694
14736,1.12704086304
14737,1.1490727663
14738,1.12855315208
14739,1.14238417149
14740,1.20660841465
14741,1.24316120148
14742,1.1625020504
14743,1.27971017361
14744,1.11956977844
14745,1.19289278984
14746,1.11221194267
14747,1.14595389366
14748,1.18330168724
14749,1.11113333702
14750,1.17146456242
14751,1.2228281498
14752,1.0802526474
14753,1.134308815
14754,1.16947424412
14755,1.17373859882
14756,1.17094659805
14757,1.15085554123
14758,1.1624699831
14759,1.20319199562
14760,1.11543881893
14761,1.16059362888
14762,1.18439745903
14763,1.06329011917
14764,1.19201767445
14765,1.16079843044
14766,1.15718388557
14767,1.22082412243
14768,1.19220089912
14769,1.08591365814
14770,1.13413631916
14771,1.1667047739
14772,1.08829438686
14773,1.12285447121
14774,1.18242228031
14775,1.10301756859
14776,1.15871572495
14777,1.15796208382
14778,1.19059717655
14779,1.23877573013
14780,1.16149830818
14781,1.17213177681
14782,1.18225109577
14783,1.14231824875
14784,1.1407648325
14785,1.13194024563
14786,1.17624092102
14787,1.15232646465
14788,1.07804465294
14789,1.07603979111
14790,1.14935719967
14791,1.09644818306
14792,1.24911880493
14793,1.15574789047
14794,1.13101756573
14795,1.27133870125
14796,1.16882872581
14797,1.21313428879
14798,1.13519430161
14799,1.21284854412
14800,1.06817376614
14801,1.23129749298
14802,1.149969697
14803,1.18166601658
14804,1.1308978796
14805,1.22783732414
14806,1.17093133926
14807,1.11256492138
14808,1.21446764469
14809,1.20502710342
14810,1.1702927351
14811,1.19699680805
14812,1.23261499405
14813,1.10642695427
14814,1.18680894375
14815,1.12397360802
14816,1.15294086933
14817,1.2314504385
14818,1.25568032265
14819,1.19749486446
14820,1.14264428616
14821,1.17527651787
14822,1.10450458527
14823,1.19419968128
14824,1.16669034958
14825,1.25380277634
14826,1.24088478088
14827,1.19261312485
14828,1.12668442726
14829,1.08735203743
14830,1.23577010632
14831,1.14105188847
14832,1.15513718128
14833,1.14429366589
14834,1.18036592007
14835,1.18008053303
14836,1.16960942745
14837,1.11717998981
14838,1.19241070747
14839,1.21461415291
14840,1.21575295925
14841,1.20219576359
14842,1.10846936703
14843,1.33809971809
14844,1.17550480366
14845,1.18941783905
14846,1.16600894928
14847,1.15087211132
14848,1.18610310555
14849,1.13836121559
14850,1.17228972912
14851,1.10834610462
14852,1.15967547894
14853,1.13871312141
14854,1.16222476959
14855,1.2934012413
14856,1.12956917286
14857,1.13198101521
14858,1.27921998501
14859,1.19918787479
14860,1.12678921223
14861,1.15744996071
14862,1.19090223312
14863,1.15930843353
14864,1.19687521458
14865,1.14993417263
14866,1.15448629856
14867,1.16620242596
14868,1.22388076782
14869,1.16320431232
14870,1.13818073273
14871,1.15149235725
14872,1.1813390255
14873,1.20386314392
14874,1.16131234169
14875,1.14774978161
14876,1.20467877388
14877,1.0849981308
14878,1.1308991909
14879,1.15569889545
14880,1.07842576504
14881,1.15184628963
14882,1.21170556545
14883,1.15264356136
14884,1.24715518951
14885,1.15520620346
14886,1.27723026276
14887,1.16038608551
14888,1.20861029625
14889,1.14506232738
14890,1.12059104443
14891,1.16375768185
14892,1.14739012718
14893,1.10158920288
14894,1.17325735092
14895,1.17986607552
14896,1.15168309212
14897,1.22191822529
14898,1.20441436768
14899,1.28591632843
14900,1.20367240906
14901,1.17263352871
14902,1.2204515934
14903,1.17210352421
14904,1.24272358418
14905,1.20816612244
14906,1.21531975269
14907,1.2171652317
14908,1.25781047344
14909,1.11485040188
14910,1.19203495979
14911,1.22610390186
14912,1.19489181042
14913,1.17121660709
14914,1.24370026588
14915,1.09326303005
14916,1.26668989658
14917,1.18328773975
14918,1.26363015175
14919,1.23845279217
14920,1.16813266277
14921,1.25405967236
14922,1.20992350578
14923,1.24200546741
14924,1.20403409004
14925,1.20160138607
14926,1.17772734165
14927,1.25194907188
14928,1.20420980453
14929,1.12938213348
14930,1.0997107029
14931,1.11110913754
14932,1.16597616673
14933,1.2192145586
14934,1.10121273994
14935,1.18378508091
14936,1.18470072746
14937,1.1720277071
14938,1.26047003269
14939,1.1698372364
14940,1.29269814491
14941,1.16678571701
14942,1.18012499809
14943,1.15616714954
14944,1.09943318367
14945,1.19016718864
14946,1.1910520792
14947,1.24746084213
14948,1.17327809334
14949,1.1704056263
14950,1.12448608875
14951,1.13337481022
14952,1.29512381554
14953,1.2344609499
14954,1.05561029911
14955,1.26065611839
14956,1.13490283489
14957,1.15663194656
14958,1.06295239925
14959,1.19920647144
14960,1.18542361259
14961,1.16704785824
14962,1.19946289062
14963,1.22904884815
14964,1.22740519047
14965,1.14826047421
14966,1.16021120548
14967,1.1481782198
14968,1.25348114967
14969,1.21432995796
14970,1.1457722187
14971,1.19407176971
14972,1.10764694214
14973,1.00272250175
14974,1.2075830698
14975,1.20058310032
14976,1.19849967957
14977,1.34895312786
14978,1.21313786507
14979,1.17447137833
14980,1.14721155167
14981,1.19090735912
14982,1.24546539783
14983,1.06580638885
14984,1.24966955185
14985,1.13881456852
14986,1.13442015648
14987,1.27315878868
14988,1.25673627853
14989,1.2108438015
14990,1.1726783514
14991,1.19916200638
14992,1.16786730289
14993,1.10294616222
14994,1.15220749378
14995,1.11706733704
14996,1.18086159229
14997,1.14282274246
14998,1.17325377464
14999,1.23748171329
15000,1.1182551384
15001,1.16138017178
15002,1.10911738873
15003,1.08654820919
15004,1.06851029396
15005,1.11703169346
15006,1.22257483006
15007,1.08678436279
15008,1.16446721554
15009,1.13651561737
15010,1.09061479568
15011,1.2052090168
15012,1.13391554356
15013,1.1833575964
15014,1.28484380245
15015,1.17281484604
15016,1.21969592571
15017,1.14337027073
15018,1.25751650333
15019,1.22335326672
15020,1.19342446327
15021,1.14123010635
15022,1.13723611832
15023,1.21305549145
15024,1.1935915947
15025,1.16647613049
15026,1.15243256092
15027,1.13092660904
15028,1.10208952427
15029,1.21036481857
15030,1.20522475243
15031,1.19037044048
15032,1.25832748413
15033,1.16859424114
15034,1.27606797218
15035,1.22629082203
15036,1.1638686657
15037,1.19987523556
15038,1.22232866287
15039,1.13147413731
15040,1.22552287579
15041,1.15432310104
15042,1.13896262646
15043,1.16090643406
15044,1.25166130066
15045,1.08233129978
15046,1.16016745567
15047,1.18159925938
15048,1.25349152088
15049,1.29878079891
15050,1.09901428223
15051,1.14422261715
15052,1.21987760067
15053,1.18443644047
15054,1.15707969666
15055,1.17571103573
15056,1.17447066307
15057,1.18933534622
15058,1.20793962479
15059,1.17747354507
15060,1.20445632935
15061,1.19778931141
15062,1.17355036736
15063,1.17254710197
15064,1.20190823078
15065,1.22138810158
15066,1.29404950142
15067,1.21518981457
15068,1.1274882555
15069,1.17921686172
15070,1.19111526012
15071,1.24745261669
15072,1.15341365337
15073,1.17827117443
15074,1.18237805367
15075,1.2342915535
15076,1.17645454407
15077,1.16363453865
15078,1.18132245541
15079,1.15224516392
15080,1.18116998672
15081,1.11635410786
15082,1.16261780262
15083,1.13562035561
15084,1.20670926571
15085,1.16981697083
15086,1.06346309185
15087,1.22871041298
15088,1.09940946102
15089,1.27700078487
15090,1.17098176479
15091,1.14105927944
15092,1.12242770195
15093,1.22833871841
15094,1.25839579105
15095,1.15378034115
15096,1.3886910677
15097,1.19958949089
15098,1.18838274479
15099,1.21175420284
15100,1.32216978073
15101,1.22832560539
15102,1.23882508278
15103,1.15928196907
15104,1.21743690968
15105,1.16532480717
15106,1.26812624931
15107,1.23125290871
15108,1.21870529652
15109,1.15610611439
15110,1.14382636547
15111,1.18733048439
15112,1.16736185551
15113,1.15640866756
15114,1.16211748123
15115,1.19069766998
15116,1.25511956215
15117,1.21085774899
15118,1.24993181229
15119,1.15229356289
15120,1.30390822887
15121,1.14716351032
15122,1.11847794056
15123,1.14739191532
15124,1.22671604156
15125,1.20424854755
15126,1.14359652996
15127,1.18985903263
15128,1.09418666363
15129,1.12646198273
15130,1.18016970158
15131,1.20938837528
15132,1.21630012989
15133,1.16925358772
15134,1.3139373064
15135,1.23970901966
15136,1.21687328815
15137,1.14429783821
15138,1.12635719776
15139,1.11967432499
15140,1.12413191795
15141,1.15965616703
15142,1.16787385941
15143,1.21529221535
15144,1.26744866371
15145,1.16576480865
15146,1.06018400192
15147,1.21481096745
15148,1.17376279831
15149,1.13915848732
15150,1.27326714993
15151,1.12375044823
15152,1.1487326622
15153,1.22322189808
15154,1.27847576141
15155,1.11592042446
15156,1.07315766811
15157,1.13196742535
15158,1.30308556557
15159,1.24914956093
15160,1.09678649902
15161,1.11081504822
15162,1.25587415695
15163,1.2060226202
15164,1.10982370377
15165,1.22771000862
15166,1.30690181255
15167,1.18380630016
15168,1.15269875526
15169,1.24438118935
15170,1.22793376446
15171,1.20155358315
15172,1.10564422607
15173,1.07666325569
15174,1.11599218845
15175,1.36057186127
15176,1.20516753197
15177,1.20471334457
15178,1.33575928211
15179,1.21849358082
15180,1.33248889446
15181,1.11475479603
15182,1.13734388351
15183,1.081797719
15184,1.22970175743
15185,1.14301931858
15186,1.19450652599
15187,1.1893787384
15188,1.13743102551
15189,1.21889710426
15190,1.12132048607
15191,1.20276045799
15192,1.19528949261
15193,1.16495513916
15194,1.25479495525
15195,1.1678301096
15196,1.16703677177
15197,1.11977267265
15198,1.20936191082
15199,1.28635668755
15200,1.17699992657
15201,1.20140123367
15202,1.17072677612
15203,1.20845770836
15204,1.11759674549
15205,1.30281054974
15206,1.1829097271
15207,1.19909918308
15208,1.17394292355
15209,1.14589881897
15210,1.25626623631
15211,1.14013898373
15212,1.18279075623
15213,1.22480666637
15214,1.20318710804
15215,1.2101650238
15216,1.23627102375
15217,1.26975727081
15218,1.14118587971
15219,1.16017150879
15220,1.13733077049
15221,1.14436686039
15222,1.21463239193
15223,1.25959348679
15224,1.26012265682
15225,1.24727261066
15226,1.15927064419
15227,1.19552731514
15228,1.18498551846
15229,1.16200244427
15230,1.1174902916
15231,1.22766840458
15232,1.15982997417
15233,1.16472792625
15234,1.13487768173
15235,1.2038834095
15236,1.23178184032
15237,1.21714293957
15238,1.11270046234
15239,1.17679536343
15240,1.14542508125
15241,1.1650698185
15242,1.22481608391
15243,1.20724320412
15244,1.10294866562
15245,1.1652507782
15246,1.2187012434
15247,1.27345871925
15248,1.20736551285
15249,1.20363247395
15250,1.25437784195
15251,1.22995865345
15252,1.17305576801
15253,1.24176192284
15254,1.15547680855
15255,1.18010926247
15256,1.22223377228
15257,1.07468736172
15258,1.20392096043
15259,1.05919837952
15260,1.1662800312
15261,1.24364495277
15262,1.27115678787
15263,1.32400369644
15264,1.13470876217
15265,1.17804694176
15266,1.072676301
15267,1.16595828533
15268,1.10117554665
15269,1.18376421928
15270,1.22948122025
15271,1.18407273293
15272,1.1984218359
15273,1.12720942497
15274,1.19693624973
15275,1.18609499931
15276,1.13134980202
15277,1.15781092644
15278,1.25845003128
15279,1.19286763668
15280,1.19252490997
15281,1.1828905344
15282,1.15990924835
15283,1.07886922359
15284,1.15545499325
15285,1.13804447651
15286,1.22041022778
15287,1.10610556602
15288,1.19568145275
15289,1.2703486681
15290,1.19989526272
15291,1.20081543922
15292,1.19915401936
15293,1.20662236214
15294,1.1438164711
15295,1.13525950909
15296,1.18202507496
15297,1.14797019958
15298,1.15761423111
15299,1.28990447521
15300,1.21030783653
15301,1.15376842022
15302,1.14811241627
15303,1.14298093319
15304,1.1831458807
15305,1.14565229416
15306,1.18331849575
15307,1.31214475632
15308,1.19372558594
15309,1.29204571247
15310,1.25944447517
15311,1.24018287659
15312,1.19165766239
15313,1.27608573437
15314,1.23997402191
15315,1.24855768681
15316,1.16418218613
15317,1.17366230488
15318,1.1813338995
15319,1.1158028841
15320,1.26788032055
15321,1.20133662224
15322,1.23702895641
15323,1.11090564728
15324,1.14811611176
15325,1.19040441513
15326,1.18994891644
15327,1.18478238583
15328,1.11350810528
15329,1.13753068447
15330,1.27664363384
15331,1.21873581409
15332,1.25090062618
15333,1.29269611835
15334,1.17035996914
15335,1.17025148869
15336,1.20121157169
15337,1.19847583771
15338,1.13067853451
15339,1.12640023232
15340,1.15913927555
15341,1.15419721603
15342,1.20952820778
15343,1.22946941853
15344,1.18543922901
15345,1.21993851662
15346,1.1062527895
15347,1.14274477959
15348,1.16385924816
15349,1.20847213268
15350,1.04505360126
15351,1.16238999367
15352,1.30132007599
15353,1.06806755066
15354,1.26726543903
15355,1.29538607597
15356,1.12130367756
15357,1.24873816967
15358,1.18741607666
15359,1.09523797035
15360,1.21342337132
15361,1.18540048599
15362,1.26506268978
15363,1.1514005661
15364,1.19472146034
15365,1.19630479813
15366,1.20804393291
15367,1.24242508411
15368,1.19894719124
15369,1.20878088474
15370,1.12365150452
15371,1.16978275776
15372,1.15829741955
15373,1.12513482571
15374,1.19336366653
15375,1.27616667747
15376,1.15432810783
15377,1.32536685467
15378,1.23739755154
15379,1.22628962994
15380,1.07862317562
15381,1.13362193108
15382,1.09746074677
15383,1.15531599522
15384,1.18209290504
15385,1.23337697983
15386,1.19680464268
15387,1.23779428005
15388,1.15453076363
15389,1.09098410606
15390,1.20775461197
15391,1.2142021656
15392,1.09360814095
15393,1.27840721607
15394,1.25160562992
15395,1.10705113411
15396,1.13258433342
15397,1.2265535593
15398,1.16828048229
15399,1.20797836781
15400,1.18806266785
15401,1.08417928219
15402,1.16496312618
15403,1.17653119564
15404,1.23519802094
15405,1.22298932076
15406,1.17571747303
15407,1.14046132565
15408,1.16231739521
15409,1.19115614891
15410,1.15580260754
15411,1.23286926746
15412,1.18273675442
15413,1.1663402319
15414,1.12736606598
15415,1.18086290359
15416,1.17229998112
15417,1.13589930534
15418,1.22126090527
15419,1.14715778828
15420,1.29153931141
15421,1.17804765701
15422,1.24451899529
15423,1.12760865688
15424,1.24092364311
15425,1.14868116379
15426,1.14595472813
15427,1.12430691719
15428,1.13921248913
15429,1.13136672974
15430,1.22861707211
15431,1.16984403133
15432,1.21234536171
15433,1.09376990795
15434,1.18147993088
15435,1.20457804203
15436,1.22005426884
15437,1.2469830513
15438,1.24330413342
15439,1.20955657959
15440,1.34597396851
15441,1.25594890118
15442,1.16716372967
15443,1.22137665749
15444,1.21456825733
15445,1.16358423233
15446,1.16818463802
15447,1.1662170887
15448,1.29927635193
15449,1.13982892036
15450,1.16472923756
15451,1.1416580677
15452,1.12212884426
15453,1.2565510273
15454,1.14167416096
15455,1.22983276844
15456,1.18979847431
15457,1.06542742252
15458,1.14532983303
15459,1.23797917366
15460,1.19808065891
15461,1.16678452492
15462,1.13851082325
15463,1.24669337273
15464,1.11162519455
15465,1.16964912415
15466,1.26928412914
15467,1.17814958096
15468,1.22357618809
15469,1.30435180664
15470,1.11937308311
15471,1.18503522873
15472,1.21118497849
15473,1.15881884098
15474,1.19544398785
15475,1.20324790478
15476,1.27958703041
15477,1.25537347794
15478,1.1630371809
15479,1.24463701248
15480,1.078535676
15481,1.37053024769
15482,1.23477721214
15483,1.26731610298
15484,1.23018729687
15485,1.14580273628
15486,1.15889155865
15487,1.27000939846
15488,1.21755027771
15489,1.1632335186
15490,1.25159609318
15491,1.19784855843
15492,1.23786711693
15493,1.14309632778
15494,1.32793176174
15495,1.09406304359
15496,1.19246649742
15497,1.16357862949
15498,1.20136678219
15499,1.18115794659
15500,1.20301616192
15501,1.1825248003
15502,1.17591571808
15503,1.24075865746
15504,1.22726750374
15505,1.19160974026
15506,1.17053997517
15507,1.16832888126
15508,1.11961305141
15509,1.06346523762
15510,1.06607151031
15511,1.23647797108
15512,1.22994792461
15513,1.21734619141
15514,1.13874590397
15515,1.20427441597
15516,1.15247452259
15517,1.23219561577
15518,1.17895972729
15519,1.20398652554
15520,1.26086163521
15521,1.20352995396
15522,1.15424251556
15523,1.12313294411
15524,1.2190721035
15525,1.1505651474
15526,1.14716005325
15527,1.19986534119
15528,1.22348940372
15529,1.20561420918
15530,1.22822499275
15531,1.26668357849
15532,1.18394434452
15533,1.14871525764
15534,1.15595722198
15535,1.27103281021
15536,1.19000267982
15537,1.1400500536
15538,1.17588686943
15539,1.25097954273
15540,1.13447618484
15541,1.22346401215
15542,1.14457976818
15543,1.19243526459
15544,1.18646907806
15545,1.24296247959
15546,1.15233266354
15547,1.19902086258
15548,1.27326023579
15549,1.12077212334
15550,1.23575663567
15551,1.29019224644
15552,1.12010216713
15553,1.21948552132
15554,1.12763822079
15555,1.27486085892
15556,1.23680186272
15557,1.24077677727
15558,1.15558624268
15559,1.16326296329
15560,1.12587428093
15561,1.16903984547
15562,1.13282930851
15563,1.15109360218
15564,1.1832754612
15565,1.10041177273
15566,1.22116279602
15567,1.25372850895
15568,1.22689211369
15569,1.29467523098
15570,1.20742964745
15571,1.23763847351
15572,1.18473505974
15573,1.35520529747
15574,1.28009581566
15575,1.22870373726
15576,1.20184516907
15577,1.15856266022
15578,1.26441299915
15579,1.19088661671
15580,1.14502835274
15581,1.25458610058
15582,1.17128133774
15583,1.17937421799
15584,1.24709367752
15585,1.19098258018
15586,1.11265301704
15587,1.12655639648
15588,1.14085388184
15589,1.25687944889
15590,1.2244399786
15591,1.1703363657
15592,1.14732027054
15593,1.21520662308
15594,1.09525418282
15595,1.19518172741
15596,1.05769193172
15597,1.17202997208
15598,1.17859828472
15599,1.20757269859
15600,1.31620538235
15601,1.15434455872
15602,1.24119055271
15603,1.27064502239
15604,1.25987803936
15605,1.17997312546
15606,1.25036621094
15607,1.17672002316
15608,1.11070263386
15609,1.26844394207
15610,1.19882690907
15611,1.21744120121
15612,1.2226973772
15613,1.17760515213
15614,1.12835717201
15615,1.13302755356
15616,1.22633957863
15617,1.17738044262
15618,1.20997583866
15619,1.18209600449
15620,1.1189006567
15621,1.26500797272
15622,1.1897418499
15623,1.20062839985
15624,1.06517136097
15625,1.20740234852
15626,1.20839953423
15627,1.20512986183
15628,1.15817856789
15629,1.16190731525
15630,2.33906841278
15631,1.12490928173
15632,1.28230130672
15633,1.29485619068
15634,1.22468900681
15635,1.16065979004
15636,1.18420541286
15637,1.28926539421
15638,1.26036477089
15639,1.18997728825
15640,1.15122783184
15641,1.09094679356
15642,1.25853860378
15643,1.15891599655
15644,1.2899929285
15645,1.31884670258
15646,1.12806463242
15647,1.13602828979
15648,1.13464796543
15649,1.17911946774
15650,1.17416346073
15651,1.17183279991
15652,1.21065104008
15653,1.2380592823
15654,1.11948502064
15655,1.14873182774
15656,1.16792297363
15657,1.1660784483
15658,1.12121105194
15659,1.17887127399
15660,1.10819625854
15661,1.20537269115
15662,1.27425539494
15663,1.13707840443
15664,1.27252352238
15665,1.19932723045
15666,1.25711655617
15667,1.23852109909
15668,1.26214087009
15669,1.23307240009
15670,1.21398127079
15671,1.16296637058
15672,1.26270604134
15673,1.18478012085
15674,1.18098294735
15675,1.08876729012
15676,1.2346612215
15677,1.21089673042
15678,1.1415336132
15679,1.19600915909
15680,1.18088853359
15681,1.12829875946
15682,1.15590500832
15683,1.25423634052
15684,1.27415454388
15685,1.19012773037
15686,1.23542237282
15687,1.27388048172
15688,1.16606616974
15689,1.32350385189
15690,1.22543609142
15691,1.30569720268
15692,1.32483994961
15693,1.27953124046
15694,1.3397796154
15695,1.18228125572
15696,1.25533735752
15697,1.16243708134
15698,1.256098032
15699,1.27786850929
15700,1.15221726894
15701,1.21727526188
15702,1.14493644238
15703,1.20891368389
15704,1.20273315907
15705,1.1697871685
15706,1.20656120777
15707,1.24702954292
15708,1.22505664825
15709,1.1069419384
15710,1.18723428249
15711,1.23677301407
15712,1.17402029037
15713,1.19301950932
15714,1.14723837376
15715,1.18677568436
15716,1.23539686203
15717,1.13895189762
15718,1.18883132935
15719,1.17795157433
15720,1.24366235733
15721,1.38850438595
15722,1.23427736759
15723,1.28699207306
15724,1.27887761593
15725,1.25918543339
15726,1.16932177544
15727,1.23915565014
15728,1.22680306435
15729,1.21951627731
15730,1.20284855366
15731,1.1495578289
15732,1.2647870779
15733,1.14032936096
15734,1.15699362755
15735,1.22815537453
15736,1.20647859573
15737,1.15433561802
15738,1.12590348721
15739,1.195551157
15740,1.21809887886
15741,1.12520480156
15742,1.14597916603
15743,1.15826189518
15744,1.20898938179
15745,1.18818473816
15746,1.10550701618
15747,1.1731222868
15748,1.10415732861
15749,1.21300423145
15750,1.12907934189
15751,1.26983451843
15752,1.13267147541
15753,1.28459942341
15754,1.26199674606
15755,1.17147016525
15756,1.0705575943
15757,1.23414349556
15758,1.15085506439
15759,1.1854262352
15760,1.11473667622
15761,1.09889566898
15762,1.16103959084
15763,1.2378898859
15764,1.23660063744
15765,1.23900389671
15766,1.30074238777
15767,1.17836737633
15768,1.23470699787
15769,1.15089094639
15770,1.19859969616
15771,1.11562120914
15772,1.1266272068
15773,1.21538078785
15774,1.09013390541
15775,1.19942891598
15776,1.2277084589
15777,1.25708866119
15778,1.16612350941
15779,1.33124423027
15780,1.22586262226
15781,1.12778484821
15782,1.13415694237
15783,1.18062984943
15784,1.21689009666
15785,1.16489708424
15786,1.16145157814
15787,1.21664440632
15788,1.26188194752
15789,1.210901618
15790,1.27182662487
15791,1.14220547676
15792,1.13327586651
15793,1.20615768433
15794,1.22844052315
15795,1.20472228527
15796,1.34256696701
15797,1.11146914959
15798,1.17984211445
15799,1.19330298901
15800,1.24028384686
15801,1.26555788517
15802,1.16000664234
15803,1.24696576595
15804,1.14050900936
15805,1.27953386307
15806,1.131909132
15807,1.20658171177
15808,1.36324989796
15809,1.16074073315
15810,1.18204450607
15811,1.23621022701
15812,1.24117732048
15813,1.18542313576
15814,1.21874272823
15815,1.11720585823
15816,1.09829306602
15817,1.19270920753
15818,1.21648216248
15819,1.2273670435
15820,1.14726746082
15821,1.24295294285
15822,1.23140597343
15823,1.11296772957
15824,1.18181204796
15825,1.19415485859
15826,1.18622469902
15827,1.17635679245
15828,1.05064272881
15829,1.21155965328
15830,1.21363067627
15831,1.18514430523
15832,1.23001551628
15833,1.23384809494
15834,1.17539596558
15835,1.21596550941
15836,1.12763690948
15837,1.17655420303
15838,1.24958252907
15839,1.16526246071
15840,1.13953518867
15841,1.2362331152
15842,1.16786658764
15843,1.12166297436
15844,1.19169700146
15845,1.27457892895
15846,1.26231217384
15847,1.14370071888
15848,1.25537741184
15849,1.18157935143
15850,1.17444097996
15851,1.14239752293
15852,1.12679421902
15853,1.28819513321
15854,1.18306291103
15855,1.18717944622
15856,1.25924801826
15857,1.17048537731
15858,1.20563137531
15859,1.17295563221
15860,1.1267490387
15861,1.21395564079
15862,1.16716396809
15863,1.13001644611
15864,1.21771275997
15865,1.1139485836
15866,1.31146109104
15867,1.27071940899
15868,1.17204713821
15869,1.10441112518
15870,1.14570891857
15871,1.13646841049
15872,1.17845928669
15873,1.21061396599
15874,1.24762892723
15875,1.09101092815
15876,1.15851843357
15877,1.23705518246
15878,1.18060564995
15879,1.18344438076
15880,1.17293119431
15881,1.14106273651
15882,1.21325981617
15883,1.07428991795
15884,1.14501988888
15885,1.16741144657
15886,1.14462411404
15887,1.28092241287
15888,1.14572548866
15889,1.2242295742
15890,1.24671220779
15891,1.13885653019
15892,1.17215287685
15893,1.25664305687
15894,1.13716316223
15895,1.18273806572
15896,1.27008926868
15897,1.11352038383
15898,1.16672110558
15899,1.19657814503
15900,1.05321002007
15901,1.1226118803
15902,1.26235592365
15903,1.2649872303
15904,1.16942310333
15905,1.3030769825
15906,1.16724431515
15907,1.30019855499
15908,1.21574866772
15909,1.19683301449
15910,1.18680083752
15911,1.21883618832
15912,1.24731993675
15913,1.26210653782
15914,1.32357311249
15915,1.25862801075
15916,1.13726878166
15917,1.19110131264
15918,1.16863441467
15919,1.27321684361
15920,1.20066225529
15921,1.24886107445
15922,1.17924702168
15923,1.18528091908
15924,1.22740280628
15925,1.1062643528
15926,1.14820623398
15927,1.25850749016
15928,1.2337012291
15929,1.17780542374
15930,1.16542410851
15931,1.25888192654
15932,1.15964889526
15933,1.25626623631
15934,1.19432640076
15935,1.21458005905
15936,1.20833647251
15937,1.18126678467
15938,1.21627414227
15939,1.12748432159
15940,1.21082055569
15941,1.20993340015
15942,1.21545600891
15943,1.15513193607
15944,1.1752525568
15945,1.26820468903
15946,1.15229952335
15947,1.20593047142
15948,1.2345199585
15949,1.09329116344
15950,1.13504743576
15951,1.28603041172
15952,1.13740694523
15953,1.25575757027
15954,1.25545477867
15955,1.1968588829
15956,1.19386434555
15957,1.15953207016
15958,1.20020341873
15959,1.14907062054
15960,1.19821667671
15961,1.20592999458
15962,1.18247246742
15963,1.24698328972
15964,1.17826879025
15965,1.12712883949
15966,1.22134900093
15967,1.19384396076
15968,1.2232786417
15969,1.28116595745
15970,1.32211136818
15971,1.25861144066
15972,1.13139510155
15973,1.17831587791
15974,1.20448434353
15975,1.26813066006
15976,1.26110625267
15977,1.15603137016
15978,1.20040953159
15979,1.10138952732
15980,1.14579868317
15981,1.25522434711
15982,1.0873734951
15983,1.21315324306
15984,1.202023983
15985,1.17440533638
15986,1.24226379395
15987,1.18709504604
15988,1.05660057068
15989,1.16301214695
15990,1.17241060734
15991,1.22086942196
15992,1.32395577431
15993,1.2209841013
15994,1.20608603954
15995,1.24444305897
15996,1.19853830338
15997,1.19479608536
15998,1.23129558563
15999,1.24135422707
16000,1.17982828617
16001,1.1799737215
16002,1.22329008579
16003,1.16770672798
16004,1.21659767628
16005,1.2276545763
16006,1.21340215206
16007,1.15860903263
16008,1.20863854885
16009,1.22593438625
16010,1.17918431759
16011,1.12719464302
16012,1.13682806492
16013,1.22464704514
16014,1.2537099123
16015,1.34050452709
16016,1.21661770344
16017,1.14521110058
16018,1.23867630959
16019,1.28781652451
16020,1.21517276764
16021,1.2423003912
16022,1.13122963905
16023,1.13511919975
16024,1.26329660416
16025,1.16227293015
16026,1.15716481209
16027,1.39135670662
16028,1.15405189991
16029,1.20459377766
16030,1.20809626579
16031,1.25030624866
16032,1.16699719429
16033,1.14310216904
16034,1.24300265312
16035,1.15768408775
16036,1.19732904434
16037,1.14902436733
16038,1.22992384434
16039,1.16049277782
16040,1.25282180309
16041,1.27916133404
16042,1.21845579147
16043,1.17611443996
16044,1.17950689793
16045,1.29636061192
16046,1.17913794518
16047,1.22085857391
16048,1.16676497459
16049,1.2033867836
16050,1.17098534107
16051,1.11688196659
16052,1.27581739426
16053,1.21262514591
16054,1.18975245953
16055,1.22462177277
16056,1.22456634045
16057,1.13316941261
16058,1.34417617321
16059,1.26052975655
16060,1.2075189352
16061,1.28496730328
16062,1.24193954468
16063,1.172914505
16064,1.25020289421
16065,1.25194096565
16066,1.14649903774
16067,1.18276667595
16068,1.26359570026
16069,1.14953732491
16070,1.23530220985
16071,1.24078083038
16072,1.1952688694
16073,1.261926651
16074,1.24461209774
16075,1.20661222935
16076,1.25372838974
16077,1.21844363213
16078,1.24532186985
16079,1.11588668823
16080,1.23262059689
16081,1.07974803448
16082,1.1409393549
16083,1.14703810215
16084,1.19374299049
16085,1.22320723534
16086,1.2230244875
16087,1.20164442062
16088,1.17967760563
16089,1.27147138119
16090,1.23933374882
16091,1.18527674675
16092,1.1221985817
16093,1.15337717533
16094,1.22638010979
16095,1.23613667488
16096,1.26250493526
16097,1.11766910553
16098,1.1812338829
16099,1.14592993259
16100,1.26848506927
16101,1.17085671425
16102,1.1667163372
16103,1.1916128397
16104,1.2246594429
16105,1.19402205944
16106,1.16350996494
16107,1.17847490311
16108,1.21273374557
16109,1.19524490833
16110,1.20914912224
16111,1.11057388783
16112,1.21711409092
16113,1.25671541691
16114,1.24234652519
16115,1.19327533245
16116,1.16972327232
16117,1.25679767132
16118,1.13189470768
16119,1.15158009529
16120,1.10983717442
16121,1.10531568527
16122,1.14625930786
16123,1.15599966049
16124,1.31202018261
16125,1.24183917046
16126,1.17556011677
16127,1.18844819069
16128,1.1760134697
16129,1.2538009882
16130,1.22498524189
16131,1.2609013319
16132,1.22556710243
16133,1.19691967964
16134,1.2014220953
16135,1.12954640388
16136,1.26668953896
16137,1.19573366642
16138,1.18613409996
16139,1.24297618866
16140,1.20723164082
16141,1.24541783333
16142,1.25388360023
16143,1.22705614567
16144,1.16471076012
16145,1.22391104698
16146,1.19801807404
16147,1.28090167046
16148,1.2227345705
16149,1.13267576694
16150,1.18477272987
16151,1.23482823372
16152,1.27883815765
16153,1.23028182983
16154,1.30831563473
16155,1.19591796398
16156,1.19417250156
16157,1.27741956711
16158,1.18679106236
16159,1.14610540867
16160,1.28131604195
16161,1.15285789967
16162,1.19266951084
16163,1.25560522079
16164,1.17268884182
16165,1.20585644245
16166,1.14623224735
16167,1.18180048466
16168,1.30093753338
16169,1.13199365139
16170,1.21903133392
16171,1.20285987854
16172,1.14087641239
16173,1.1932964325
16174,1.26874864101
16175,1.10516762733
16176,1.33602952957
16177,1.26006042957
16178,1.21046853065
16179,1.21000468731
16180,1.24917256832
16181,1.21453118324
16182,1.15928733349
16183,1.3089479208
16184,1.14692938328
16185,1.34882247448
16186,1.29729628563
16187,1.26929759979
16188,1.35439217091
16189,1.30087077618
16190,1.12670230865
16191,1.22394025326
16192,1.14599823952
16193,1.2134398222
16194,1.29538869858
16195,1.2303122282
16196,1.13793027401
16197,1.26630401611
16198,1.22046649456
16199,1.21873986721
16200,1.24581003189
16201,1.20082783699
16202,1.17412590981
16203,1.23565769196
16204,1.10156548023
16205,1.11543262005
16206,1.21773779392
16207,1.09069573879
16208,1.19035303593
16209,1.19795191288
16210,1.20940089226
16211,1.25789427757
16212,1.26826119423
16213,1.170378685
16214,1.17049658298
16215,1.08196723461
16216,1.15796649456
16217,1.25849723816
16218,1.10881769657
16219,1.22260034084
16220,1.18428075314
16221,1.12465155125
16222,1.14872324467
16223,1.1686347723
16224,1.22553086281
16225,1.2479916811
16226,1.17191421986
16227,1.1608594656
16228,1.09858322144
16229,1.18448007107
16230,1.2298835516
16231,1.1578887701
16232,1.24130380154
16233,1.15459680557
16234,1.17460000515
16235,1.20069956779
16236,1.15313124657
16237,1.1843764782
16238,1.18105590343
16239,1.2622833252
16240,1.12538564205
16241,1.25635838509
16242,1.25861561298
16243,1.2670353651
16244,1.2199896574
16245,1.1825710535
16246,1.19500589371
16247,1.16802406311
16248,1.20246326923
16249,1.19509768486
16250,1.11819064617
16251,1.28931498528
16252,1.26856672764
16253,1.18614077568
16254,1.23319971561
16255,1.19452822208
16256,1.283400774
16257,1.27564072609
16258,1.27350604534
16259,1.20225262642
16260,1.28760147095
16261,1.11057209969
16262,1.21618044376
16263,1.17285656929
16264,1.1565643549
16265,1.31776928902
16266,1.14749848843
16267,1.22118794918
16268,1.36895096302
16269,1.19393074512
16270,1.14042448997
16271,1.30041229725
16272,1.18580067158
16273,1.13779604435
16274,1.14785206318
16275,1.24687194824
16276,1.1700783968
16277,1.32820785046
16278,1.22724211216
16279,1.19389081001
16280,1.07207036018
16281,1.17976093292
16282,1.29138565063
16283,1.20542633533
16284,1.19641757011
16285,1.21299529076
16286,1.20118141174
16287,1.13785886765
16288,1.29516851902
16289,1.18270659447
16290,1.25772094727
16291,1.19930040836
16292,1.24785816669
16293,1.19787764549
16294,1.28146600723
16295,1.26858878136
16296,1.17162120342
16297,1.2408721447
16298,1.18479013443
16299,1.27493751049
16300,1.15925598145
16301,1.1513671875
16302,1.23034584522
16303,1.21739077568
16304,1.15362274647
16305,1.21585404873
16306,1.17204236984
16307,1.27928817272
16308,1.2710403204
16309,1.18684625626
16310,1.24184274673
16311,1.15941333771
16312,1.23007571697
16313,1.21468305588
16314,1.23464012146
16315,1.31128680706
16316,1.2360022068
16317,1.19376432896
16318,1.19944918156
16319,1.16664457321
16320,1.21720921993
16321,1.19169998169
16322,1.14684474468
16323,1.12049174309
16324,1.19406795502
16325,1.21409702301
16326,1.24327015877
16327,1.21032655239
16328,1.26135551929
16329,1.18476843834
16330,1.28989827633
16331,1.17037308216
16332,1.20779883862
16333,1.2322332859
16334,1.13870370388
16335,1.1304949522
16336,1.27232217789
16337,1.15761876106
16338,1.25346004963
16339,1.24465537071
16340,1.3121727705
16341,1.28276455402
16342,1.32534968853
16343,1.33993780613
16344,1.16682362556
16345,1.14184319973
16346,1.20945358276
16347,1.21135282516
16348,1.24964761734
16349,1.22275257111
16350,1.1859691143
16351,1.23361432552
16352,1.19871616364
16353,1.28031611443
16354,1.22482085228
16355,1.18469154835
16356,1.22637736797
16357,1.25283682346
16358,1.26797902584
16359,1.12525320053
16360,1.31879556179
16361,1.26954805851
16362,1.19593036175
16363,1.14134907722
16364,1.20424723625
16365,1.23559367657
16366,1.15307807922
16367,1.15552401543
16368,1.15151786804
16369,1.29837465286
16370,1.14440584183
16371,1.1593310833
16372,1.21687102318
16373,1.27399611473
16374,1.25991845131
16375,1.20137536526
16376,1.22805655003
16377,1.18993735313
16378,1.23642873764
16379,1.29989492893
16380,1.22314298153
16381,1.2883759737
16382,1.27276206017
16383,1.34889602661
16384,1.1952252388
16385,1.22517299652
16386,1.14068996906
16387,1.18093943596
16388,1.22773933411
16389,1.20185399055
16390,1.29557788372
16391,1.12227523327
16392,1.18849980831
16393,1.18018078804
16394,1.16268134117
16395,1.14969336987
16396,1.26612973213
16397,1.2084454298
16398,1.16428112984
16399,1.31974327564
16400,1.24376630783
16401,1.30584013462
16402,1.15990674496
16403,1.27210152149
16404,1.21249508858
16405,1.16080629826
16406,1.13735187054
16407,1.29495215416
16408,1.23024773598
16409,1.15836787224
16410,1.20989274979
16411,1.22518289089
16412,1.2265431881
16413,1.26146507263
16414,1.22884249687
16415,1.23524391651
16416,1.10345518589
16417,1.31933224201
16418,1.36179959774
16419,1.19683218002
16420,1.22214627266
16421,1.17688703537
16422,1.1389592886
16423,1.15217292309
16424,1.34864556789
16425,1.21799635887
16426,1.18049740791
16427,1.25584709644
16428,1.35608208179
16429,1.20127999783
16430,1.26388239861
16431,1.18564283848
16432,1.24753332138
16433,1.20629656315
16434,1.18578243256
16435,1.21950376034
16436,1.23346483707
16437,1.13668715954
16438,1.18602120876
16439,1.1562473774
16440,1.19506263733
16441,1.22763669491
16442,1.25363099575
16443,1.22888863087
16444,1.18070137501
16445,1.11335861683
16446,1.21031141281
16447,1.17653286457
16448,1.16740190983
16449,1.23913133144
16450,1.15193235874
16451,1.10797309875
16452,1.22456741333
16453,1.23109436035
16454,1.16401231289
16455,1.11317062378
16456,1.25508785248
16457,1.16945540905
16458,1.20507574081
16459,1.1789162159
16460,1.17864060402
16461,1.11085700989
16462,1.23353660107
16463,1.17460715771
16464,1.10765349865
16465,1.25059211254
16466,1.17566561699
16467,1.24109792709
16468,1.13293433189
16469,1.15438020229
16470,1.17755317688
16471,1.15222859383
16472,1.18477606773
16473,1.23039746284
16474,1.1384563446
16475,1.19177746773
16476,1.22491300106
16477,1.15556108952
16478,1.24217414856
16479,1.22901189327
16480,1.22439086437
16481,1.19918549061
16482,1.21201634407
16483,1.11940085888
16484,1.35532224178
16485,1.30178809166
16486,1.22787332535
16487,1.19740688801
16488,1.24451577663
16489,1.24671316147
16490,1.15806007385
16491,1.19904112816
16492,1.0751888752
16493,1.18309020996
16494,1.18620324135
16495,1.21114504337
16496,1.25821602345
16497,1.19363951683
16498,1.26137053967
16499,1.14257478714
16500,1.14048266411
16501,1.24227702618
16502,1.3229868412
16503,1.16034662724
16504,1.14509892464
16505,1.158452034
16506,1.09324252605
16507,1.27998697758
16508,1.15066421032
16509,1.18884980679
16510,1.22277104855
16511,1.14830338955
16512,1.16088664532
16513,1.22082781792
16514,1.22144758701
16515,1.22362649441
16516,1.2473192215
16517,1.26509952545
16518,1.19199633598
16519,1.22926235199
16520,1.15795373917
16521,1.220952034
16522,1.29810452461
16523,1.20805990696
16524,1.14430725574
16525,1.20561861992
16526,1.27018201351
16527,1.23155486584
16528,1.26878082752
16529,1.15478205681
16530,1.22979927063
16531,1.18089795113
16532,1.17900502682
16533,1.18638300896
16534,1.21244692802
16535,1.2401586771
16536,1.17235016823
16537,1.16356897354
16538,1.28213989735
16539,1.18316066265
16540,1.29314649105
16541,1.24863731861
16542,1.2016800642
16543,1.22382521629
16544,1.29824256897
16545,1.22636270523
16546,1.17197453976
16547,1.15840733051
16548,1.20897936821
16549,1.20721685886
16550,1.26447546482
16551,1.25904285908
16552,1.22625803947
16553,1.26470136642
16554,1.24171805382
16555,1.14751207829
16556,1.18438863754
16557,1.18240702152
16558,1.19125056267
16559,1.33906495571
16560,1.21520006657
16561,1.16412341595
16562,1.16717255116
16563,1.1725808382
16564,1.22247409821
16565,1.26155543327
16566,1.29000782967
16567,1.2189167738
16568,1.22489154339
16569,1.24063301086
16570,1.2415214777
16571,1.32543063164
16572,1.25903010368
16573,1.12412333488
16574,1.24787187576
16575,1.1398216486
16576,1.19508624077
16577,1.20869588852
16578,1.26961529255
16579,1.21735870838
16580,1.17976808548
16581,1.37302947044
16582,1.20334148407
16583,1.13129782677
16584,1.26543021202
16585,1.22018909454
16586,1.14553189278
16587,1.20311379433
16588,1.19812750816
16589,1.1518446207
16590,1.11633300781
16591,1.17056083679
16592,1.23281550407
16593,1.16319084167
16594,1.20620882511
16595,1.11049985886
16596,1.20236778259
16597,1.19667589664
16598,1.27089035511
16599,1.23899912834
16600,1.15031373501
16601,1.18690443039
16602,1.22768235207
16603,1.18044066429
16604,1.19713556767
16605,1.15298295021
16606,1.22690308094
16607,1.18652689457
16608,1.26550936699
16609,1.2613478899
16610,1.31640851498
16611,1.20213270187
16612,1.23477983475
16613,1.2628980875
16614,1.17730545998
16615,1.18297994137
16616,1.26494336128
16617,1.29250180721
16618,1.22249174118
16619,1.14187943935
16620,1.21624386311
16621,1.2034291029
16622,1.22484064102
16623,1.17633676529
16624,1.16616952419
16625,1.19256365299
16626,1.15240526199
16627,1.13110888004
16628,1.10111832619
16629,1.26584970951
16630,1.36053311825
16631,1.2342928648
16632,1.2674189806
16633,1.31550705433
16634,1.24569892883
16635,1.19245922565
16636,1.24768543243
16637,1.25614571571
16638,1.22732710838
16639,1.18462622166
16640,1.26117289066
16641,1.07603287697
16642,1.17531657219
16643,1.1982023716
16644,1.25506436825
16645,1.2421169281
16646,1.24692225456
16647,1.21220779419
16648,1.15044927597
16649,1.2867013216
16650,1.05587697029
16651,1.1983281374
16652,1.24396312237
16653,1.22238242626
16654,1.20697140694
16655,1.30145013332
16656,1.21217882633
16657,1.15036201477
16658,1.37066793442
16659,1.17303168774
16660,1.19751024246
16661,1.24173951149
16662,1.19319689274
16663,1.30577385426
16664,1.2620126009
16665,1.21772587299
16666,1.16331768036
16667,1.27303373814
16668,1.21884810925
16669,1.15309584141
16670,1.16972243786
16671,1.17940843105
16672,1.24733674526
16673,1.09180307388
16674,1.30755448341
16675,1.11294746399
16676,1.28348362446
16677,1.26348423958
16678,1.21234881878
16679,1.14325010777
16680,1.23564076424
16681,1.20102608204
16682,1.23461830616
16683,1.29922759533
16684,1.18729627132
16685,1.23059010506
16686,1.28093385696
16687,1.25953114033
16688,1.28360271454
16689,1.21523892879
16690,1.23815727234
16691,1.19627571106
16692,1.23742747307
16693,1.38696658611
16694,1.27120411396
16695,1.18952965736
16696,1.28480672836
16697,1.2306073904
16698,1.20967245102
16699,1.23752856255
16700,1.31187450886
16701,1.24140632153
16702,1.19698882103
16703,1.26200401783
16704,1.20184385777
16705,1.25962865353
16706,1.2319920063
16707,1.2676974535
16708,1.22398805618
16709,1.27635729313
16710,1.17148792744
16711,1.14979970455
16712,1.1821782589
16713,1.21386706829
16714,1.15674841404
16715,1.21633660793
16716,1.23295462132
16717,1.08366322517
16718,1.13639271259
16719,1.17729651928
16720,1.20133018494
16721,1.3056306839
16722,1.26269197464
16723,1.18963718414
16724,1.25257384777
16725,1.25952005386
16726,1.21035408974
16727,1.14043200016
16728,1.27544212341
16729,1.25750529766
16730,1.32687580585
16731,1.19534862041
16732,1.13633024693
16733,1.15133905411
16734,1.26603531837
16735,1.24862873554
16736,1.18188226223
16737,1.10485267639
16738,1.1820628643
16739,1.24355125427
16740,1.30326271057
16741,1.18735480309
16742,1.20960748196
16743,1.12965726852
16744,1.20231842995
16745,1.13918220997
16746,1.17873203754
16747,1.24334955215
16748,1.23619925976
16749,1.21110832691
16750,1.1652905941
16751,1.16267907619
16752,1.21247243881
16753,1.21533083916
16754,1.14209747314
16755,1.19115507603
16756,1.15857100487
16757,1.19355714321
16758,1.19593584538
16759,1.21812939644
16760,1.20280134678
16761,1.19023668766
16762,1.20643079281
16763,1.13568663597
16764,1.17651104927
16765,1.23496079445
16766,1.14109969139
16767,1.18247425556
16768,1.25779342651
16769,1.18417704105
16770,1.22736847401
16771,1.25416123867
16772,1.19121646881
16773,1.19877970219
16774,1.26091682911
16775,1.20679652691
16776,1.21651947498
16777,1.21615898609
16778,1.19301617146
16779,1.41475522518
16780,1.28105676174
16781,1.26446425915
16782,1.21098399162
16783,1.25405418873
16784,1.32104206085
16785,1.14326918125
16786,1.2246773243
16787,1.2901185751
16788,1.17106056213
16789,1.25201320648
16790,1.16526591778
16791,1.29495608807
16792,1.1787443161
16793,1.18485867977
16794,1.19762206078
16795,1.2217746973
16796,1.26366710663
16797,1.24825358391
16798,1.24690115452
16799,1.21745347977
16800,1.22877526283
16801,1.2401664257
16802,1.22346127033
16803,1.24095356464
16804,1.17075443268
16805,1.27242648602
16806,1.361774683
16807,1.19197452068
16808,1.25498461723
16809,1.14128088951
16810,1.12996602058
16811,1.20311307907
16812,1.27584433556
16813,1.18895447254
16814,1.15270996094
16815,1.19098925591
16816,1.27345967293
16817,1.19805550575
16818,1.25085520744
16819,1.28477275372
16820,1.19886982441
16821,1.13419497013
16822,1.26667451859
16823,1.19072628021
16824,1.17785000801
16825,1.23956251144
16826,1.16107535362
16827,1.22098600864
16828,1.20838832855
16829,1.28952002525
16830,1.23866176605
16831,1.20953154564
16832,1.26793313026
16833,1.24738037586
16834,1.20874524117
16835,1.24495112896
16836,1.09004950523
16837,1.31723022461
16838,1.182046175
16839,1.14472389221
16840,1.25305604935
16841,1.27156662941
16842,1.15839135647
16843,1.18412005901
16844,1.22661709785
16845,1.17647337914
16846,1.16935324669
16847,1.19918787479
16848,1.21622478962
16849,1.2171984911
16850,1.24839305878
16851,1.23554444313
16852,1.19724333286
16853,1.2776260376
16854,1.29132866859
16855,1.17677748203
16856,1.28822135925
16857,1.2153955698
16858,1.36580407619
16859,1.2019546032
16860,1.24596047401
16861,1.19823002815
16862,1.16738724709
16863,1.21754169464
16864,1.16089332104
16865,1.19975674152
16866,1.26270496845
16867,1.33702528477
16868,1.27244317532
16869,1.0887131691
16870,1.17323720455
16871,1.24958455563
16872,1.28540074825
16873,1.23286485672
16874,1.2411506176
16875,1.27984714508
16876,1.25586986542
16877,1.25036239624
16878,1.29927623272
16879,1.20452368259
16880,1.19346690178
16881,1.28479731083
16882,1.22762155533
16883,1.15759551525
16884,1.27430462837
16885,1.14931309223
16886,1.17249250412
16887,1.21662557125
16888,1.22124433517
16889,1.29473316669
16890,1.28251755238
16891,1.16804540157
16892,1.18261599541
16893,1.15873539448
16894,1.24085831642
16895,1.17484819889
16896,1.24600958824
16897,1.19193804264
16898,1.25514769554
16899,1.28671419621
16900,1.29666340351
16901,1.33880114555
16902,1.17867946625
16903,1.23981118202
16904,1.24561309814
16905,1.38376939297
16906,1.18051123619
16907,1.31291997433
16908,1.27561748028
16909,1.18923532963
16910,1.22188031673
16911,1.15936052799
16912,1.21577346325
16913,1.16963505745
16914,1.22599220276
16915,1.27045071125
16916,1.33464789391
16917,1.21780920029
16918,1.19845545292
16919,1.42419958115
16920,1.25772750378
16921,1.35108435154
16922,1.21371126175
16923,1.24306821823
16924,1.19124472141
16925,1.24750256538
16926,1.11116921902
16927,1.23300695419
16928,1.18043911457
16929,1.19324743748
16930,1.25025582314
16931,1.31429219246
16932,1.18886554241
16933,1.13085067272
16934,1.2204669714
16935,1.20355463028
16936,1.28497290611
16937,1.24476873875
16938,1.27729594707
16939,1.26860237122
16940,1.23153758049
16941,1.17056620121
16942,1.3263001442
16943,1.20464253426
16944,1.21338510513
16945,1.13392961025
16946,1.27462172508
16947,1.13544142246
16948,1.26247131824
16949,1.24599850178
16950,1.20024740696
16951,1.25265336037
16952,1.16435706615
16953,1.24273836613
16954,1.15370893478
16955,1.23582649231
16956,1.27323162556
16957,1.09723079205
16958,1.36958003044
16959,1.32481050491
16960,1.14547383785
16961,1.16118395329
16962,1.18670797348
16963,1.22605586052
16964,1.16201066971
16965,1.19548738003
16966,1.20799195766
16967,1.2047880888
16968,1.20594978333
16969,1.15699291229
16970,1.25784480572
16971,1.18205320835
16972,1.287555933
16973,1.22649419308
16974,1.22126936913
16975,1.34876513481
16976,1.28010344505
16977,1.15933346748
16978,1.15230095387
16979,1.29128015041
16980,1.10594117641
16981,1.27233803272
16982,1.25767111778
16983,1.18114924431
16984,1.12735438347
16985,1.03615355492
16986,1.17380857468
16987,1.15936863422
16988,1.36213588715
16989,1.17423808575
16990,1.29142701626
16991,1.14995229244
16992,1.29053866863
16993,1.24965929985
16994,1.26297044754
16995,1.25838279724
16996,1.26922607422
16997,1.14915525913
16998,1.20925354958
16999,1.23718738556
17000,1.19160842896
17001,1.20804595947
17002,1.22502624989
17003,1.17428421974
17004,1.26833260059
17005,1.32697546482
17006,1.20982372761
17007,1.29735720158
17008,1.24184370041
17009,1.20564985275
17010,1.17443728447
17011,1.23458623886
17012,1.21187067032
17013,1.18001830578
17014,1.2592741251
17015,1.18704640865
17016,1.15987062454
17017,1.17965912819
17018,1.23847579956
17019,1.252389431
17020,1.23682653904
17021,1.22164821625
17022,1.18530094624
17023,1.28859877586
17024,1.11940491199
17025,1.23582279682
17026,1.18776500225
17027,1.19630587101
17028,1.1795374155
17029,1.18663620949
17030,1.22723162174
17031,1.22960662842
17032,1.24639368057
17033,1.24870169163
17034,1.24875366688
17035,1.27483439445
17036,1.28336668015
17037,1.21115410328
17038,1.20018088818
17039,1.16628074646
17040,1.22234582901
17041,1.22224342823
17042,1.22032284737
17043,1.32088291645
17044,1.26255512238
17045,1.17869389057
17046,1.2475041151
17047,1.11654603481
17048,1.11404001713
17049,1.29307305813
17050,1.19621670246
17051,1.34711575508
17052,1.19854581356
17053,1.21047854424
17054,1.27492582798
17055,1.21538698673
17056,1.24823307991
17057,1.25593960285
17058,1.35581707954
17059,1.23130750656
17060,1.28816735744
17061,1.4201529026
17062,1.24305617809
17063,1.29092001915
17064,1.2332047224
17065,1.18820083141
17066,1.21445143223
17067,1.22770774364
17068,1.10447227955
17069,1.25395739079
17070,1.16581904888
17071,1.22567379475
17072,1.2719758749
17073,1.25831663609
17074,1.14676988125
17075,1.20374119282
17076,1.22338187695
17077,1.26990509033
17078,1.20098543167
17079,1.17801010609
17080,1.16116952896
17081,1.31190907955
17082,1.17919898033
17083,1.15684175491
17084,1.13253700733
17085,1.28863584995
17086,1.1214466095
17087,1.15377950668
17088,1.26431691647
17089,1.20139575005
17090,1.24411535263
17091,1.20213675499
17092,1.22730314732
17093,1.20289409161
17094,1.25410103798
17095,1.19531285763
17096,1.30624210835
17097,1.20393145084
17098,1.17704045773
17099,1.29708969593
17100,1.14598786831
17101,1.24151492119
17102,1.24183654785
17103,1.2735234499
17104,1.258212924
17105,1.19585001469
17106,1.13342297077
17107,1.18014371395
17108,1.23121392727
17109,1.20266973972
17110,1.19176065922
17111,1.28700566292
17112,1.25207793713
17113,1.33846151829
17114,1.27669894695
17115,1.15434265137
17116,1.27030920982
17117,1.163179636
17118,1.24956691265
17119,1.19233524799
17120,1.15644025803
17121,1.23809289932
17122,1.20683717728
17123,1.15027117729
17124,1.16541230679
17125,1.28921175003
17126,1.24047911167
17127,1.25259244442
17128,1.2518594265
17129,1.15279507637
17130,1.24600446224
17131,1.18390727043
17132,1.19793212414
17133,1.21061444283
17134,1.26935994625
17135,1.20219421387
17136,1.12251722813
17137,1.23295748234
17138,1.2279086113
17139,1.19174420834
17140,1.15546631813
17141,1.23853754997
17142,1.25765943527
17143,1.20988345146
17144,1.20195376873
17145,1.20929336548
17146,1.17024838924
17147,1.14302420616
17148,1.22281754017
17149,1.16454195976
17150,1.25095105171
17151,1.24147295952
17152,1.26315689087
17153,1.16369855404
17154,1.15804159641
17155,1.17390143871
17156,1.19767642021
17157,1.23573482037
17158,1.17362391949
17159,1.21820127964
17160,1.13610732555
17161,1.22350728512
17162,1.18635904789
17163,1.17096400261
17164,1.07772827148
17165,1.2096965313
17166,1.18565928936
17167,1.26863157749
17168,1.20940041542
17169,1.18461477757
17170,1.19899308681
17171,1.28249871731
17172,1.23569655418
17173,1.17744112015
17174,1.23908376694
17175,1.22878110409
17176,1.30207812786
17177,1.20043337345
17178,1.3111153841
17179,1.22945296764
17180,1.21986865997
17181,1.17587208748
17182,1.37834632397
17183,1.24697673321
17184,1.22187840939
17185,1.17255020142
17186,1.2340337038
17187,1.36481940746
17188,1.26487410069
17189,1.23054683208
17190,1.24661624432
17191,1.22401118279
17192,1.12397575378
17193,1.95164692402
17194,1.22853910923
17195,1.22932898998
17196,1.18359339237
17197,1.20428228378
17198,1.19704794884
17199,1.19433307648
17200,1.17748773098
17201,1.19911313057
17202,1.24941563606
17203,1.1533639431
17204,1.19113624096
17205,1.19166827202
17206,1.2246338129
17207,1.23709833622
17208,1.19631421566
17209,1.33686244488
17210,1.16870737076
17211,1.17123258114
17212,1.25923526287
17213,1.32545876503
17214,1.15729475021
17215,1.2228281498
17216,1.16326808929
17217,1.17949306965
17218,1.19605302811
17219,1.19541418552
17220,1.1463830471
17221,1.21787309647
17222,1.27157127857
17223,1.29898822308
17224,1.27389419079
17225,1.18084979057
17226,1.18765127659
17227,1.2566845417
17228,1.29943561554
17229,1.16136789322
17230,1.20771431923
17231,1.12042558193
17232,1.23730361462
17233,1.23442947865
17234,1.15346252918
17235,1.15141689777
17236,1.19944477081
17237,1.19825792313
17238,1.26809322834
17239,1.22160768509
17240,1.2716524601
17241,1.21408247948
17242,1.28592729568
17243,1.21622037888
17244,1.19427287579
17245,1.21933031082
17246,1.27527415752
17247,1.17151069641
17248,1.16182816029
17249,1.17697191238
17250,1.12214338779
17251,1.25956130028
17252,1.19238555431
17253,1.1759802103
17254,1.29353129864
17255,1.18839120865
17256,1.20523476601
17257,1.11438143253
17258,1.16484284401
17259,1.08958244324
17260,1.20924472809
17261,1.14763021469
17262,1.23521792889
17263,1.24554777145
17264,1.26839661598
17265,1.14429950714
17266,1.19989550114
17267,1.1210116148
17268,1.16701960564
17269,1.20361042023
17270,1.18216383457
17271,1.21528303623
17272,1.31003844738
17273,1.2582218647
17274,1.10192286968
17275,1.19229710102
17276,1.1634939909
17277,1.1721098423
17278,1.25716686249
17279,1.26109218597
17280,1.30792284012
17281,1.38145828247
17282,1.17327618599
17283,1.24384355545
17284,1.23308968544
17285,1.20426392555
17286,1.23725485802
17287,1.15369260311
17288,1.16479182243
17289,1.26163065434
17290,1.18657553196
17291,1.20829451084
17292,1.21871328354
17293,1.26491630077
17294,1.12700343132
17295,1.3535490036
17296,1.24300408363
17297,1.17262470722
17298,1.19691026211
17299,1.2490375042
17300,1.19401359558
17301,1.15771329403
17302,1.17731320858
17303,1.21954965591
17304,1.18090009689
17305,1.30918443203
17306,1.3284432888
17307,1.34604156017
17308,1.28039360046
17309,1.25418281555
17310,1.20262992382
17311,1.23173332214
17312,1.16249871254
17313,1.18984282017
17314,1.22819554806
17315,1.2290699482
17316,1.27406430244
17317,1.18913948536
17318,1.23904621601
17319,1.23238027096
17320,1.29244232178
17321,1.2155957222
17322,1.24541044235
17323,1.26992309093
17324,1.25859904289
17325,1.1977840662
17326,1.19168627262
17327,1.18732213974
17328,1.21727132797
17329,1.19521903992
17330,1.23355770111
17331,1.21623635292
17332,1.24648547173
17333,1.31453454494
17334,1.23763525486
17335,1.23762536049
17336,1.16730415821
17337,1.19329237938
17338,1.17247843742
17339,1.10865020752
17340,1.25096392632
17341,1.27226984501
17342,1.22747373581
17343,1.25618267059
17344,1.26846766472
17345,1.14134418964
17346,1.3716083765
17347,1.18740677834
17348,1.23741269112
17349,1.20231199265
17350,1.14621937275
17351,1.25376188755
17352,1.35029399395
17353,1.18246221542
17354,1.31155514717
17355,1.14388728142
17356,1.22469079494
17357,1.24076330662
17358,1.17843234539
17359,1.09743571281
17360,1.12560880184
17361,1.24702990055
17362,1.17112112045
17363,1.23939955235
17364,1.22962427139
17365,1.25288653374
17366,1.14672803879
17367,1.29082405567
17368,1.25105965137
17369,1.25473797321
17370,1.31222593784
17371,1.25780284405
17372,1.20147204399
17373,1.12081432343
17374,1.24154448509
17375,1.23570859432
17376,1.23226416111
17377,1.24396276474
17378,1.21943795681
17379,1.25631070137
17380,1.21721243858
17381,1.17650735378
17382,1.2373111248
17383,1.16103160381
17384,1.27061629295
17385,1.21436989307
17386,1.14368534088
17387,1.2216271162
17388,1.20404982567
17389,1.22595524788
17390,1.19893693924
17391,1.26003742218
17392,1.22066545486
17393,1.17640841007
17394,1.20603621006
17395,1.29704535007
17396,1.23815488815
17397,1.10968649387
17398,1.14937138557
17399,1.17272293568
17400,1.25613737106
17401,1.2608537674
17402,1.33514046669
17403,1.20229959488
17404,1.21930074692
17405,1.23043489456
17406,1.24118566513
17407,1.2640683651
17408,1.1673681736
17409,1.20544219017
17410,1.2704590559
17411,1.27680242062
17412,1.23191535473
17413,1.22799408436
17414,1.18328237534
17415,1.18748164177
17416,1.21466112137
17417,1.35688209534
17418,1.29265606403
17419,1.15604794025
17420,1.2488451004
17421,1.23251914978
17422,1.29161643982
17423,1.19710922241
17424,1.20936858654
17425,1.18639433384
17426,1.14159822464
17427,1.27681672573
17428,1.2703551054
17429,1.24398267269
17430,1.24280655384
17431,1.21438193321
17432,1.15289056301
17433,1.15230107307
17434,1.16748142242
17435,1.21057617664
17436,1.18561351299
17437,1.30763268471
17438,1.15469241142
17439,1.197691679
17440,1.19904971123
17441,1.26510930061
17442,1.25806391239
17443,1.28089487553
17444,1.18618118763
17445,1.2109131813
17446,1.18670928478
17447,1.13151264191
17448,1.21800863743
17449,1.30565142632
17450,1.18171191216
17451,1.15499091148
17452,1.14251434803
17453,1.16011190414
17454,1.296646595
17455,1.17948806286
17456,1.2552421093
17457,1.25914657116
17458,1.11922967434
17459,1.17196333408
17460,1.21155714989
17461,1.1596249342
17462,1.17394006252
17463,1.1994509697
17464,1.30431807041
17465,1.23348701
17466,1.15022790432
17467,1.20478928089
17468,1.26062297821
17469,1.32032716274
17470,1.23161005974
17471,1.07531023026
17472,1.20746481419
17473,1.33372378349
17474,1.31213700771
17475,1.16829967499
17476,1.30217301846
17477,1.25413155556
17478,1.11895787716
17479,1.32040858269
17480,1.15439093113
17481,1.21677565575
17482,1.20574176311
17483,1.1731826067
17484,1.27224171162
17485,1.26129496098
17486,1.32442963123
17487,1.22044813633
17488,1.13724911213
17489,1.11354768276
17490,1.22740888596
17491,1.18529617786
17492,1.24914586544
17493,1.24149143696
17494,1.44299805164
17495,1.25570857525
17496,1.13421118259
17497,1.23238193989
17498,1.19768869877
17499,1.24316966534
17500,1.29250252247
17501,1.16029858589
17502,1.18316805363
17503,1.22626423836
17504,1.29832947254
17505,1.2064820528
17506,1.31384217739
17507,1.27327632904
17508,1.19099295139
17509,1.14864325523
17510,1.22637212276
17511,1.26888263226
17512,1.15023195744
17513,1.28131127357
17514,1.30440282822
17515,1.23562133312
17516,1.20107531548
17517,1.30474579334
17518,1.28054475784
17519,1.26942718029
17520,1.23935770988
17521,1.23005747795
17522,1.22215414047
17523,1.19995391369
17524,1.14281713963
17525,1.23641657829
17526,1.27615904808
17527,1.30050516129
17528,1.22857570648
17529,1.19061660767
17530,1.23557627201
17531,1.34090602398
17532,1.23854279518
17533,1.20368099213
17534,1.25457060337
17535,1.2520750761
17536,1.23967933655
17537,1.10480999947
17538,1.17109787464
17539,1.19433927536
17540,1.32129693031
17541,1.1839454174
17542,1.18397760391
17543,1.22799146175
17544,1.27601969242
17545,1.27272152901
17546,1.16727209091
17547,1.35019528866
17548,1.13199102879
17549,1.23293399811
17550,1.20511031151
17551,1.14207172394
17552,1.23608589172
17553,1.29652500153
17554,1.27438569069
17555,1.16397845745
17556,1.14491784573
17557,1.18908512592
17558,1.27535772324
17559,1.24526393414
17560,1.20264935493
17561,1.27861702442
17562,1.25051403046
17563,1.14159405231
17564,1.28896021843
17565,1.13585281372
17566,1.2313888073
17567,1.19786524773
17568,1.1927729845
17569,1.21360492706
17570,1.28579831123
17571,1.23478507996
17572,1.22911345959
17573,1.18668317795
17574,1.28158092499
17575,1.27548110485
17576,1.19907844067
17577,1.24019742012
17578,1.25209331512
17579,1.29973006248
17580,1.20445930958
17581,1.28759264946
17582,1.21362888813
17583,1.24343466759
17584,1.19983494282
17585,1.26543045044
17586,1.30118381977
17587,1.16158640385
17588,1.20613801479
17589,1.16857743263
17590,1.32790327072
17591,1.21256744862
17592,1.13729536533
17593,1.17825770378
17594,1.17896223068
17595,1.14580094814
17596,1.22092175484
17597,1.25017893314
17598,1.29036819935
17599,1.29438865185
17600,1.1674747467
17601,1.2494635582
17602,1.29751110077
17603,1.23022627831
17604,1.23604381084
17605,1.22847414017
17606,1.22768855095
17607,1.1230738163
17608,1.10149335861
17609,1.13530313969
17610,1.16321015358
17611,1.21207940578
17612,1.28720211983
17613,1.16555142403
17614,1.30810523033
17615,1.19554388523
17616,1.20746803284
17617,1.17406320572
17618,1.24625575542
17619,1.29546236992
17620,1.36122536659
17621,1.28219103813
17622,1.24847257137
17623,1.18133890629
17624,1.15590453148
17625,1.21318030357
17626,1.2269179821
17627,1.24128353596
17628,1.32312893867
17629,1.25970900059
17630,1.20130228996
17631,1.20491099358
17632,1.28835940361
17633,1.28330802917
17634,1.24905574322
17635,1.14795982838
17636,1.23039388657
17637,1.16611397266
17638,1.31248569489
17639,1.20942032337
17640,1.1775932312
17641,1.26767194271
17642,1.16235625744
17643,1.16249859333
17644,1.27095603943
17645,1.30897843838
17646,1.21126103401
17647,1.20555388927
17648,1.30333220959
17649,1.29284965992
17650,1.24168133736
17651,1.23032522202
17652,1.26944792271
17653,1.15822803974
17654,1.22371935844
17655,1.13750445843
17656,1.2009152174
17657,1.19192326069
17658,1.31011343002
17659,1.32360982895
17660,1.11225950718
17661,1.21342968941
17662,1.21786379814
17663,1.23827266693
17664,1.30235910416
17665,1.25504088402
17666,1.22369801998
17667,1.24170958996
17668,1.21874701977
17669,1.24587237835
17670,1.2316173315
17671,1.31824445724
17672,1.30175423622
17673,1.15566551685
17674,1.32479262352
17675,1.23668217659
17676,1.24689030647
17677,1.33610510826
17678,1.16592776775
17679,1.26341593266
17680,1.24318218231
17681,1.29343020916
17682,1.25931072235
17683,1.25148117542
17684,1.14547240734
17685,1.25397467613
17686,1.1867133379
17687,1.12352144718
17688,1.19345903397
17689,1.22136366367
17690,1.21535694599
17691,1.27837574482
17692,1.20787572861
17693,1.28041398525
17694,1.29138255119
17695,1.26282691956
17696,1.17655897141
17697,1.29410636425
17698,1.30906546116
17699,1.11722362041
17700,1.28707170486
17701,1.25643956661
17702,1.1886690855
17703,1.17250192165
17704,1.22678124905
17705,1.21071743965
17706,1.2123799324
17707,1.27893590927
17708,1.26188611984
17709,1.21771144867
17710,1.19313466549
17711,1.24171674252
17712,1.26077306271
17713,1.24794507027
17714,1.3138872385
17715,1.21173965931
17716,1.1415604353
17717,1.24803423882
17718,1.16647601128
17719,1.22519814968
17720,1.32204806805
17721,1.19108438492
17722,1.14115858078
17723,1.22766506672
17724,1.19004404545
17725,1.17014455795
17726,1.19285106659
17727,1.20496189594
17728,1.16016793251
17729,1.35057830811
17730,1.19854068756
17731,1.29344165325
17732,1.26994216442
17733,1.18356382847
17734,1.23155677319
17735,1.21438312531
17736,1.31742525101
17737,1.18543374538
17738,1.24402916431
17739,1.20704364777
17740,1.22930026054
17741,1.31596291065
17742,1.21109831333
17743,1.32314789295
17744,1.15720188618
17745,1.18518435955
17746,1.22951555252
17747,1.2883592844
17748,1.13952481747
17749,1.24846816063
17750,1.20588445663
17751,1.16829907894
17752,1.2164170742
17753,1.25232672691
17754,1.20131802559
17755,1.19414532185
17756,1.21882355213
17757,1.24887037277
17758,1.2166557312
17759,1.24470555782
17760,1.13619959354
17761,1.27803719044
17762,1.27121448517
17763,1.22037565708
17764,1.28138506413
17765,1.15571761131
17766,1.35178637505
17767,1.17682862282
17768,1.17939114571
17769,1.14264404774
17770,1.2255423069
17771,1.21190392971
17772,1.16181123257
17773,1.2304084301
17774,1.35253620148
17775,1.29465043545
17776,1.22083330154
17777,1.3015242815
17778,1.21868264675
17779,1.18079710007
17780,1.21024870872
17781,1.16805231571
17782,1.28382658958
17783,1.31357300282
17784,1.27176201344
17785,1.23150253296
17786,1.27342820168
17787,1.20262765884
17788,1.20750248432
17789,1.17484140396
17790,1.19567763805
17791,1.17866194248
17792,1.2313324213
17793,1.24095666409
17794,1.30787909031
17795,1.16500043869
17796,1.21382915974
17797,1.31292545795
17798,1.25372838974
17799,1.16825962067
17800,1.11364221573
17801,1.27892780304
17802,1.24847531319
17803,1.2805891037
17804,1.12082350254
17805,1.28668951988
17806,1.15917754173
17807,1.28562092781
17808,1.37562787533
17809,1.20103728771
17810,1.17779898643
17811,1.34012258053
17812,1.30219960213
17813,1.22923886776
17814,1.2851549387
17815,1.2080347538
17816,1.21629035473
17817,1.22867512703
17818,1.31399250031
17819,1.18395626545
17820,1.19705176353
17821,1.25317239761
17822,1.25783264637
17823,1.19012498856
17824,1.27566409111
17825,1.19972062111
17826,1.30353009701
17827,1.23300552368
17828,1.21747326851
17829,1.28082251549
17830,1.22553646564
17831,1.22344779968
17832,1.20306921005
17833,1.181022048
17834,1.24356722832
17835,1.33386218548
17836,1.2048085928
17837,1.25719070435
17838,1.21041071415
17839,1.27143740654
17840,1.34035336971
17841,1.15607213974
17842,1.20744824409
17843,1.19157350063
17844,1.32678294182
17845,1.28054189682
17846,1.25593447685
17847,1.31390237808
17848,1.21679902077
17849,1.27858614922
17850,1.20401215553
17851,1.35676062107
17852,1.26490354538
17853,1.11430501938
17854,1.27270960808
17855,1.14779210091
17856,1.23499548435
17857,1.21506237984
17858,1.23193752766
17859,1.2236109972
17860,1.27914643288
17861,1.25484669209
17862,1.15144860744
17863,1.23007035255
17864,1.28000068665
17865,1.34566164017
17866,1.23377251625
17867,1.23566436768
17868,1.19538402557
17869,1.24702548981
17870,1.18267428875
17871,1.2421746254
17872,1.23668825626
17873,1.20393645763
17874,1.24401068687
17875,1.26193785667
17876,1.22756922245
17877,1.33008813858
17878,1.25382351875
17879,1.23980295658
17880,1.16787946224
17881,1.19003486633
17882,1.17440152168
17883,1.23107874393
17884,1.29788017273
17885,1.27317690849
17886,1.18632340431
17887,1.16981875896
17888,1.35310280323
17889,1.14202165604
17890,1.28312337399
17891,1.20317924023
17892,1.19761180878
17893,1.21159291267
17894,1.25560450554
17895,1.24076843262
17896,1.30774199963
17897,1.24774265289
17898,1.18966782093
17899,1.23785340786
17900,1.24860370159
17901,1.15323328972
17902,1.18669843674
17903,1.21594810486
17904,1.31797468662
17905,1.27280914783
17906,1.26627278328
17907,1.28142058849
17908,1.27701187134
17909,1.21707439423
17910,1.21150112152
17911,1.10379421711
17912,1.23045182228
17913,1.2802541256
17914,1.29286575317
17915,1.22410917282
17916,1.22663033009
17917,1.23174953461
17918,1.19472253323
17919,1.15331995487
17920,1.1859203577
17921,1.14120876789
17922,1.20407378674
17923,1.29191040993
17924,1.33655142784
17925,1.23154640198
17926,1.2058185339
17927,1.16511845589
17928,1.24145829678
17929,1.33312022686
17930,1.12273168564
17931,1.20252799988
17932,1.22038149834
17933,1.3080893755
17934,1.20432305336
17935,1.20972061157
17936,1.26712357998
17937,1.24167478085
17938,1.14584028721
17939,1.1561293602
17940,1.26208364964
17941,1.26410675049
17942,1.25814771652
17943,1.18072605133
17944,1.24801683426
17945,1.22799181938
17946,1.27877807617
17947,1.17566859722
17948,1.22340750694
17949,1.2704449892
17950,1.12209272385
17951,1.16961503029
17952,1.21099698544
17953,1.17211377621
17954,1.24777114391
17955,1.217020154
17956,1.25389993191
17957,1.24506044388
17958,1.2340451479
17959,1.1821513176
17960,1.15022492409
17961,1.235221982
17962,1.20990407467
17963,1.23521947861
17964,1.23836421967
17965,1.37040030956
17966,1.28941631317
17967,1.37070393562
17968,1.17327046394
17969,1.35225880146
17970,1.21239233017
17971,1.24881982803
17972,1.22940719128
17973,1.23173713684
17974,1.30169606209
17975,1.40917873383
17976,1.30935692787
17977,1.1269390583
17978,1.32143700123
17979,1.22222316265
17980,1.2949744463
17981,1.17578327656
17982,1.19368374348
17983,1.20839715004
17984,1.28115844727
17985,1.18325686455
17986,1.18472528458
17987,1.15870332718
17988,1.12553572655
17989,1.26383125782
17990,1.25193035603
17991,1.23005437851
17992,1.17872285843
17993,1.19313418865
17994,1.27537834644
17995,1.27883899212
17996,1.17785024643
17997,1.22641694546
17998,1.21834254265
17999,1.2481777668
18000,1.22121858597
18001,1.16474437714
18002,1.31989383698
18003,1.26497220993
18004,1.30872392654
18005,1.27633476257
18006,1.24626111984
18007,1.29754209518
18008,1.21170437336
18009,1.15912687778
18010,1.22199881077
18011,1.17626714706
18012,1.19214117527
18013,1.18679189682
18014,1.12190902233
18015,1.20472288132
18016,1.18395030499
18017,1.33108317852
18018,1.28394842148
18019,1.22218477726
18020,1.20909905434
18021,1.23667514324
18022,1.23812139034
18023,1.21201443672
18024,1.21723902225
18025,1.16555571556
18026,1.18924498558
18027,1.33480632305
18028,1.2721350193
18029,1.16809535027
18030,1.17028999329
18031,1.3020581007
18032,1.24619042873
18033,1.21309280396
18034,1.14449977875
18035,1.15089857578
18036,1.24648368359
18037,1.29200613499
18038,1.30172359943
18039,1.28742015362
18040,1.27218258381
18041,1.2106654644
18042,1.26534545422
18043,1.10827469826
18044,1.16891562939
18045,1.19635891914
18046,1.27771449089
18047,1.24252021313
18048,1.23411035538
18049,1.17734372616
18050,1.29031288624
18051,1.14746510983
18052,1.18714845181
18053,1.22608339787
18054,1.37517178059
18055,1.3524492979
18056,1.25499033928
18057,1.25225663185
18058,1.16904377937
18059,1.22740113735
18060,1.24474513531
18061,1.25235307217
18062,1.19273281097
18063,1.22723031044
18064,1.23206841946
18065,1.38361477852
18066,1.30020439625
18067,1.23615348339
18068,1.15240478516
18069,1.26105475426
18070,1.17073702812
18071,1.23273074627
18072,1.2861354351
18073,1.26004707813
18074,1.24078297615
18075,1.23567759991
18076,1.32946693897
18077,1.23007285595
18078,1.26724243164
18079,1.15469908714
18080,1.19746530056
18081,1.21362698078
18082,1.1863950491
18083,1.28248536587
18084,1.24140143394
18085,1.18172669411
18086,1.30557191372
18087,1.24104976654
18088,1.22960007191
18089,1.19132685661
18090,1.10865664482
18091,1.13978970051
18092,1.36962127686
18093,1.29387581348
18094,1.13778734207
18095,1.25508058071
18096,1.18443524837
18097,1.37509357929
18098,1.21867120266
18099,1.19838821888
18100,1.16026818752
18101,1.18031299114
18102,1.18848133087
18103,1.24653434753
18104,1.23695743084
18105,1.19427001476
18106,1.20710623264
18107,1.16625118256
18108,1.32469165325
18109,1.17222678661
18110,1.26493740082
18111,1.25843715668
18112,1.22163951397
18113,1.25701057911
18114,1.23792743683
18115,1.3015639782
18116,1.17791795731
18117,1.35542738438
18118,1.2510509491
18119,1.29239225388
18120,1.26775717735
18121,1.12824571133
18122,1.13807141781
18123,1.22223424911
18124,1.29037749767
18125,1.1713000536
18126,1.23162102699
18127,1.23396551609
18128,1.28182852268
18129,1.29677224159
18130,1.19918346405
18131,1.29070615768
18132,1.20681500435
18133,1.27220869064
18134,1.1434803009
18135,1.18604934216
18136,1.2749890089
18137,1.22804665565
18138,1.20678257942
18139,1.2981287241
18140,1.26781475544
18141,1.34651768208
18142,1.31689870358
18143,1.24604535103
18144,1.22614681721
18145,1.19802427292
18146,1.24033665657
18147,1.18261420727
18148,1.26317977905
18149,1.30560231209
18150,1.36089038849
18151,1.18008434772
18152,1.23093223572
18153,1.36227691174
18154,1.1710716486
18155,1.23139703274
18156,1.21997439861
18157,1.14693129063
18158,1.31138396263
18159,1.22777187824
18160,1.2497549057
18161,1.2474052906
18162,1.18914830685
18163,1.15102601051
18164,1.24180829525
18165,1.15937507153
18166,1.26338839531
18167,1.15092360973
18168,1.26426756382
18169,1.32236588001
18170,1.23022830486
18171,1.22540926933
18172,1.20252633095
18173,1.21219587326
18174,1.26217246056
18175,1.32818186283
18176,1.20450091362
18177,1.16419160366
18178,1.22023403645
18179,1.22235250473
18180,1.23087441921
18181,1.22644162178
18182,1.20498597622
18183,1.25108981133
18184,1.2122553587
18185,1.22506999969
18186,1.3672914505
18187,1.37397134304
18188,1.25139439106
18189,1.27196502686
18190,1.15691232681
18191,1.21502840519
18192,1.23958361149
18193,1.28138399124
18194,1.27101743221
18195,1.21375441551
18196,1.36726117134
18197,1.34249460697
18198,1.19064998627
18199,1.2345366478
18200,1.22512161732
18201,1.25723576546
18202,1.18348515034
18203,1.19934344292
18204,1.30882644653
18205,1.28552389145
18206,1.291670084
18207,1.26270365715
18208,1.38443267345
18209,1.17634570599
18210,1.20206785202
18211,1.21192467213
18212,1.20988035202
18213,1.24666512012
18214,1.23381912708
18215,1.20307326317
18216,1.16961240768
18217,1.2133705616
18218,1.21265554428
18219,1.25267183781
18220,1.28415966034
18221,1.29940545559
18222,1.37925624847
18223,1.19106996059
18224,1.24714636803
18225,1.18817341328
18226,1.181022048
18227,1.16399812698
18228,1.23099577427
18229,1.19525444508
18230,1.26133346558
18231,1.20687747002
18232,1.14669561386
18233,1.25964736938
18234,1.20608389378
18235,1.34187674522
18236,1.21871805191
18237,1.20331287384
18238,1.20485210419
18239,1.22512698174
18240,1.19423735142
18241,1.24354565144
18242,1.27592277527
18243,1.21608197689
18244,1.22012794018
18245,1.23207402229
18246,1.3218973875
18247,1.22137343884
18248,1.15528774261
18249,1.29540193081
18250,1.15229094028
18251,1.15736973286
18252,1.25898504257
18253,1.34274399281
18254,1.17784559727
18255,1.23871457577
18256,1.25108504295
18257,1.18635880947
18258,1.18748664856
18259,1.24050545692
18260,1.19275677204
18261,1.22922992706
18262,1.23322629929
18263,1.36379957199
18264,1.12975513935
18265,1.18823301792
18266,1.22662520409
18267,1.28299236298
18268,1.17894756794
18269,1.20825886726
18270,1.24339663982
18271,1.19695663452
18272,1.26694965363
18273,1.16942584515
18274,1.23384594917
18275,1.20193052292
18276,1.26018357277
18277,1.32998943329
18278,1.23122131824
18279,1.2644302845
18280,1.19167220592
18281,1.16714847088
18282,1.32666122913
18283,1.17587792873
18284,1.18254125118
18285,1.26201331615
18286,1.23934793472
18287,1.24366044998
18288,1.22986447811
18289,1.1634272337
18290,1.264960289
18291,1.21784758568
18292,1.27623474598
18293,1.28584730625
18294,1.21342992783
18295,1.16039299965
18296,1.17778337002
18297,1.18557584286
18298,1.26712763309
18299,1.23339104652
18300,1.17293357849
18301,1.31234478951
18302,1.1977981329
18303,1.45257520676
18304,1.20940947533
18305,1.30050945282
18306,1.20861887932
18307,1.23839890957
18308,1.28885400295
18309,1.21023118496
18310,1.3533667326
18311,1.30869150162
18312,1.2366271019
18313,1.15414643288
18314,1.15783917904
18315,1.24051427841
18316,1.15301084518
18317,1.32410681248
18318,1.25523293018
18319,1.17548370361
18320,1.22676718235
18321,1.19241833687
18322,1.27233850956
18323,1.24357187748
18324,1.21723675728
18325,1.40297973156
18326,1.24154770374
18327,1.19563245773
18328,1.24414169788
18329,1.23645055294
18330,1.25807917118
18331,1.1679019928
18332,1.25027561188
18333,1.24402046204
18334,1.20894300938
18335,1.30850052834
18336,1.24244725704
18337,1.14641582966
18338,1.31243538857
18339,1.24305987358
18340,1.22756206989
18341,1.21211493015
18342,1.30868208408
18343,1.19202578068
18344,1.18476843834
18345,1.26729953289
18346,1.20776164532
18347,1.27035701275
18348,1.23716199398
18349,1.20092749596
18350,1.26174652576
18351,1.24870026112
18352,1.2086161375
18353,1.22414731979
18354,1.24508500099
18355,1.32124841213
18356,1.17666244507
18357,1.26538109779
18358,1.31202244759
18359,1.20739781857
18360,1.25310623646
18361,1.21625113487
18362,1.23636817932
18363,1.29913032055
18364,1.3399797678
18365,1.19063663483
18366,1.24213707447
18367,1.20876812935
18368,1.39491009712
18369,1.33854854107
18370,1.2511152029
18371,1.17919278145
18372,1.25410759449
18373,1.22548878193
18374,1.18603074551
18375,1.18720471859
18376,1.27660536766
18377,1.2585927248
18378,1.26043105125
18379,1.26734519005
18380,1.21237540245
18381,1.12602925301
18382,1.23183083534
18383,1.31205141544
18384,1.13118827343
18385,1.27315890789
18386,1.16597557068
18387,1.27332103252
18388,1.22791707516
18389,1.17867815495
18390,1.31084311008
18391,1.19243085384
18392,1.30363214016
18393,1.17110586166
18394,1.29510879517
18395,1.19154524803
18396,1.11132955551
18397,1.24048161507
18398,1.17747795582
18399,1.17437922955
18400,1.19262254238
18401,1.3542201519
18402,1.20841908455
18403,1.26376259327
18404,1.1389247179
18405,1.24520397186
18406,1.3567456007
18407,1.15829575062
18408,1.18482482433
18409,1.20797860622
18410,1.19809627533
18411,1.2164709568
18412,1.18022346497
18413,1.29549264908
18414,1.30101537704
18415,1.2589854002
18416,1.24465858936
18417,1.18951797485
18418,1.27386415005
18419,1.24252223969
18420,1.27443492413
18421,1.2398468256
18422,1.17469787598
18423,1.18665444851
18424,1.30311584473
18425,1.16091167927
18426,1.24936103821
18427,1.26515388489
18428,1.26837360859
18429,1.28888511658
18430,1.29624652863
18431,1.19507527351
18432,1.31346547604
18433,1.21982479095
18434,1.1469142437
18435,1.16255509853
18436,1.24405252934
18437,1.1808027029
18438,1.25887024403
18439,1.16726672649
18440,1.18060660362
18441,1.2001926899
18442,1.22374498844
18443,1.24214422703
18444,1.33236658573
18445,1.15671765804
18446,1.25111055374
18447,1.3075299263
18448,1.13131225109
18449,1.25812923908
18450,1.3256547451
18451,1.3483890295
18452,1.25227880478
18453,1.19776928425
18454,1.28530752659
18455,1.1987336874
18456,1.23299407959
18457,1.32322001457
18458,1.30370056629
18459,1.19734203815
18460,1.20373427868
18461,1.29297876358
18462,1.24898803234
18463,1.20691680908
18464,1.18320178986
18465,1.1289639473
18466,1.26573801041
18467,1.30599200726
18468,1.26310193539
18469,1.20460629463
18470,1.23183465004
18471,1.15382945538
18472,1.27900004387
18473,1.3040792942
18474,1.17366158962
18475,1.20529973507
18476,1.26850867271
18477,1.26735877991
18478,1.15067660809
18479,1.17384243011
18480,1.236571908
18481,1.33977997303
18482,1.31954646111
18483,1.17990672588
18484,1.25845742226
18485,1.28215813637
18486,1.22689521313
18487,1.27896463871
18488,1.29562282562
18489,1.30159163475
18490,1.30295872688
18491,1.20872581005
18492,1.23527157307
18493,1.26936352253
18494,1.29561257362
18495,1.27453327179
18496,1.27246904373
18497,1.20683646202
18498,1.31322264671
18499,1.24133098125
18500,1.28643393517
18501,1.32984352112
18502,1.31981265545
18503,1.27155530453
18504,1.31319630146
18505,1.29771769047
18506,1.34466457367
18507,1.22848045826
18508,1.24180948734
18509,1.23211729527
18510,1.22209835052
18511,1.20082318783
18512,1.20491123199
18513,1.31950175762
18514,1.1689003706
18515,1.23136818409
18516,1.21323335171
18517,1.29947066307
18518,1.22055971622
18519,1.25379145145
18520,1.33464479446
18521,1.35750389099
18522,1.11773335934
18523,1.16484177113
18524,1.15538275242
18525,1.24680912495
18526,1.27701282501
18527,1.24608182907
18528,1.23353350163
18529,1.30966949463
18530,1.16708350182
18531,1.20740675926
18532,1.1512709856
18533,1.25589847565
18534,1.18164908886
18535,1.22552931309
18536,1.24531936646
18537,1.33676898479
18538,1.16807067394
18539,1.13864350319
18540,1.20770943165
18541,1.21958041191
18542,1.26552248001
18543,1.1700937748
18544,1.18405747414
18545,1.20100235939
18546,1.25893473625
18547,1.3080830574
18548,1.20955383778
18549,1.26348125935
18550,1.14356136322
18551,1.24588239193
18552,1.29746341705
18553,1.26385450363
18554,1.23483264446
18555,1.31283628941
18556,1.20264923573
18557,1.28470551968
18558,1.28133916855
18559,1.25132143497
18560,1.16560590267
18561,1.19564712048
18562,1.2695016861
18563,1.22281038761
18564,1.25187373161
18565,1.21157181263
18566,1.26741170883
18567,1.20217847824
18568,1.24976813793
18569,1.23019599915
18570,1.33470153809
18571,1.21716082096
18572,1.27128839493
18573,1.2098647356
18574,1.20939171314
18575,1.19286334515
18576,1.1937584877
18577,1.36370694637
18578,1.28729569912
18579,1.22560012341
18580,1.19017922878
18581,1.27910113335
18582,1.14841556549
18583,1.27815520763
18584,1.18249094486
18585,1.19317674637
18586,1.25118649006
18587,1.14535057545
18588,1.2791967392
18589,1.3153526783
18590,1.29466021061
18591,1.2015119791
18592,1.1531932354
18593,1.15141093731
18594,1.20522630215
18595,1.28785979748
18596,1.1692173481
18597,1.23986160755
18598,1.29665386677
18599,1.22470593452
18600,1.1685385704
18601,1.19394242764
18602,1.21275103092
18603,1.25110399723
18604,1.2511600256
18605,1.14940536022
18606,1.24968826771
18607,1.27591907978
18608,1.3609316349
18609,1.18627846241
18610,1.28823232651
18611,1.1854724884
18612,1.29440236092
18613,1.26328074932
18614,1.16012537479
18615,1.17140340805
18616,1.16929495335
18617,1.26778841019
18618,1.24798178673
18619,1.24085998535
18620,1.2259427309
18621,1.28668093681
18622,1.35723268986
18623,1.22678387165
18624,1.18371450901
18625,1.28690469265
18626,1.32030892372
18627,1.33585774899
18628,1.19011819363
18629,1.19564557076
18630,1.20200967789
18631,1.22273564339
18632,1.20104146004
18633,1.28651809692
18634,1.27588689327
18635,1.24180388451
18636,1.27162110806
18637,1.2682557106
18638,1.2268819809
18639,1.22290980816
18640,1.26431214809
18641,1.33126604557
18642,1.25712132454
18643,1.25222861767
18644,1.19009172916
18645,1.12090194225
18646,1.17011034489
18647,1.35939216614
18648,1.36774301529
18649,1.26049005985
18650,1.2689344883
18651,1.28186523914
18652,1.24512469769
18653,1.21067452431
18654,1.24296355247
18655,1.38384544849
18656,1.2966221571
18657,1.27835512161
18658,1.24705672264
18659,1.25103151798
18660,1.26260650158
18661,1.24292016029
18662,1.28195142746
18663,1.23633372784
18664,1.21807491779
18665,1.24684870243
18666,1.233273983
18667,1.1765370369
18668,1.29937362671
18669,1.16338288784
18670,1.28872179985
18671,1.24882853031
18672,1.25408101082
18673,1.20547890663
18674,1.09207940102
18675,1.22380518913
18676,1.30784952641
18677,1.27455127239
18678,1.18779504299
18679,1.293815732
18680,1.25851547718
18681,1.24807190895
18682,1.31097126007
18683,1.34574472904
18684,1.2746591568
18685,1.28737401962
18686,1.25200009346
18687,1.30828690529
18688,1.26151525974
18689,1.17569208145
18690,1.15909445286
18691,1.20455944538
18692,1.24362778664
18693,1.25148618221
18694,1.24122262001
18695,1.32448601723
18696,1.25289511681
18697,1.1979470253
18698,1.28403890133
18699,1.15923976898
18700,1.24494683743
18701,1.16651499271
18702,1.27448916435
18703,1.19345521927
18704,1.27372443676
18705,1.32547581196
18706,1.21900832653
18707,1.25350785255
18708,1.2183868885
18709,1.25153815746
18710,1.31579530239
18711,1.2887532711
18712,1.30394208431
18713,1.22651875019
18714,1.30342245102
18715,1.26861011982
18716,1.21735394001
18717,1.12236356735
18718,1.31568956375
18719,1.26499223709
18720,1.24391114712
18721,1.15551280975
18722,1.29915845394
18723,1.11539113522
18724,1.30344903469
18725,1.17367315292
18726,1.12438189983
18727,1.23259496689
18728,1.2811255455
18729,1.25841939449
18730,1.2491389513
18731,1.27588450909
18732,1.28372001648
18733,1.2905189991
18734,1.28413927555
18735,1.20182240009
18736,1.25023984909
18737,1.23689472675
18738,1.24212062359
18739,1.28751969337
18740,1.25488293171
18741,1.32347095013
18742,1.24224042892
18743,1.29798710346
18744,1.18585777283
18745,1.2985162735
18746,1.25314295292
18747,1.22467029095
18748,1.32486081123
18749,1.26830971241
18750,1.18661308289
18751,1.18090736866
18752,1.31052422523
18753,1.180539608
18754,1.20176482201
18755,1.31266975403
18756,2.39511418343
18757,1.22953522205
18758,1.23764741421
18759,1.20426630974
18760,1.28500139713
18761,1.31753098965
18762,1.1916564703
18763,1.15745580196
18764,1.30500674248
18765,1.32347655296
18766,1.10368549824
18767,1.24517548084
18768,1.25750625134
18769,1.32387244701
18770,1.22908711433
18771,1.27381145954
18772,1.27612900734
18773,1.30543971062
18774,1.24046945572
18775,1.19631886482
18776,1.26954579353
18777,1.23255324364
18778,1.23463201523
18779,1.26177573204
18780,1.24205505848
18781,1.31236839294
18782,1.35575771332
18783,1.24075615406
18784,1.24420416355
18785,1.30050563812
18786,1.22076225281
18787,1.37615478039
18788,1.30518364906
18789,1.2626401186
18790,1.22298252583
18791,1.30009198189
18792,1.18719482422
18793,1.3187032938
18794,1.31477963924
18795,1.22612929344
18796,1.23238658905
18797,1.2171792984
18798,1.25632834435
18799,1.1968318224
18800,1.18777799606
18801,1.16130781174
18802,1.23602902889
18803,1.16849982738
18804,1.23447751999
18805,1.29454994202
18806,1.26868343353
18807,1.23853039742
18808,1.37646722794
18809,1.24217247963
18810,1.33511996269
18811,1.26433813572
18812,1.21769034863
18813,1.20125865936
18814,1.29461395741
18815,1.18560802937
18816,1.24522566795
18817,1.19001972675
18818,1.33533155918
18819,1.23530364037
18820,1.27158021927
18821,1.15165054798
18822,1.33146309853
18823,1.29099285603
18824,1.2331174612
18825,1.28556466103
18826,1.27259719372
18827,1.30439376831
18828,1.1947439909
18829,1.19826591015
18830,1.33134555817
18831,1.28007113934
18832,1.20605969429
18833,1.17338633537
18834,1.19077455997
18835,1.26572275162
18836,1.24617218971
18837,1.20872378349
18838,1.23887896538
18839,1.32414901257
18840,1.29904580116
18841,1.2647395134
18842,1.18757879734
18843,1.24528348446
18844,1.22350752354
18845,1.29284012318
18846,1.20540297031
18847,1.18080484867
18848,1.20440888405
18849,1.26663124561
18850,1.27591300011
18851,1.3030821085
18852,1.17587590218
18853,1.1710870266
18854,1.22991228104
18855,1.29697716236
18856,1.07148063183
18857,1.23202884197
18858,1.22315955162
18859,1.23645532131
18860,1.23679757118
18861,1.24320960045
18862,1.16810691357
18863,1.1520396471
18864,1.16527855396
18865,1.36365652084
18866,1.25791442394
18867,1.28296983242
18868,1.31446444988
18869,1.30085873604
18870,1.1828764677
18871,1.32417976856
18872,1.26918911934
18873,1.1475468874
18874,1.23945188522
18875,1.32621502876
18876,1.25535929203
18877,1.18269777298
18878,1.29150915146
18879,1.3356307745
18880,1.23721218109
18881,1.28418624401
18882,1.29527676105
18883,1.22124552727
18884,1.21919167042
18885,1.19331562519
18886,1.21872460842
18887,1.27146279812
18888,1.23218786716
18889,1.19132626057
18890,1.25473070145
18891,1.27684152126
18892,1.24848234653
18893,1.15675735474
18894,1.16415512562
18895,1.24606871605
18896,1.24600327015
18897,1.25235784054
18898,1.32596361637
18899,1.21985149384
18900,1.19734847546
18901,1.24671220779
18902,1.3106315136
18903,1.348716259
18904,1.19480240345
18905,1.18814539909
18906,1.26625776291
18907,1.32379829884
18908,1.28466320038
18909,1.2243500948
18910,1.30462431908
18911,1.26366579533
18912,1.21968853474
18913,1.35513758659
18914,1.19245767593
18915,1.37941074371
18916,1.35909438133
18917,1.20988845825
18918,1.3199108839
18919,1.19635462761
18920,1.20428168774
18921,1.2908012867
18922,1.36155533791
18923,1.28205525875
18924,1.24980211258
18925,1.15445244312
18926,1.2420784235
18927,1.37312233448
18928,1.33699166775
18929,1.27866232395
18930,1.21927070618
18931,1.15683794022
18932,1.2323127985
18933,1.39732956886
18934,1.3174238205
18935,1.25097119808
18936,1.3464140892
18937,1.27032077312
18938,1.23637902737
18939,1.24372279644
18940,1.21682357788
18941,1.33499407768
18942,1.23406612873
18943,1.22140669823
18944,1.17002594471
18945,1.27470397949
18946,1.32397305965
18947,1.38972127438
18948,1.21646618843
18949,1.25963807106
18950,1.2638272047
18951,1.23802435398
18952,1.12480044365
18953,1.16064715385
18954,1.19725942612
18955,1.06244683266
18956,1.2851190567
18957,1.31204199791
18958,1.24401032925
18959,1.18324589729
18960,1.2326335907
18961,1.13988602161
18962,1.27915370464
18963,1.32167005539
18964,1.25342392921
18965,1.28095829487
18966,1.37321090698
18967,1.2554475069
18968,1.24160969257
18969,1.30623340607
18970,1.30465519428
18971,1.30201017857
18972,1.19858765602
18973,1.24714040756
18974,1.27771031857
18975,1.19997346401
18976,1.30944311619
18977,1.23190796375
18978,1.26816439629
18979,1.24090409279
18980,1.29896092415
18981,1.28044378757
18982,1.14625179768
18983,1.23743712902
18984,1.21272182465
18985,1.21754062176
18986,1.23116362095
18987,1.1352865696
18988,1.28631258011
18989,1.19517111778
18990,1.23802173138
18991,1.20349383354
18992,1.17216110229
18993,1.28316283226
18994,1.31887090206
18995,1.17600047588
18996,1.24040853977
18997,1.30341553688
18998,1.1874153614
18999,1.280788064
19000,1.22679686546
19001,1.25954115391
19002,1.21386480331
19003,1.27892434597
19004,1.19372200966
19005,1.25906229019
19006,1.22608101368
19007,1.26468861103
19008,1.23470318317
19009,1.16305792332
19010,1.32311415672
19011,1.32660412788
19012,1.30381309986
19013,1.3786406517
19014,1.24602925777
19015,1.22429513931
19016,1.31541907787
19017,1.20729827881
19018,1.2076048851
19019,1.20852458477
19020,1.18852460384
19021,1.19178688526
19022,1.30154025555
19023,1.22360992432
19024,1.34197580814
19025,1.21833908558
19026,1.23469376564
19027,1.28080904484
19028,1.23891508579
19029,1.55092453957
19030,1.3913449049
19031,1.14822554588
19032,1.2666323185
19033,1.2751609087
19034,1.30544924736
19035,1.1898419857
19036,1.28254270554
19037,1.21675264835
19038,1.22122383118
19039,1.19750869274
19040,1.33965826035
19041,1.29717946053
19042,1.2659457922
19043,1.35698533058
19044,1.31658267975
19045,1.29597747326
19046,1.27893102169
19047,1.28117215633
19048,1.35756289959
19049,1.32620847225
19050,1.26580607891
19051,1.27742934227
19052,1.21193826199
19053,1.30688822269
19054,1.32227826118
19055,1.22825479507
19056,1.25814533234
19057,1.31958925724
19058,1.21969461441
19059,1.31017935276
19060,1.25133323669
19061,1.40276241302
19062,1.29723107815
19063,1.28392577171
19064,1.17898201942
19065,1.28180086613
19066,1.17236530781
19067,1.19789838791
19068,1.16314399242
19069,1.18491697311
19070,1.24975883961
19071,1.19000124931
19072,1.29931306839
19073,1.17269802094
19074,1.22506892681
19075,1.17809379101
19076,1.29463338852
19077,1.29653322697
19078,1.19246423244
19079,1.22208762169
19080,1.20997488499
19081,1.21001851559
19082,1.35814726353
19083,1.27782070637
19084,1.17412519455
19085,1.36202979088
19086,1.21032595634
19087,1.25204527378
19088,1.28329384327
19089,1.21714651585
19090,1.23588120937
19091,1.27884423733
19092,1.27562189102
19093,1.22384619713
19094,1.24566447735
19095,1.22896659374
19096,1.20816516876
19097,1.23901748657
19098,1.25191438198
19099,1.28264153004
19100,1.19538104534
19101,1.19658541679
19102,1.25427472591
19103,1.25684332848
19104,1.20727181435
19105,1.35647988319
19106,1.29031634331
19107,1.31081521511
19108,1.25065326691
19109,1.33517706394
19110,1.25053465366
19111,1.22868609428
19112,1.34500539303
19113,1.2542065382
19114,1.26038730145
19115,1.23285853863
19116,1.3136742115
19117,1.27398216724
19118,1.21596026421
19119,1.23744916916
19120,1.14216017723
19121,1.30681729317
19122,1.33091127872
19123,1.31502604485
19124,1.24136853218
19125,1.20039701462
19126,1.3115786314
19127,1.19019949436
19128,1.24562811852
19129,1.19662976265
19130,1.32014250755
19131,1.23944413662
19132,1.22109103203
19133,1.20952415466
19134,1.21997821331
19135,1.21743917465
19136,1.39082121849
19137,1.24021673203
19138,1.2753418684
19139,1.32287275791
19140,1.17076528072
19141,1.13624620438
19142,1.17322039604
19143,1.3113745451
19144,1.28381872177
19145,1.17806553841
19146,1.26040303707
19147,1.21334958076
19148,1.15495061874
19149,1.21262085438
19150,1.19057106972
19151,1.24797320366
19152,1.1465471983
19153,1.30441939831
19154,1.20257282257
19155,1.17827224731
19156,1.1346373558
19157,1.23166167736
19158,1.27376890182
19159,1.27554953098
19160,1.27958869934
19161,1.28024363518
19162,1.28339016438
19163,1.27506244183
19164,1.27970910072
19165,1.26316714287
19166,1.25053477287
19167,1.21995520592
19168,1.15101742744
19169,1.29555547237
19170,1.21406435966
19171,1.20479750633
19172,1.18320667744
19173,1.18850564957
19174,1.30123448372
19175,1.23492908478
19176,1.14200723171
19177,1.18267393112
19178,1.22720515728
19179,1.22487783432
19180,1.27090704441
19181,1.26960372925
19182,1.17510008812
19183,1.26676106453
19184,1.11336243153
19185,1.18133318424
19186,1.21999394894
19187,1.26608431339
19188,1.25352907181
19189,1.2898914814
19190,1.28582000732
19191,1.25253450871
19192,1.26076114178
19193,1.2557182312
19194,1.25160193443
19195,1.17978191376
19196,1.18550598621
19197,1.31836462021
19198,1.23763620853
19199,1.30110383034
19200,1.16589546204
19201,1.23246049881
19202,1.26243245602
19203,1.15352225304
19204,1.29974234104
19205,1.1851773262
19206,1.25992298126
19207,1.20741021633
19208,1.2403485775
19209,1.20452511311
19210,1.26274907589
19211,1.25586700439
19212,1.27405190468
19213,1.19262731075
19214,1.27454268932
19215,1.19536542892
19216,1.2286247015
19217,1.26048624516
19218,1.27026438713
19219,1.22345399857
19220,1.25506281853
19221,1.19915986061
19222,1.20854008198
19223,1.18107402325
19224,1.26193976402
19225,1.27264511585
19226,1.26366209984
19227,1.25954437256
19228,1.31471395493
19229,1.32317125797
19230,1.18078351021
19231,1.24520421028
19232,1.254114151
19233,1.20947706699
19234,1.28303301334
19235,1.22185862064
19236,1.3182580471
19237,1.27085661888
19238,1.23693203926
19239,1.21472203732
19240,1.20585083961
19241,1.17127728462
19242,1.24854886532
19243,1.25469076633
19244,1.23913300037
19245,1.19651401043
19246,1.40209007263
19247,1.25018393993
19248,1.21665906906
19249,1.25500297546
19250,1.2032968998
19251,1.17686283588
19252,1.1879273653
19253,1.30484139919
19254,1.29739677906
19255,1.25662147999
19256,1.27772963047
19257,1.20935177803
19258,1.14967632294
19259,1.34713900089
19260,1.28560245037
19261,1.256529212
19262,1.2164863348
19263,1.23376834393
19264,1.22153401375
19265,1.25304710865
19266,1.18932390213
19267,1.22848975658
19268,1.22167503834
19269,1.41165089607
19270,1.33183729649
19271,1.344830513
19272,1.31751298904
19273,1.24385774136
19274,1.24022245407
19275,1.2301582098
19276,1.29621469975
19277,1.22557139397
19278,1.35068452358
19279,1.33293402195
19280,1.24016499519
19281,1.2327722311
19282,1.22600769997
19283,1.21149992943
19284,1.24733507633
19285,1.17198181152
19286,1.20787739754
19287,1.17459964752
19288,1.20372569561
19289,1.20954024792
19290,1.18962335587
19291,1.2723711729
19292,1.16895008087
19293,1.33692383766
19294,1.23587918282
19295,1.24746394157
19296,1.19952261448
19297,1.23040568829
19298,1.17333912849
19299,1.24621224403
19300,1.31855082512
19301,1.23945915699
19302,1.23549866676
19303,1.24102962017
19304,1.19395971298
19305,1.21016049385
19306,1.28050279617
19307,1.27745974064
19308,1.16695761681
19309,1.24461972713
19310,1.23865795135
19311,1.27211904526
19312,1.27457308769
19313,1.18974375725
19314,1.37048280239
19315,1.19048666954
19316,1.30229198933
19317,1.20302164555
19318,1.38736248016
19319,1.22522008419
19320,1.25041687489
19321,1.28114509583
19322,1.17920160294
19323,1.22165870667
19324,1.23332512379
19325,1.20048654079
19326,1.24296069145
19327,1.18016946316
19328,1.23546099663
19329,1.34454488754
19330,1.12712597847
19331,1.35111045837
19332,1.32874512672
19333,1.2561647892
19334,1.27078557014
19335,1.24923872948
19336,1.24918460846
19337,1.21586871147
19338,1.3525159359
19339,1.27093601227
19340,1.32373011112
19341,1.22837734222
19342,1.22155249119
19343,1.26980960369
19344,1.30640304089
19345,1.25798749924
19346,1.21117758751
19347,1.23844397068
19348,1.2019816637
19349,1.23964333534
19350,1.28810286522
19351,1.27366399765
19352,1.19480395317
19353,1.18505871296
19354,1.19426751137
19355,1.15677380562
19356,1.21030306816
19357,1.23783099651
19358,1.33687150478
19359,1.26841068268
19360,1.28212535381
19361,1.20776295662
19362,1.25707411766
19363,1.20066785812
19364,1.32673239708
19365,1.27566361427
19366,1.28408277035
19367,1.199614048
19368,1.322681427
19369,1.25534498692
19370,1.21297514439
19371,1.23915731907
19372,1.20210409164
19373,1.26983499527
19374,1.33111333847
19375,1.40617072582
19376,1.31831908226
19377,1.24377000332
19378,1.09899532795
19379,1.26207375526
19380,1.26030278206
19381,1.26203417778
19382,1.45405387878
19383,1.12325274944
19384,1.26620733738
19385,1.25995898247
19386,1.37097132206
19387,1.30088925362
19388,1.25450146198
19389,1.24110496044
19390,1.31924128532
19391,1.30903410912
19392,1.20109760761
19393,1.258025527
19394,1.29717922211
19395,1.26942312717
19396,1.14503514767
19397,1.23953044415
19398,1.11791467667
19399,1.21677052975
19400,1.18661558628
19401,1.32556569576
19402,1.25148034096
19403,1.24087607861
19404,1.15875613689
19405,1.23795592785
19406,1.28321027756
19407,1.30303859711
19408,1.1512055397
19409,1.19974434376
19410,1.23666656017
19411,1.28767907619
19412,1.30192375183
19413,1.15693569183
19414,1.39206850529
19415,1.24597764015
19416,1.33488738537
19417,1.25867807865
19418,1.26912474632
19419,1.35220932961
19420,1.27303493023
19421,1.22338473797
19422,1.30015683174
19423,1.22356569767
19424,1.22080349922
19425,1.20769834518
19426,1.41799879074
19427,1.33106541634
19428,1.25044584274
19429,1.2063703537
19430,1.26433479786
19431,1.34382593632
19432,1.25633883476
19433,1.24014163017
19434,1.31134724617
19435,1.25023305416
19436,1.2494007349
19437,1.18096542358
19438,1.32005631924
19439,1.29276919365
19440,1.3536772728
19441,1.23555886745
19442,1.26858901978
19443,1.26212465763
19444,1.20103633404
19445,1.34232509136
19446,1.21353268623
19447,1.27922153473
19448,1.23263537884
19449,1.33583152294
19450,1.22250962257
19451,1.22611057758
19452,1.29012584686
19453,1.26167201996
19454,1.35637879372
19455,1.18272292614
19456,1.20213186741
19457,1.27554857731
19458,1.25160706043
19459,1.25541484356
19460,1.21779227257
19461,1.35222864151
19462,1.36736428738
19463,1.25885951519
19464,1.2218927145
19465,1.23102140427
19466,1.25816273689
19467,1.38660371304
19468,1.22885096073
19469,1.38209688663
19470,1.27038919926
19471,1.28287267685
19472,1.26613974571
19473,1.30262374878
19474,1.19921314716
19475,1.22875881195
19476,1.29986655712
19477,1.22858309746
19478,1.25774168968
19479,1.23295593262
19480,1.19471776485
19481,1.16615664959
19482,1.24426209927
19483,1.13398230076
19484,1.22939968109
19485,1.23707211018
19486,1.35275113583
19487,1.32835292816
19488,1.20102238655
19489,1.25699961185
19490,1.21193873882
19491,1.26468610764
19492,1.29597592354
19493,1.32879626751
19494,1.23809993267
19495,1.17270004749
19496,1.35942828655
19497,1.22466886044
19498,1.21735262871
19499,1.30195581913
19500,1.29090034962
19501,1.29259872437
19502,1.21313178539
19503,1.25016868114
19504,1.22870409489
19505,1.33133125305
19506,1.19913256168
19507,1.24141526222
19508,1.29357206821
19509,1.30889248848
19510,1.2025680542
19511,1.08623230457
19512,1.27051186562
19513,1.29565083981
19514,1.2577688694
19515,1.22757089138
19516,1.37105441093
19517,1.13375747204
19518,1.3463755846
19519,1.35191583633
19520,1.24810636044
19521,1.28222095966
19522,1.30615949631
19523,1.24868440628
19524,1.29328203201
19525,1.24103009701
19526,1.262119174
19527,1.36074280739
19528,1.25241422653
19529,1.25412762165
19530,1.35669505596
19531,1.22278702259
19532,1.30342018604
19533,1.18744790554
19534,1.27362203598
19535,1.24211442471
19536,1.20156812668
19537,1.27939784527
19538,1.16633105278
19539,1.23370444775
19540,1.27080690861
19541,1.29170095921
19542,1.24098479748
19543,1.34253132343
19544,1.30386555195
19545,1.13814091682
19546,1.3124423027
19547,1.31195235252
19548,1.22690236568
19549,1.17256319523
19550,1.21329069138
19551,1.34531378746
19552,1.27842080593
19553,1.16034531593
19554,1.23822772503
19555,1.20556938648
19556,1.18262183666
19557,1.18428730965
19558,1.25396847725
19559,1.24869942665
19560,1.17406201363
19561,1.22139310837
19562,1.2733849287
19563,1.36838185787
19564,1.16379737854
19565,1.30293023586
19566,1.17318212986
19567,1.25105977058
19568,1.32242512703
19569,1.24570822716
19570,1.19897150993
19571,1.41328835487
19572,1.22685694695
19573,1.25702035427
19574,1.1917976141
19575,1.2604830265
19576,1.18721318245
19577,1.26440775394
19578,1.24358212948
19579,1.32972168922
19580,1.25868213177
19581,1.34554708004
19582,1.22038054466
19583,1.20358455181
19584,1.28546833992
19585,1.35658955574
19586,1.27969288826
19587,1.37965118885
19588,1.29851007462
19589,1.20537984371
19590,1.30882430077
19591,1.30384552479
19592,1.23600590229
19593,1.31582581997
19594,1.20883870125
19595,1.38500154018
19596,1.29318034649
19597,1.18693506718
19598,1.2570950985
19599,1.18291568756
19600,1.22016859055
19601,1.30403959751
19602,1.32700264454
19603,1.32514441013
19604,1.23775088787
19605,1.25883972645
19606,1.28687846661
19607,1.18728017807
19608,1.21444940567
19609,1.28657507896
19610,1.24909818172
19611,1.23456382751
19612,1.28157842159
19613,1.22996008396
19614,1.27111876011
19615,1.35801613331
19616,1.28777742386
19617,1.24440944195
19618,1.25538599491
19619,1.23604750633
19620,1.20293295383
19621,1.36325633526
19622,1.39673781395
19623,1.27985143661
19624,1.28069341183
19625,1.25551593304
19626,1.27773451805
19627,1.28692185879
19628,1.30189824104
19629,1.25676131248
19630,1.20114576817
19631,1.24869668484
19632,1.22597920895
19633,1.14729392529
19634,1.21588802338
19635,1.35805368423
19636,1.20868873596
19637,1.25410270691
19638,1.29857635498
19639,1.27014565468
19640,1.2562892437
19641,1.49534189701
19642,1.20539140701
19643,1.23196446896
19644,1.25656330585
19645,1.23141241074
19646,1.25700199604
19647,1.28980088234
19648,1.22775840759
19649,1.25039875507
19650,1.28286635876
19651,1.36170077324
19652,1.1860909462
19653,1.1554672718
19654,1.21781516075
19655,1.29561758041
19656,1.18216431141
19657,1.31909453869
19658,1.24957025051
19659,1.32619786263
19660,1.18337607384
19661,1.24058449268
19662,1.34767460823
19663,1.41492366791
19664,1.25014662743
19665,1.29505646229
19666,1.20474135876
19667,1.16863274574
19668,1.17990386486
19669,1.29012930393
19670,1.22422802448
19671,1.16994249821
19672,1.1981511116
19673,1.26281929016
19674,1.26521337032
19675,1.19331645966
19676,1.28483223915
19677,1.33283901215
19678,1.28859376907
19679,1.18904197216
19680,1.19601452351
19681,1.21942293644
19682,1.20447182655
19683,1.17944681644
19684,1.13351941109
19685,1.23543262482
19686,1.27238881588
19687,1.24852406979
19688,1.3569188118
19689,1.41333866119
19690,1.32384169102
19691,1.22744095325
19692,1.27118468285
19693,1.20766627789
19694,1.18066501617
19695,1.32507193089
19696,1.325527668
19697,1.31031858921
19698,1.21872007847
19699,1.2928211689
19700,1.17245972157
19701,1.1485928297
19702,1.2672328949
19703,1.18853926659
19704,1.21817314625
19705,1.3090865612
19706,1.26591002941
19707,1.30213487148
19708,1.16701328754
19709,1.25495517254
19710,1.23179686069
19711,1.30595290661
19712,1.24807953835
19713,1.24163043499
19714,1.31621098518
19715,1.16035485268
19716,1.16624140739
19717,1.2097786665
19718,1.26231658459
19719,1.23012900352
19720,1.30945801735
19721,1.21287345886
19722,1.32982611656
19723,1.26988732815
19724,1.28143596649
19725,1.23005771637
19726,1.26668834686
19727,1.36500656605
19728,1.2572375536
19729,1.29521858692
19730,1.29232227802
19731,1.26869511604
19732,1.15384232998
19733,1.23544228077
19734,1.23686695099
19735,1.37462258339
19736,1.28524363041
19737,1.22826766968
19738,1.17880105972
19739,1.27624464035
19740,1.25910723209
19741,1.21037220955
19742,1.17476415634
19743,1.31331324577
19744,1.35769701004
19745,1.26492285728
19746,1.20498538017
19747,1.35676383972
19748,1.35065329075
19749,1.12717080116
19750,1.235937953
19751,1.24228906631
19752,1.23953139782
19753,1.26191234589
19754,1.2090023756
19755,1.24636173248
19756,1.13578701019
19757,1.20364749432
19758,1.1811054945
19759,1.2341811657
19760,1.27615451813
19761,1.27183616161
19762,1.32341217995
19763,1.2418680191
19764,1.27859961987
19765,1.31455159187
19766,1.27988016605
19767,1.32255065441
19768,1.24897778034
19769,1.24882411957
19770,1.25633299351
19771,1.21827995777
19772,1.2972741127
19773,1.22074198723
19774,1.37440931797
19775,1.29151988029
19776,1.21879827976
19777,1.25083136559
19778,1.22839999199
19779,1.15464878082
19780,1.16600549221
19781,1.35923802853
19782,1.20449972153
19783,1.26284182072
19784,1.3452450037
19785,1.42481577396
19786,1.26969110966
19787,1.22993552685
19788,1.09302675724
19789,1.20292043686
19790,1.29457950592
19791,1.22929501534
19792,1.27696561813
19793,1.24609684944
19794,1.21857488155
19795,1.35653913021
19796,1.22230815887
19797,1.29874444008
19798,1.24127292633
19799,1.22103214264
19800,1.28122937679
19801,1.16614627838
19802,1.2357647419
19803,1.27792775631
19804,1.21322059631
19805,1.17422604561
19806,1.24483907223
19807,1.19840562344
19808,1.32270610332
19809,1.22814416885
19810,1.20105469227
19811,1.27040779591
19812,1.2496496439
19813,1.22231781483
19814,1.16120839119
19815,1.21095180511
19816,1.36455237865
19817,1.2754445076
19818,1.25266420841
19819,1.20776450634
19820,1.27396702766
19821,1.23465228081
19822,1.23794865608
19823,1.27978825569
19824,1.19725954533
19825,1.27299642563
19826,1.13951516151
19827,1.28850400448
19828,1.21905982494
19829,1.20928907394
19830,1.27518701553
19831,1.26113450527
19832,1.23344838619
19833,1.21965634823
19834,1.36840283871
19835,1.34581518173
19836,1.33491706848
19837,1.18129992485
19838,1.22372734547
19839,1.25416648388
19840,1.34722661972
19841,1.15554523468
19842,1.32207131386
19843,1.29385340214
19844,1.37557911873
19845,1.21494579315
19846,1.18335950375
19847,1.25839138031
19848,1.18977510929
19849,1.24755883217
19850,1.24210178852
19851,1.24412059784
19852,1.18344199657
19853,1.28805243969
19854,1.2469369173
19855,1.25131988525
19856,1.35361862183
19857,1.26495432854
19858,1.31321263313
19859,1.15696442127
19860,1.25846910477
19861,1.25150597095
19862,1.25695753098
19863,1.24653291702
19864,1.21586108208
19865,1.28267979622
19866,1.1829354763
19867,1.2750493288
19868,1.20487225056
19869,1.25089466572
19870,1.28942811489
19871,1.32083797455
19872,1.1936173439
19873,1.23027336597
19874,1.23488020897
19875,1.16341376305
19876,1.30961060524
19877,1.20282912254
19878,1.37039923668
19879,1.35688948631
19880,1.31972801685
19881,1.23637223244
19882,1.2255423069
19883,1.24778151512
19884,1.23810982704
19885,1.31400513649
19886,1.20003890991
19887,1.2466378212
19888,1.24630117416
19889,1.29035115242
19890,1.30042254925
19891,1.21691608429
19892,1.30816948414
19893,1.16445088387
19894,1.25957262516
19895,1.27635669708
19896,1.22867500782
19897,1.12486946583
19898,1.1526671648
19899,1.14754366875
19900,1.2984418869
19901,1.25268006325
19902,1.28432536125
19903,1.37124168873
19904,1.30967569351
19905,1.28419077396
19906,1.24321269989
19907,1.19764196873
19908,1.36495649815
19909,1.24005866051
19910,1.30328249931
19911,1.2669608593
19912,1.23107683659
19913,1.24501097202
19914,1.2354632616
19915,1.34119665623
19916,1.2329801321
19917,1.27696943283
19918,1.25567102432
19919,1.39355874062
19920,1.18149900436
19921,1.30193722248
19922,1.24520635605
19923,1.21240353584
19924,1.33820390701
19925,1.19608700275
19926,1.36130988598
19927,1.24026799202
19928,1.2725840807
19929,1.22826087475
19930,1.27636671066
19931,1.29294168949
19932,1.3250079155
19933,1.19341874123
19934,1.243699193
19935,1.26975893974
19936,1.29167592525
19937,1.25239181519
19938,1.19266307354
19939,1.1869686842
19940,1.31580245495
19941,1.23736321926
19942,1.22992682457
19943,1.23037946224
19944,1.30955934525
19945,1.2547621727
19946,1.20953261852
19947,1.34432983398
19948,1.36179995537
19949,1.26490151882
19950,1.28392100334
19951,1.29832470417
19952,1.18237268925
19953,1.26462900639
19954,1.26718461514
19955,1.21242761612
19956,1.25080239773
19957,1.42558252811
19958,1.23288846016
19959,1.1992701292
19960,1.26477980614
19961,1.26311540604
19962,1.19211065769
19963,1.17482960224
19964,1.19559156895
19965,1.29782760143
19966,1.2754817009
19967,1.34684312344
19968,1.20859956741
19969,1.24356532097
19970,1.25685727596
19971,1.31183683872
19972,1.22338604927
19973,1.27313899994
19974,1.17300999165
19975,1.2535854578
19976,1.28143358231
19977,1.19326651096
19978,1.24559819698
19979,1.18290305138
19980,1.29689311981
19981,1.28947889805
19982,1.2081195116
19983,1.30730581284
19984,1.23300349712
19985,1.2663615942
19986,1.24500691891
19987,1.36296081543
19988,1.34219586849
19989,1.17715835571
19990,1.22731614113
19991,1.24503457546
19992,1.34373152256
19993,1.218516469
19994,1.22960317135
19995,1.29809391499
19996,1.27278065681
19997,1.21824610233
19998,1.24399411678
19999,1.22860062122
20000,1.22276771069
20001,1.23919272423
20002,1.2570104599
20003,1.30014526844
20004,1.34550499916
20005,1.29230570793
20006,1.40730369091
20007,1.30936539173
20008,1.26436793804
20009,1.33505272865
20010,1.33773446083
20011,1.28463292122
20012,1.16317236423
20013,1.22867321968
20014,1.24275052547
20015,1.23563289642
20016,1.41884601116
20017,1.25801336765
20018,1.20776426792
20019,1.20921993256
20020,1.23154103756
20021,1.37022197247
20022,1.27244889736
20023,1.31197595596
20024,1.17891955376
20025,1.24406719208
20026,1.21371996403
20027,1.12242722511
20028,1.25556719303
20029,1.32048630714
20030,1.3881560564
20031,1.25612974167
20032,1.37949752808
20033,1.23876440525
20034,1.13429284096
20035,1.25643861294
20036,1.25748741627
20037,1.21689665318
20038,1.29712891579
20039,1.22507190704
20040,1.21583724022
20041,1.20871007442
20042,1.24495112896
20043,1.23742878437
20044,1.29611361027
20045,1.3137075901
20046,1.34605133533
20047,1.19017672539
20048,1.23564302921
20049,1.27407050133
20050,1.25544404984
20051,1.27738261223
20052,1.29603135586
20053,1.25820720196
20054,1.27101278305
20055,1.20437777042
20056,1.18148601055
20057,1.2915430069
20058,1.2897644043
20059,1.21022677422
20060,1.22099578381
20061,1.34862661362
20062,1.24467432499
20063,1.33916676044
20064,1.29239439964
20065,1.16827750206
20066,1.23219060898
20067,1.19464242458
20068,1.25631463528
20069,1.26097512245
20070,1.29438710213
20071,1.26254940033
20072,1.40802514553
20073,1.19597876072
20074,1.1633784771
20075,1.25333917141
20076,1.33722186089
20077,1.44266188145
20078,1.25271129608
20079,1.33432912827
20080,1.24425339699
20081,1.29031181335
20082,1.30330491066
20083,1.31446969509
20084,1.16787528992
20085,1.26980996132
20086,1.22670269012
20087,1.27539932728
20088,1.24756586552
20089,1.30593752861
20090,1.31628465652
20091,1.21861410141
20092,1.27593696117
20093,1.30575931072
20094,1.24755954742
20095,1.24947786331
20096,1.47121024132
20097,1.21719956398
20098,1.23199164867
20099,1.29119002819
20100,1.21745610237
20101,1.32137334347
20102,1.16421759129
20103,1.32177937031
20104,1.25128650665
20105,1.29095256329
20106,1.25418245792
20107,1.28454172611
20108,1.22097468376
20109,1.17698562145
20110,1.29334425926
20111,1.24922835827
20112,1.24343132973
20113,1.43164491653
20114,1.20493626595
20115,1.2482984066
20116,1.29939329624
20117,1.26291978359
20118,1.32159221172
20119,1.25685489178
20120,1.25245797634
20121,1.46808314323
20122,1.27879095078
20123,1.31492006779
20124,1.33886992931
20125,1.31985938549
20126,1.28661739826
20127,1.307741642
20128,1.35608959198
20129,1.21082210541
20130,1.19310498238
20131,1.25030732155
20132,1.286703825
20133,1.38554406166
20134,1.28428721428
20135,1.37844908237
20136,1.28455150127
20137,1.22296988964
20138,1.24501180649
20139,1.16259944439
20140,1.19477653503
20141,1.31894624233
20142,1.31260168552
20143,1.33312702179
20144,1.26313126087
20145,1.29789829254
20146,1.22944438457
20147,1.29601204395
20148,1.28465473652
20149,1.31519508362
20150,1.19348084927
20151,1.20098340511
20152,1.19178652763
20153,1.18073749542
20154,1.25426518917
20155,1.40528213978
20156,1.26237976551
20157,1.33350217342
20158,1.21755754948
20159,1.32362210751
20160,1.2669955492
20161,1.34188973904
20162,1.27334213257
20163,1.373442173
20164,1.30933332443
20165,1.27253651619
20166,1.3109869957
20167,1.30975079536
20168,1.23459887505
20169,1.2921359539
20170,1.23839342594
20171,1.255651474
20172,1.22702729702
20173,1.22709202766
20174,1.24998939037
20175,1.34686923027
20176,1.16561233997
20177,1.26702487469
20178,1.30028116703
20179,1.32301998138
20180,1.20668303967
20181,1.26990914345
20182,1.18011164665
20183,1.24468839169
20184,1.25017046928
20185,1.28471744061
20186,1.34429216385
20187,1.21478915215
20188,1.26304376125
20189,1.26223933697
20190,1.35324132442
20191,1.20976316929
20192,1.12761008739
20193,1.37134301662
20194,1.2464799881
20195,1.31765127182
20196,1.22765910625
20197,1.20719361305
20198,1.25871908665
20199,1.31433594227
20200,1.27980530262
20201,1.27214610577
20202,1.25199949741
20203,1.2349114418
20204,1.32832181454
20205,1.26847016811
20206,1.15845501423
20207,1.23998129368
20208,1.24715530872
20209,1.21876525879
20210,1.21219754219
20211,1.1939624548
20212,1.27881729603
20213,1.23946833611
20214,1.30552196503
20215,1.23951625824
20216,1.34549593925
20217,1.2676807642
20218,1.27621495724
20219,1.27554476261
20220,1.3047118187
20221,1.36312305927
20222,1.25021541119
20223,1.21275222301
20224,1.30779135227
20225,1.24734520912
20226,1.27964770794
20227,1.21998155117
20228,1.26775431633
20229,1.30230545998
20230,1.27615988255
20231,1.29146695137
20232,1.27352833748
20233,1.32339334488
20234,1.22562766075
20235,1.39532709122
20236,1.24898087978
20237,1.24802815914
20238,1.25519394875
20239,1.38445067406
20240,1.23824322224
20241,1.25284004211
20242,1.31588816643
20243,1.29040157795
20244,1.24384391308
20245,1.25721955299
20246,1.2854309082
20247,1.22280848026
20248,1.35868811607
20249,1.26876580715
20250,1.26768934727
20251,1.221331954
20252,1.28848564625
20253,1.17354428768
20254,1.32840204239
20255,1.2604521513
20256,1.25947737694
20257,1.44412720203
20258,1.22832262516
20259,1.22207057476
20260,1.35976469517
20261,1.20567917824
20262,1.2669519186
20263,1.18997883797
20264,1.35144877434
20265,1.3080496788
20266,1.25036799908
20267,1.33235788345
20268,1.3692356348
20269,1.2453558445
20270,1.1703556776
20271,1.25845432281
20272,1.23531985283
20273,1.25746941566
20274,1.21708953381
20275,1.24536573887
20276,1.28863930702
20277,1.21680641174
20278,1.17718863487
20279,1.17573726177
20280,1.26905465126
20281,1.22121095657
20282,1.23848772049
20283,1.49193203449
20284,1.22952222824
20285,1.1335837841
20286,1.4442858696
20287,1.30166256428
20288,1.31706917286
20289,1.20009493828
20290,1.29049968719
20291,1.2489335537
20292,1.29471123219
20293,1.29919242859
20294,1.24905920029
20295,1.26204824448
20296,1.24612510204
20297,1.24398422241
20298,1.28334212303
20299,1.25094223022
20300,1.1733520031
20301,1.24919044971
20302,1.23984313011
20303,1.40800309181
20304,1.18266510963
20305,1.28449249268
20306,1.27653884888
20307,1.30723333359
20308,1.27387082577
20309,1.39735603333
20310,1.28047513962
20311,1.23890602589
20312,1.22605848312
20313,1.38249516487
20314,1.24301302433
20315,1.30954527855
20316,1.32714450359
20317,1.29410243034
20318,1.2232862711
20319,2.15456581116
20320,1.23487389088
20321,1.41454017162
20322,1.24258923531
20323,1.24944388866
20324,1.20805704594
20325,1.30334293842
20326,1.28526473045
20327,1.39992511272
20328,1.31172215939
20329,1.24910843372
20330,1.35620379448
20331,1.19999599457
20332,1.3615219593
20333,1.27051138878
20334,1.18148851395
20335,1.31811523438
20336,1.34094405174
20337,1.21522974968
20338,1.46191811562
20339,1.19956207275
20340,1.28373658657
20341,1.22658467293
20342,1.22694778442
20343,1.23956239223
20344,1.3037879467
20345,1.25290727615
20346,1.25733184814
20347,1.21732521057
20348,1.21315407753
20349,1.25562441349
20350,1.31258904934
20351,1.27449178696
20352,1.30910122395
20353,1.23452627659
20354,1.19915485382
20355,1.1261177063
20356,1.22430992126
20357,1.18498027325
20358,1.28066945076
20359,1.30262577534
20360,1.21131682396
20361,1.25295364857
20362,1.32205712795
20363,1.35161888599
20364,1.30235648155
20365,1.16686522961
20366,1.33199381828
20367,1.2438274622
20368,1.3599820137
20369,1.27382087708
20370,1.25019681454
20371,1.33086562157
20372,1.31046235561
20373,1.16889870167
20374,1.24358808994
20375,1.40241312981
20376,1.3609713316
20377,1.26033174992
20378,1.24943459034
20379,1.25993490219
20380,1.25203192234
20381,1.30472898483
20382,1.3656052351
20383,1.18985009193
20384,1.40084517002
20385,1.31286656857
20386,1.20745396614
20387,1.33542263508
20388,1.27043998241
20389,1.31172645092
20390,1.37391412258
20391,1.35637152195
20392,1.32831585407
20393,1.27213144302
20394,1.35167324543
20395,1.23600912094
20396,1.27669930458
20397,1.28918814659
20398,1.26722860336
20399,1.19515955448
20400,1.48140609264
20401,1.32842254639
20402,1.28027868271
20403,1.29678821564
20404,1.21775496006
20405,1.19637191296
20406,1.30575275421
20407,1.25233209133
20408,1.42794156075
20409,1.29124546051
20410,1.34892630577
20411,1.26596653461
20412,1.30174148083
20413,1.27617990971
20414,1.26506578922
20415,1.26944077015
20416,1.27908933163
20417,1.13884615898
20418,1.34763371944
20419,1.28377556801
20420,1.2679066658
20421,1.30515182018
20422,1.16208100319
20423,1.19321334362
20424,1.22986328602
20425,1.26138854027
20426,1.36969697475
20427,1.25707578659
20428,1.17642700672
20429,1.26031720638
20430,1.18235611916
20431,1.20490133762
20432,1.4521702528
20433,1.26319336891
20434,1.16919004917
20435,1.24579298496
20436,1.12830090523
20437,1.26095616817
20438,1.22724103928
20439,1.34204030037
20440,1.30682718754
20441,1.24353075027
20442,1.33684849739
20443,1.26642358303
20444,1.25541317463
20445,1.31459248066
20446,1.32311940193
20447,1.32441902161
20448,1.22860610485
20449,1.26803326607
20450,1.23919796944
20451,1.34494662285
20452,1.29163467884
20453,1.26928365231
20454,1.32381308079
20455,1.23429167271
20456,1.24249601364
20457,1.25087559223
20458,1.23347425461
20459,1.31055605412
20460,1.26330029964
20461,1.17968201637
20462,1.30075073242
20463,1.24354112148
20464,1.44061684608
20465,1.22361004353
20466,1.27367591858
20467,1.26780688763
20468,1.28166699409
20469,1.16748559475
20470,1.24287235737
20471,1.33137750626
20472,1.22976052761
20473,1.30403506756
20474,1.23309338093
20475,1.33668732643
20476,1.42740082741
20477,1.2743178606
20478,1.23869621754
20479,1.2865306139
20480,1.17587053776
20481,1.27628707886
20482,1.3766283989
20483,1.25887238979
20484,1.27586591244
20485,1.30411708355
20486,1.26960885525
20487,1.24567294121
20488,1.35394585133
20489,1.28637349606
20490,1.27758705616
20491,1.27426493168
20492,1.25010597706
20493,1.2991951704
20494,1.29864132404
20495,1.35351598263
20496,1.33768677711
20497,1.34388649464
20498,1.23397219181
20499,1.2800180912
20500,1.39802277088
20501,1.22667133808
20502,1.1944668293
20503,1.19696891308
20504,1.27614951134
20505,1.30693280697
20506,1.20803105831
20507,1.29888761044
20508,1.28137481213
20509,1.39257323742
20510,1.22927856445
20511,1.20083522797
20512,1.1433660984
20513,1.30858898163
20514,1.24586641788
20515,1.27652752399
20516,1.15672838688
20517,1.33161270618
20518,1.24648654461
20519,1.27522587776
20520,1.31625044346
20521,1.30151605606
20522,1.2858082056
20523,1.19915187359
20524,1.21769094467
20525,1.26803696156
20526,1.26520252228
20527,1.22738921642
20528,1.20624625683
20529,1.36582744122
20530,1.26037573814
20531,1.31230044365
20532,1.23957908154
20533,1.31587719917
20534,1.27310061455
20535,1.2083325386
20536,1.24552822113
20537,1.25763690472
20538,1.27903270721
20539,1.33582103252
20540,1.28421163559
20541,1.23501086235
20542,1.23813509941
20543,1.24578917027
20544,1.23791491985
20545,1.27299761772
20546,1.32597517967
20547,1.34098947048
20548,1.30944240093
20549,1.29553568363
20550,1.2654389143
20551,1.20731973648
20552,1.30911540985
20553,1.27961838245
20554,1.27369868755
20555,1.3128516674
20556,1.21533799171
20557,1.33085000515
20558,1.24542486668
20559,1.29754245281
20560,1.27723515034
20561,1.28665685654
20562,1.2357391119
20563,1.20204973221
20564,1.26772332191
20565,1.2440674305
20566,1.24543857574
20567,1.28740882874
20568,1.26602458954
20569,1.36205172539
20570,1.20781540871
20571,1.28824722767
20572,1.23921811581
20573,1.40422403812
20574,1.27152764797
20575,1.28747296333
20576,1.35366308689
20577,1.26249098778
20578,1.3075042963
20579,1.1608351469
20580,1.30514907837
20581,1.16215455532
20582,1.30402672291
20583,1.26377403736
20584,1.21188247204
20585,1.32360911369
20586,1.25042629242
20587,1.28290832043
20588,1.25440764427
20589,1.3521733284
20590,1.3466552496
20591,1.27128458023
20592,1.27723610401
20593,1.30414927006
20594,1.16712665558
20595,1.29524683952
20596,1.37695741653
20597,1.26684629917
20598,1.23488116264
20599,1.33268737793
20600,1.28578197956
20601,1.1538105011
20602,1.23773217201
20603,1.27536380291
20604,1.26623773575
20605,1.36577355862
20606,1.27246880531
20607,1.24994909763
20608,1.24839282036
20609,1.20322322845
20610,1.24064958096
20611,1.28059208393
20612,1.28721439838
20613,1.17282056808
20614,1.31890332699
20615,1.29837095737
20616,1.25519227982
20617,1.27061152458
20618,1.26077210903
20619,1.26033461094
20620,1.27577424049
20621,1.26819717884
20622,1.25191104412
20623,1.38057255745
20624,1.22520124912
20625,1.26768326759
20626,1.27289521694
20627,1.21497344971
20628,1.29974508286
20629,1.32655370235
20630,1.30273556709
20631,1.26637518406
20632,1.37182688713
20633,1.36276853085
20634,1.35784220695
20635,1.26918423176
20636,1.14085566998
20637,1.24926066399
20638,1.28435361385
20639,1.22653079033
20640,1.1684179306
20641,1.23779857159
20642,1.21332609653
20643,1.24854898453
20644,1.27301597595
20645,1.40409147739
20646,1.23189759254
20647,1.30292975903
20648,1.20846116543
20649,1.1986413002
20650,1.30746483803
20651,1.26290345192
20652,1.32643556595
20653,1.27382874489
20654,1.27436923981
20655,1.20025277138
20656,1.19818270206
20657,1.26884305477
20658,1.3834733963
20659,1.23883605003
20660,1.37832093239
20661,1.27285993099
20662,1.25958299637
20663,1.20964860916
20664,1.30609536171
20665,1.3326690197
20666,1.25286448002
20667,1.25766432285
20668,1.30500483513
20669,1.18681836128
20670,1.27511107922
20671,1.28194141388
20672,1.21375143528
20673,1.28940069675
20674,1.30689775944
20675,1.33704853058
20676,1.26537024975
20677,1.35882461071
20678,1.34891104698
20679,1.33861279488
20680,1.22366857529
20681,1.25396311283
20682,1.30736911297
20683,1.22062909603
20684,1.21363699436
20685,1.22880208492
20686,1.2693271637
20687,1.30454576015
20688,1.35601651669
20689,1.3759855032
20690,1.23726475239
20691,1.22186350822
20692,1.23823285103
20693,1.25171720982
20694,1.31013524532
20695,1.21520459652
20696,1.23896837234
20697,1.24583387375
20698,1.32477915287
20699,1.1874781847
20700,1.26123344898
20701,1.38260710239
20702,1.29398989677
20703,1.22235620022
20704,1.31262123585
20705,1.32057368755
20706,1.167065382
20707,1.28602933884
20708,1.18454515934
20709,1.33280229568
20710,1.26713728905
20711,1.25366282463
20712,1.43379855156
20713,1.19356799126
20714,1.15226006508
20715,1.20089626312
20716,1.26774477959
20717,1.33510065079
20718,1.23781275749
20719,1.21585512161
20720,1.24296665192
20721,1.41258513927
20722,1.46879136562
20723,1.21854352951
20724,1.159907341
20725,1.28419804573
20726,1.22209978104
20727,1.26382899284
20728,1.31065928936
20729,1.34510135651
20730,1.30636191368
20731,1.27244758606
20732,1.21244716644
20733,1.16401994228
20734,1.19536375999
20735,1.24397444725
20736,1.29807126522
20737,1.2638720274
20738,1.2701921463
20739,1.20842421055
20740,1.22946977615
20741,1.24787664413
20742,1.19042575359
20743,1.18156003952
20744,1.24114108086
20745,1.27505493164
20746,1.25254678726
20747,1.2833725214
20748,1.26610088348
20749,1.33990371227
20750,1.26033043861
20751,1.16825175285
20752,1.3181065321
20753,1.27154755592
20754,1.3042037487
20755,1.33323144913
20756,1.3048517704
20757,1.28081202507
20758,1.22989571095
20759,1.13671171665
20760,1.24321436882
20761,1.2133244276
20762,1.39461457729
20763,1.31500291824
20764,1.32858192921
20765,1.37280285358
20766,1.30699002743
20767,1.43332874775
20768,1.30805754662
20769,1.28551995754
20770,1.4110648632
20771,1.20985376835
20772,1.14953684807
20773,1.25967395306
20774,1.29369831085
20775,1.26497113705
20776,1.19928359985
20777,1.28572177887
20778,1.24588620663
20779,1.20288527012
20780,1.18413043022
20781,1.24768328667
20782,1.28241276741
20783,1.2422670126
20784,1.29629516602
20785,1.28319382668
20786,1.26044797897
20787,1.27603578568
20788,1.26389884949
20789,1.29134500027
20790,1.19192218781
20791,1.19201767445
20792,1.43410801888
20793,1.27233409882
20794,1.24169933796
20795,1.27770459652
20796,1.19079244137
20797,1.24155128002
20798,1.14239025116
20799,1.26545464993
20800,1.3226313591
20801,1.33040702343
20802,1.2923014164
20803,1.28035593033
20804,1.34726822376
20805,1.29562819004
20806,1.27952575684
20807,1.30613696575
20808,1.21939313412
20809,1.1817690134
20810,1.24679255486
20811,1.20041942596
20812,1.33828306198
20813,1.25648999214
20814,1.30140304565
20815,1.27346897125
20816,1.18932950497
20817,1.28754270077
20818,1.31700921059
20819,1.27783024311
20820,1.33515501022
20821,1.23512673378
20822,1.16175198555
20823,1.16585683823
20824,1.38042426109
20825,1.24676465988
20826,1.30887115002
20827,1.18318235874
20828,1.35531497002
20829,1.25843811035
20830,1.27624487877
20831,1.32935333252
20832,1.168815732
20833,1.20684206486
20834,1.29116177559
20835,1.30106520653
20836,1.30070316792
20837,1.19369769096
20838,1.37879920006
20839,1.30371499062
20840,1.27343583107
20841,1.38003385067
20842,1.26546370983
20843,1.19510698318
20844,1.17118287086
20845,1.30868148804
20846,1.2675306797
20847,1.28694033623
20848,1.27960276604
20849,1.2986266613
20850,1.36605727673
20851,1.21011412144
20852,1.24426388741
20853,1.30345821381
20854,1.26828527451
20855,1.35154354572
20856,1.26656806469
20857,1.30005586147
20858,1.23451423645
20859,1.2475322485
20860,1.29030382633
20861,1.29180049896
20862,1.27534174919
20863,1.23860442638
20864,1.18292176723
20865,1.34083712101
20866,1.18216776848
20867,1.21628570557
20868,1.21001398563
20869,1.22402369976
20870,1.29413831234
20871,1.1623185873
20872,1.26139903069
20873,1.20426702499
20874,1.17217922211
20875,1.33490395546
20876,1.29709041119
20877,1.21706593037
20878,1.27011656761
20879,1.31942105293
20880,1.29549336433
20881,1.12088787556
20882,1.27820575237
20883,1.32596588135
20884,1.42676794529
20885,1.30822432041
20886,1.23117089272
20887,1.3309943676
20888,1.25890469551
20889,1.27926719189
20890,1.25449049473
20891,1.25023412704
20892,1.35735547543
20893,1.34235095978
20894,1.30526161194
20895,1.28702175617
20896,1.27105176449
20897,1.24017167091
20898,1.28729188442
20899,1.19894516468
20900,1.31767082214
20901,1.33920633793
20902,1.23389554024
20903,1.34859859943
20904,1.37039589882
20905,1.26165127754
20906,1.42705893517
20907,1.22988855839
20908,1.27450871468
20909,1.22287905216
20910,1.30712854862
20911,1.2648884058
20912,1.16865372658
20913,1.26782858372
20914,1.34621655941
20915,1.35635578632
20916,1.26739132404
20917,1.38887619972
20918,1.33185207844
20919,1.17828834057
20920,1.27163410187
20921,1.23934268951
20922,1.20588326454
20923,1.27606236935
20924,1.33911669254
20925,1.26210999489
20926,1.29912042618
20927,1.27663218975
20928,1.27830994129
20929,1.32140111923
20930,1.44129836559
20931,1.2386636734
20932,1.29744708538
20933,1.25779175758
20934,1.2724531889
20935,1.35340690613
20936,1.32382321358
20937,1.30064690113
20938,1.287966609
20939,1.27311456203
20940,1.24794781208
20941,1.29367625713
20942,1.33780956268
20943,1.22442436218
20944,1.22281897068
20945,1.31578350067
20946,1.27687799931
20947,1.32205510139
20948,1.32930958271
20949,1.28563964367
20950,1.36904740334
20951,1.2821764946
20952,1.27404344082
20953,1.21937978268
20954,1.20105707645
20955,1.27389609814
20956,1.31524264812
20957,1.22911882401
20958,1.24420750141
20959,1.30079627037
20960,1.20104205608
20961,1.13134944439
20962,1.25332272053
20963,1.34134161472
20964,1.26030051708
20965,1.29571402073
20966,1.17228543758
20967,1.20576000214
20968,1.19496297836
20969,1.34641742706
20970,1.26633584499
20971,1.27757108212
20972,1.30372726917
20973,1.34121572971
20974,1.24598300457
20975,1.28202700615
20976,1.29447674751
20977,1.15707838535
20978,1.2690885067
20979,1.26378667355
20980,1.33793210983
20981,1.20218908787
20982,1.32619559765
20983,1.48613405228
20984,1.36069953442
20985,1.31918239594
20986,1.3167090416
20987,1.26613390446
20988,1.2345263958
20989,1.24354231358
20990,1.15654683113
20991,1.23235142231
20992,1.29730045795
20993,1.26931071281
20994,1.29900884628
20995,1.39253938198
20996,1.35113179684
20997,1.23219180107
20998,1.33629667759
20999,1.26773416996
21000,1.40161621571
21001,1.26821386814
21002,1.35737979412
21003,1.24271380901
21004,1.28670430183
21005,1.33346605301
21006,1.34451365471
21007,1.34938895702
21008,1.25507748127
21009,1.25018799305
21010,1.24793291092
21011,1.29053652287
21012,1.22084915638
21013,1.19800674915
21014,1.27724087238
21015,1.33899712563
21016,1.3365252018
21017,1.32986545563
21018,1.32563793659
21019,1.29749894142
21020,1.18671548367
21021,1.26009178162
21022,1.24582028389
21023,1.23914349079
21024,1.27869868279
21025,1.27504217625
21026,1.1965508461
21027,1.22004234791
21028,1.35738396645
21029,1.34981048107
21030,1.32036662102
21031,1.23860609531
21032,1.2908616066
21033,1.28416275978
21034,1.31639587879
21035,1.2343159914
21036,1.29085314274
21037,1.27943539619
21038,1.3255892992
21039,1.2969237566
21040,1.29512548447
21041,1.25180137157
21042,1.21132600307
21043,1.28730881214
21044,1.26276111603
21045,1.21259903908
21046,1.24802589417
21047,1.27252650261
21048,1.20728421211
21049,1.26466989517
21050,1.22216582298
21051,1.30723929405
21052,1.21610355377
21053,1.30499494076
21054,1.26051700115
21055,1.39422631264
21056,1.27771341801
21057,1.23751854897
21058,1.29376673698
21059,1.30529081821
21060,1.21046853065
21061,1.26878345013
21062,1.19595515728
21063,1.38311398029
21064,1.28364622593
21065,1.30426073074
21066,1.29111170769
21067,1.30203866959
21068,1.38038349152
21069,1.31021130085
21070,1.28999018669
21071,1.24177515507
21072,1.2524484396
21073,1.14684081078
21074,1.2450915575
21075,1.48612308502
21076,1.30839192867
21077,1.32036066055
21078,1.22101998329
21079,1.26882445812
21080,1.27575170994
21081,1.30459117889
21082,1.25135982037
21083,1.24223744869
21084,1.34065198898
21085,1.20279407501
21086,1.29022705555
21087,1.24099910259
21088,1.16549086571
21089,1.26594221592
21090,1.36576914787
21091,1.29414355755
21092,1.29352343082
21093,1.31921851635
21094,1.29682993889
21095,1.32859945297
21096,1.24998819828
21097,1.30834448338
21098,1.18483865261
21099,1.1754771471
21100,1.34393930435
21101,1.36301636696
21102,1.23648631573
21103,1.3160918951
21104,1.28076148033
21105,1.28114044666
21106,1.2603174448
21107,1.25636386871
21108,1.35983181
21109,1.36821556091
21110,1.24841451645
21111,1.25485372543
21112,1.34948194027
21113,1.22321748734
21114,1.25356256962
21115,1.22834408283
21116,1.21328568459
21117,1.23255550861
21118,1.20865285397
21119,1.35914742947
21120,1.27777910233
21121,1.27399992943
21122,1.29441130161
21123,1.2632689476
21124,1.3577901125
21125,1.32379901409
21126,1.34665215015
21127,1.25656867027
21128,1.29868233204
21129,1.18289220333
21130,1.22938013077
21131,1.29849302769
21132,1.44935250282
21133,1.37790906429
21134,1.28815495968
21135,1.18654203415
21136,1.30776333809
21137,1.1850758791
21138,1.22171020508
21139,1.34772992134
21140,1.281011343
21141,1.35529983044
21142,1.37551915646
21143,1.34149158001
21144,1.33170795441
21145,1.3469209671
21146,1.27287352085
21147,1.25609028339
21148,1.28743767738
21149,1.21197664738
21150,1.29909443855
21151,1.32244920731
21152,1.13272821903
21153,1.27430260181
21154,1.33904993534
21155,1.29409205914
21156,1.25859546661
21157,1.374345541
21158,1.19341313839
21159,1.26176083088
21160,1.21095645428
21161,1.42274820805
21162,1.23364031315
21163,1.21491920948
21164,1.26179111004
21165,1.30498659611
21166,1.36859941483
21167,1.27754962444
21168,1.42541480064
21169,1.19575881958
21170,1.41614770889
21171,1.30187630653
21172,1.34083414078
21173,1.23188877106
21174,1.28904736042
21175,1.29130005836
21176,1.35635280609
21177,1.40850031376
21178,1.28944849968
21179,1.19917929173
21180,1.27784264088
21181,1.2177580595
21182,1.36046099663
21183,1.26205837727
21184,1.36503851414
21185,1.25670456886
21186,1.31312179565
21187,1.37263989449
21188,1.23915195465
21189,1.27958118916
21190,1.34132528305
21191,1.25753009319
21192,1.31870138645
21193,1.22968614101
21194,1.37164497375
21195,1.18509399891
21196,1.2589417696
21197,1.31632244587
21198,1.33566117287
21199,1.40681815147
21200,1.42736959457
21201,1.25662016869
21202,1.36954963207
21203,1.26360952854
21204,1.31194448471
21205,1.29957211018
21206,1.25913715363
21207,1.30113017559
21208,1.26581418514
21209,1.35079622269
21210,1.29151964188
21211,1.24688446522
21212,1.23989284039
21213,1.23276674747
21214,1.25479507446
21215,1.3332092762
21216,1.22104406357
21217,1.32430005074
21218,1.24734640121
21219,1.23492920399
21220,1.29510748386
21221,1.28675341606
21222,1.25371229649
21223,1.27071094513
21224,1.29032897949
21225,1.17567276955
21226,1.25033247471
21227,1.33855414391
21228,1.32582902908
21229,1.26087749004
21230,1.31942772865
21231,1.2981249094
21232,1.32113754749
21233,1.29580378532
21234,1.25023448467
21235,1.28586268425
21236,1.24742531776
21237,1.31335806847
21238,1.28030514717
21239,1.27276444435
21240,1.32136261463
21241,1.24733459949
21242,1.23400342464
21243,1.36571955681
21244,1.20512282848
21245,1.2805287838
21246,1.23543763161
21247,1.39101445675
21248,1.44276452065
21249,1.3242559433
21250,1.38745927811
21251,1.3739913702
21252,1.26649796963
21253,1.23860740662
21254,1.36062884331
21255,1.27934169769
21256,1.29030120373
21257,1.25144708157
21258,1.34186732769
21259,1.27317810059
21260,1.32196700573
21261,1.22624349594
21262,1.36657035351
21263,1.2247184515
21264,1.24210035801
21265,1.37142276764
21266,1.23638117313
21267,1.45646965504
21268,1.25551593304
21269,1.17422378063
21270,1.24925816059
21271,1.42514777184
21272,1.24467980862
21273,1.374153018
21274,1.36531746387
21275,1.190721035
21276,1.35339403152
21277,1.2349190712
21278,1.34895157814
21279,1.26897001266
21280,1.30373466015
21281,1.2096580267
21282,1.27922773361
21283,1.26453649998
21284,1.17067086697
21285,1.22280788422
21286,1.32123887539
21287,1.19847643375
21288,1.32274198532
21289,1.25900387764
21290,1.36105895042
21291,1.27551138401
21292,1.29176819324
21293,1.24851000309
21294,1.25077819824
21295,1.33277380466
21296,1.2561621666
21297,1.30715692043
21298,1.16556763649
21299,1.19743406773
21300,1.20269370079
21301,1.21397447586
21302,1.49980545044
21303,1.32812893391
21304,1.1353187561
21305,1.19445550442
21306,1.3418982029
21307,1.19290101528
21308,1.29199671745
21309,1.24801206589
21310,1.15681731701
21311,1.26719987392
21312,1.36878681183
21313,1.25114524364
21314,1.26142215729
21315,1.25097823143
21316,1.2865626812
21317,1.30710577965
21318,1.21723806858
21319,1.35032379627
21320,1.24384117126
21321,1.25763046741
21322,1.33123886585
21323,1.35136294365
21324,1.29692339897
21325,1.25567674637
21326,1.3346105814
21327,1.26235890388
21328,1.19714546204
21329,1.1747392416
21330,1.22500681877
21331,1.33210885525
21332,1.3008992672
21333,1.28480911255
21334,1.19132995605
21335,1.22651720047
21336,1.32890295982
21337,1.27208948135
21338,1.27250754833
21339,1.20721340179
21340,1.38275027275
21341,1.26337730885
21342,1.30852842331
21343,1.25580096245
21344,1.28078305721
21345,1.19458544254
21346,1.26067471504
21347,1.23952484131
21348,1.27428662777
21349,1.21613037586
21350,1.28936970234
21351,1.23600649834
21352,1.35759997368
21353,1.17704260349
21354,1.27031755447
21355,1.25434374809
21356,1.26668345928
21357,1.26143527031
21358,1.29330813885
21359,1.28773999214
21360,1.38922548294
21361,1.24404883385
21362,1.36247360706
21363,1.31837069988
21364,1.22758316994
21365,1.21604001522
21366,1.22471356392
21367,1.2622975111
21368,1.28886127472
21369,1.30417764187
21370,1.28148365021
21371,1.27389025688
21372,1.3047003746
21373,1.30223858356
21374,1.21268713474
21375,1.28480148315
21376,1.28078246117
21377,1.1807718277
21378,1.37762200832
21379,1.2665668726
21380,1.20653653145
21381,1.33670628071
21382,1.23135566711
21383,1.32970416546
21384,1.34688305855
21385,1.25054085255
21386,1.31508851051
21387,1.3509978056
21388,1.38520097733
21389,1.32081985474
21390,1.28639769554
21391,1.33589088917
21392,1.24514722824
21393,1.21304154396
21394,1.35177624226
21395,1.32041251659
21396,1.31501400471
21397,1.32028126717
21398,1.19088745117
21399,1.3180103302
21400,1.30750250816
21401,1.15215396881
21402,1.35910415649
21403,1.2695902586
21404,1.3072245121
21405,1.21206796169
21406,1.25835239887
21407,1.18474781513
21408,1.36443650723
21409,1.32638919353
21410,1.27111411095
21411,1.39294230938
21412,1.44025468826
21413,1.36536455154
21414,1.26212263107
21415,1.30237841606
21416,1.25102853775
21417,1.25875878334
21418,1.25157165527
21419,1.26022303104
21420,1.22408437729
21421,1.25908076763
21422,1.25324177742
21423,1.38775968552
21424,1.28349995613
21425,1.29206490517
21426,1.28948652744
21427,1.30098176003
21428,1.280610919
21429,1.32026422024
21430,1.35985517502
21431,1.32805049419
21432,1.27683317661
21433,1.3095600605
21434,1.31637251377
21435,1.35291481018
21436,1.20831120014
21437,1.24340224266
21438,1.20710682869
21439,1.34174656868
21440,1.38515484333
21441,1.35225975513
21442,1.35707890987
21443,1.28404688835
21444,1.30627131462
21445,1.23427677155
21446,1.33363759518
21447,1.36450469494
21448,1.40645456314
21449,1.29360628128
21450,1.19221699238
21451,1.3166782856
21452,1.32757413387
21453,1.18680727482
21454,1.25542843342
21455,1.27984261513
21456,1.27866709232
21457,1.26002275944
21458,1.2181648016
21459,1.27155900002
21460,1.2126134634
21461,1.21700787544
21462,1.30732035637
21463,1.32786393166
21464,1.34039914608
21465,1.25590622425
21466,1.27774548531
21467,1.43181061745
21468,1.38328337669
21469,1.18234944344
21470,1.30155909061
21471,1.20935153961
21472,1.24496483803
21473,1.2578881979
21474,1.35258078575
21475,1.2863740921
21476,1.25389516354
21477,1.20246815681
21478,1.3615013361
21479,1.19903886318
21480,1.25699770451
21481,1.28832578659
21482,1.32431721687
21483,1.29659807682
21484,1.28793656826
21485,1.38020336628
21486,1.260430336
21487,1.1920747757
21488,1.32532417774
21489,1.29778909683
21490,1.21541297436
21491,1.33017396927
21492,1.21762669086
21493,1.36942839622
21494,1.32303512096
21495,1.34140300751
21496,1.24866724014
21497,1.24517250061
21498,1.24888694286
21499,1.33253884315
21500,1.24739456177
21501,1.19221949577
21502,1.34842276573
21503,1.24161875248
21504,1.27097296715
21505,1.20906686783
21506,1.21226286888
21507,1.29056167603
21508,1.26647770405
21509,1.2729613781
21510,1.30902826786
21511,1.35157227516
21512,1.40699362755
21513,1.43546593189
21514,1.27806580067
21515,1.33876442909
21516,1.25932073593
21517,1.3258459568
21518,1.26429116726
21519,1.31237280369
21520,1.28195476532
21521,1.40090835094
21522,1.25185966492
21523,1.28234350681
21524,1.30004799366
21525,1.32127070427
21526,1.25070083141
21527,1.26261937618
21528,1.38643443584
21529,1.40454852581
21530,1.31106638908
21531,1.24086380005
21532,1.28436362743
21533,1.19526219368
21534,1.31860256195
21535,1.3940308094
21536,1.30590415001
21537,1.35485863686
21538,1.31215763092
21539,1.27387809753
21540,1.28734445572
21541,1.20133793354
21542,1.26445770264
21543,1.24995708466
21544,1.23138177395
21545,1.30584931374
21546,1.25581073761
21547,1.22911250591
21548,1.25691509247
21549,1.32382726669
21550,1.2626721859
21551,1.31856095791
21552,1.36300826073
21553,1.36886167526
21554,1.28191506863
21555,1.37549698353
21556,1.31610739231
21557,1.24900043011
21558,1.29830038548
21559,1.24254131317
21560,1.21407616138
21561,1.32455658913
21562,1.2078255415
21563,1.37812590599
21564,1.25330424309
21565,1.34488689899
21566,1.28292834759
21567,1.21753692627
21568,1.16213357449
21569,1.27133214474
21570,1.23698842525
21571,1.19147932529
21572,1.29714941978
21573,1.3106906414
21574,1.22603571415
21575,1.26274120808
21576,1.34859454632
21577,1.24542152882
21578,1.37105309963
21579,1.27196741104
21580,1.24086403847
21581,1.27662491798
21582,1.29144740105
21583,1.4795987606
21584,1.21460664272
21585,1.32443988323
21586,1.23137807846
21587,1.29165017605
21588,1.27446293831
21589,1.3193334341
21590,1.17266499996
21591,1.25753188133
21592,1.19404006004
21593,1.28902006149
21594,1.24067556858
21595,1.25131726265
21596,1.23094654083
21597,1.24798500538
21598,1.19436430931
21599,1.27990734577
21600,1.18658089638
21601,1.29387378693
21602,1.21408247948
21603,1.29911899567
21604,1.28763198853
21605,1.27920520306
21606,1.30756568909
21607,1.27721655369
21608,1.20003449917
21609,1.38404881954
21610,1.22729146481
21611,1.45136833191
21612,1.31649076939
21613,1.28138852119
21614,1.19692516327
21615,1.19804561138
21616,1.25265789032
21617,1.27074420452
21618,1.27310144901
21619,1.24650597572
21620,1.17357385159
21621,1.26398181915
21622,1.25952887535
21623,1.22308409214
21624,1.23185837269
21625,1.21991169453
21626,1.20220971107
21627,1.33116137981
21628,1.33193719387
21629,1.22970664501
21630,1.35460484028
21631,1.28098535538
21632,1.20333349705
21633,1.28524363041
21634,1.22383546829
21635,1.2885415554
21636,1.29427909851
21637,1.24279928207
21638,1.25413548946
21639,1.29959106445
21640,1.33989095688
21641,1.21109271049
21642,1.34380352497
21643,1.2522790432
21644,1.20884847641
21645,1.26630067825
21646,1.21511399746
21647,1.31443095207
21648,1.28744864464
21649,1.23429811001
21650,1.23705601692
21651,1.31459283829
21652,1.30023014545
21653,1.29291474819
21654,1.39139592648
21655,1.30379223824
21656,1.28724515438
21657,1.32082271576
21658,1.26471662521
21659,1.38061523438
21660,1.35488414764
21661,1.26675021648
21662,1.18762457371
21663,1.33570122719
21664,1.1975877285
21665,1.22210121155
21666,1.37590026855
21667,1.4685049057
21668,1.21270298958
21669,1.25783741474
21670,1.14865338802
21671,1.27083098888
21672,1.22693753242
21673,1.25000846386
21674,1.27019321918
21675,1.27182912827
21676,1.28270602226
21677,1.25183010101
21678,1.37471091747
21679,1.25663602352
21680,1.24810123444
21681,1.22342932224
21682,1.17372226715
21683,1.27017760277
21684,1.35089731216
21685,1.36247003078
21686,1.48744237423
21687,1.18738663197
21688,1.36085617542
21689,1.28676307201
21690,1.25497913361
21691,1.27428138256
21692,1.25322115421
21693,1.21774041653
21694,1.26082015038
21695,1.27249157429
21696,1.31368362904
21697,1.31230771542
21698,1.3284535408
21699,1.20786249638
21700,1.27990150452
21701,1.26783490181
21702,1.21236205101
21703,1.29792821407
21704,1.33717155457
21705,1.29571127892
21706,1.34561097622
21707,1.31064808369
21708,1.27797448635
21709,1.19530200958
21710,1.24395751953
21711,1.26659953594
21712,1.24521350861
21713,1.31917965412
21714,1.31425881386
21715,1.21434915066
21716,1.26153945923
21717,1.43930053711
21718,1.30411958694
21719,1.2898825407
21720,1.23431324959
21721,1.32004308701
21722,1.2105653286
21723,1.24635076523
21724,1.37704157829
21725,1.28793370724
21726,1.33156275749
21727,1.25012874603
21728,1.20072543621
21729,1.25324368477
21730,1.3405418396
21731,1.22521495819
21732,1.37141799927
21733,1.28987324238
21734,1.18900740147
21735,1.29825985432
21736,1.22422373295
21737,1.29750740528
21738,1.24500572681
21739,1.211176157
21740,1.35554432869
21741,1.30350661278
21742,1.28656697273
21743,1.33680737019
21744,1.2667517662
21745,1.23520517349
21746,1.19027853012
21747,1.18130612373
21748,1.22304022312
21749,1.35989236832
21750,1.28957176208
21751,1.19454288483
21752,1.22001373768
21753,1.19305932522
21754,1.26580762863
21755,1.30017066002
21756,1.27432966232
21757,1.24354863167
21758,1.23229300976
21759,1.31285321712
21760,1.2302942276
21761,1.24317109585
21762,1.16641891003
21763,1.34286379814
21764,1.29255127907
21765,1.23311686516
21766,1.39712703228
21767,1.24049198627
21768,1.40220654011
21769,1.33153736591
21770,1.20511209965
21771,1.18313217163
21772,1.36082088947
21773,1.34633994102
21774,1.27713084221
21775,1.26816272736
21776,1.36826956272
21777,1.24688661098
21778,1.3739593029
21779,1.23956298828
21780,1.41139137745
21781,1.39308106899
21782,1.1902333498
21783,1.1249011755
21784,1.33562219143
21785,1.28322720528
21786,1.24426567554
21787,1.27754354477
21788,1.25450837612
21789,1.27310729027
21790,1.3277438879
21791,1.33553802967
21792,1.22340416908
21793,1.35903429985
21794,1.23441636562
21795,1.24996268749
21796,1.25572252274
21797,1.2521007061
21798,1.31537485123
21799,1.26909852028
21800,1.23557639122
21801,1.43725979328
21802,1.25453209877
21803,1.24515533447
21804,1.29360187054
21805,1.20825815201
21806,1.34328532219
21807,1.24711120129
21808,1.30230617523
21809,1.38335216045
21810,1.21746003628
21811,1.29967606068
21812,1.3343859911
21813,1.25218939781
21814,1.27059090137
21815,1.26287209988
21816,1.145008564
21817,1.37430679798
21818,1.27676737309
21819,1.23801183701
21820,1.20775020123
21821,1.34971916676
21822,1.32546126842
21823,1.27088260651
21824,1.26020741463
21825,1.26637327671
21826,1.24434137344
21827,1.24576032162
21828,1.23252701759
21829,1.21594679356
21830,1.29449939728
21831,1.25956439972
21832,1.23921000957
21833,1.30141174793
21834,1.22625231743
21835,1.3248308897
21836,1.23077261448
21837,1.29811108112
21838,1.37053012848
21839,1.26322865486
21840,1.23106622696
21841,1.35509097576
21842,1.22511696815
21843,1.34992098808
21844,1.27083289623
21845,1.20804679394
21846,1.33129322529
21847,1.29493165016
21848,1.50034976006
21849,1.26906812191
21850,1.2920268774
21851,1.22316479683
21852,1.28754818439
21853,1.28076541424
21854,1.42739295959
21855,1.27267491817
21856,1.26107466221
21857,1.35138273239
21858,1.20301389694
21859,1.20526361465
21860,1.36497247219
21861,1.31572186947
21862,1.25537014008
21863,1.21227943897
21864,1.32027733326
21865,1.37703931332
21866,1.27107095718
21867,1.19992220402
21868,1.35337305069
21869,1.27025914192
21870,1.35813641548
21871,1.26501059532
21872,1.29725801945
21873,1.21592497826
21874,1.28936350346
21875,1.26107978821
21876,1.24461340904
21877,1.20380353928
21878,1.23228764534
21879,1.31062698364
21880,1.36574935913
21881,1.27748894691
21882,2.60923242569
21883,1.31160342693
21884,1.31999921799
21885,1.21200108528
21886,1.25696372986
21887,1.31068348885
21888,1.29063773155
21889,1.3704559803
21890,1.25361573696
21891,1.19483733177
21892,1.25540542603
21893,1.2863329649
21894,1.2342082262
21895,1.27255403996
21896,1.3104442358
21897,1.1219316721
21898,1.24819910526
21899,1.32353854179
21900,1.34187734127
21901,1.21726119518
21902,1.2244310379
21903,1.2553306818
21904,1.34388959408
21905,1.39758443832
21906,1.26597607136
21907,1.32684266567
21908,1.25893390179
21909,1.26747703552
21910,1.3320543766
21911,1.36452555656
21912,1.42781126499
21913,1.32174873352
21914,1.35556411743
21915,1.18199157715
21916,1.23132014275
21917,1.28404319286
21918,1.24230754375
21919,1.28758752346
21920,1.33196020126
21921,1.21903371811
21922,1.3172109127
21923,1.24490916729
21924,1.36073315144
21925,1.32345104218
21926,1.29215478897
21927,1.12815785408
21928,1.30102407932
21929,1.24237155914
21930,1.19785571098
21931,1.22847604752
21932,1.21099603176
21933,1.46182894707
21934,1.25812709332
21935,1.17692053318
21936,1.38617169857
21937,1.28746259212
21938,1.38031542301
21939,1.27362513542
21940,1.33671605587
21941,1.31736516953
21942,1.31495583057
21943,1.28790092468
21944,1.295566082
21945,1.27854394913
21946,1.2283449173
21947,1.1595916748
21948,1.2766866684
21949,1.38036549091
21950,1.21370530128
21951,1.26270985603
21952,1.27044904232
21953,1.23582613468
21954,1.22654914856
21955,1.27591085434
21956,1.20907211304
21957,1.24325871468
21958,1.32641792297
21959,1.20693004131
21960,1.28566861153
21961,1.23782336712
21962,1.36473667622
21963,1.21632421017
21964,1.25022828579
21965,1.31585097313
21966,1.30968821049
21967,1.29251921177
21968,1.25340783596
21969,1.28644943237
21970,1.22207450867
21971,1.23573899269
21972,1.27536988258
21973,1.19574201107
21974,1.28798353672
21975,1.22696578503
21976,1.31025540829
21977,1.29102635384
21978,1.44392347336
21979,1.26398348808
21980,1.26118302345
21981,1.27410376072
21982,1.34743797779
21983,1.31846833229
21984,1.24524855614
21985,1.29852211475
21986,1.30206048489
21987,1.23905730247
21988,1.23769009113
21989,1.34145498276
21990,1.28487837315
21991,1.32691824436
21992,1.24741876125
21993,1.32438158989
21994,1.34795761108
21995,1.10096120834
21996,1.30018591881
21997,1.28468489647
21998,1.30878281593
21999,1.29856932163
22000,1.33152604103
22001,1.33243453503
22002,1.30885791779
22003,1.27010393143
22004,1.19084715843
22005,1.34291493893
22006,1.43819653988
22007,1.26395106316
22008,1.18368196487
22009,1.26114952564
22010,1.23373198509
22011,1.31685376167
22012,1.37837231159
22013,1.28197646141
22014,1.25739336014
22015,1.22257089615
22016,1.35325491428
22017,1.38158547878
22018,1.27331566811
22019,1.33686518669
22020,1.32057213783
22021,1.25701415539
22022,1.2055670023
22023,1.31764161587
22024,1.20556437969
22025,1.3289898634
22026,1.22399842739
22027,1.33313393593
22028,1.33380031586
22029,1.31350243092
22030,1.29925107956
22031,1.27306628227
22032,1.25969815254
22033,1.19526779652
22034,1.30091571808
22035,1.21457362175
22036,1.41274189949
22037,1.41295611858
22038,1.21809709072
22039,1.3360247612
22040,1.25499999523
22041,1.34734475613
22042,1.27190649509
22043,1.32908022404
22044,1.32059502602
22045,1.35349106789
22046,1.21753501892
22047,1.32741522789
22048,1.26101052761
22049,1.31303489208
22050,1.30452334881
22051,1.28946268559
22052,1.34731066227
22053,1.17692029476
22054,1.3277438879
22055,1.31324493885
22056,1.34154176712
22057,1.1803047657
22058,1.23493099213
22059,1.29525923729
22060,1.35444784164
22061,1.26708769798
22062,1.23368966579
22063,1.3260525465
22064,1.34053385258
22065,1.29074239731
22066,1.22505664825
22067,1.24895834923
22068,1.25202834606
22069,1.37637317181
22070,1.25597608089
22071,1.35832726955
22072,1.31423258781
22073,1.32625794411
22074,1.23282957077
22075,1.20708811283
22076,1.25884544849
22077,1.17848360538
22078,1.33451592922
22079,1.32470464706
22080,1.41177368164
22081,1.28179609776
22082,1.39354026318
22083,1.35321187973
22084,1.22317922115
22085,1.29520094395
22086,1.29977214336
22087,1.32904863358
22088,1.43945491314
22089,1.17867147923
22090,1.32715010643
22091,1.24742329121
22092,1.25951147079
22093,1.23568689823
22094,1.30336368084
22095,1.23806619644
22096,1.25646042824
22097,1.27955389023
22098,1.3355588913
22099,1.28413939476
22100,1.22222018242
22101,1.22670948505
22102,1.28022766113
22103,1.24783313274
22104,1.27634871006
22105,1.40119636059
22106,1.21383261681
22107,1.27482271194
22108,1.2428047657
22109,1.3486341238
22110,1.36198568344
22111,1.30286705494
22112,1.27223646641
22113,1.277323246
22114,1.25748598576
22115,1.17376852036
22116,1.23877847195
22117,1.28967475891
22118,1.22732913494
22119,1.32174360752
22120,1.22508525848
22121,1.33746933937
22122,1.25698471069
22123,1.26106715202
22124,1.39764761925
22125,1.33641815186
22126,1.29436433315
22127,1.19907927513
22128,1.29380309582
22129,1.22224223614
22130,1.22787892818
22131,1.29305279255
22132,1.19910788536
22133,1.48260319233
22134,1.27058911324
22135,1.27281522751
22136,1.27164852619
22137,1.26341032982
22138,1.27020978928
22139,1.2096143961
22140,1.33707177639
22141,1.27483510971
22142,1.38855099678
22143,1.2718360424
22144,1.27627563477
22145,1.32400178909
22146,1.21244621277
22147,1.2866871357
22148,1.24206697941
22149,1.34341406822
22150,1.26677274704
22151,1.25378251076
22152,1.35635972023
22153,1.20294392109
22154,1.27091920376
22155,1.28718030453
22156,1.20378005505
22157,1.32570374012
22158,1.28405547142
22159,1.26410603523
22160,1.31852805614
22161,1.22192132473
22162,1.35032618046
22163,1.23925769329
22164,1.23074996471
22165,1.4406671524
22166,1.26298630238
22167,1.24174654484
22168,1.22806739807
22169,1.32458424568
22170,1.33822011948
22171,1.26069426537
22172,1.222910285
22173,1.3514919281
22174,1.30081439018
22175,1.41322517395
22176,1.39781081676
22177,1.34886443615
22178,1.18811607361
22179,1.23640811443
22180,1.21062481403
22181,1.39269471169
22182,1.22710669041
22183,1.28943371773
22184,1.25203859806
22185,1.20875644684
22186,1.2196586132
22187,1.34343063831
22188,1.31065773964
22189,1.25926196575
22190,1.25619578362
22191,1.23917531967
22192,1.33381211758
22193,1.46340620518
22194,1.31451582909
22195,1.32364416122
22196,1.33158648014
22197,1.33577024937
22198,1.29659283161
22199,1.29019355774
22200,1.29530870914
22201,1.33887732029
22202,1.37216663361
22203,1.23899197578
22204,1.24750304222
22205,1.24639010429
22206,1.27603113651
22207,1.37366139889
22208,1.40641129017
22209,1.30309617519
22210,1.33693921566
22211,1.27344989777
22212,1.34209775925
22213,1.36450910568
22214,1.30147504807
22215,1.3069934845
22216,1.25710594654
22217,1.27068555355
22218,1.25843763351
22219,1.30600976944
22220,1.27926599979
22221,1.27094769478
22222,1.28476047516
22223,1.42080879211
22224,1.41683244705
22225,1.22219932079
22226,1.28144156933
22227,1.2383890152
22228,1.31203651428
22229,1.32457065582
22230,1.27544951439
22231,1.24547755718
22232,1.35525727272
22233,1.20939922333
22234,1.4429923296
22235,1.3982155323
22236,1.31441116333
22237,1.2328659296
22238,1.32456505299
22239,1.29257822037
22240,1.25141453743
22241,1.37096583843
22242,1.30086660385
22243,1.27515649796
22244,1.28999173641
22245,1.35635650158
22246,1.32559335232
22247,1.27778530121
22248,1.26898241043
22249,1.27525103092
22250,1.26182591915
22251,1.39498841763
22252,1.2833647728
22253,1.32079303265
22254,1.22461760044
22255,1.29438352585
22256,1.29134213924
22257,1.36660039425
22258,1.20901286602
22259,1.32808613777
22260,1.37673902512
22261,1.28007042408
22262,1.3292632103
22263,1.29142093658
22264,1.31558597088
22265,1.3414683342
22266,1.23973786831
22267,1.23966681957
22268,1.23132228851
22269,1.40305185318
22270,1.27568352222
22271,1.42201185226
22272,1.31556499004
22273,1.2640529871
22274,1.312967062
22275,1.3808785677
22276,1.3935791254
22277,1.29581165314
22278,1.24727475643
22279,1.21808695793
22280,1.2150105238
22281,1.3585921526
22282,1.32860589027
22283,1.31890785694
22284,1.23503172398
22285,1.26652407646
22286,1.34836661816
22287,1.30835068226
22288,1.22048199177
22289,1.27511334419
22290,1.23696613312
22291,1.29425132275
22292,1.27139270306
22293,1.43479442596
22294,1.20710408688
22295,1.39477014542
22296,1.20180308819
22297,1.22902989388
22298,1.17214679718
22299,1.30864334106
22300,1.31597149372
22301,1.29929184914
22302,1.35285019875
22303,1.35438013077
22304,1.34833264351
22305,1.22953939438
22306,1.2632598877
22307,1.28483724594
22308,1.29443061352
22309,1.36455988884
22310,1.33738100529
22311,1.26298475266
22312,1.34774887562
22313,1.24959886074
22314,1.45110845566
22315,1.16995954514
22316,1.20321333408
22317,1.26453816891
22318,1.37829053402
22319,1.35472917557
22320,1.3741300106
22321,1.35910439491
22322,1.25054824352
22323,1.31435286999
22324,1.23971307278
22325,1.29443132877
22326,1.26001155376
22327,1.29484415054
22328,1.28017914295
22329,1.29228675365
22330,1.26728439331
22331,1.19267880917
22332,1.1765422821
22333,1.34567964077
22334,1.2434387207
22335,1.23442101479
22336,1.35543310642
22337,1.3787842989
22338,1.38284754753
22339,1.25434279442
22340,1.19489049911
22341,1.29942250252
22342,1.22375261784
22343,1.40702712536
22344,1.37827968597
22345,1.2920255661
22346,1.14152014256
22347,1.28138709068
22348,1.24470245838
22349,1.27169024944
22350,1.31820964813
22351,1.36682605743
22352,1.23387432098
22353,1.28285121918
22354,1.24594557285
22355,1.19847536087
22356,1.32118976116
22357,1.2904214859
22358,1.39806962013
22359,1.23553371429
22360,1.37871599197
22361,1.26758646965
22362,1.30644261837
22363,1.3462703228
22364,1.30657744408
22365,1.24108731747
22366,1.2714868784
22367,1.29073023796
22368,1.37057220936
22369,1.3668243885
22370,1.2128663063
22371,1.18568480015
22372,1.23767769337
22373,1.31263101101
22374,1.38337028027
22375,1.34065163136
22376,1.33958852291
22377,1.23690867424
22378,1.36267602444
22379,1.33971607685
22380,1.25772345066
22381,1.26766693592
22382,1.22154903412
22383,1.21291291714
22384,1.20863509178
22385,1.29730677605
22386,1.32305681705
22387,1.2880269289
22388,1.28081548214
22389,1.38348054886
22390,1.27258491516
22391,1.31021881104
22392,1.33372616768
22393,1.27884805202
22394,1.23745810986
22395,1.28155076504
22396,1.28500437737
22397,1.29362380505
22398,1.29517138004
22399,1.23230314255
22400,1.36152839661
22401,1.3073322773
22402,1.34999978542
22403,1.28272366524
22404,1.32016861439
22405,1.29314994812
22406,1.3135894537
22407,1.19419085979
22408,1.30512678623
22409,1.32101607323
22410,1.33181357384
22411,1.29177427292
22412,1.3175188303
22413,1.36113333702
22414,1.23161661625
22415,1.16960811615
22416,1.19651424885
22417,1.36259925365
22418,1.21544265747
22419,1.30038905144
22420,1.21025371552
22421,1.21334004402
22422,1.32676362991
22423,1.28295576572
22424,1.42470836639
22425,1.28937447071
22426,1.4359600544
22427,1.22776758671
22428,1.42428421974
22429,1.43237614632
22430,1.32344067097
22431,1.52720439434
22432,1.31427407265
22433,1.25719094276
22434,1.23454535007
22435,1.24229049683
22436,1.33343553543
22437,1.26314413548
22438,1.48220527172
22439,1.34624755383
22440,1.23907661438
22441,1.35225367546
22442,1.25478243828
22443,1.25849711895
22444,1.25561344624
22445,1.32845258713
22446,1.33824217319
22447,1.32511901855
22448,1.39974212646
22449,1.24985420704
22450,1.26279354095
22451,1.37795174122
22452,1.29990196228
22453,1.26624131203
22454,1.17943322659
22455,1.32156336308
22456,1.24030017853
22457,1.21130764484
22458,1.30802667141
22459,1.32953357697
22460,1.27534151077
22461,1.22137784958
22462,1.34686374664
22463,1.23668515682
22464,1.39688265324
22465,1.32114946842
22466,1.21495521069
22467,1.34227454662
22468,1.25401067734
22469,1.24653458595
22470,1.32368981838
22471,1.2974293232
22472,1.32500469685
22473,1.37662267685
22474,1.34855759144
22475,1.32113564014
22476,1.33769035339
22477,1.29424238205
22478,1.38233613968
22479,1.18630754948
22480,1.39295613766
22481,1.29667794704
22482,1.33012402058
22483,1.34911954403
22484,1.21053516865
22485,1.30897569656
22486,1.31572806835
22487,1.33242988586
22488,1.29792666435
22489,1.2264136076
22490,1.30433809757
22491,1.30314576626
22492,1.33541703224
22493,1.24036347866
22494,1.31097054482
22495,1.26097786427
22496,1.30421304703
22497,1.26844167709
22498,1.19128656387
22499,1.29913234711
22500,1.25318694115
22501,1.25586259365
22502,1.27594304085
22503,1.2640581131
22504,1.25725495815
22505,1.33365404606
22506,1.31803584099
22507,1.37112736702
22508,1.36153507233
22509,1.30034017563
22510,1.30552399158
22511,1.28749275208
22512,1.32424211502
22513,1.24825334549
22514,1.38793337345
22515,1.23784410954
22516,1.36936187744
22517,1.32441961765
22518,1.3491743803
22519,1.2920511961
22520,1.30176889896
22521,1.20921444893
22522,1.31706357002
22523,1.23743498325
22524,1.27959799767
22525,1.24987113476
22526,1.20115923882
22527,1.33653187752
22528,1.38515400887
22529,1.37543237209
22530,1.35799956322
22531,1.2338988781
22532,1.2887301445
22533,1.34238755703
22534,1.37354719639
22535,1.19754457474
22536,1.29564285278
22537,1.19594693184
22538,1.20263028145
22539,1.32365334034
22540,1.29418921471
22541,1.31919515133
22542,1.43483161926
22543,1.20618712902
22544,1.22082924843
22545,1.27918696404
22546,1.23726165295
22547,1.24171054363
22548,1.25687861443
22549,1.314062953
22550,1.39081525803
22551,1.19492197037
22552,1.24697601795
22553,1.48064100742
22554,1.28478085995
22555,1.31966173649
22556,1.44098782539
22557,1.25105822086
22558,1.28743326664
22559,1.26579332352
22560,1.28966701031
22561,1.25463891029
22562,1.37256932259
22563,1.32217466831
22564,1.17398381233
22565,1.43006575108
22566,1.26633822918
22567,1.35564088821
22568,1.28992652893
22569,1.26243257523
22570,1.3676623106
22571,1.19633221626
22572,1.27670753002
22573,1.37254476547
22574,1.34672307968
22575,1.26584279537
22576,1.25986456871
22577,1.3316795826
22578,1.25635397434
22579,1.37835323811
22580,1.36878144741
22581,1.32977676392
22582,1.30035328865
22583,1.26600003242
22584,1.38665270805
22585,1.28277444839
22586,1.40478479862
22587,1.35799109936
22588,1.29571974277
22589,1.24624836445
22590,1.37968659401
22591,1.37848782539
22592,1.14909410477
22593,1.25088202953
22594,1.46050703526
22595,1.21095430851
22596,1.33541071415
22597,1.34335374832
22598,1.30231463909
22599,1.43893647194
22600,1.30344963074
22601,1.39994704723
22602,1.25751066208
22603,1.26466274261
22604,1.23657000065
22605,1.25992250443
22606,1.34955382347
22607,1.36140501499
22608,1.37702071667
22609,1.37219071388
22610,1.39708912373
22611,1.27376663685
22612,1.26933920383
22613,1.32725119591
22614,1.25860834122
22615,1.28361618519
22616,1.43370079994
22617,1.32510185242
22618,1.32030212879
22619,1.26243162155
22620,1.20283484459
22621,1.32420158386
22622,1.30272102356
22623,1.17142164707
22624,1.2411904335
22625,1.31578552723
22626,1.34354162216
22627,1.42058944702
22628,1.2908064127
22629,1.38330447674
22630,1.32408618927
22631,1.23792028427
22632,1.24109601974
22633,1.28719258308
22634,1.37411499023
22635,1.22935688496
22636,1.35334908962
22637,1.35726380348
22638,1.34940099716
22639,1.22301113605
22640,1.27749538422
22641,1.37063920498
22642,1.30510270596
22643,1.23454141617
22644,1.43708562851
22645,1.30384147167
22646,1.27001643181
22647,1.31316363811
22648,1.33728837967
22649,1.43232905865
22650,1.28816282749
22651,1.30264377594
22652,1.39658808708
22653,1.35923111439
22654,1.32557010651
22655,1.3204100132
22656,1.39239227772
22657,1.28227555752
22658,1.2565612793
22659,1.21813905239
22660,1.21387660503
22661,1.27834033966
22662,1.36635792255
22663,1.28837895393
22664,1.24747574329
22665,1.32675886154
22666,1.30796194077
22667,1.33515202999
22668,1.35625314713
22669,1.24275529385
22670,1.32361161709
22671,1.25388062
22672,1.18235206604
22673,1.33396673203
22674,1.32971143723
22675,1.33393597603
22676,1.35416889191
22677,1.35018467903
22678,1.32479166985
22679,1.3058359623
22680,1.38650751114
22681,1.32507801056
22682,1.42488288879
22683,1.27533066273
22684,1.21688914299
22685,1.18277156353
22686,1.24883460999
22687,1.22251963615
22688,1.30526447296
22689,1.3106739521
22690,1.31976795197
22691,1.26917636395
22692,1.25770509243
22693,1.33154547215
22694,1.30501043797
22695,1.26569795609
22696,1.27415549755
22697,1.27596902847
22698,1.27192997932
22699,1.25421369076
22700,1.42511248589
22701,1.33015024662
22702,1.332929492
22703,1.31602811813
22704,1.21187257767
22705,1.37303805351
22706,1.36989080906
22707,1.35779714584
22708,1.17572522163
22709,1.37695586681
22710,1.26399683952
22711,1.28662836552
22712,1.31239104271
22713,1.34280753136
22714,1.29943144321
22715,1.28891956806
22716,1.39484882355
22717,1.14458608627
22718,1.25740015507
22719,1.33095562458
22720,1.29323530197
22721,1.30079030991
22722,1.3217266798
22723,1.24761712551
22724,1.27250409126
22725,1.27695178986
22726,1.37305676937
22727,1.24994909763
22728,1.29780220985
22729,1.25000309944
22730,1.31263804436
22731,1.25204968452
22732,1.3882433176
22733,1.36544370651
22734,1.40492999554
22735,1.2750825882
22736,1.26250505447
22737,1.32372462749
22738,1.27639591694
22739,1.37575054169
22740,1.33278667927
22741,1.30655825138
22742,1.29472112656
22743,1.37162446976
22744,1.30939626694
22745,1.33932697773
22746,1.39039289951
22747,1.28253602982
22748,1.23411822319
22749,1.2978001833
22750,1.27817857265
22751,1.42763519287
22752,1.23345458508
22753,1.34611213207
22754,1.1920979023
22755,1.23699617386
22756,1.26819646358
22757,1.27409291267
22758,1.36773824692
22759,1.23250162601
22760,1.28262829781
22761,1.31446027756
22762,1.34189403057
22763,1.33055269718
22764,1.23375189304
22765,1.22054195404
22766,1.17213237286
22767,1.31881868839
22768,1.22657620907
22769,1.35515594482
22770,1.33305859566
22771,1.36349344254
22772,1.42688000202
22773,1.34281814098
22774,1.36796271801
22775,1.30943286419
22776,1.3450063467
22777,1.24835336208
22778,1.23616921902
22779,1.52214610577
22780,1.23094964027
22781,1.250690341
22782,1.27387487888
22783,1.27758574486
22784,1.31308531761
22785,1.33440315723
22786,1.31357598305
22787,1.29294884205
22788,1.26097226143
22789,1.31563472748
22790,1.34000337124
22791,1.51493597031
22792,1.28058826923
22793,1.1948158741
22794,1.36790442467
22795,1.31153678894
22796,1.28482079506
22797,1.36012911797
22798,1.28090381622
22799,1.44468784332
22800,1.30423104763
22801,1.25020563602
22802,1.21687746048
22803,1.3231626749
22804,1.31945049763
22805,1.32872951031
22806,1.22965538502
22807,1.33453392982
22808,1.28487682343
22809,1.23435389996
22810,1.34833073616
22811,1.25488233566
22812,1.33592450619
22813,1.25367987156
22814,1.26482200623
22815,1.24329173565
22816,1.35027050972
22817,1.36851990223
22818,1.41200089455
22819,1.3137601614
22820,1.22116839886
22821,1.29447793961
22822,1.37915098667
22823,1.30590128899
22824,1.2636885643
22825,1.20105576515
22826,1.35978841782
22827,1.24832808971
22828,1.34102869034
22829,1.29130327702
22830,1.44162726402
22831,1.30371761322
22832,1.27851212025
22833,1.2932049036
22834,1.30037939548
22835,1.22714447975
22836,1.25543951988
22837,1.27868711948
22838,1.51585483551
22839,1.34139537811
22840,1.21580338478
22841,1.30447494984
22842,1.263245821
22843,1.2769575119
22844,1.2559851408
22845,1.35173237324
22846,1.24504303932
22847,1.40335249901
22848,1.24336695671
22849,1.28067314625
22850,1.2916713953
22851,1.36456954479
22852,1.36279952526
22853,1.19368565083
22854,1.31588280201
22855,1.23806214333
22856,1.33452868462
22857,1.29867482185
22858,1.32778728008
22859,1.25859570503
22860,1.35096228123
22861,1.29241502285
22862,1.27230334282
22863,1.26068091393
22864,1.32125926018
22865,1.21320080757
22866,1.25182068348
22867,1.22584044933
22868,1.23427629471
22869,1.37824368477
22870,1.37546515465
22871,1.27436435223
22872,1.24579584599
22873,1.37473320961
22874,1.25454199314
22875,1.25600028038
22876,1.24810552597
22877,1.38454282284
22878,1.28563427925
22879,1.31218612194
22880,1.32633411884
22881,1.32878339291
22882,1.30057930946
22883,1.26394927502
22884,1.37915492058
22885,1.34585499763
22886,1.31799793243
22887,1.21100497246
22888,1.39653360844
22889,1.29501986504
22890,1.28033518791
22891,1.32270860672
22892,1.31923019886
22893,1.32431471348
22894,1.28377223015
22895,1.21652626991
22896,1.3503934145
22897,1.27838969231
22898,1.27673828602
22899,1.2964053154
22900,1.37914907932
22901,1.23713314533
22902,1.24077320099
22903,1.31550014019
22904,1.27546095848
22905,1.32482719421
22906,1.24303591251
22907,1.21779870987
22908,1.28424620628
22909,1.36748838425
22910,1.30339276791
22911,1.35772931576
22912,1.37339293957
22913,1.29861426353
22914,1.22244763374
22915,1.26772975922
22916,1.35208547115
22917,1.35172080994
22918,1.26754903793
22919,1.29201745987
22920,1.25943732262
22921,1.38761270046
22922,1.22120940685
22923,1.31795954704
22924,1.34392011166
22925,1.38980185986
22926,1.31638264656
22927,1.37359857559
22928,1.31085145473
22929,1.341142416
22930,1.34722268581
22931,1.31492245197
22932,1.35077321529
22933,1.22191476822
22934,1.27666115761
22935,1.20759510994
22936,1.28341186047
22937,1.27678155899
22938,1.35503959656
22939,1.2830401659
22940,1.37224209309
22941,1.36014032364
22942,1.26783573627
22943,1.39484000206
22944,1.32595121861
22945,1.24522030354
22946,1.23516821861
22947,1.28034806252
22948,1.34488451481
22949,1.28112387657
22950,1.3043923378
22951,1.27239525318
22952,1.58424401283
22953,1.25066900253
22954,1.33822953701
22955,1.27109479904
22956,1.36312842369
22957,1.27421307564
22958,1.27323389053
22959,1.36255979538
22960,1.23570823669
22961,1.31062674522
22962,1.25739908218
22963,1.23451495171
22964,1.32991409302
22965,1.26590955257
22966,1.32498335838
22967,1.27281653881
22968,1.3611279726
22969,1.28013575077
22970,1.28152191639
22971,1.28276073933
22972,1.39556097984
22973,1.20113778114
22974,1.25359845161
22975,1.33413004875
22976,1.30051589012
22977,1.36279439926
22978,1.33076775074
22979,1.2877497673
22980,1.32313656807
22981,1.24315905571
22982,1.28223633766
22983,1.18708074093
22984,1.41655254364
22985,1.31894946098
22986,1.2769651413
22987,1.37395346165
22988,1.2300413847
22989,1.36934792995
22990,1.32596850395
22991,1.25013923645
22992,1.19808208942
22993,1.30303621292
22994,1.20036149025
22995,1.30183339119
22996,1.24363303185
22997,1.3458480835
22998,1.32848644257
22999,1.34418654442
23000,1.33107209206
23001,1.31109154224
23002,1.19448316097
23003,1.33222484589
23004,1.276232481
23005,1.3538005352
23006,1.25059700012
23007,1.31419372559
23008,1.35273468494
23009,1.3284651041
23010,1.24387490749
23011,1.25473976135
23012,1.33774471283
23013,1.22025096416
23014,1.33884191513
23015,1.25508928299
23016,1.31245362759
23017,1.40161716938
23018,1.36645293236
23019,1.27203226089
23020,1.33394956589
23021,1.29731535912
23022,1.29344022274
23023,1.34456372261
23024,1.3261834383
23025,1.20743596554
23026,1.27348101139
23027,1.20223474503
23028,1.29900705814
23029,1.42074048519
23030,1.38620352745
23031,1.25556111336
23032,1.19144296646
23033,1.33807456493
23034,1.36306416988
23035,1.38723468781
23036,1.30875790119
23037,1.40285861492
23038,1.24820244312
23039,1.28215479851
23040,1.18968427181
23041,1.50888168812
23042,1.34060227871
23043,1.49754714966
23044,1.28978669643
23045,1.28759109974
23046,1.35306358337
23047,1.28150272369
23048,1.27842247486
23049,1.29802858829
23050,1.33624327183
23051,1.320358634
23052,1.31062042713
23053,1.30111694336
23054,1.27493464947
23055,1.20207703114
23056,1.16533851624
23057,1.29920828342
23058,1.27136290073
23059,1.33080816269
23060,1.30678665638
23061,1.37650644779
23062,1.36749529839
23063,1.28748071194
23064,1.3455439806
23065,1.36796522141
23066,1.30424034595
23067,1.28190898895
23068,1.37991130352
23069,1.19827139378
23070,1.30827510357
23071,1.3228417635
23072,1.27955210209
23073,1.37450575829
23074,1.29448771477
23075,1.18877124786
23076,1.35088503361
23077,1.26150870323
23078,1.4325248003
23079,1.40194427967
23080,1.28064477444
23081,1.26184749603
23082,1.27284240723
23083,1.30786120892
23084,1.39256513119
23085,1.19711363316
23086,1.29769480228
23087,1.21502041817
23088,1.27712142467
23089,1.31252980232
23090,1.29435765743
23091,1.2897964716
23092,1.3616039753
23093,1.21623325348
23094,1.31422555447
23095,1.29178786278
23096,1.32746052742
23097,1.25479352474
23098,1.24188268185
23099,1.30308401585
23100,1.33341276646
23101,1.29793274403
23102,1.37126481533
23103,1.25449740887
23104,1.27911520004
23105,1.24330770969
23106,1.25826644897
23107,1.31327462196
23108,1.28418803215
23109,1.28885924816
23110,1.37316012383
23111,1.27875852585
23112,1.29897093773
23113,1.25503218174
23114,1.19234013557
23115,1.29739975929
23116,1.26602077484
23117,1.22763824463
23118,1.28957223892
23119,1.32215094566
23120,1.1623570919
23121,1.25879371166
23122,1.14893805981
23123,1.37605667114
23124,1.19221031666
23125,1.36792051792
23126,1.40433371067
23127,1.33136153221
23128,1.26054990292
23129,1.40301942825
23130,1.31356370449
23131,1.20529067516
23132,1.34973597527
23133,1.38140678406
23134,1.26666748524
23135,1.27321588993
23136,1.22326815128
23137,1.47207856178
23138,1.25362753868
23139,1.28283882141
23140,1.31789410114
23141,1.28074264526
23142,1.26212465763
23143,1.32552230358
23144,1.24666845798
23145,1.37140083313
23146,1.31003069878
23147,1.2482227087
23148,1.32379877567
23149,1.29771995544
23150,1.36653971672
23151,1.33135652542
23152,1.29352009296
23153,1.25579571724
23154,1.23323082924
23155,1.29062974453
23156,1.41483867168
23157,1.36515390873
23158,1.29160094261
23159,1.22877657413
23160,1.3490947485
23161,1.33819019794
23162,1.2459243536
23163,1.38140797615
23164,1.33111441135
23165,1.2947896719
23166,1.44411921501
23167,1.27654016018
23168,1.28005003929
23169,1.31622409821
23170,1.26936531067
23171,1.28082704544
23172,1.3097782135
23173,1.35621750355
23174,1.4151006937
23175,1.39175713062
23176,1.33850610256
23177,1.30070281029
23178,1.26030921936
23179,1.26773190498
23180,1.30414450169
23181,1.26793539524
23182,1.24903595448
23183,1.37759828568
23184,1.31357371807
23185,1.33219707012
23186,1.36926627159
23187,1.30244004726
23188,1.24782323837
23189,1.25381445885
23190,1.27027344704
23191,1.23403799534
23192,1.31203818321
23193,1.28421843052
23194,1.28432607651
23195,1.33877336979
23196,1.19521403313
23197,1.22362411022
23198,1.17955851555
23199,1.34227776527
23200,1.27775287628
23201,1.43386101723
23202,1.43546295166
23203,1.33996760845
23204,1.33605837822
23205,1.2066218853
23206,1.28538072109
23207,1.43719482422
23208,1.26649355888
23209,1.22746169567
23210,1.21627080441
23211,1.34426653385
23212,1.27286410332
23213,1.23318564892
23214,1.22855556011
23215,1.43020200729
23216,1.31209409237
23217,1.26542544365
23218,1.25741934776
23219,1.32017433643
23220,1.36261761189
23221,1.28548133373
23222,1.23833608627
23223,1.234567523
23224,1.29622268677
23225,1.35254955292
23226,1.32208263874
23227,1.33934366703
23228,1.27616763115
23229,1.25920665264
23230,1.29684591293
23231,1.1978751421
23232,1.26414012909
23233,1.35143458843
23234,1.40355491638
23235,1.19202125072
23236,1.44871246815
23237,1.31196331978
23238,1.26019227505
23239,1.2107809782
23240,1.41575717926
23241,1.44066524506
23242,1.32034909725
23243,1.32615816593
23244,1.25920426846
23245,1.39124035835
23246,1.26149773598
23247,1.31585371494
23248,1.362377882
23249,1.34373176098
23250,1.29747653008
23251,1.35025119781
23252,1.30991864204
23253,1.33944404125
23254,1.30062842369
23255,1.30419623852
23256,1.38192415237
23257,1.22005283833
23258,1.31916630268
23259,1.22218585014
23260,1.3258947134
23261,1.30012106895
23262,1.40835690498
23263,1.36536979675
23264,1.3646723032
23265,1.2503361702
23266,1.15452122688
23267,1.40833699703
23268,1.44104194641
23269,1.44081676006
23270,1.27573561668
23271,1.34228277206
23272,1.24459850788
23273,1.25569748878
23274,1.32080745697
23275,1.2688806057
23276,1.21922433376
23277,1.40029013157
23278,1.30634319782
23279,1.31486821175
23280,1.29640769958
23281,1.20602428913
23282,1.27283883095
23283,1.30083310604
23284,1.32680368423
23285,1.27377593517
23286,1.39594459534
23287,1.33679533005
23288,1.33511757851
23289,1.28346395493
23290,1.3652421236
23291,1.30909943581
23292,1.26750922203
23293,1.46015608311
23294,1.20624577999
23295,1.38914465904
23296,1.31621432304
23297,1.30029344559
23298,1.21135437489
23299,1.43793344498
23300,1.26697742939
23301,1.29830741882
23302,1.2779597044
23303,1.37668406963
23304,1.31013703346
23305,1.36721897125
23306,1.3908829689
23307,1.23263299465
23308,1.3889452219
23309,1.32399201393
23310,1.32179713249
23311,1.30315053463
23312,1.26888895035
23313,1.26591038704
23314,1.30848836899
23315,1.54033339024
23316,1.35414600372
23317,1.26350808144
23318,1.31498908997
23319,1.30012857914
23320,1.39505624771
23321,1.30204308033
23322,1.32823824883
23323,1.20632827282
23324,1.28097558022
23325,1.43525099754
23326,1.38424658775
23327,1.25069665909
23328,1.34565508366
23329,1.27557969093
23330,1.32056963444
23331,1.4979994297
23332,1.27290308475
23333,1.3732329607
23334,1.36974537373
23335,1.38671779633
23336,1.37598824501
23337,1.31731247902
23338,1.31577146053
23339,1.35905444622
23340,1.44134116173
23341,1.28043067455
23342,1.27057564259
23343,1.2755767107
23344,1.22885680199
23345,1.39911031723
23346,1.39673173428
23347,1.34634768963
23348,1.20594525337
23349,1.38721132278
23350,1.25035917759
23351,1.17070102692
23352,1.30186831951
23353,1.29599964619
23354,1.20533871651
23355,1.2689242363
23356,1.3531908989
23357,1.22846889496
23358,1.25915777683
23359,1.27410054207
23360,1.22530961037
23361,1.39265155792
23362,1.28528273106
23363,1.27420532703
23364,1.20323467255
23365,1.25809550285
23366,1.35401105881
23367,1.30443489552
23368,1.24309074879
23369,1.22232544422
23370,1.22263216972
23371,1.31846964359
23372,1.29158365726
23373,1.42235171795
23374,1.32005405426
23375,1.20500671864
23376,1.28783071041
23377,1.3516317606
23378,1.28268051147
23379,1.26386809349
23380,1.31557095051
23381,1.33624172211
23382,1.29609870911
23383,1.35231792927
23384,1.46444797516
23385,1.32584893703
23386,1.27228856087
23387,1.20222187042
23388,1.29904985428
23389,1.34198093414
23390,1.27638888359
23391,1.3310996294
23392,1.27356410027
23393,1.24855792522
23394,1.34419381618
23395,1.23508286476
23396,1.3463447094
23397,1.30172228813
23398,1.31130242348
23399,1.33050525188
23400,1.37375283241
23401,1.31932294369
23402,1.26196420193
23403,1.19849133492
23404,1.31250345707
23405,1.27893960476
23406,1.36819028854
23407,1.29837954044
23408,1.35681498051
23409,1.26764261723
23410,1.28911936283
23411,1.27254128456
23412,1.24449086189
23413,1.27830898762
23414,1.2082657814
23415,1.29762113094
23416,1.31458449364
23417,1.33547079563
23418,1.23395943642
23419,1.32066690922
23420,1.31792640686
23421,1.26370596886
23422,1.29842543602
23423,1.31072902679
23424,1.31627321243
23425,1.36284911633
23426,1.33992612362
23427,1.20448076725
23428,1.32805049419
23429,1.26721572876
23430,1.26815021038
23431,1.38183987141
23432,1.32506966591
23433,1.29121613503
23434,1.33412837982
23435,1.2546236515
23436,1.2917495966
23437,1.2998380661
23438,1.26780259609
23439,1.37435698509
23440,1.33497810364
23441,1.4366723299
23442,1.33694255352
23443,1.30523729324
23444,1.31649255753
23445,2.3843331337
23446,1.3419624567
23447,1.33025765419
23448,1.42982304096
23449,1.32741940022
23450,1.32048785686
23451,1.44804465771
23452,1.35485589504
23453,1.46281957626
23454,1.20278036594
23455,1.23752450943
23456,1.28828799725
23457,1.22433161736
23458,1.2658315897
23459,1.37387657166
23460,1.40555953979
23461,1.24823367596
23462,1.39287388325
23463,1.30533659458
23464,1.18322300911
23465,1.24195611477
23466,1.30898869038
23467,1.33441329002
23468,1.23064613342
23469,1.23218214512
23470,1.32205045223
23471,1.26073300838
23472,1.35400760174
23473,1.31727766991
23474,1.23956596851
23475,1.37434661388
23476,1.19273662567
23477,1.28292918205
23478,1.39560067654
23479,1.30491828918
23480,1.30102813244
23481,1.29478156567
23482,1.31462049484
23483,1.34708297253
23484,1.41503202915
23485,1.33106887341
23486,1.30290198326
23487,1.33535051346
23488,1.27796089649
23489,1.35769438744
23490,1.37773954868
23491,1.33361744881
23492,1.32228767872
23493,1.26786077023
23494,1.37209820747
23495,1.33114159107
23496,1.36185657978
23497,1.37162089348
23498,1.39647984505
23499,1.31670284271
23500,1.25668990612
23501,1.36833333969
23502,1.3145403862
23503,1.27945995331
23504,1.36368739605
23505,1.3115940094
23506,1.43297874928
23507,1.28440499306
23508,1.31411671638
23509,1.32033920288
23510,1.30532479286
23511,1.32777357101
23512,1.30513262749
23513,1.3875875473
23514,1.16232514381
23515,1.45423209667
23516,1.41956472397
23517,1.2998213768
23518,1.26505970955
23519,1.26111388206
23520,1.3517036438
23521,1.21510910988
23522,1.29082596302
23523,1.29939568043
23524,1.33921539783
23525,1.20890676975
23526,1.31857299805
23527,1.29569232464
23528,1.35600614548
23529,1.34498906136
23530,1.26912307739
23531,1.32296538353
23532,1.35354053974
23533,1.30738639832
23534,1.31146788597
23535,1.35810673237
23536,1.27287149429
23537,1.35673666
23538,1.28971624374
23539,1.29438781738
23540,1.33405089378
23541,1.28856158257
23542,1.24304485321
23543,1.2853115797
23544,1.20016527176
23545,1.35832607746
23546,1.26394915581
23547,1.3399065733
23548,1.24764418602
23549,1.34803426266
23550,1.40548682213
23551,1.17512869835
23552,1.38357925415
23553,1.33784043789
23554,1.20053553581
23555,1.2386661768
23556,1.23434078693
23557,1.33044743538
23558,1.26931750774
23559,1.41381680965
23560,1.29707205296
23561,1.2318559885
23562,1.316614151
23563,1.26483726501
23564,1.31378793716
23565,1.29035830498
23566,1.35079610348
23567,1.28132677078
23568,1.25760674477
23569,1.29636180401
23570,1.33989930153
23571,1.30106663704
23572,1.22944021225
23573,1.37734913826
23574,1.23212242126
23575,1.4104372263
23576,1.20955991745
23577,1.41252171993
23578,1.32647883892
23579,1.40767657757
23580,1.34211790562
23581,1.33717787266
23582,1.36326622963
23583,1.33832883835
23584,1.31472122669
23585,1.24977838993
23586,1.29700183868
23587,1.43066227436
23588,1.38237082958
23589,1.27818667889
23590,1.27634930611
23591,1.22316539288
23592,1.24623346329
23593,1.37291514874
23594,1.46555936337
23595,1.36688065529
23596,1.31140530109
23597,1.28578221798
23598,1.363504529
23599,1.37651872635
23600,1.35352134705
23601,1.40479934216
23602,1.24096691608
23603,1.31546831131
23604,1.32569110394
23605,1.39268612862
23606,1.4160554409
23607,1.28648889065
23608,1.34596407413
23609,1.38258063793
23610,1.25472688675
23611,1.32595288754
23612,1.28583860397
23613,1.34616184235
23614,1.22355496883
23615,1.25705575943
23616,1.33168303967
23617,1.28539061546
23618,1.33039009571
23619,1.28708195686
23620,1.30665409565
23621,1.33554339409
23622,1.29212856293
23623,1.31107449532
23624,1.25187790394
23625,1.3424243927
23626,1.42091798782
23627,1.31569433212
23628,1.37038874626
23629,1.3785507679
23630,1.37177240849
23631,1.330078125
23632,1.22213017941
23633,1.30528068542
23634,1.32578754425
23635,1.36891973019
23636,1.24707126617
23637,1.24540984631
23638,1.37788379192
23639,1.36067020893
23640,1.30957114697
23641,1.25572299957
23642,1.2784267664
23643,1.31727325916
23644,1.20586550236
23645,1.42876005173
23646,1.38681542873
23647,1.35647046566
23648,1.28074288368
23649,1.34656786919
23650,1.29273724556
23651,1.31779325008
23652,1.32690799236
23653,1.37656652927
23654,1.3328397274
23655,1.32870554924
23656,1.33297264576
23657,1.23753190041
23658,1.23603308201
23659,1.35182785988
23660,1.42065036297
23661,1.28823685646
23662,1.31472504139
23663,1.30676066875
23664,1.33560550213
23665,1.29851949215
23666,1.34626841545
23667,1.28495836258
23668,1.15364897251
23669,1.21409332752
23670,1.27217781544
23671,1.35397541523
23672,1.23972225189
23673,1.32382106781
23674,1.30332243443
23675,1.36396992207
23676,1.34988284111
23677,1.32516562939
23678,1.26718449593
23679,1.38918972015
23680,1.35249781609
23681,1.27309703827
23682,1.38727653027
23683,1.39320552349
23684,1.26384007931
23685,1.33648848534
23686,1.21425271034
23687,1.29210615158
23688,1.43714904785
23689,1.16675901413
23690,1.26647734642
23691,1.20086598396
23692,1.27036297321
23693,1.29774403572
23694,1.36961960793
23695,1.29244875908
23696,1.2713855505
23697,1.3751231432
23698,1.33382034302
23699,1.40501594543
23700,1.28160881996
23701,1.30178916454
23702,1.35481858253
23703,1.30217587948
23704,1.29297232628
23705,1.29950368404
23706,1.21547019482
23707,1.3633466959
23708,1.29939770699
23709,1.36186897755
23710,1.33266019821
23711,1.25579380989
23712,1.32636678219
23713,1.3648968935
23714,1.39678418636
23715,1.22479057312
23716,1.33726537228
23717,1.34453833103
23718,1.31417822838
23719,1.3293107748
23720,1.26285624504
23721,1.35118615627
23722,1.3348274231
23723,1.32561850548
23724,1.26375329494
23725,1.21275734901
23726,1.46897697449
23727,1.32575035095
23728,1.34819543362
23729,1.3100258112
23730,1.30397951603
23731,1.18929541111
23732,1.41737759113
23733,1.50516223907
23734,1.29103279114
23735,1.30749392509
23736,1.30441212654
23737,1.45443749428
23738,1.27589011192
23739,1.28026211262
23740,1.49641573429
23741,1.35083818436
23742,1.29585814476
23743,1.38456988335
23744,1.28609681129
23745,1.35630381107
23746,1.33623790741
23747,1.31397211552
23748,1.29769039154
23749,1.24137508869
23750,1.409263134
23751,1.28247213364
23752,1.22856605053
23753,1.2822470665
23754,1.32651281357
23755,1.29088842869
23756,1.33249652386
23757,1.35912716389
23758,1.37534475327
23759,1.28891372681
23760,1.2659265995
23761,1.20572793484
23762,1.27697587013
23763,1.28248333931
23764,1.29609251022
23765,1.30039691925
23766,1.3139950037
23767,1.33042323589
23768,1.28188431263
23769,1.30382704735
23770,1.3281712532
23771,1.30328607559
23772,1.25794744492
23773,1.2918087244
23774,1.27884268761
23775,1.38959181309
23776,1.25069391727
23777,1.39428806305
23778,1.31614565849
23779,1.16567611694
23780,1.30301105976
23781,1.35279512405
23782,1.26813340187
23783,1.23022782803
23784,1.32494080067
23785,1.34090352058
23786,1.39235532284
23787,1.39537322521
23788,1.34716701508
23789,1.34870195389
23790,1.34376847744
23791,1.40672445297
23792,1.35860610008
23793,1.38764083385
23794,1.26876056194
23795,1.52057933807
23796,1.24380099773
23797,1.22177743912
23798,1.24043750763
23799,1.2266150713
23800,1.16757810116
23801,1.36822068691
23802,1.25727379322
23803,1.21714448929
23804,1.38297891617
23805,1.2656519413
23806,1.30618596077
23807,1.3467952013
23808,1.33739471436
23809,1.28037631512
23810,1.32381463051
23811,1.29060959816
23812,1.2908012867
23813,1.34483981133
23814,1.42971158028
23815,1.38576078415
23816,1.25492703915
23817,1.30004906654
23818,1.27301871777
23819,1.32727575302
23820,1.30782222748
23821,1.33339834213
23822,1.30471742153
23823,1.31494295597
23824,1.50620722771
23825,1.40798914433
23826,1.31132471561
23827,1.31722199917
23828,1.25606441498
23829,1.2699483633
23830,1.44312059879
23831,1.40823304653
23832,1.17982828617
23833,1.27538049221
23834,1.35915482044
23835,1.27529716492
23836,1.25737309456
23837,1.38788616657
23838,1.22645354271
23839,1.40001368523
23840,1.28077995777
23841,1.3457685709
23842,1.21164596081
23843,1.31755805016
23844,1.432092309
23845,1.40490376949
23846,1.23036491871
23847,1.23238861561
23848,1.38469421864
23849,1.30436301231
23850,1.35389578342
23851,1.32219493389
23852,1.32526290417
23853,1.33758246899
23854,1.40794730186
23855,1.31977438927
23856,1.44422912598
23857,1.30971395969
23858,1.38235199451
23859,1.23877537251
23860,1.26480197906
23861,1.30982875824
23862,1.38920760155
23863,1.3278605938
23864,1.33540832996
23865,1.32729613781
23866,1.28743636608
23867,1.25778305531
23868,1.35670232773
23869,1.35002720356
23870,1.31666624546
23871,1.38177239895
23872,1.38339221478
23873,1.39066529274
23874,1.31980264187
23875,1.33798551559
23876,1.27337825298
23877,1.40085351467
23878,1.34242260456
23879,1.32755613327
23880,1.33081495762
23881,1.23131477833
23882,1.28186202049
23883,1.2542514801
23884,1.33622634411
23885,1.33494627476
23886,1.46732437611
23887,1.36740791798
23888,1.29507184029
23889,1.19980704784
23890,1.35288000107
23891,1.42490291595
23892,1.3159070015
23893,1.23656046391
23894,1.32617938519
23895,1.30338561535
23896,1.36510705948
23897,1.22922635078
23898,1.24850642681
23899,1.31265234947
23900,1.2451363802
23901,1.36091518402
23902,1.33369886875
23903,1.38160085678
23904,1.34865105152
23905,1.32068729401
23906,1.39245033264
23907,1.28645086288
23908,1.27610039711
23909,1.33236432076
23910,1.29754197598
23911,1.26238763332
23912,1.21762907505
23913,1.34071564674
23914,1.29613721371
23915,1.35110533237
23916,1.40251362324
23917,1.41303253174
23918,1.2621383667
23919,1.29805421829
23920,1.33350718021
23921,1.39908730984
23922,1.38751828671
23923,1.36088776588
23924,1.30245661736
23925,1.32480454445
23926,1.28429472446
23927,1.26251983643
23928,1.2521725893
23929,1.29206156731
23930,1.42159819603
23931,1.3872667551
23932,1.38251233101
23933,1.34062206745
23934,1.32729446888
23935,1.22706317902
23936,1.25001478195
23937,1.28253901005
23938,1.3874361515
23939,1.24632334709
23940,1.25833165646
23941,1.29245328903
23942,1.27712714672
23943,1.25701224804
23944,1.36584568024
23945,1.32801282406
23946,1.22845602036
23947,1.31226170063
23948,1.33356237411
23949,1.25091648102
23950,1.20939099789
23951,1.21777415276
23952,1.24718487263
23953,1.29997301102
23954,1.38084578514
23955,1.33189356327
23956,1.18405103683
23957,1.45280718803
23958,1.33394420147
23959,1.35189509392
23960,1.29831624031
23961,1.23789727688
23962,1.25963389874
23963,1.40746343136
23964,1.28205394745
23965,1.32350587845
23966,1.34713089466
23967,1.27718031406
23968,1.19333171844
23969,1.23871445656
23970,1.34221816063
23971,1.32330608368
23972,1.30828154087
23973,1.23348283768
23974,1.27999091148
23975,1.3430300951
23976,1.30333948135
23977,1.42622637749
23978,1.43077015877
23979,1.35308873653
23980,1.36177480221
23981,1.35649204254
23982,1.33071911335
23983,1.28320777416
23984,1.24667406082
23985,1.36819791794
23986,1.3963559866
23987,1.36360871792
23988,1.28305208683
23989,1.35719549656
23990,1.22768378258
23991,1.30665171146
23992,1.22434926033
23993,1.29897367954
23994,1.41821634769
23995,1.30645859241
23996,1.33861458302
23997,1.34543383121
23998,1.21906769276
23999,1.39289927483
24000,1.21316218376
24001,1.2229142189
24002,1.33579397202
24003,1.29624533653
24004,1.26748478413
24005,1.31076538563
24006,1.2908551693
24007,1.28020489216
24008,1.2579253912
24009,1.35602748394
24010,1.2410326004
24011,1.31225538254
24012,1.32210850716
24013,1.34287631512
24014,1.30544447899
24015,1.35025799274
24016,1.3165974617
24017,1.46583843231
24018,1.32094943523
24019,1.2690551281
24020,1.36305594444
24021,1.30348944664
24022,1.32326686382
24023,1.33664095402
24024,1.35071718693
24025,1.25845563412
24026,1.2275878191
24027,1.34598863125
24028,1.47044026852
24029,1.45995974541
24030,1.21753847599
24031,1.27246642113
24032,1.3206294775
24033,1.30685222149
24034,1.33065402508
24035,1.34394109249
24036,1.30254018307
24037,1.21543860435
24038,1.25478613377
24039,1.28329122066
24040,1.35383152962
24041,1.22824144363
24042,1.29701304436
24043,1.24742412567
24044,1.2952299118
24045,1.36894083023
24046,1.24922561646
24047,1.28628492355
24048,1.30345761776
24049,1.25997960567
24050,1.29407274723
24051,1.37352478504
24052,1.2887775898
24053,1.36075389385
24054,1.45573782921
24055,1.2917457819
24056,1.31632447243
24057,1.3694614172
24058,1.25847303867
24059,1.28296494484
24060,1.36925029755
24061,1.24769175053
24062,1.28045380116
24063,1.25623762608
24064,1.42118012905
24065,1.37727737427
24066,1.39901971817
24067,1.26038992405
24068,1.24817836285
24069,1.29319274426
24070,1.41459095478
24071,1.23388683796
24072,1.2975486517
24073,1.37819552422
24074,1.2852730751
24075,1.39260804653
24076,1.27759492397
24077,1.23725342751
24078,1.33575987816
24079,1.26679623127
24080,1.37355339527
24081,1.23609793186
24082,1.29839146137
24083,1.35748445988
24084,1.25748765469
24085,1.28195166588
24086,1.31121563911
24087,1.30665385723
24088,1.26247859001
24089,1.24628174305
24090,1.25763189793
24091,1.21591734886
24092,1.41543138027
24093,1.34363985062
24094,1.23568832874
24095,1.40953612328
24096,1.33553147316
24097,1.26715290546
24098,1.32440412045
24099,1.31864929199
24100,1.46467292309
24101,1.20132529736
24102,1.31784892082
24103,1.31166398525
24104,1.24410045147
24105,1.37672746181
24106,1.35564684868
24107,1.38577365875
24108,1.31408214569
24109,1.23870551586
24110,1.25538885593
24111,1.46688866615
24112,1.33357822895
24113,1.36999309063
24114,1.37454271317
24115,1.29804778099
24116,1.20950758457
24117,1.28992128372
24118,1.30821073055
24119,1.29319393635
24120,1.13651931286
24121,1.30453646183
24122,1.25521028042
24123,1.3488932848
24124,1.43063890934
24125,1.22790968418
24126,1.31828022003
24127,1.25166451931
24128,1.2661730051
24129,1.27200317383
24130,1.25702035427
24131,1.4332473278
24132,1.39355564117
24133,1.38373839855
24134,1.33137285709
24135,1.3625702858
24136,1.44718337059
24137,1.25751042366
24138,1.26520264149
24139,1.31886029243
24140,1.2882488966
24141,1.44272637367
24142,1.47638142109
24143,1.35928738117
24144,1.27183973789
24145,1.3014947176
24146,1.26003944874
24147,1.4036283493
24148,1.31335997581
24149,1.35756576061
24150,1.37041437626
24151,1.39703011513
24152,1.29491519928
24153,1.30829656124
24154,1.39122974873
24155,1.29715931416
24156,1.32746398449
24157,1.3739811182
24158,1.34203898907
24159,1.35139334202
24160,1.40221238136
24161,1.35042834282
24162,1.36517703533
24163,1.3015857935
24164,1.35726010799
24165,1.2558785677
24166,1.28800237179
24167,1.40938818455
24168,1.26185679436
24169,1.22847628593
24170,1.33434939384
24171,1.30995619297
24172,1.44055426121
24173,1.39144587517
24174,1.33127391338
24175,1.37515592575
24176,1.25369513035
24177,1.3387670517
24178,1.28711438179
24179,1.37520575523
24180,1.33622264862
24181,1.330321908
24182,1.24253952503
24183,1.35207629204
24184,1.36371266842
24185,1.33845710754
24186,1.25779139996
24187,1.3472673893
24188,1.35078430176
24189,1.34213900566
24190,1.35648548603
24191,1.3591581583
24192,1.2242166996
24193,1.27293419838
24194,1.35847473145
24195,1.39951193333
24196,1.36898314953
24197,1.27200078964
24198,1.33967101574
24199,1.17700171471
24200,1.37019395828
24201,1.24828314781
24202,1.42434561253
24203,1.31647920609
24204,1.30101406574
24205,1.26099586487
24206,1.32462835312
24207,1.27462255955
24208,1.23505961895
24209,1.37372422218
24210,1.2439057827
24211,1.20820689201
24212,1.3429671526
24213,1.31462967396
24214,1.34447026253
24215,1.28616428375
24216,1.22176277637
24217,1.33211696148
24218,1.25409555435
24219,1.41031324863
24220,1.30174469948
24221,1.26177763939
24222,1.34830725193
24223,1.3318246603
24224,1.3590862751
24225,1.35130286217
24226,1.28929030895
24227,1.36864542961
24228,1.48129343987
24229,1.18777382374
24230,1.24536919594
24231,1.23423922062
24232,1.2677154541
24233,1.31119215488
24234,1.29907941818
24235,1.26291620731
24236,1.25252938271
24237,1.25696146488
24238,1.27080309391
24239,1.38594734669
24240,1.27642297745
24241,1.22982013226
24242,1.25392341614
24243,1.30892753601
24244,1.31712329388
24245,1.27662599087
24246,1.24211883545
24247,1.38949811459
24248,1.38758945465
24249,1.24122273922
24250,1.23839104176
24251,1.31625938416
24252,1.28633594513
24253,1.30817246437
24254,1.32822048664
24255,1.37498390675
24256,1.29835927486
24257,1.42108619213
24258,1.22038853168
24259,1.2538061142
24260,1.34278225899
24261,1.30864429474
24262,1.38341116905
24263,1.31352734566
24264,1.30015671253
24265,1.36447489262
24266,1.23245203495
24267,1.38963079453
24268,1.43228745461
24269,1.33815443516
24270,1.3844473362
24271,1.30120539665
24272,1.31440770626
24273,1.24695062637
24274,1.3837133646
24275,1.39829337597
24276,1.28710973263
24277,1.35170638561
24278,1.35289514065
24279,1.33750104904
24280,1.42014014721
24281,1.40512287617
24282,1.25500202179
24283,1.29096627235
24284,1.37324535847
24285,1.43264591694
24286,1.2097684145
24287,1.22375404835
24288,1.29806828499
24289,1.33531415462
24290,1.26816380024
24291,1.31421935558
24292,1.44956982136
24293,1.32637953758
24294,1.23465299606
24295,1.34260940552
24296,1.32425296307
24297,1.38785290718
24298,1.32083463669
24299,1.35550308228
24300,1.27130746841
24301,1.26651608944
24302,1.26155209541
24303,1.32070493698
24304,1.32874917984
24305,1.31471514702
24306,1.37039768696
24307,1.27128517628
24308,1.3156965971
24309,1.26633119583
24310,1.19742810726
24311,1.32548737526
24312,1.284304142
24313,1.32207500935
24314,1.30797219276
24315,1.24981856346
24316,1.41937160492
24317,1.40025055408
24318,1.29580593109
24319,1.32228207588
24320,1.24707555771
24321,1.33723819256
24322,1.22447288036
24323,1.1806885004
24324,1.28207099438
24325,1.33375442028
24326,1.29669702053
24327,1.27191567421
24328,1.33516716957
24329,1.29518413544
24330,1.38190793991
24331,1.29536747932
24332,1.39923930168
24333,1.27427244186
24334,1.3846360445
24335,1.30689549446
24336,1.30036199093
24337,1.34542751312
24338,1.30813610554
24339,1.25482130051
24340,1.30495333672
24341,1.2049626112
24342,1.30027031898
24343,1.36908376217
24344,1.18052017689
24345,1.2436529398
24346,1.28992390633
24347,1.30642366409
24348,1.31566083431
24349,1.30684530735
24350,1.38806211948
24351,1.49048292637
24352,1.30856049061
24353,1.32570624352
24354,1.30450773239
24355,1.30190300941
24356,1.34009826183
24357,1.28621411324
24358,1.29538273811
24359,1.34128713608
24360,1.23887979984
24361,1.42012476921
24362,1.42606770992
24363,1.22255337238
24364,1.21095108986
24365,1.3410384655
24366,1.41824388504
24367,1.3139885664
24368,1.44140470028
24369,1.30754494667
24370,1.39885556698
24371,1.3345271349
24372,1.29403865337
24373,1.31118667126
24374,1.31410527229
24375,1.28781342506
24376,1.34399223328
24377,1.29040753841
24378,1.3307158947
24379,1.36829650402
24380,1.27517867088
24381,1.3229072094
24382,1.42905521393
24383,1.30710351467
24384,1.3913974762
24385,1.2374932766
24386,1.23545098305
24387,1.42004752159
24388,1.29623281956
24389,1.43573379517
24390,1.33842253685
24391,1.24302995205
24392,1.40996539593
24393,1.29518783092
24394,1.3003975153
24395,1.23590993881
24396,1.3624163866
24397,1.40924417973
24398,1.20231580734
24399,1.24793684483
24400,1.33926153183
24401,1.40050780773
24402,1.2337089777
24403,1.28363502026
24404,1.34000432491
24405,1.27742373943
24406,1.24865531921
24407,1.29058361053
24408,1.25963437557
24409,1.33467185497
24410,1.38650035858
24411,1.36441326141
24412,1.36266052723
24413,1.4377630949
24414,1.46807956696
24415,1.3388903141
24416,1.3337996006
24417,1.21883141994
24418,1.22873854637
24419,1.27842056751
24420,1.28051578999
24421,1.42405152321
24422,1.32075870037
24423,1.37797355652
24424,1.27300858498
24425,1.30767893791
24426,1.40658915043
24427,1.24552929401
24428,1.3798481226
24429,1.30261206627
24430,1.29646599293
24431,1.52475404739
24432,1.33698284626
24433,1.37285041809
24434,1.35712587833
24435,1.23074674606
24436,1.28699803352
24437,1.30092525482
24438,1.32408380508
24439,1.26661765575
24440,1.31974363327
24441,1.4105437994
24442,1.39243781567
24443,1.29314446449
24444,1.29250347614
24445,1.44557738304
24446,1.30233228207
24447,1.40167236328
24448,1.19855284691
24449,1.18645191193
24450,1.27206146717
24451,1.20573925972
24452,1.34966123104
24453,1.23420715332
24454,1.33179962635
24455,1.36001586914
24456,1.29650139809
24457,1.31360864639
24458,1.20970392227
24459,1.47920119762
24460,1.36124563217
24461,1.33015108109
24462,1.21571063995
24463,1.29785633087
24464,1.3241174221
24465,1.22920501232
24466,1.350071311
24467,1.29030573368
24468,1.33190321922
24469,1.28760766983
24470,1.35299086571
24471,1.28657495975
24472,1.35670614243
24473,1.31906223297
24474,1.29561269283
24475,1.30943787098
24476,1.38562965393
24477,1.32474553585
24478,1.46114730835
24479,1.28395879269
24480,1.22405350208
24481,1.27493846416
24482,1.24695134163
24483,1.39697420597
24484,1.31063735485
24485,1.42652440071
24486,1.30577886105
24487,1.25535738468
24488,1.29010093212
24489,1.35295391083
24490,1.33967602253
24491,1.36954987049
24492,1.31884717941
24493,1.34903597832
24494,1.27306711674
24495,1.29999649525
24496,1.40837371349
24497,1.31812465191
24498,1.27751004696
24499,1.29628050327
24500,1.36962115765
24501,1.22724330425
24502,1.38471376896
24503,1.46125841141
24504,1.37731695175
24505,1.35695934296
24506,1.33470404148
24507,1.41497528553
24508,1.32341742516
24509,1.39083313942
24510,1.26644897461
24511,1.26719677448
24512,1.19605875015
24513,1.32495307922
24514,1.29992318153
24515,1.3998247385
24516,1.30729055405
24517,1.28958499432
24518,1.28908288479
24519,1.21478402615
24520,1.15683984756
24521,1.40254127979
24522,1.32466447353
24523,1.3675839901
24524,1.36275291443
24525,1.19037663937
24526,1.29573881626
24527,1.17764937878
24528,1.35229277611
24529,1.40516901016
24530,1.35873782635
24531,1.34234309196
24532,1.18324744701
24533,1.31749033928
24534,1.25749731064
24535,1.30310559273
24536,1.4288315773
24537,1.18390130997
24538,1.29579734802
24539,1.32263898849
24540,1.46258854866
24541,1.28716373444
24542,1.30275022984
24543,1.37369370461
24544,1.17588889599
24545,1.30712521076
24546,1.32965517044
24547,1.37499988079
24548,1.3419970274
24549,1.3137178421
24550,1.32759034634
24551,1.2437107563
24552,1.3415030241
24553,1.27818155289
24554,1.42351794243
24555,1.38946485519
24556,1.2689101696
24557,1.26720798016
24558,1.3157184124
24559,1.27864766121
24560,1.36700356007
24561,1.15715909004
24562,1.33038067818
24563,1.36087167263
24564,1.28909409046
24565,1.18230807781
24566,1.27103877068
24567,1.38115751743
24568,1.39084911346
24569,1.39688444138
24570,1.43691563606
24571,1.34140372276
24572,1.35713338852
24573,1.29387652874
24574,1.29607450962
24575,1.35766410828
24576,1.28993475437
24577,1.36957967281
24578,1.29757153988
24579,1.31313443184
24580,1.28403759003
24581,1.36604607105
24582,1.25265204906
24583,1.35270917416
24584,1.32299399376
24585,1.38668990135
24586,1.29108905792
24587,1.28943002224
24588,1.32933163643
24589,1.37493872643
24590,1.29541671276
24591,1.42904138565
24592,1.26540768147
24593,1.51429307461
24594,1.27562665939
24595,1.33809435368
24596,1.39391171932
24597,1.33149540424
24598,1.38248312473
24599,1.31664431095
24600,1.27718293667
24601,1.26098191738
24602,1.3895431757
24603,1.27493345737
24604,1.30355966091
24605,1.29963111877
24606,1.42096328735
24607,1.37783920765
24608,1.44330370426
24609,1.34525990486
24610,1.27926182747
24611,1.41472280025
24612,1.43664848804
24613,1.48388195038
24614,1.41071224213
24615,1.42702937126
24616,1.358045578
24617,1.2751967907
24618,1.39694094658
24619,1.43212556839
24620,1.28091228008
24621,1.2459269762
24622,1.29396605492
24623,1.35277414322
24624,1.38007199764
24625,1.29576337337
24626,1.34738731384
24627,1.3127758503
24628,1.33814358711
24629,1.38124966621
24630,1.30664789677
24631,1.26189827919
24632,1.23963725567
24633,1.41592216492
24634,1.23220193386
24635,1.34753298759
24636,1.31060671806
24637,1.24160850048
24638,1.28902292252
24639,1.24562752247
24640,1.48217380047
24641,1.28191101551
24642,1.38609826565
24643,1.31022632122
24644,1.32751750946
24645,1.31206524372
24646,1.26001918316
24647,1.35783457756
24648,1.31779778004
24649,1.30438494682
24650,1.30383312702
24651,1.32456362247
24652,1.38583314419
24653,1.29029178619
24654,1.31726443768
24655,1.28750252724
24656,1.39659774303
24657,1.26787281036
24658,1.28669250011
24659,1.35551226139
24660,1.35196793079
24661,1.31272017956
24662,1.28295016289
24663,1.24897360802
24664,1.2771589756
24665,1.34779596329
24666,1.22729957104
24667,1.41944110394
24668,1.42682230473
24669,1.2519826889
24670,1.47352015972
24671,1.44531035423
24672,1.37186694145
24673,1.28926813602
24674,1.29694569111
24675,1.27349281311
24676,1.42118597031
24677,1.32230961323
24678,1.30436694622
24679,1.26245939732
24680,1.32160520554
24681,1.25046634674
24682,1.30098164082
24683,1.32437300682
24684,1.30834364891
24685,1.32775890827
24686,1.48891496658
24687,1.36398267746
24688,1.25605237484
24689,1.22783148289
24690,1.277977705
24691,1.40679228306
24692,1.2646613121
24693,1.38798987865
24694,1.34295487404
24695,1.30926477909
24696,1.30786454678
24697,1.28217756748
24698,1.38478589058
24699,1.2796432972
24700,1.26861429214
24701,1.23854339123
24702,1.24329328537
24703,1.26850366592
24704,1.26711547375
24705,1.30736601353
24706,1.40245842934
24707,1.2871389389
24708,1.37011110783
24709,1.27761042118
24710,1.31950747967
24711,1.27215194702
24712,1.2880012989
24713,1.31824243069
24714,1.39966058731
24715,1.37563490868
24716,1.3983502388
24717,1.3542573452
24718,1.37980639935
24719,1.24622607231
24720,1.217451334
24721,1.30274140835
24722,1.40584981441
24723,1.24277353287
24724,1.23115754128
24725,1.29268109798
24726,1.22882521152
24727,1.27626740932
24728,1.37186002731
24729,1.32163095474
24730,1.26108300686
24731,1.43761062622
24732,1.26033568382
24733,1.25235378742
24734,1.25414466858
24735,1.26813781261
24736,1.28985512257
24737,1.34383666515
24738,1.34452712536
24739,1.24358487129
24740,1.34582364559
24741,1.4232622385
24742,1.5218256712
24743,1.3157709837
24744,1.24536657333
24745,1.27143406868
24746,1.25388300419
24747,1.29706144333
24748,1.3238068819
24749,1.33151316643
24750,1.3124307394
24751,1.29651010036
24752,1.46846818924
24753,1.32283854485
24754,1.30258274078
24755,1.32768595219
24756,1.27162218094
24757,1.29147028923
24758,1.31486177444
24759,1.22752559185
24760,1.511764884
24761,1.31698310375
24762,1.33069109917
24763,1.25741159916
24764,1.3086977005
24765,1.27839004993
24766,1.25807082653
24767,1.2718808651
24768,1.29422807693
24769,1.3234295845
24770,1.2486269474
24771,1.28759551048
24772,1.28892076015
24773,1.28726267815
24774,1.21351575851
24775,1.36490225792
24776,1.38451910019
24777,1.40024316311
24778,1.3649623394
24779,1.31421506405
24780,1.32886445522
24781,1.24313604832
24782,1.28313553333
24783,1.28231203556
24784,1.34622681141
24785,1.35448884964
24786,1.23671197891
24787,1.22558999062
24788,1.28844797611
24789,1.2746680975
24790,1.4682636261
24791,1.22851455212
24792,1.36621558666
24793,1.22096133232
24794,1.32425904274
24795,1.43703043461
24796,1.30469095707
24797,1.41280543804
24798,1.26493775845
24799,1.32471489906
24800,1.31003952026
24801,1.46246409416
24802,1.23815476894
24803,1.38288474083
24804,1.43016767502
24805,1.2647434473
24806,1.27931928635
24807,1.33580672741
24808,1.23772573471
24809,1.29075157642
24810,1.35993885994
24811,1.34033477306
24812,1.27433872223
24813,1.28529214859
24814,1.3536850214
24815,1.4915252924
24816,1.32769322395
24817,1.4350694418
24818,1.33684837818
24819,1.33877885342
24820,1.26025557518
24821,1.2397903204
24822,1.267837286
24823,1.36057198048
24824,1.34492182732
24825,1.36767184734
24826,1.34914195538
24827,1.26984608173
24828,1.28537642956
24829,1.35666704178
24830,1.29371869564
24831,1.35379898548
24832,1.3256278038
24833,1.33126974106
24834,1.41801905632
24835,1.18628919125
24836,1.31427621841
24837,1.31972146034
24838,1.32182729244
24839,1.37811851501
24840,1.2079012394
24841,1.30000495911
24842,1.25167965889
24843,1.3052200079
24844,1.48172724247
24845,1.32580542564
24846,1.33954322338
24847,1.27217960358
24848,1.31849873066
24849,1.26157271862
24850,1.24433791637
24851,1.2972215414
24852,1.31043088436
24853,1.30558478832
24854,1.32364785671
24855,1.38668978214
24856,1.33143103123
24857,1.28808450699
24858,1.35514783859
24859,1.25413346291
24860,1.25451374054
24861,1.31365394592
24862,1.1944668293
24863,1.33105707169
24864,1.39201951027
24865,1.33847248554
24866,1.32544267178
24867,1.33866775036
24868,1.39250135422
24869,1.33017206192
24870,1.43644607067
24871,1.28901016712
24872,1.37752783298
24873,1.32462310791
24874,1.32660865784
24875,1.29102766514
24876,1.29875779152
24877,1.35340070724
24878,1.35204386711
24879,1.36448955536
24880,1.3522632122
24881,1.37291538715
24882,1.2968968153
24883,1.37264800072
24884,1.39997291565
24885,1.384593606
24886,1.52709972858
24887,1.44311547279
24888,1.42312419415
24889,1.22651314735
24890,1.35434925556
24891,1.32220578194
24892,1.42431032658
24893,1.41142511368
24894,1.2684520483
24895,1.41385710239
24896,1.31926989555
24897,1.38814878464
24898,1.27753186226
24899,1.34056901932
24900,1.39556598663
24901,1.39760625362
24902,1.33872056007
24903,1.36665666103
24904,1.43006253242
24905,1.31630861759
24906,1.38277852535
24907,1.32918000221
24908,1.372220397
24909,1.3589015007
24910,1.38038885593
24911,1.30327320099
24912,1.36343109608
24913,1.35091292858
24914,1.33700501919
24915,1.26417839527
24916,1.48383426666
24917,1.33596754074
24918,1.44293522835
24919,1.33934628963
24920,1.31574094296
24921,1.34680914879
24922,1.47708570957
24923,1.32786548138
24924,1.20057606697
24925,1.37062752247
24926,1.34940576553
24927,1.3064031601
24928,1.41165280342
24929,1.25995266438
24930,1.32537448406
24931,1.33984804153
24932,1.45393645763
24933,1.34111273289
24934,1.25956320763
24935,1.29363310337
24936,1.28636491299
24937,1.15037989616
24938,1.27093994617
24939,1.35346150398
24940,1.35679936409
24941,1.34107017517
24942,1.26589429379
24943,1.26626861095
24944,1.37290859222
24945,1.30462694168
24946,1.31091880798
24947,1.16869497299
24948,1.29748630524
24949,1.29195320606
24950,1.25707292557
24951,1.34302759171
24952,1.28300845623
24953,1.27259659767
24954,1.30224645138
24955,1.25409305096
24956,1.31648647785
24957,1.20886182785
24958,1.40102386475
24959,1.27588105202
24960,1.33566915989
24961,1.27605783939
24962,1.34386837482
24963,1.41834068298
24964,1.35389792919
24965,1.27807974815
24966,1.32579481602
24967,1.30503964424
24968,1.39510631561
24969,1.24727427959
24970,1.36114120483
24971,1.40389025211
24972,1.29761779308
24973,1.28827679157
24974,1.32007992268
24975,1.27902090549
24976,1.35345411301
24977,1.40605604649
24978,1.40045654774
24979,1.24816453457
24980,1.4399330616
24981,1.31179070473
24982,1.30713951588
24983,1.42933881283
24984,1.30729448795
24985,1.33837306499
24986,1.35979807377
24987,1.37043571472
24988,1.25933980942
24989,1.24867069721
24990,1.27212452888
24991,1.32678472996
24992,1.44476342201
24993,1.29550945759
24994,1.33397889137
24995,1.29730796814
24996,1.41040301323
24997,1.43717384338
24998,1.35594284534
24999,1.23284590244
25000,1.38614356518
25001,1.33907139301
25002,1.35367143154
25003,1.35089826584
25004,1.29586601257
25005,1.29377174377
25006,1.20919132233
25007,1.35694408417
25008,2.26078128815
25009,1.34895372391
25010,1.50921261311
25011,1.3247436285
25012,1.35488605499
25013,1.40687656403
25014,1.42213308811
25015,1.28367805481
25016,1.37061369419
25017,1.44539701939
25018,1.28019833565
25019,1.31136417389
25020,1.29971015453
25021,1.20694601536
25022,1.31976604462
25023,1.40188086033
25024,1.39871668816
25025,1.36804354191
25026,1.39044904709
25027,1.40638065338
25028,1.27383303642
25029,1.22696053982
25030,1.34437906742
25031,1.20023775101
25032,1.33630394936
25033,1.31818950176
25034,1.32061338425
25035,1.4634718895
25036,1.24314534664
25037,1.29423964024
25038,1.40816771984
25039,1.25120341778
25040,1.24145853519
25041,1.38235557079
25042,1.39278292656
25043,1.25624787807
25044,1.32039666176
25045,1.262830019
25046,1.31109297276
25047,1.38383364677
25048,1.29330277443
25049,1.34518301487
25050,1.44772744179
25051,1.20291900635
25052,1.32177519798
25053,1.32786488533
25054,1.27629637718
25055,1.2087880373
25056,1.27917313576
25057,1.33876693249
25058,1.40761435032
25059,1.28238999844
25060,1.35388767719
25061,1.3173789978
25062,1.28753244877
25063,1.37653660774
25064,1.29407310486
25065,1.38554215431
25066,1.2524228096
25067,1.41305577755
25068,1.28885650635
25069,1.43959438801
25070,1.33932769299
25071,1.42822921276
25072,1.18860197067
25073,1.37712705135
25074,1.32526016235
25075,1.40550386906
25076,1.3063005209
25077,1.27500641346
25078,1.38045108318
25079,1.31823372841
25080,1.31520569324
25081,1.29760193825
25082,1.32528817654
25083,1.18150508404
25084,1.2268409729
25085,1.32310831547
25086,1.38225162029
25087,1.35168027878
25088,1.24583923817
25089,1.25509858131
25090,1.41075801849
25091,1.39972686768
25092,1.35467636585
25093,1.29544878006
25094,1.36883938313
25095,1.318785429
25096,1.26750481129
25097,1.31166625023
25098,1.34451067448
25099,1.37122499943
25100,1.30073153973
25101,1.20980298519
25102,1.21693062782
25103,1.35772264004
25104,1.36459410191
25105,1.34679245949
25106,1.25072538853
25107,1.28036892414
25108,1.34665870667
25109,1.35368680954
25110,1.38286018372
25111,1.20539319515
25112,1.23761689663
25113,1.3164306879
25114,1.3210786581
25115,1.38055419922
25116,1.49895358086
25117,1.33007335663
25118,1.32421636581
25119,1.29080212116
25120,1.3583548069
25121,1.30549907684
25122,1.30539703369
25123,1.35490882397
25124,1.40681660175
25125,1.31211781502
25126,1.3741697073
25127,1.34728598595
25128,1.26021659374
25129,1.32010829449
25130,1.31246602535
25131,1.34072709084
25132,1.28315341473
25133,1.22815382481
25134,1.28836131096
25135,1.47262609005
25136,1.28395950794
25137,1.29810464382
25138,1.34558570385
25139,1.28928995132
25140,1.32373273373
25141,1.31093990803
25142,1.29185819626
25143,1.29636108875
25144,1.31964826584
25145,1.24985802174
25146,1.42810368538
25147,1.43570590019
25148,1.30807936192
25149,1.39144337177
25150,1.38549554348
25151,1.2928955555
25152,1.37899744511
25153,1.21187698841
25154,1.33196127415
25155,1.34560203552
25156,1.28163421154
25157,1.37626457214
25158,1.28901779652
25159,1.36753070354
25160,1.32950043678
25161,1.28344905376
25162,1.30102431774
25163,1.28965091705
25164,1.35627174377
25165,1.39665257931
25166,1.3028305769
25167,1.25086236
25168,1.32266438007
25169,1.37823164463
25170,1.30572152138
25171,1.372220397
25172,1.36190485954
25173,1.2793892622
25174,1.3102350235
25175,1.28926897049
25176,1.29056203365
25177,1.38967835903
25178,1.25646841526
25179,1.39879155159
25180,1.29944884777
25181,1.38130486012
25182,1.2699483633
25183,1.29049956799
25184,1.45482718945
25185,1.34414041042
25186,1.30447518826
25187,1.29167401791
25188,1.26121354103
25189,1.22142422199
25190,1.34697246552
25191,1.36946558952
25192,1.48078787327
25193,1.37876534462
25194,1.34304106236
25195,1.33765769005
25196,1.30213832855
25197,1.29234433174
25198,1.39360296726
25199,1.33001565933
25200,1.32087731361
25201,1.19534051418
25202,1.2481200695
25203,1.29326331615
25204,1.25588333607
25205,1.43415820599
25206,1.3461894989
25207,1.36649811268
25208,1.32451748848
25209,1.25896656513
25210,1.26836693287
25211,1.23833477497
25212,1.22555077076
25213,1.28876614571
25214,1.49380612373
25215,1.21801424026
25216,1.42145109177
25217,1.37787902355
25218,1.49368345737
25219,1.22889888287
25220,1.22821879387
25221,1.35018908978
25222,1.39446914196
25223,1.3961070776
25224,1.31804454327
25225,1.4575868845
25226,1.43101930618
25227,1.2825909853
25228,1.21292102337
25229,1.23227882385
25230,1.21292686462
25231,1.35617935658
25232,1.34429419041
25233,1.29538595676
25234,1.24325942993
25235,1.34762299061
25236,1.29940283298
25237,1.21822142601
25238,1.24501442909
25239,1.36846756935
25240,1.26386296749
25241,1.4442640543
25242,1.46756839752
25243,1.32104063034
25244,1.36485803127
25245,1.35292267799
25246,1.29643273354
25247,1.35152804852
25248,1.3362108469
25249,1.19545757771
25250,1.34582519531
25251,1.23104321957
25252,1.32172214985
25253,1.31127357483
25254,1.34287333488
25255,1.27272772789
25256,1.30876100063
25257,1.41038691998
25258,1.40688502789
25259,1.3372220993
25260,1.26734232903
25261,1.24178421497
25262,1.37123310566
25263,1.36285173893
25264,1.28562641144
25265,1.35652506351
25266,1.30115222931
25267,1.31865572929
25268,1.27987420559
25269,1.34369683266
25270,1.28653562069
25271,1.27828145027
25272,1.28254258633
25273,1.28020513058
25274,1.38338565826
25275,1.33411478996
25276,1.38412213326
25277,1.42171943188
25278,1.33758294582
25279,1.25847220421
25280,1.24409282207
25281,1.35659360886
25282,1.22853374481
25283,1.32193470001
25284,1.28541743755
25285,1.38210785389
25286,1.33873164654
25287,1.37407517433
25288,1.29072678089
25289,1.36106538773
25290,1.35356986523
25291,1.41814541817
25292,1.22735095024
25293,1.30442011356
25294,1.26686692238
25295,1.34313464165
25296,1.38849675655
25297,1.22118926048
25298,1.17994236946
25299,1.35021257401
25300,1.32521820068
25301,1.3173892498
25302,1.50927567482
25303,1.46817755699
25304,1.42537331581
25305,1.28813147545
25306,1.22374975681
25307,1.30734837055
25308,1.33275079727
25309,1.31151819229
25310,1.33466756344
25311,1.34907853603
25312,1.33597326279
25313,1.25945448875
25314,1.2746771574
25315,1.30736613274
25316,1.33536422253
25317,1.32670855522
25318,1.41173017025
25319,1.37252271175
25320,1.33334922791
25321,1.30800652504
25322,1.28075861931
25323,1.33369421959
25324,1.28184247017
25325,1.25313389301
25326,1.26523172855
25327,1.25206172466
25328,1.33129382133
25329,1.30916142464
25330,1.26165568829
25331,1.26429688931
25332,1.39626717567
25333,1.32618570328
25334,1.27133440971
25335,1.32922756672
25336,1.30717325211
25337,1.33355033398
25338,1.30156230927
25339,1.2905677557
25340,1.40116858482
25341,1.30055761337
25342,1.30283677578
25343,1.36449992657
25344,1.31897878647
25345,1.2495777607
25346,1.30853998661
25347,1.35838449001
25348,1.33617889881
25349,1.28286671638
25350,1.41212403774
25351,1.26599860191
25352,1.22594964504
25353,1.2590996027
25354,1.40381455421
25355,1.28851652145
25356,1.44340503216
25357,1.27394199371
25358,1.27284991741
25359,1.48059487343
25360,1.36244750023
25361,1.27242743969
25362,1.25617742538
25363,1.2871016264
25364,1.30046999454
25365,1.39864242077
25366,1.39735984802
25367,1.38212776184
25368,1.33349704742
25369,1.21342468262
25370,1.33783936501
25371,1.28133761883
25372,1.33459234238
25373,1.28087949753
25374,1.29660141468
25375,1.26977074146
25376,1.28901576996
25377,1.43915438652
25378,1.33682775497
25379,1.33442902565
25380,1.45034766197
25381,1.33591675758
25382,1.3160161972
25383,1.49636888504
25384,1.31340789795
25385,1.39228570461
25386,1.40022349358
25387,1.40842735767
25388,1.32005834579
25389,1.30763983727
25390,1.28706932068
25391,1.29564261436
25392,1.29586696625
25393,1.32321667671
25394,1.30745315552
25395,1.40872681141
25396,1.38719904423
25397,1.24359846115
25398,1.29069077969
25399,1.31926333904
25400,1.29213297367
25401,1.19414520264
25402,1.33584499359
25403,1.20851051807
25404,1.42546522617
25405,1.35053682327
25406,1.36502027512
25407,1.24152255058
25408,1.32128620148
25409,1.37256920338
25410,1.42429804802
25411,1.32483804226
25412,1.34166204929
25413,1.33451807499
25414,1.40419566631
25415,1.28992187977
25416,1.34879946709
25417,1.25714147091
25418,1.33084714413
25419,1.37766325474
25420,1.30196166039
25421,1.3374928236
25422,1.24739718437
25423,1.30535387993
25424,1.27794492245
25425,1.31403195858
25426,1.30972123146
25427,1.29363656044
25428,1.46471893787
25429,1.27722811699
25430,1.30192363262
25431,1.28668606281
25432,1.29909980297
25433,1.39719831944
25434,1.37083923817
25435,1.44003546238
25436,1.30286026001
25437,1.329605937
25438,1.32880461216
25439,1.21323001385
25440,1.33796834946
25441,1.42806756496
25442,1.2971162796
25443,1.30090308189
25444,1.31833136082
25445,1.32167637348
25446,1.44689702988
25447,1.23009598255
25448,1.27098536491
25449,1.49610126019
25450,1.40525174141
25451,1.33229315281
25452,1.29124927521
25453,1.24262189865
25454,1.34222352505
25455,1.38887560368
25456,1.25724828243
25457,1.31131088734
25458,1.35268843174
25459,1.42662787437
25460,1.36340558529
25461,1.28903651237
25462,1.29432022572
25463,1.43965911865
25464,1.34193646908
25465,1.25041544437
25466,1.30442225933
25467,1.29417049885
25468,1.30157053471
25469,1.37156534195
25470,1.22911787033
25471,1.33767437935
25472,1.36235713959
25473,1.28558778763
25474,1.27730870247
25475,1.39736366272
25476,1.52122247219
25477,1.30795633793
25478,1.21935081482
25479,1.28108549118
25480,1.35549783707
25481,1.32517147064
25482,1.42108094692
25483,1.29335868359
25484,1.26964688301
25485,1.30517709255
25486,1.33466136456
25487,1.26813471317
25488,1.37416946888
25489,1.31549787521
25490,1.31698954105
25491,1.44502973557
25492,1.40965557098
25493,1.3979511261
25494,1.27142930031
25495,1.33460271358
25496,1.36762654781
25497,1.42870008945
25498,1.354596138
25499,1.28969168663
25500,1.30930066109
25501,1.26875090599
25502,1.38272130489
25503,1.28286862373
25504,1.30638122559
25505,1.39366161823
25506,1.27792692184
25507,1.46371781826
25508,1.35687863827
25509,1.37945973873
25510,1.22133827209
25511,1.42299795151
25512,1.26160430908
25513,1.31362783909
25514,1.3760291338
25515,1.38337159157
25516,1.28202414513
25517,1.35936462879
25518,1.35921370983
25519,1.21538794041
25520,1.2810986042
25521,1.33829009533
25522,1.37710428238
25523,1.24977493286
25524,1.29183232784
25525,1.34092617035
25526,1.26373100281
25527,1.25364017487
25528,1.2702473402
25529,1.34320259094
25530,1.27938520908
25531,1.33481156826
25532,1.31316316128
25533,1.37897229195
25534,1.35294246674
25535,1.29621958733
25536,1.36174190044
25537,1.3903067112
25538,1.29877781868
25539,1.28068828583
25540,1.2454931736
25541,1.34223818779
25542,1.31940531731
25543,1.27726757526
25544,1.31085133553
25545,1.3446187973
25546,1.38570523262
25547,1.34198570251
25548,1.38381421566
25549,1.40686190128
25550,1.34263718128
25551,1.28601753712
25552,1.36268877983
25553,1.42791986465
25554,1.36936974525
25555,1.44301712513
25556,1.35437083244
25557,1.29315412045
25558,1.32595539093
25559,1.26858413219
25560,1.24111115932
25561,1.31540060043
25562,1.44097626209
25563,1.2491568327
25564,1.40806603432
25565,1.29529643059
25566,1.33568561077
25567,1.25765800476
25568,1.34312498569
25569,1.35393941402
25570,1.21252167225
25571,1.31209456921
25572,1.44353663921
25573,1.294308424
25574,1.33349347115
25575,1.39909863472
25576,1.42398488522
25577,1.31941056252
25578,1.25307500362
25579,1.36561262608
25580,1.35165691376
25581,1.28126490116
25582,1.39724779129
25583,1.51475703716
25584,1.40193319321
25585,1.36824452877
25586,1.26741659641
25587,1.33344173431
25588,1.37580704689
25589,1.25002598763
25590,1.33653664589
25591,1.30014324188
25592,1.3153629303
25593,1.40525853634
25594,1.32446527481
25595,1.30291485786
25596,1.36523556709
25597,1.28113079071
25598,1.33501172066
25599,1.29903078079
25600,1.40281713009
25601,1.35504865646
25602,1.42736232281
25603,1.39667201042
25604,1.35207641125
25605,1.28974199295
25606,1.34427893162
25607,1.29425024986
25608,1.40529358387
25609,1.33653759956
25610,1.36894500256
25611,1.35524380207
25612,1.34621417522
25613,1.43520510197
25614,1.25992584229
25615,1.35013437271
25616,1.35830068588
25617,1.4123415947
25618,1.35562801361
25619,1.29033684731
25620,1.44471871853
25621,1.29531049728
25622,1.39909994602
25623,1.35184884071
25624,1.32983899117
25625,1.36520266533
25626,1.4075512886
25627,1.47011911869
25628,1.41014814377
25629,1.37665617466
25630,1.40387654305
25631,1.35325050354
25632,1.30661678314
25633,1.43281602859
25634,1.36645078659
25635,1.29393565655
25636,1.26378059387
25637,1.2686034441
25638,1.40149962902
25639,1.37141954899
25640,1.42629182339
25641,1.41646671295
25642,1.45902907848
25643,1.22222614288
25644,1.37513256073
25645,1.26023447514
25646,1.28857469559
25647,1.29955172539
25648,1.26790368557
25649,1.26761746407
25650,1.27767956257
25651,1.35386228561
25652,1.38680660725
25653,1.31921958923
25654,1.25686681271
25655,1.31710648537
25656,1.33881413937
25657,1.24663984776
25658,1.38175034523
25659,1.44832468033
25660,1.49362719059
25661,1.25646626949
25662,1.37414872646
25663,1.35076785088
25664,1.35906505585
25665,1.22771513462
25666,1.30431640148
25667,1.34888362885
25668,1.3108651638
25669,1.30371999741
25670,1.27449262142
25671,1.21777653694
25672,1.4251781702
25673,1.33209788799
25674,1.39141905308
25675,1.3408677578
25676,1.25366389751
25677,1.31961607933
25678,1.30766069889
25679,1.33968424797
25680,1.47649550438
25681,1.31049776077
25682,1.38921689987
25683,1.35360240936
25684,1.38424766064
25685,1.24619233608
25686,1.3125756979
25687,1.32209563255
25688,1.25637435913
25689,1.32743418217
25690,1.33858156204
25691,1.40955781937
25692,1.27842009068
25693,1.31240093708
25694,1.3546847105
25695,1.27495336533
25696,1.30017924309
25697,1.30867874622
25698,1.27329266071
25699,1.28645133972
25700,1.42547154427
25701,1.25942003727
25702,1.27096664906
25703,1.31855797768
25704,1.39422154427
25705,1.28539550304
25706,1.39961636066
25707,1.36383986473
25708,1.43532085419
25709,1.2701318264
25710,1.3212647438
25711,1.43310570717
25712,1.37979483604
25713,1.32147991657
25714,1.36490678787
25715,1.33994460106
25716,1.42604863644
25717,1.27579700947
25718,1.22058558464
25719,1.38338565826
25720,1.40036904812
25721,1.46303319931
25722,1.30441558361
25723,1.36011099815
25724,1.39859616756
25725,1.46759545803
25726,1.35089063644
25727,1.37070000172
25728,1.27008605003
25729,1.29190790653
25730,1.42509126663
25731,1.35106933117
25732,1.25152623653
25733,1.30898451805
25734,1.37183713913
25735,1.29387056828
25736,1.20835292339
25737,1.45628154278
25738,1.29317009449
25739,1.33738553524
25740,1.43852210045
25741,1.28928804398
25742,1.37581765652
25743,1.25964057446
25744,1.29697167873
25745,1.42856442928
25746,1.21622622013
25747,1.29217672348
25748,1.3643604517
25749,1.40086686611
25750,1.37168991566
25751,1.41230666637
25752,1.37613356113
25753,1.43041038513
25754,1.33140492439
25755,1.26921164989
25756,1.31190431118
25757,1.30844688416
25758,1.3004513979
25759,1.34287571907
25760,1.3141450882
25761,1.41004180908
25762,1.32874166965
25763,1.51127672195
25764,1.28708553314
25765,1.29382574558
25766,1.43426823616
25767,1.32047855854
25768,1.26090312004
25769,1.40061712265
25770,1.32351839542
25771,1.37145245075
25772,1.31388759613
25773,1.27642762661
25774,1.37423706055
25775,1.33311092854
25776,1.32417416573
25777,1.33536446095
25778,1.29372835159
25779,1.3348429203
25780,1.25233757496
25781,1.40563082695
25782,1.40362679958
25783,1.33801114559
25784,1.33128285408
25785,1.28248202801
25786,1.37940347195
25787,1.35792303085
25788,1.4546482563
25789,1.29053592682
25790,1.26361262798
25791,1.32566893101
25792,1.3481323719
25793,1.38843584061
25794,1.30973875523
25795,1.46245801449
25796,1.29709017277
25797,1.48139476776
25798,1.25729870796
25799,1.40022587776
25800,1.43089139462
25801,1.45293807983
25802,1.31844389439
25803,1.34832763672
25804,1.29207527637
25805,1.17044377327
25806,1.32663810253
25807,1.37248885632
25808,1.37598931789
25809,1.40818595886
25810,1.32727849483
25811,1.41054534912
25812,1.31531393528
25813,1.40793955326
25814,1.37894129753
25815,1.30543804169
25816,1.21755063534
25817,1.37408947945
25818,1.35047471523
25819,1.36199784279
25820,1.39864766598
25821,1.46150958538
25822,1.354205966
25823,1.2876060009
25824,1.3006913662
25825,1.40265536308
25826,1.37207663059
25827,1.25010001659
25828,1.19473421574
25829,1.29462575912
25830,1.32992434502
25831,1.34050405025
25832,1.37852072716
25833,1.36969554424
25834,1.28476393223
25835,1.36781585217
25836,1.3120085001
25837,1.29833495617
25838,1.40292513371
25839,1.28031396866
25840,1.54278206825
25841,1.43678212166
25842,1.39779889584
25843,1.25625777245
25844,1.28244936466
25845,1.39025878906
25846,1.35143387318
25847,1.42180240154
25848,1.30410444736
25849,1.25427782536
25850,1.38073420525
25851,1.45058107376
25852,1.6553068161
25853,1.32982850075
25854,1.28483998775
25855,1.47613549232
25856,1.29622638226
25857,1.29657721519
25858,1.36321938038
25859,1.30516016483
25860,1.23878312111
25861,1.3276809454
25862,1.29620575905
25863,1.29932105541
25864,1.38856422901
25865,1.32445704937
25866,1.34152281284
25867,1.34301483631
25868,1.39612984657
25869,1.43316459656
25870,1.34363055229
25871,1.30578100681
25872,1.42342245579
25873,1.26698327065
25874,1.41228723526
25875,1.33564674854
25876,1.29558146
25877,1.30623924732
25878,1.5374571085
25879,1.25659584999
25880,1.32686913013
25881,1.26950347424
25882,1.3476600647
25883,1.25396621227
25884,1.33505856991
25885,1.26150882244
25886,1.44402992725
25887,1.16860330105
25888,1.44834852219
25889,1.40647435188
25890,1.3517459631
25891,1.21334111691
25892,1.39445495605
25893,1.22890293598
25894,1.31129467487
25895,1.353043437
25896,1.31711006165
25897,1.23722791672
25898,1.24937021732
25899,1.28083658218
25900,1.25710439682
25901,1.40592205524
25902,1.33691453934
25903,1.38142085075
25904,1.35788965225
25905,1.38226211071
25906,1.36887347698
25907,1.17391264439
25908,1.28072786331
25909,1.30516374111
25910,1.3994165659
25911,1.26875829697
25912,1.27032637596
25913,1.32386732101
25914,1.2282897234
25915,1.38554334641
25916,1.40602707863
25917,1.28873026371
25918,1.31043839455
25919,1.30701005459
25920,1.33300769329
25921,1.2801579237
25922,1.41148614883
25923,1.35972356796
25924,1.36273515224
25925,1.46254098415
25926,1.21464920044
25927,1.39776110649
25928,1.36045587063
25929,1.36322855949
25930,1.31477677822
25931,1.32114160061
25932,1.39080774784
25933,1.29468584061
25934,1.22820317745
25935,1.30657160282
25936,1.45019698143
25937,1.38043761253
25938,1.35677719116
25939,1.41594266891
25940,1.34025764465
25941,1.29077064991
25942,1.38201546669
25943,1.43793261051
25944,1.28930187225
25945,1.3815113306
25946,1.20683407784
25947,1.38034391403
25948,1.26715087891
25949,1.35568249226
25950,1.26487267017
25951,1.32438254356
25952,1.18405139446
25953,1.45631527901
25954,1.33238339424
25955,1.27633786201
25956,1.38703930378
25957,1.3194360733
25958,1.29666316509
25959,1.30676937103
25960,1.40184402466
25961,1.31683504581
25962,1.2987408638
25963,1.3603862524
25964,1.44598805904
25965,1.25258147717
25966,1.34138023853
25967,1.34511232376
25968,1.36057126522
25969,1.31611895561
25970,1.23544538021
25971,1.35903525352
25972,1.30979323387
25973,1.36553096771
25974,1.27808082104
25975,1.34217262268
25976,1.31488251686
25977,1.3152140379
25978,1.14604127407
25979,1.39637875557
25980,1.20961463451
25981,1.34530615807
25982,1.35742354393
25983,1.36577284336
25984,1.30877161026
25985,1.31226527691
25986,1.34809160233
25987,1.47094607353
25988,1.41416740417
25989,1.39237511158
25990,1.44039785862
25991,1.2447398901
25992,1.24148452282
25993,1.34578132629
25994,1.48101890087
25995,1.4478520155
25996,1.45921504498
25997,1.30740475655
25998,1.26255238056
25999,1.24267137051
26000,1.23901355267
26001,1.32456803322
26002,1.33659434319
26003,1.31984174252
26004,1.35309624672
26005,1.2770639658
26006,1.34430325031
26007,1.4266269207
26008,1.31228625774
26009,1.34863686562
26010,1.36882138252
26011,1.3233577013
26012,1.39025270939
26013,1.33823668957
26014,1.44415307045
26015,1.39319515228
26016,1.26044237614
26017,1.54592633247
26018,1.33732008934
26019,1.42945253849
26020,1.41430068016
26021,1.45416545868
26022,1.34618747234
26023,1.42891180515
26024,1.38969147205
26025,1.26856780052
26026,1.29048359394
26027,1.2799551487
26028,1.25250792503
26029,1.42258179188
26030,1.2826898098
26031,1.48434305191
26032,1.46302473545
26033,1.25444638729
26034,1.2675665617
26035,1.31785440445
26036,1.4191069603
26037,1.28871190548
26038,1.39599978924
26039,1.18785655499
26040,1.32020771503
26041,1.37739908695
26042,1.48560678959
26043,1.33645236492
26044,1.31368887424
26045,1.41955935955
26046,1.33434069157
26047,1.33128774166
26048,1.37644708157
26049,1.38714551926
26050,1.32151937485
26051,1.35490179062
26052,1.36763620377
26053,1.34628999233
26054,1.27338147163
26055,1.37745630741
26056,1.380905509
26057,1.39962697029
26058,1.32741367817
26059,1.39754879475
26060,1.4386729002
26061,1.44526576996
26062,1.31264090538
26063,1.33878946304
26064,1.38672709465
26065,1.27975440025
26066,1.28459501266
26067,1.28128886223
26068,1.31117153168
26069,1.41032505035
26070,1.37860786915
26071,1.38641035557
26072,1.27899479866
26073,1.32501375675
26074,1.29631388187
26075,1.45679366589
26076,1.33539330959
26077,1.28451490402
26078,1.40088427067
26079,1.34916901588
26080,1.34070909023
26081,1.29563987255
26082,1.46245396137
26083,1.36378955841
26084,1.34199929237
26085,1.34706604481
26086,1.37330925465
26087,1.33656322956
26088,1.3869343996
26089,1.36400735378
26090,1.46640503407
26091,1.39203977585
26092,1.39768493176
26093,1.3141887188
26094,1.36208212376
26095,1.29959845543
26096,1.32561957836
26097,1.30761373043
26098,1.32056963444
26099,1.34102809429
26100,1.40010166168
26101,1.41546463966
26102,1.32355165482
26103,1.28295373917
26104,1.47042000294
26105,1.38065099716
26106,1.25706911087
26107,1.41657626629
26108,1.20268011093
26109,1.40637028217
26110,1.26472318172
26111,1.34348511696
26112,1.33498299122
26113,1.38515067101
26114,1.4248572588
26115,1.48286569118
26116,1.39522230625
26117,1.3330129385
26118,1.28241014481
26119,1.24219155312
26120,1.32070565224
26121,1.38299202919
26122,1.26831889153
26123,1.29149532318
26124,1.30568301678
26125,1.30190396309
26126,1.30195617676
26127,1.31418573856
26128,1.26226449013
26129,1.39004409313
26130,1.37987363338
26131,1.3761920929
26132,1.30858886242
26133,1.30585980415
26134,1.39869821072
26135,1.28708434105
26136,1.3580044508
26137,1.29533016682
26138,1.38706707954
26139,1.39812541008
26140,1.22759413719
26141,1.38993179798
26142,1.29845905304
26143,1.39354240894
26144,1.29558050632
26145,1.45108115673
26146,1.34399425983
26147,1.30974411964
26148,1.38942563534
26149,1.31405186653
26150,1.26451635361
26151,1.37229859829
26152,1.31675434113
26153,1.28439116478
26154,1.38045227528
26155,1.33590984344
26156,1.3253749609
26157,1.30624544621
26158,1.31396222115
26159,1.25877761841
26160,1.32739794254
26161,1.28964221478
26162,1.37950229645
26163,1.35379350185
26164,1.35765790939
26165,1.31019771099
26166,1.22934520245
26167,1.31336319447
26168,1.46270370483
26169,1.29888772964
26170,1.46001291275
26171,1.31548845768
26172,1.22025406361
26173,1.32872223854
26174,1.3612395525
26175,1.29772913456
26176,1.26708602905
26177,1.3801381588
26178,1.38385558128
26179,1.212433815
26180,1.32448482513
26181,1.40260338783
26182,1.3458468914
26183,1.35529327393
26184,1.40059792995
26185,1.37711298466
26186,1.39996600151
26187,1.34569239616
26188,1.27155768871
26189,1.23422408104
26190,1.29199945927
26191,1.44194543362
26192,1.25113749504
26193,1.32788407803
26194,1.34152877331
26195,1.38670611382
26196,1.44372713566
26197,1.41760897636
26198,1.29586732388
26199,1.20341587067
26200,1.38704109192
26201,1.35461091995
26202,1.37906301022
26203,1.32961499691
26204,1.40979337692
26205,1.30767989159
26206,1.24275279045
26207,1.34264802933
26208,1.38866877556
26209,1.3218101263
26210,1.34473323822
26211,1.32699942589
26212,1.3800855875
26213,1.38256263733
26214,1.37740266323
26215,1.28986918926
26216,1.29809200764
26217,1.35379481316
26218,1.32935237885
26219,1.39459788799
26220,1.49654221535
26221,1.39080870152
26222,1.26973664761
26223,1.4262059927
26224,1.37248277664
26225,1.26016831398
26226,1.27344477177
26227,1.39470303059
26228,1.36142098904
26229,1.37479484081
26230,1.36178922653
26231,1.4556324482
26232,1.34654963017
26233,1.3217318058
26234,1.3299754858
26235,1.39150261879
26236,1.28094029427
26237,1.25308310986
26238,1.25750744343
26239,1.38434827328
26240,1.31390011311
26241,1.39247393608
26242,1.28202116489
26243,1.34182059765
26244,1.34375
26245,1.26263999939
26246,1.34273338318
26247,1.34361386299
26248,1.2797254324
26249,1.33609211445
26250,1.34661912918
26251,1.31745278835
26252,1.43900942802
26253,1.31398200989
26254,1.34603071213
26255,1.5243036747
26256,1.34611451626
26257,1.33713901043
26258,1.33527541161
26259,1.33876860142
26260,1.34382295609
26261,1.34463572502
26262,1.33250260353
26263,1.38618397713
26264,1.31074357033
26265,1.32326233387
26266,1.50222015381
26267,1.41906952858
26268,1.30835044384
26269,1.43984282017
26270,1.31530058384
26271,1.42499768734
26272,1.33258211613
26273,1.32031178474
26274,1.25767660141
26275,1.41295564175
26276,1.30531191826
26277,1.30952775478
26278,1.32810044289
26279,1.3857831955
26280,1.27300906181
26281,1.40912687778
26282,1.37666201591
26283,1.45107555389
26284,1.44986534119
26285,1.44483113289
26286,1.40982091427
26287,1.4862331152
26288,1.42751312256
26289,1.294226408
26290,1.42010140419
26291,1.30124938488
26292,1.36791467667
26293,1.46428918839
26294,1.38413977623
26295,1.32498407364
26296,1.29052817822
26297,1.41916131973
26298,1.34833395481
26299,1.28086030483
26300,1.32645094395
26301,1.36742544174
26302,1.32025241852
26303,1.37758147717
26304,1.29154336452
26305,1.3897100687
26306,1.36953294277
26307,1.49912035465
26308,1.43485558033
26309,1.23610782623
26310,1.3197966814
26311,1.32399380207
26312,1.31379568577
26313,1.34630072117
26314,1.33634698391
26315,1.42609155178
26316,1.21221041679
26317,1.48445415497
26318,1.40356206894
26319,1.36121535301
26320,1.35487806797
26321,1.35776388645
26322,1.3195605278
26323,1.42033159733
26324,1.3261936903
26325,1.31950557232
26326,1.37252104282
26327,1.27970862389
26328,1.37219381332
26329,1.39412653446
26330,1.27157962322
26331,1.27061665058
26332,1.30529272556
26333,1.32684361935
26334,1.29841291904
26335,1.38513636589
26336,1.44665813446
26337,1.41533851624
26338,1.31706809998
26339,1.30247616768
26340,1.29489684105
26341,1.35693776608
26342,1.27916121483
26343,1.3465321064
26344,1.26693761349
26345,1.26587104797
26346,1.31603395939
26347,1.27309024334
26348,1.26235234737
26349,1.20016825199
26350,1.35086941719
26351,1.36705112457
26352,1.36494362354
26353,1.25253093243
26354,1.34731328487
26355,1.33836615086
26356,1.27277994156
26357,1.39227902889
26358,1.3798032999
26359,1.43811249733
26360,1.30487942696
26361,1.35564112663
26362,1.35912060738
26363,1.38488984108
26364,1.28837037086
26365,1.41335296631
26366,1.34634125233
26367,1.41161513329
26368,1.33281588554
26369,1.42250001431
26370,1.26201105118
26371,1.32532691956
26372,1.46229183674
26373,1.31918716431
26374,1.40447092056
26375,1.45433723927
26376,1.27876973152
26377,1.34561395645
26378,1.39707684517
26379,1.34008765221
26380,1.32577550411
26381,1.4944576025
26382,1.35452866554
26383,1.45947933197
26384,1.33193659782
26385,1.42957293987
26386,1.24076330662
26387,1.30627012253
26388,1.31851673126
26389,1.36304068565
26390,1.34386432171
26391,1.24755942822
26392,1.37647008896
26393,1.31060838699
26394,1.34273278713
26395,1.37401628494
26396,1.3589413166
26397,1.35190224648
26398,1.30459070206
26399,1.33610141277
26400,1.33474588394
26401,1.36863553524
26402,1.33544647694
26403,1.28172898293
26404,1.34131884575
26405,1.28894877434
26406,1.36288261414
26407,1.29993581772
26408,1.35384786129
26409,1.32704842091
26410,1.4262868166
26411,1.31664919853
26412,1.37401735783
26413,1.24891662598
26414,1.45222210884
26415,1.48200917244
26416,1.36340236664
26417,1.35738360882
26418,1.31020510197
26419,1.32081532478
26420,1.3292607069
26421,1.28701722622
26422,1.34728324413
26423,1.32621848583
26424,1.37144422531
26425,1.39141976833
26426,1.32441973686
26427,1.27616631985
26428,1.32900202274
26429,1.23766922951
26430,1.35627782345
26431,1.39312696457
26432,1.2577548027
26433,1.37281942368
26434,1.49221432209
26435,1.36214828491
26436,1.44870865345
26437,1.42610907555
26438,1.44016730785
26439,1.41404438019
26440,1.32769167423
26441,1.27674424648
26442,1.3759663105
26443,1.29711449146
26444,1.40504908562
26445,1.40189909935
26446,1.25169718266
26447,1.42770469189
26448,1.46089589596
26449,1.36940228939
26450,1.49978661537
26451,1.27130913734
26452,1.42434942722
26453,1.2966966629
26454,1.45853996277
26455,1.26844120026
26456,1.48723459244
26457,1.45522916317
26458,1.35740232468
26459,1.44380903244
26460,1.20748007298
26461,1.36146843433
26462,1.43927013874
26463,1.32259058952
26464,1.27397835255
26465,1.28700995445
26466,1.38637709618
26467,1.2320830822
26468,1.36826395988
26469,1.2719347477
26470,1.19160151482
26471,1.35045230389
26472,1.35978078842
26473,1.35333240032
26474,1.54139399529
26475,1.29178798199
26476,1.42654013634
26477,1.34657609463
26478,1.39198541641
26479,1.37664997578
26480,1.47528886795
26481,1.3766515255
26482,1.31067180634
26483,1.2762029171
26484,1.40748333931
26485,1.33530652523
26486,1.22359597683
26487,1.35328412056
26488,1.42773878574
26489,1.41123998165
26490,1.33835816383
26491,1.3422870636
26492,1.25403559208
26493,1.17509222031
26494,1.2337013483
26495,1.33528614044
26496,1.24402761459
26497,1.34553456306
26498,1.21991348267
26499,1.38936018944
26500,1.24984776974
26501,1.21458601952
26502,1.38676548004
26503,1.53354299068
26504,1.35042726994
26505,1.31202912331
26506,1.34144484997
26507,1.333802104
26508,1.3274846077
26509,1.36036336422
26510,1.26823365688
26511,1.23119354248
26512,1.40939700603
26513,1.44011318684
26514,1.43865740299
26515,1.29594671726
26516,1.34248483181
26517,1.41441130638
26518,1.36749207973
26519,1.34117341042
26520,1.47217285633
26521,1.26191437244
26522,1.3462690115
26523,1.30699431896
26524,1.53201639652
26525,1.33841359615
26526,1.37476599216
26527,1.28023183346
26528,1.27770066261
26529,1.205311656
26530,1.30603063107
26531,1.45596969128
26532,1.37640190125
26533,1.28497838974
26534,1.2514424324
26535,1.28874742985
26536,1.35706663132
26537,1.37778866291
26538,1.48981678486
26539,1.38637304306
26540,1.47611689568
26541,1.40916454792
26542,1.37255370617
26543,1.31346976757
26544,1.3677521944
26545,1.40561270714
26546,1.32387447357
26547,1.35958695412
26548,1.28093576431
26549,1.3977240324
26550,1.57112896442
26551,1.50994837284
26552,1.39891862869
26553,1.26127934456
26554,1.46166431904
26555,1.36891877651
26556,1.3278220892
26557,1.28453481197
26558,1.55498063564
26559,1.29368436337
26560,1.31149804592
26561,1.31823372841
26562,1.30748200417
26563,1.39348375797
26564,1.3481297493
26565,1.38042891026
26566,1.33501970768
26567,1.36645340919
26568,1.39197170734
26569,1.36209177971
26570,1.36969089508
26571,2.40904951096
26572,1.3329179287
26573,1.44158256054
26574,1.33722114563
26575,1.32489275932
26576,1.4137301445
26577,1.41009390354
26578,1.28251051903
26579,1.35491633415
26580,1.34674882889
26581,1.35211849213
26582,1.3857614994
26583,1.37991297245
26584,1.29105865955
26585,1.37016820908
26586,1.346149683
26587,1.29078137875
26588,1.41009116173
26589,1.31640136242
26590,1.32396805286
26591,1.33968341351
26592,1.24410235882
26593,1.30305349827
26594,1.35685658455
26595,1.35657441616
26596,1.42901170254
26597,1.40149927139
26598,1.30797100067
26599,1.49145030975
26600,1.38832390308
26601,1.29388105869
26602,1.36397182941
26603,1.34929740429
26604,1.35575330257
26605,1.39491844177
26606,1.38846647739
26607,1.31447505951
26608,1.42449569702
26609,1.41255283356
26610,1.32549750805
26611,1.30292022228
26612,1.40340590477
26613,1.44323313236
26614,1.39616465569
26615,1.32628238201
26616,1.41175079346
26617,1.39503216743
26618,1.40888214111
26619,1.46870219707
26620,1.26992619038
26621,1.29451107979
26622,1.27554297447
26623,1.28709542751
26624,1.31470131874
26625,1.28571200371
26626,1.28208243847
26627,1.25520288944
26628,1.4368159771
26629,1.33052945137
26630,1.31070685387
26631,1.35908770561
26632,1.32754361629
26633,1.28216004372
26634,1.34318757057
26635,1.39409017563
26636,1.20486354828
26637,1.35312306881
26638,1.47603833675
26639,1.43852579594
26640,1.38474345207
26641,1.4216401577
26642,1.28847491741
26643,1.36316788197
26644,1.34007763863
26645,1.39294528961
26646,1.31830525398
26647,1.30837309361
26648,1.37829506397
26649,1.33115577698
26650,1.21179270744
26651,1.48350346088
26652,1.39411056042
26653,1.34391057491
26654,1.43086051941
26655,1.36701524258
26656,1.33008861542
26657,1.36596310139
26658,1.33051776886
26659,1.42986702919
26660,1.44573998451
26661,1.24315643311
26662,1.15942358971
26663,1.42800521851
26664,1.30120134354
26665,1.41004443169
26666,1.53351283073
26667,1.40496408939
26668,1.32481753826
26669,1.28802895546
26670,1.29031026363
26671,1.29398238659
26672,1.33227920532
26673,1.42190563679
26674,1.27336275578
26675,1.32482147217
26676,1.30693817139
26677,1.26733374596
26678,1.27909171581
26679,1.31538844109
26680,1.31064724922
26681,1.35191524029
26682,1.34894609451
26683,1.35769224167
26684,1.29783201218
26685,1.234801054
26686,1.26008057594
26687,1.27744472027
26688,1.44503819942
26689,1.30076813698
26690,1.31271886826
26691,1.39127016068
26692,1.36390686035
26693,1.36024057865
26694,1.44284188747
26695,1.27806079388
26696,1.32417523861
26697,1.41437184811
26698,1.36785709858
26699,1.31234705448
26700,1.3197953701
26701,1.25796020031
26702,1.36810219288
26703,1.36751401424
26704,1.43111932278
26705,1.39644575119
26706,1.2634781599
26707,1.39201128483
26708,1.3273113966
26709,1.3944658041
26710,1.29481470585
26711,1.41325867176
26712,1.22975575924
26713,1.33170211315
26714,1.407158494
26715,1.32800078392
26716,1.4298517704
26717,1.32037353516
26718,1.33577811718
26719,1.40213286877
26720,1.5134357214
26721,1.45786237717
26722,1.31044018269
26723,1.48262810707
26724,1.3063352108
26725,1.25024485588
26726,1.36383521557
26727,1.23313426971
26728,1.33904254436
26729,1.29083538055
26730,1.2998213768
26731,1.43890655041
26732,1.28161764145
26733,1.44789004326
26734,1.37769699097
26735,1.26575529575
26736,1.32596719265
26737,1.47269499302
26738,1.24113309383
26739,1.30751812458
26740,1.24717307091
26741,1.40054512024
26742,1.34762454033
26743,1.46155834198
26744,1.51622271538
26745,1.36713457108
26746,1.26687395573
26747,1.35794079304
26748,1.34211206436
26749,1.31553089619
26750,1.29511666298
26751,1.39489376545
26752,1.27861607075
26753,1.36003339291
26754,1.40642297268
26755,1.46100914478
26756,1.41528904438
26757,1.33484339714
26758,1.22823596001
26759,1.34968972206
26760,1.20034527779
26761,1.42345428467
26762,1.30321455002
26763,1.38437068462
26764,1.29053378105
26765,1.38684165478
26766,1.37542176247
26767,1.39332127571
26768,1.32074964046
26769,1.36523497105
26770,1.41649115086
26771,1.44559979439
26772,1.36422383785
26773,1.5087659359
26774,1.25379121304
26775,1.32176315784
26776,1.38458371162
26777,1.34452795982
26778,1.30198895931
26779,1.44779264927
26780,1.35218346119
26781,1.3933185339
26782,1.35296082497
26783,1.29413998127
26784,1.31420385838
26785,1.46425414085
26786,1.36979758739
26787,1.20472407341
26788,1.23092603683
26789,1.44770264626
26790,1.40956699848
26791,1.26182413101
26792,1.35048651695
26793,1.25803053379
26794,1.35628831387
26795,1.33522439003
26796,1.38343477249
26797,1.42478370667
26798,1.3515034914
26799,1.32255029678
26800,1.33521687984
26801,1.32522618771
26802,1.34168291092
26803,1.37362718582
26804,1.40529203415
26805,1.2459577322
26806,1.32291257381
26807,1.27101349831
26808,1.29691159725
26809,1.3812237978
26810,1.46036612988
26811,1.43852198124
26812,1.37895524502
26813,1.28506958485
26814,1.29866158962
26815,1.46033263206
26816,1.50643777847
26817,1.27319383621
26818,1.27306115627
26819,1.30941641331
26820,1.44080209732
26821,1.35059964657
26822,1.28499102592
26823,1.34520375729
26824,1.28852725029
26825,1.26162648201
26826,1.27473783493
26827,1.42845439911
26828,1.39450836182
26829,1.33795917034
26830,1.36734008789
26831,1.28921198845
26832,1.26316571236
26833,1.33392894268
26834,1.41522538662
26835,1.31725561619
26836,1.37502503395
26837,1.57140243053
26838,1.35831129551
26839,1.38583600521
26840,1.36501932144
26841,1.41142594814
26842,1.312489748
26843,1.34716331959
26844,1.36695504189
26845,1.41986823082
26846,1.40963292122
26847,1.30137324333
26848,1.30718481541
26849,1.26530897617
26850,1.37788367271
26851,1.36016523838
26852,1.42299544811
26853,1.36598455906
26854,1.44139230251
26855,1.33770465851
26856,1.34902834892
26857,1.31532657146
26858,1.32756650448
26859,1.38156783581
26860,1.48086762428
26861,1.41467654705
26862,1.34275257587
26863,1.33505177498
26864,1.2549148798
26865,1.48705029488
26866,1.47256267071
26867,1.3584331274
26868,1.38686859608
26869,1.31498408318
26870,1.32130300999
26871,1.40880119801
26872,1.31872498989
26873,1.33967232704
26874,1.31183671951
26875,1.34825992584
26876,1.21004068851
26877,1.37110841274
26878,1.4124468565
26879,1.40836942196
26880,1.37601435184
26881,1.32682013512
26882,1.29649245739
26883,1.28158736229
26884,1.3513032198
26885,1.42019200325
26886,1.3393996954
26887,1.35611975193
26888,1.31917047501
26889,1.39046823978
26890,1.24959552288
26891,1.32442903519
26892,1.31498110294
26893,1.32066011429
26894,1.36313760281
26895,1.33657586575
26896,1.37678086758
26897,1.32451546192
26898,1.31406497955
26899,1.27657556534
26900,1.35834252834
26901,1.32081925869
26902,1.23828864098
26903,1.38982522488
26904,1.26051688194
26905,1.31752741337
26906,1.28256464005
26907,1.28482830524
26908,1.40258669853
26909,1.30051636696
26910,1.38781321049
26911,1.31235003471
26912,1.36842989922
26913,1.36009633541
26914,1.40145325661
26915,1.27995979786
26916,1.38838374615
26917,1.3232601881
26918,1.31795847416
26919,1.32104218006
26920,1.39185607433
26921,1.43335437775
26922,1.25161683559
26923,1.41803908348
26924,1.29395997524
26925,1.37043833733
26926,1.29183554649
26927,1.33463263512
26928,1.45654952526
26929,1.29836237431
26930,1.40877223015
26931,1.22441983223
26932,1.4692927599
26933,1.49687814713
26934,1.27118766308
26935,1.4136351347
26936,1.3797866106
26937,1.37310135365
26938,1.34825515747
26939,1.43194937706
26940,1.36700165272
26941,1.39644515514
26942,1.30870866776
26943,1.38539075851
26944,1.33183264732
26945,1.34386408329
26946,1.32114732265
26947,1.30231392384
26948,1.41652953625
26949,1.3459353447
26950,1.53123903275
26951,1.40853345394
26952,1.43433666229
26953,1.43298387527
26954,1.416228652
26955,1.31902098656
26956,1.48376238346
26957,1.31034612656
26958,1.20797967911
26959,1.34680759907
26960,1.34192872047
26961,1.41077935696
26962,1.49112939835
26963,1.40056455135
26964,1.47461497784
26965,1.41002202034
26966,1.40216815472
26967,1.38324975967
26968,1.29507780075
26969,1.35887873173
26970,1.31184911728
26971,1.43143332005
26972,1.34640848637
26973,1.35363888741
26974,1.3361338377
26975,1.41164302826
26976,1.27239477634
26977,1.32872748375
26978,1.35848963261
26979,1.40321397781
26980,1.48678278923
26981,1.44950020313
26982,1.33701574802
26983,1.42922949791
26984,1.27166175842
26985,1.36421251297
26986,1.37025439739
26987,1.37376248837
26988,1.44092690945
26989,1.34844577312
26990,1.41902339458
26991,1.37050271034
26992,1.37141346931
26993,1.29435026646
26994,1.27375769615
26995,1.31922543049
26996,1.34763681889
26997,1.24544155598
26998,1.31199896336
26999,1.43631923199
27000,1.35608792305
27001,1.28489375114
27002,1.36332595348
27003,1.34518396854
27004,1.28158700466
27005,1.41383385658
27006,1.37049543858
27007,1.32383179665
27008,1.31270098686
27009,1.31449222565
27010,1.36786842346
27011,1.3014087677
27012,1.23574757576
27013,1.34039866924
27014,1.27957844734
27015,1.27236568928
27016,1.28387820721
27017,1.31129467487
27018,1.30467951298
27019,1.43437123299
27020,1.33236670494
27021,1.2721581459
27022,1.45669853687
27023,1.27557599545
27024,1.33387029171
27025,1.39755320549
27026,1.27244079113
27027,1.36319983006
27028,1.37578845024
27029,1.4950619936
27030,1.33661603928
27031,1.43510818481
27032,1.37862145901
27033,1.47821724415
27034,1.39953112602
27035,1.35163450241
27036,1.40361344814
27037,1.29398047924
27038,1.26767885685
27039,1.37191998959
27040,1.33017277718
27041,1.43056762218
27042,1.25178253651
27043,1.37904500961
27044,1.39047908783
27045,1.41293668747
27046,1.36817133427
27047,1.28615701199
27048,1.35017156601
27049,1.31155025959
27050,1.41563999653
27051,1.32123911381
27052,1.31121778488
27053,1.34371042252
27054,1.32835125923
27055,1.40788769722
27056,1.42289364338
27057,1.40093588829
27058,1.48729991913
27059,1.39933097363
27060,1.38498544693
27061,1.40590846539
27062,1.32779943943
27063,1.33438456059
27064,1.30490756035
27065,1.3208527565
27066,1.39009165764
27067,1.34396231174
27068,1.32060849667
27069,1.28251361847
27070,1.37834882736
27071,1.39016151428
27072,1.46626937389
27073,1.37830889225
27074,1.39362192154
27075,1.24582505226
27076,1.49015617371
27077,1.43252062798
27078,1.3640242815
27079,1.43768811226
27080,1.36056816578
27081,1.35882925987
27082,1.35594654083
27083,1.31701469421
27084,1.39411449432
27085,1.35580933094
27086,1.36193799973
27087,1.30433630943
27088,1.40511989594
27089,1.32707715034
27090,1.54581058025
27091,1.27530455589
27092,1.38341248035
27093,1.30116391182
27094,1.29095983505
27095,1.27732074261
27096,1.30628335476
27097,1.3445994854
27098,1.37064933777
27099,1.31461691856
27100,1.3228648901
27101,1.26462244987
27102,1.42540705204
27103,1.37304520607
27104,1.35693478584
27105,1.37817800045
27106,1.44075739384
27107,1.32542669773
27108,1.43775212765
27109,1.31791293621
27110,1.31098103523
27111,1.34268844128
27112,1.33875513077
27113,1.37135076523
27114,1.41435873508
27115,1.39283680916
27116,1.4259802103
27117,1.32134127617
27118,1.29515278339
27119,1.36861944199
27120,1.35216450691
27121,1.35012710094
27122,1.30457723141
27123,1.36060607433
27124,1.37583088875
27125,1.37707638741
27126,1.35403466225
27127,1.32621371746
27128,1.35813295841
27129,1.28751814365
27130,1.3527983427
27131,1.46939134598
27132,1.3065084219
27133,1.44047868252
27134,1.40844452381
27135,1.37010169029
27136,1.35753691196
27137,1.20460355282
27138,1.36834037304
27139,1.31079816818
27140,1.39062488079
27141,1.39567792416
27142,1.37701678276
27143,1.41154801846
27144,1.4177325964
27145,1.41108345985
27146,1.34409463406
27147,1.37173485756
27148,1.51074016094
27149,1.4464495182
27150,1.38062262535
27151,1.35392391682
27152,1.41886651516
27153,1.31063556671
27154,1.4143705368
27155,1.30700683594
27156,1.31404352188
27157,1.37385237217
27158,1.3659504652
27159,1.33020913601
27160,1.34893631935
27161,1.3641731739
27162,1.39549422264
27163,1.42792093754
27164,1.41118645668
27165,1.37250471115
27166,1.31522572041
27167,1.34999656677
27168,1.35785007477
27169,1.26281058788
27170,1.36906123161
27171,1.34891188145
27172,1.32672858238
27173,1.27747476101
27174,1.41436910629
27175,1.33769023418
27176,1.34793770313
27177,1.220302701
27178,1.41235268116
27179,1.34158217907
27180,1.3073952198
27181,1.58358430862
27182,1.36039638519
27183,1.34819161892
27184,1.44278430939
27185,1.42716646194
27186,1.36827218533
27187,1.31859064102
27188,1.29197740555
27189,1.4626595974
27190,1.45758354664
27191,1.33132565022
27192,1.45714950562
27193,1.37583553791
27194,1.41731548309
27195,1.32406747341
27196,1.55175888538
27197,1.36076891422
27198,1.34301900864
27199,1.43169057369
27200,1.29569292068
27201,1.36943173409
27202,1.37936234474
27203,1.3041870594
27204,1.28672158718
27205,1.26430141926
27206,1.29963636398
27207,1.30504775047
27208,1.40198194981
27209,1.25461101532
27210,1.50946235657
27211,1.41997420788
27212,1.35650730133
27213,1.33292937279
27214,1.2713227272
27215,1.26675581932
27216,1.40627563
27217,1.4052952528
27218,1.45192706585
27219,1.27917730808
27220,1.33900415897
27221,1.29137563705
27222,1.26752662659
27223,1.49507462978
27224,1.36820065975
27225,1.3373465538
27226,1.29361402988
27227,1.27802348137
27228,1.28388643265
27229,1.36096346378
27230,1.41872084141
27231,1.49651372433
27232,1.47218358517
27233,1.35580527782
27234,1.35137069225
27235,1.31497371197
27236,1.25280451775
27237,1.3394780159
27238,1.29987609386
27239,1.31090760231
27240,1.39255571365
27241,1.25482523441
27242,1.33681702614
27243,1.39381575584
27244,1.40286171436
27245,1.30925273895
27246,1.33943498135
27247,1.33865535259
27248,1.37290894985
27249,1.32589399815
27250,1.32623386383
27251,1.54188549519
27252,1.27566385269
27253,1.38184201717
27254,1.34427952766
27255,1.38029968739
27256,1.38203680515
27257,1.34970748425
27258,1.45415389538
27259,1.37519776821
27260,1.36443376541
27261,1.40159368515
27262,1.35162818432
27263,1.29759454727
27264,1.35976326466
27265,1.3885345459
27266,1.40138959885
27267,1.32308018208
27268,1.44766271114
27269,1.30722033978
27270,1.33461940289
27271,1.28678965569
27272,1.34545719624
27273,1.45819401741
27274,1.53428733349
27275,1.292278409
27276,1.46786403656
27277,1.32158279419
27278,1.33687269688
27279,1.40344715118
27280,1.34190058708
27281,1.3738360405
27282,1.31774306297
27283,1.46528601646
27284,1.52648818493
27285,1.29213833809
27286,1.3029280901
27287,1.36114168167
27288,1.29141497612
27289,1.29279351234
27290,1.2800617218
27291,1.34980285168
27292,1.37857329845
27293,1.28855597973
27294,1.45315217972
27295,1.32910275459
27296,1.31437754631
27297,1.42129099369
27298,1.35799360275
27299,1.39908647537
27300,1.2422683239
27301,1.27477502823
27302,1.49310231209
27303,1.26297473907
27304,1.34319138527
27305,1.28233802319
27306,1.25523209572
27307,1.30099439621
27308,1.44749462605
27309,1.44311881065
27310,1.50098335743
27311,1.35021901131
27312,1.27655398846
27313,1.43208241463
27314,1.40678679943
27315,1.31820845604
27316,1.24696874619
27317,1.40812015533
27318,1.4842184782
27319,1.3427066803
27320,1.25352799892
27321,1.29173326492
27322,1.31349313259
27323,1.39288020134
27324,1.45556092262
27325,1.37160885334
27326,1.27343070507
27327,1.30191910267
27328,1.33194732666
27329,1.27698099613
27330,1.35508608818
27331,1.353905797
27332,1.29952681065
27333,1.44282007217
27334,1.39945721626
27335,1.39743971825
27336,1.30085635185
27337,1.25279033184
27338,1.34546256065
27339,1.31006753445
27340,1.29423964024
27341,1.32749664783
27342,1.24870848656
27343,1.30552840233
27344,1.30705332756
27345,1.33131754398
27346,1.37039780617
27347,1.30171370506
27348,1.3710539341
27349,1.3092546463
27350,1.29163575172
27351,1.32351827621
27352,1.38271105289
27353,1.25979483128
27354,1.27943098545
27355,1.34342837334
27356,1.35327911377
27357,1.26932263374
27358,1.3041189909
27359,1.45692133904
27360,1.40339136124
27361,1.36690723896
27362,1.47478878498
27363,1.3412630558
27364,1.40295016766
27365,1.22854137421
27366,1.36111319065
27367,1.3210144043
27368,1.41165018082
27369,1.4021910429
27370,1.26543283463
27371,1.37724936008
27372,1.33794474602
27373,1.38249945641
27374,1.5007802248
27375,1.35320448875
27376,1.40779340267
27377,1.30483305454
27378,1.33967065811
27379,1.37503027916
27380,1.37193644047
27381,1.37209522724
27382,1.45407617092
27383,1.28548705578
27384,1.36992871761
27385,1.29416406155
27386,1.34048473835
27387,1.53029596806
27388,1.29234826565
27389,1.47894597054
27390,1.37379002571
27391,1.36287915707
27392,1.35588920116
27393,1.33836519718
27394,1.43324100971
27395,1.33314824104
27396,1.36990964413
27397,1.40963613987
27398,1.31711399555
27399,1.47862517834
27400,1.36940944195
27401,1.46891999245
27402,1.43066561222
27403,1.42090761662
27404,1.32789480686
27405,1.27265882492
27406,1.24070739746
27407,1.43152177334
27408,1.34528136253
27409,1.33910357952
27410,1.37105941772
27411,1.35924553871
27412,1.34808468819
27413,1.36563885212
27414,1.27343010902
27415,1.33304274082
27416,1.43450152874
27417,1.36072432995
27418,1.37034773827
27419,1.36560547352
27420,1.41925513744
27421,1.41706931591
27422,1.39138495922
27423,1.36639726162
27424,1.34867489338
27425,1.61673367023
27426,1.31767392159
27427,1.33648777008
27428,1.27453112602
27429,1.44342648983
27430,1.27802038193
27431,1.3519179821
27432,1.38041055202
27433,1.33732259274
27434,1.29492855072
27435,1.41930174828
27436,1.31870794296
27437,1.34791445732
27438,1.28546917439
27439,1.30966758728
27440,1.44098627567
27441,1.36174988747
27442,1.31333959103
27443,1.33745551109
27444,1.3315320015
27445,1.4671998024
27446,1.33123207092
27447,1.27989673615
27448,1.38775753975
27449,1.37189888954
27450,1.30051994324
27451,1.28373920918
27452,1.47886359692
27453,1.40892016888
27454,1.44315731525
27455,1.3560860157
27456,1.41825151443
27457,1.33784937859
27458,1.29359698296
27459,1.48930025101
27460,1.47503113747
27461,1.37903869152
27462,1.29323709011
27463,1.30952715874
27464,1.31787621975
27465,1.30661892891
27466,1.28372657299
27467,1.26125454903
27468,1.30767297745
27469,1.44515728951
27470,1.41204893589
27471,1.40699279308
27472,1.33558356762
27473,1.46345055103
27474,1.36899626255
27475,1.40093827248
27476,1.28741061687
27477,1.42571115494
27478,1.32323694229
27479,1.30466938019
27480,1.32557380199
27481,1.53474915028
27482,1.33745336533
27483,1.29117882252
27484,1.33552253246
27485,1.30603849888
27486,1.49737036228
27487,1.37524807453
27488,1.36704981327
27489,1.32440388203
27490,1.3061132431
27491,1.40558207035
27492,1.29462063313
27493,1.38844144344
27494,1.36561560631
27495,1.42563831806
27496,1.32107567787
27497,1.35933077335
27498,1.34964442253
27499,1.34093666077
27500,1.354626894
27501,1.30230689049
27502,1.28229796886
27503,1.36888825893
27504,1.43863892555
27505,1.36097145081
27506,1.3114310503
27507,1.27646243572
27508,1.30007076263
27509,1.29253649712
27510,1.29766857624
27511,1.32718658447
27512,1.29769694805
27513,1.24599766731
27514,1.33250522614
27515,1.38113248348
27516,1.29414534569
27517,1.23459482193
27518,1.22713410854
27519,1.30702316761
27520,1.30524742603
27521,1.33447158337
27522,1.34247660637
27523,1.42690730095
27524,1.2121193409
27525,1.34011697769
27526,1.34855985641
27527,1.36500585079
27528,1.31649804115
27529,1.34820342064
27530,1.33087313175
27531,1.36467254162
27532,1.35850906372
27533,1.27395296097
27534,1.38997328281
27535,1.33542454243
27536,1.33790504932
27537,1.463519454
27538,1.41740632057
27539,1.45810174942
27540,1.36740338802
27541,1.26034319401
27542,1.34090662003
27543,1.45645451546
27544,1.30075263977
27545,1.29330694675
27546,1.33908236027
27547,1.30800294876
27548,1.43096375465
27549,1.50917732716
27550,1.32257533073
27551,1.25381982327
27552,1.294054389
27553,1.39442431927
27554,1.28365015984
27555,1.38254988194
27556,1.35951423645
27557,1.45285260677
27558,1.36594116688
27559,1.30591416359
27560,1.27898514271
27561,1.45879328251
27562,1.30426704884
27563,1.44127941132
27564,1.27512872219
27565,1.32364702225
27566,1.30681478977
27567,1.3710899353
27568,1.2433129549
27569,1.39508652687
27570,1.26775693893
27571,1.41446816921
27572,1.2739020586
27573,1.42114067078
27574,1.32414615154
27575,1.34180700779
27576,1.37061774731
27577,1.30853939056
27578,1.42929005623
27579,1.3818475008
27580,1.48261547089
27581,1.28925585747
27582,1.36670184135
27583,1.32677602768
27584,1.42113149166
27585,1.40796947479
27586,1.33780384064
27587,1.39088058472
27588,1.22884321213
27589,1.34874105453
27590,1.40302836895
27591,1.24666845798
27592,1.33759975433
27593,1.40845799446
27594,1.40740358829
27595,1.34687125683
27596,1.45860171318
27597,1.29415428638
27598,1.38443231583
27599,1.43730652332
27600,1.31513404846
27601,1.34170913696
27602,1.2878484726
27603,1.40087389946
27604,1.38551306725
27605,1.30822253227
27606,1.39822852612
27607,1.39435577393
27608,1.30115139484
27609,1.33733093739
27610,1.29169464111
27611,1.31751203537
27612,1.33353555202
27613,1.40848124027
27614,1.38696277142
27615,1.42638671398
27616,1.54191410542
27617,1.34262526035
27618,1.37557351589
27619,1.43795704842
27620,1.3838660717
27621,1.33837473392
27622,1.27584254742
27623,1.4191981554
27624,1.36029314995
27625,1.42162442207
27626,1.33403885365
27627,1.40236258507
27628,1.22528147697
27629,1.42838537693
27630,1.28669297695
27631,1.36320161819
27632,1.39473724365
27633,1.39503109455
27634,1.42580401897
27635,1.39681100845
27636,1.43898248672
27637,1.34394586086
27638,1.42228960991
27639,1.4444988966
27640,1.34384834766
27641,1.33855378628
27642,1.39650285244
27643,1.33849096298
27644,1.32979559898
27645,1.43187355995
27646,1.38346099854
27647,1.30026102066
27648,1.41698205471
27649,1.31404340267
27650,1.49333572388
27651,1.39805078506
27652,1.34057629108
27653,1.3395512104
27654,1.34819626808
27655,1.26215147972
27656,1.31888127327
27657,1.47791969776
27658,1.42386782169
27659,1.38327121735
27660,1.43816673756
27661,1.41132509708
27662,1.30296254158
27663,1.49205517769
27664,1.36672079563
27665,1.29467356205
27666,1.33562576771
27667,1.3906826973
27668,1.40060853958
27669,1.27230393887
27670,1.22815990448
27671,1.3902310133
27672,1.29426681995
27673,1.44069385529
27674,1.26227867603
27675,1.39925456047
27676,1.32990133762
27677,1.29428160191
27678,1.36299550533
27679,1.40938985348
27680,1.26586973667
27681,1.42554056644
27682,1.26695334911
27683,1.24086201191
27684,1.40121400356
27685,1.41039800644
27686,1.32681500912
27687,1.33254873753
27688,1.34740507603
27689,1.3550671339
27690,1.33720743656
27691,1.25721788406
27692,1.40925705433
27693,1.32636725903
27694,1.33829712868
27695,1.49036967754
27696,1.37102162838
27697,1.3521938324
27698,1.39583420753
27699,1.31141006947
27700,1.2874777317
27701,1.44241631031
27702,1.20350110531
27703,1.3304027319
27704,1.25210833549
27705,1.37516629696
27706,1.39367473125
27707,1.25507748127
27708,1.33067142963
27709,1.36185097694
27710,1.45343661308
27711,1.32268595695
27712,1.30676603317
27713,1.46742427349
27714,1.35255479813
27715,1.37981319427
27716,1.27698147297
27717,1.40320384502
27718,1.32776916027
27719,1.29694771767
27720,1.36559283733
27721,1.28415441513
27722,1.36001896858
27723,1.4348962307
27724,1.44289278984
27725,1.34432399273
27726,1.42292284966
27727,1.31888008118
27728,1.25406086445
27729,1.32586073875
27730,1.47225034237
27731,1.47494316101
27732,1.41835105419
27733,1.36374223232
27734,1.29837477207
27735,1.37154042721
27736,1.2592676878
27737,1.39517688751
27738,1.38020002842
27739,1.30735385418
27740,1.37363314629
27741,1.3819899559
27742,1.39132344723
27743,1.26953125
27744,1.33097565174
27745,1.3005065918
27746,1.52480113506
27747,1.32198309898
27748,1.39796113968
27749,1.34780657291
27750,1.40354061127
27751,1.31081712246
27752,1.33497750759
27753,1.32600259781
27754,1.31185805798
27755,1.37613260746
27756,1.27494478226
27757,1.30870819092
27758,1.35914778709
27759,1.29278087616
27760,1.34146678448
27761,1.28991425037
27762,1.35338556767
27763,1.30613601208
27764,1.42236161232
27765,1.39461374283
27766,1.50484573841
27767,1.35960507393
27768,1.42981278896
27769,1.24157476425
27770,1.36388254166
27771,1.32186579704
27772,1.36186468601
27773,1.35963284969
27774,1.31347596645
27775,1.50078582764
27776,1.37413668633
27777,1.30222189426
27778,1.46826040745
27779,1.27084684372
27780,1.24372410774
27781,1.45632708073
27782,1.39779055119
27783,1.35756886005
27784,1.34828555584
27785,1.44749164581
27786,1.47353100777
27787,1.3552968502
27788,1.4035769701
27789,1.3227905035
27790,1.36010122299
27791,1.416431427
27792,1.33248627186
27793,1.39730906487
27794,1.37297475338
27795,1.3740837574
27796,1.24667012691
27797,1.35467469692
27798,1.36863458157
27799,1.34037709236
27800,1.51854515076
27801,1.38059437275
27802,1.41831254959
27803,1.31439328194
27804,1.27655732632
27805,1.30712759495
27806,1.42076039314
27807,1.46369349957
27808,1.29351973534
27809,1.29201126099
27810,1.28781104088
27811,1.40506267548
27812,1.47430253029
27813,1.42827832699
27814,1.47737038136
27815,1.34182333946
27816,1.37825226784
27817,1.33379364014
27818,1.35522198677
27819,1.26065421104
27820,1.3443210125
27821,1.34799277782
27822,1.43915820122
27823,1.34899353981
27824,1.3536015749
27825,1.4490622282
27826,1.39581990242
27827,1.45566701889
27828,1.42422616482
27829,1.45677578449
27830,1.28803932667
27831,1.27169215679
27832,1.45918321609
27833,1.40225338936
27834,1.36363255978
27835,1.31327354908
27836,1.29614973068
27837,1.38084435463
27838,1.36691510677
27839,1.33925843239
27840,1.22563958168
27841,1.43086564541
27842,1.3498159647
27843,1.33032310009
27844,1.41155350208
27845,1.40986311436
27846,1.32497262955
27847,1.33031523228
27848,1.44885063171
27849,1.49796700478
27850,1.26854050159
27851,1.44440817833
27852,1.37703275681
27853,1.31780266762
27854,1.33819663525
27855,1.34928703308
27856,1.35863566399
27857,1.31281518936
27858,1.38554394245
27859,1.25443994999
27860,1.44406282902
27861,1.3942220211
27862,1.26816594601
27863,1.41610491276
27864,1.3083524704
27865,1.32562088966
27866,1.38272428513
27867,1.35425138474
27868,1.39804303646
27869,1.34476590157
27870,1.4302469492
27871,1.28742849827
27872,1.31012582779
27873,1.36326730251
27874,1.48554265499
27875,1.37297785282
27876,1.3553904295
27877,1.48137795925
27878,1.40311729908
27879,1.45959377289
27880,1.26971185207
27881,1.33127713203
27882,1.42198133469
27883,1.3071577549
27884,1.46021163464
27885,1.37861442566
27886,1.39209234715
27887,1.41181313992
27888,1.28092849255
27889,1.45194756985
27890,1.47124540806
27891,1.37170386314
27892,1.33887982368
27893,1.52614617348
27894,1.33567357063
27895,1.5202203989
27896,1.38777422905
27897,1.32382845879
27898,1.36742782593
27899,1.38878893852
27900,1.43598091602
27901,1.28265416622
27902,1.24778056145
27903,1.38569879532
27904,1.34166574478
27905,1.35058557987
27906,1.3254699707
27907,1.38642466068
27908,1.45099329948
27909,1.32170915604
27910,1.37757897377
27911,1.38037073612
27912,1.35488057137
27913,1.29366350174
27914,1.37420856953
27915,1.32108426094
27916,1.33773553371
27917,1.39444255829
27918,1.40540611744
27919,1.30646562576
27920,1.31874346733
27921,1.4418977499
27922,1.44583261013
27923,1.35114645958
27924,1.23881185055
27925,1.38544464111
27926,1.36238312721
27927,1.27542960644
27928,1.29837179184
27929,1.35117948055
27930,1.32542026043
27931,1.41368174553
27932,1.43546938896
27933,1.34846544266
27934,1.36824834347
27935,1.33610415459
27936,1.36974620819
27937,1.26561677456
27938,1.37693059444
27939,1.37451887131
27940,1.29946422577
27941,1.40623795986
27942,1.28664410114
27943,1.31572306156
27944,1.37512409687
27945,1.38055419922
27946,1.35925984383
27947,1.46007812023
27948,1.38044846058
27949,1.32713913918
27950,1.34137642384
27951,1.31030845642
27952,1.32110536098
27953,1.38784146309
27954,1.31515049934
27955,1.36795282364
27956,1.30093181133
27957,1.39286756516
27958,1.40953874588
27959,1.4161233902
27960,1.22937893867
27961,1.23271286488
27962,1.31459450722
27963,1.31730532646
27964,1.37105071545
27965,1.28313446045
27966,1.32140398026
27967,1.36114954948
27968,1.48563206196
27969,1.35548067093
27970,1.34846401215
27971,1.42851185799
27972,1.41898930073
27973,1.42448210716
27974,1.27288281918
27975,1.32923793793
27976,1.38512682915
27977,1.25477838516
27978,1.43933522701
27979,1.25020492077
27980,1.35248243809
27981,1.36774349213
27982,1.31107699871
27983,1.29163134098
27984,1.43400394917
27985,1.30431818962
27986,1.33559763432
27987,1.37514746189
27988,1.42167413235
27989,1.39390552044
27990,1.31826364994
27991,1.43540489674
27992,1.33366131783
27993,1.26849913597
27994,1.33115172386
27995,1.3418700695
27996,1.47557103634
27997,1.30843365192
27998,1.33998560905
27999,1.28952407837
28000,1.31965351105
28001,1.34663712978
28002,1.28322124481
28003,1.25325036049
28004,1.49017834663
28005,1.33618271351
28006,1.26986753941
28007,1.30883133411
28008,1.41381895542
28009,1.36409199238
28010,1.52151286602
28011,1.30521678925
28012,1.40897035599
28013,1.32719683647
28014,1.34144365788
28015,1.49068009853
28016,1.3840430975
28017,1.33248901367
28018,1.36942481995
28019,1.44573652744
28020,1.31977558136
28021,1.31253051758
28022,1.43953704834
28023,1.32944273949
28024,1.29891884327
28025,1.39044320583
28026,1.46628630161
28027,1.32087934017
28028,1.31097614765
28029,1.35485935211
28030,1.34370648861
28031,1.36998903751
28032,1.36901128292
28033,1.37902951241
28034,1.42277479172
28035,1.53613138199
28036,1.35304057598
28037,1.33051109314
28038,1.43113148212
28039,1.41826534271
28040,1.26631593704
28041,1.48540282249
28042,1.38467633724
28043,1.37239420414
28044,1.39408266544
28045,1.25977301598
28046,1.50253403187
28047,1.45499765873
28048,1.3049724102
28049,1.33338630199
28050,1.4287135601
28051,1.30834889412
28052,1.37664759159
28053,1.37796187401
28054,1.5268830061
28055,1.41628670692
28056,1.43348944187
28057,1.44023656845
28058,1.29830300808
28059,1.38595426083
28060,1.39983606339
28061,1.39726483822
28062,1.33787918091
28063,1.37749576569
28064,1.35079979897
28065,1.35224223137
28066,1.47065865993
28067,1.51150846481
28068,1.38609468937
28069,1.3373939991
28070,1.27624893188
28071,1.32437050343
28072,1.4064116478
28073,1.35121536255
28074,1.22881412506
28075,1.27858781815
28076,1.53096818924
28077,1.38812446594
28078,1.34975373745
28079,1.37791585922
28080,1.40949344635
28081,1.32961463928
28082,1.37113523483
28083,1.37334728241
28084,1.37051284313
28085,1.32775843143
28086,1.31953656673
28087,1.38191556931
28088,1.28839755058
28089,1.43048274517
28090,1.38375246525
28091,1.26747107506
28092,1.33481049538
28093,1.55297005177
28094,1.35232710838
28095,1.38939917088
28096,1.43275821209
28097,1.46876513958
28098,1.26056444645
28099,1.3263001442
28100,1.44089245796
28101,1.38938486576
28102,1.36643099785
28103,1.32701051235
28104,1.31904876232
28105,1.36023294926
28106,1.38435268402
28107,1.28947162628
28108,1.45899224281
28109,1.27324151993
28110,1.35485208035
28111,1.26131641865
28112,1.30078303814
28113,1.3435356617
28114,1.50275802612
28115,1.34755027294
28116,1.40391528606
28117,1.37259709835
28118,1.38041889668
28119,1.46227908134
28120,1.44222986698
28121,1.45441126823
28122,1.2519453764
28123,1.4236676693
28124,1.4220559597
28125,1.43068158627
28126,1.36364448071
28127,1.36958265305
28128,1.50448966026
28129,1.34258174896
28130,1.30833387375
28131,1.4027878046
28132,1.34199547768
28133,1.39250040054
28134,2.50876641273
28135,1.37013554573
28136,1.3599909544
28137,1.33559656143
28138,1.33087265491
28139,1.38841366768
28140,1.41120886803
28141,1.26424455643
28142,1.35438251495
28143,1.35032558441
28144,1.44317364693
28145,1.36130487919
28146,1.38638651371
28147,1.26855611801
28148,1.47775828838
28149,1.39468812943
28150,1.34179985523
28151,1.4655777216
28152,1.26892006397
28153,1.32736265659
28154,1.42750644684
28155,1.31751739979
28156,1.35540938377
28157,1.22349834442
28158,1.35119080544
28159,1.4339401722
28160,1.33586704731
28161,1.38321852684
28162,1.28481936455
28163,1.34005892277
28164,1.29747927189
28165,1.30036318302
28166,1.35571467876
28167,1.38994705677
28168,1.39101803303
28169,1.42681181431
28170,1.35763823986
28171,1.39839410782
28172,1.31771016121
28173,1.36820697784
28174,1.29182970524
28175,1.31928479671
28176,1.28179657459
28177,1.49913227558
28178,1.31260168552
28179,1.39523947239
28180,1.27868211269
28181,1.25110769272
28182,1.41360664368
28183,1.33881533146
28184,1.38291454315
28185,1.34636759758
28186,1.41660499573
28187,1.35721385479
28188,1.42919778824
28189,1.27705907822
28190,1.55110049248
28191,1.38654065132
28192,1.30383765697
28193,1.44840955734
28194,1.352003932
28195,1.36381947994
28196,1.28712666035
28197,1.46575164795
28198,1.40616214275
28199,1.4315623045
28200,1.34330236912
28201,1.33966672421
28202,1.27519762516
28203,1.44740366936
28204,1.28248369694
28205,1.32052993774
28206,1.39071178436
28207,1.29930758476
28208,1.36992871761
28209,1.36811411381
28210,1.32459402084
28211,1.39683330059
28212,1.41760265827
28213,1.37980628014
28214,1.39843451977
28215,1.45603573322
28216,1.36070299149
28217,1.29807829857
28218,1.2899106741
28219,1.27095234394
28220,1.44380939007
28221,1.26021945477
28222,1.39638316631
28223,1.39703536034
28224,1.37850606441
28225,1.30138194561
28226,1.38210976124
28227,1.56707346439
28228,1.40085983276
28229,1.37245619297
28230,1.30099236965
28231,1.35651111603
28232,1.33229625225
28233,1.39723050594
28234,1.41882705688
28235,1.29568064213
28236,1.48819613457
28237,1.48844397068
28238,1.38171827793
28239,1.31811320782
28240,1.27909958363
28241,1.37941133976
28242,1.44403982162
28243,1.35994243622
28244,1.35353255272
28245,1.40698349476
28246,1.4248790741
28247,1.34433031082
28248,1.48297047615
28249,1.41514992714
28250,1.31356346607
28251,1.3228969574
28252,1.35837125778
28253,1.42250645161
28254,1.33635258675
28255,1.45339143276
28256,1.30128502846
28257,1.36503577232
28258,1.48763263226
28259,1.34694373608
28260,1.40005147457
28261,1.30394530296
28262,1.35503864288
28263,1.28898799419
28264,1.31246268749
28265,1.46331441402
28266,1.4568529129
28267,1.40160095692
28268,1.33914959431
28269,1.3050763607
28270,1.49572992325
28271,1.37065351009
28272,1.29201984406
28273,1.34940004349
28274,1.41154098511
28275,1.35457074642
28276,1.34057080746
28277,1.35324907303
28278,1.32732522488
28279,1.29739761353
28280,1.36990487576
28281,1.34918510914
28282,1.33488667011
28283,1.33083951473
28284,1.37398946285
28285,1.37759184837
28286,1.32477033138
28287,1.37266755104
28288,1.4142357111
28289,1.35603606701
28290,1.33104407787
28291,1.41609716415
28292,1.30428266525
28293,1.37339282036
28294,1.40593576431
28295,1.52014696598
28296,1.32342350483
28297,1.38579261303
28298,1.3350468874
28299,1.44066607952
28300,1.33205354214
28301,1.3519359827
28302,1.40510177612
28303,1.23300492764
28304,1.32864582539
28305,1.49845004082
28306,1.52574372292
28307,1.28415751457
28308,1.26626014709
28309,1.29955840111
28310,1.39966273308
28311,1.49303388596
28312,1.38779640198
28313,1.53775238991
28314,1.30584847927
28315,1.33523535728
28316,1.33094251156
28317,1.25237011909
28318,1.36231994629
28319,1.41029083729
28320,1.36023187637
28321,1.44980633259
28322,1.44968247414
28323,1.41641891003
28324,1.44148015976
28325,1.41599106789
28326,1.34559750557
28327,1.28178262711
28328,1.35536646843
28329,1.4139251709
28330,1.32873868942
28331,1.37180423737
28332,1.37018120289
28333,1.31745064259
28334,1.42971313
28335,1.29089796543
28336,1.43377697468
28337,1.48121142387
28338,1.44906449318
28339,1.38172280788
28340,1.30834841728
28341,1.40251350403
28342,1.35662698746
28343,1.47504866123
28344,1.48559391499
28345,1.36359763145
28346,1.41764593124
28347,1.36906516552
28348,1.39353942871
28349,1.39176118374
28350,1.33033275604
28351,1.43294370174
28352,1.38705635071
28353,1.4089140892
28354,1.34710752964
28355,1.38382637501
28356,1.49334836006
28357,1.38267052174
28358,1.57167565823
28359,1.51053154469
28360,1.46263897419
28361,1.4055211544
28362,1.50247645378
28363,1.37208509445
28364,1.38986313343
28365,1.40083515644
28366,1.34729230404
28367,1.38715529442
28368,1.44276714325
28369,1.27101004124
28370,1.35880386829
28371,1.39418792725
28372,1.34957873821
28373,1.36010813713
28374,1.45839011669
28375,1.32937979698
28376,1.33804249763
28377,1.24654221535
28378,1.45971524715
28379,1.33982717991
28380,1.40063822269
28381,1.38653409481
28382,1.364564538
28383,1.32142138481
28384,1.32043361664
28385,1.34827899933
28386,1.32134306431
28387,1.37085580826
28388,1.35151076317
28389,1.39199268818
28390,1.38780450821
28391,1.33450424671
28392,1.42418670654
28393,1.44661271572
28394,1.33705627918
28395,1.36134529114
28396,1.40522778034
28397,1.41474378109
28398,1.37166619301
28399,1.43974912167
28400,1.39860188961
28401,1.40604317188
28402,1.37211155891
28403,1.34421825409
28404,1.31881332397
28405,1.38914203644
28406,1.41080975533
28407,1.31978678703
28408,1.28599512577
28409,1.37207746506
28410,1.32726275921
28411,1.38947474957
28412,1.33289599419
28413,1.39933288097
28414,1.51608729362
28415,1.4370456934
28416,1.40821027756
28417,1.37751638889
28418,1.39435625076
28419,1.29052650928
28420,1.40862345695
28421,1.4515812397
28422,1.34666669369
28423,1.43028783798
28424,1.32219839096
28425,1.43985319138
28426,1.44105815887
28427,1.41294121742
28428,1.24080181122
28429,1.33806288242
28430,1.35491335392
28431,1.27322328091
28432,1.3382641077
28433,1.39956355095
28434,1.46100258827
28435,1.47895181179
28436,1.32848250866
28437,1.48033118248
28438,1.24019670486
28439,1.42361450195
28440,1.41313874722
28441,1.298620224
28442,1.42830502987
28443,1.41548848152
28444,1.38636136055
28445,1.42075145245
28446,1.31603074074
28447,1.24566817284
28448,1.29592859745
28449,1.40975522995
28450,1.27117085457
28451,1.35475432873
28452,1.43432283401
28453,1.4721558094
28454,1.35168111324
28455,1.35296869278
28456,1.38107275963
28457,1.4386138916
28458,1.39911353588
28459,1.39557123184
28460,1.40632629395
28461,1.45451557636
28462,1.2684057951
28463,1.31702125072
28464,1.33548355103
28465,1.36569106579
28466,1.44617378712
28467,1.40117514133
28468,1.40600013733
28469,1.54485881329
28470,1.62119042873
28471,1.45551753044
28472,1.43629026413
28473,1.40788221359
28474,1.34900271893
28475,1.42906785011
28476,1.40641260147
28477,1.27874910831
28478,1.35989403725
28479,1.32118654251
28480,1.40104341507
28481,1.34322595596
28482,1.30990207195
28483,1.38737142086
28484,1.45370006561
28485,1.37960624695
28486,1.21521496773
28487,1.27125120163
28488,1.28923010826
28489,1.26982903481
28490,1.37677919865
28491,1.39333176613
28492,1.33955788612
28493,1.33208155632
28494,1.35002720356
28495,1.323808074
28496,1.38188099861
28497,1.46752333641
28498,1.35787785053
28499,1.43716979027
28500,1.35120713711
28501,1.33399009705
28502,1.33126747608
28503,1.37343502045
28504,1.34787690639
28505,1.33337378502
28506,1.38291013241
28507,1.33653581142
28508,1.35185170174
28509,1.41285288334
28510,1.35943806171
28511,1.37305057049
28512,1.36794888973
28513,1.33650398254
28514,1.50634479523
28515,1.37016296387
28516,1.2658110857
28517,1.26490747929
28518,1.36141824722
28519,1.38590967655
28520,1.36127758026
28521,1.30132567883
28522,1.27749252319
28523,1.41788899899
28524,1.40489387512
28525,1.39951145649
28526,1.32996487617
28527,1.36586177349
28528,1.3577953577
28529,1.48549938202
28530,1.5191245079
28531,1.40238702297
28532,1.34042179585
28533,1.35104036331
28534,1.35738539696
28535,1.3566300869
28536,1.36220896244
28537,1.24991571903
28538,1.37987780571
28539,1.38679540157
28540,1.35926485062
28541,1.3046630621
28542,1.29157173634
28543,1.34944367409
28544,1.46409213543
28545,1.42889642715
28546,1.34134614468
28547,1.39086210728
28548,1.45197331905
28549,1.33100247383
28550,1.3687967062
28551,1.27314805984
28552,1.42152714729
28553,1.33764600754
28554,1.36175835133
28555,1.3809235096
28556,1.24337780476
28557,1.41690075397
28558,1.40324771404
28559,1.3460059166
28560,1.36065936089
28561,1.48365008831
28562,1.39862143993
28563,1.45697593689
28564,1.31777906418
28565,1.34375596046
28566,1.29019141197
28567,1.34225940704
28568,1.28205370903
28569,1.36136639118
28570,1.54603600502
28571,1.24183595181
28572,1.34306514263
28573,1.43049144745
28574,1.27566480637
28575,1.35424983501
28576,1.41727411747
28577,1.321423769
28578,1.52226042747
28579,1.42097640038
28580,1.33418989182
28581,1.28659009933
28582,1.36898386478
28583,1.44896709919
28584,1.31170880795
28585,1.36927998066
28586,1.36986279488
28587,1.23336851597
28588,1.32653975487
28589,1.38502895832
28590,1.41266512871
28591,1.40641880035
28592,1.48184072971
28593,1.44594073296
28594,1.35759949684
28595,1.44192516804
28596,1.41173410416
28597,1.44466626644
28598,1.30682194233
28599,1.31359875202
28600,1.28074216843
28601,1.3547283411
28602,1.33602404594
28603,1.36751902103
28604,1.34074020386
28605,1.31854522228
28606,1.25210642815
28607,1.34978199005
28608,1.39054620266
28609,1.25873935223
28610,1.39943218231
28611,1.47705292702
28612,1.3792539835
28613,1.53809118271
28614,1.3827906847
28615,1.35675406456
28616,1.43741977215
28617,1.37817776203
28618,1.48969137669
28619,1.28684294224
28620,1.30027782917
28621,1.32015430927
28622,1.33812141418
28623,1.49068343639
28624,1.25513660908
28625,1.38066673279
28626,1.30811607838
28627,1.51386415958
28628,1.3580520153
28629,1.35827875137
28630,1.37543129921
28631,1.4741563797
28632,1.42735624313
28633,1.33298659325
28634,1.25853741169
28635,1.3336366415
28636,1.37845396996
28637,1.41962087154
28638,1.41133546829
28639,1.39439976215
28640,1.30518841743
28641,1.48476743698
28642,1.26061463356
28643,1.45215284824
28644,1.32790660858
28645,1.37374889851
28646,1.32805049419
28647,1.39957046509
28648,1.37207353115
28649,1.51151621342
28650,1.3048504591
28651,1.43524169922
28652,1.27460336685
28653,1.36644148827
28654,1.4249073267
28655,1.37757205963
28656,1.20342350006
28657,1.40803980827
28658,1.44762921333
28659,1.36750364304
28660,1.38746261597
28661,1.34173631668
28662,1.2969802618
28663,1.43619012833
28664,1.32631123066
28665,1.33679807186
28666,1.37831175327
28667,1.38764584064
28668,1.44959688187
28669,1.40951490402
28670,1.30244064331
28671,1.42923641205
28672,1.33253359795
28673,1.29830884933
28674,1.38184332848
28675,1.44972491264
28676,1.27641201019
28677,1.49725341797
28678,1.35117459297
28679,1.39917171001
28680,1.29781413078
28681,1.41509318352
28682,1.23252618313
28683,1.42430925369
28684,1.29342329502
28685,1.39188599586
28686,1.39601314068
28687,1.29572033882
28688,1.4037938118
28689,1.39320969582
28690,1.37833821774
28691,1.4444038868
28692,1.35352623463
28693,1.30788588524
28694,1.29675388336
28695,1.3951843977
28696,1.27520334721
28697,1.26776301861
28698,1.3759483099
28699,1.40468168259
28700,1.51540184021
28701,1.45568871498
28702,1.39119565487
28703,1.23172724247
28704,1.38058876991
28705,1.33994185925
28706,1.48760735989
28707,1.48159408569
28708,1.35436725616
28709,1.39472317696
28710,1.27631008625
28711,1.26892828941
28712,1.4223035574
28713,1.43179535866
28714,1.3262373209
28715,1.41331112385
28716,1.44703626633
28717,1.24935376644
28718,1.3702454567
28719,1.36966693401
28720,1.40543675423
28721,1.43754291534
28722,1.43632936478
28723,1.36477088928
28724,1.28790736198
28725,1.44641065598
28726,1.43104743958
28727,1.23338484764
28728,1.29932177067
28729,1.40340471268
28730,1.38101947308
28731,1.36727643013
28732,1.37092590332
28733,1.31233465672
28734,1.41368818283
28735,1.47265601158
28736,1.31524181366
28737,1.48406851292
28738,1.32290136814
28739,1.39771401882
28740,1.32965445518
28741,1.45354151726
28742,1.3621083498
28743,1.35657632351
28744,1.31066548824
28745,1.34125041962
28746,1.43354105949
28747,1.48549854755
28748,1.42413747311
28749,1.40920138359
28750,1.34605121613
28751,1.33968114853
28752,1.33001720905
28753,1.5998339653
28754,1.26883459091
28755,1.32212650776
28756,1.28041172028
28757,1.31983089447
28758,1.41763699055
28759,1.38794124126
28760,1.35568320751
28761,1.47602045536
28762,1.29473686218
28763,1.34900665283
28764,1.36418557167
28765,1.37465190887
28766,1.37213754654
28767,1.39067077637
28768,1.40158367157
28769,1.35016894341
28770,1.39674544334
28771,1.31512749195
28772,1.41244494915
28773,1.37299454212
28774,1.42664957047
28775,1.45150446892
28776,1.40130829811
28777,1.41564822197
28778,1.38137745857
28779,1.38070821762
28780,1.39650118351
28781,1.44222593307
28782,1.37849855423
28783,1.30404555798
28784,1.25161218643
28785,1.40176105499
28786,1.27206242085
28787,1.3710167408
28788,1.32629716396
28789,1.24208343029
28790,1.43506252766
28791,1.37520468235
28792,1.41538321972
28793,1.39985442162
28794,1.26337993145
28795,1.40011394024
28796,1.40877604485
28797,1.3434690237
28798,1.31859481335
28799,1.4445104599
28800,1.37860572338
28801,1.53691411018
28802,1.41762387753
28803,1.33275067806
28804,1.37501180172
28805,1.41344952583
28806,1.31976318359
28807,1.36723828316
28808,1.34217977524
28809,1.27317488194
28810,1.45780038834
28811,1.35220742226
28812,1.58437943459
28813,1.31423842907
28814,1.34958159924
28815,1.36802446842
28816,1.28258526325
28817,1.40536212921
28818,1.32953214645
28819,1.43729460239
28820,1.40736532211
28821,1.24215054512
28822,1.23085200787
28823,1.30787718296
28824,1.40574657917
28825,1.36444163322
28826,1.4252384901
28827,1.34140145779
28828,1.34689331055
28829,1.35685062408
28830,1.33847498894
28831,1.46590542793
28832,1.30454313755
28833,1.27086234093
28834,1.36616706848
28835,1.28326368332
28836,1.37238478661
28837,1.52640891075
28838,1.40532767773
28839,1.40512275696
28840,1.35570752621
28841,1.4543864727
28842,1.33561170101
28843,1.40980947018
28844,1.40883719921
28845,1.35916769505
28846,1.31320762634
28847,1.30207204819
28848,1.35851180553
28849,1.58917438984
28850,1.45885026455
28851,1.34270584583
28852,1.28550982475
28853,1.38591170311
28854,1.24437713623
28855,1.37479281425
28856,1.39800870419
28857,1.39999318123
28858,1.36210739613
28859,1.24563837051
28860,1.41375398636
28861,1.27430152893
28862,1.37719023228
28863,1.35972607136
28864,1.35478770733
28865,1.2750647068
28866,1.46377658844
28867,1.34173357487
28868,1.40412330627
28869,1.42522251606
28870,1.35197472572
28871,1.51185011864
28872,1.36553359032
28873,1.45302975178
28874,1.4862357378
28875,1.42847180367
28876,1.43587946892
28877,1.31119894981
28878,1.33926153183
28879,1.5160690546
28880,1.32065045834
28881,1.46801781654
28882,1.41971158981
28883,1.30465579033
28884,1.35762071609
28885,1.29563820362
28886,1.33417499065
28887,1.37968182564
28888,1.37666094303
28889,1.44879114628
28890,1.37376010418
28891,1.27110147476
28892,1.44500362873
28893,1.2635705471
28894,1.34270250797
28895,1.35575568676
28896,1.46528685093
28897,1.48886525631
28898,1.38939011097
28899,1.40004777908
28900,1.40643537045
28901,1.40878224373
28902,1.33559370041
28903,1.32946538925
28904,1.3437615633
28905,1.27644264698
28906,1.42033398151
28907,1.35231173038
28908,1.36391532421
28909,1.44462347031
28910,1.36681413651
28911,1.39372885227
28912,1.32437539101
28913,1.37147128582
28914,1.48098993301
28915,1.47891318798
28916,1.47929215431
28917,1.40744149685
28918,1.41046011448
28919,1.26375794411
28920,1.38632178307
28921,1.25402987003
28922,1.41923248768
28923,1.43008840084
28924,1.34637951851
28925,1.43312096596
28926,1.43158841133
28927,1.31400942802
28928,1.30887424946
28929,1.32951843739
28930,1.41333723068
28931,1.48742830753
28932,1.46084833145
28933,1.50321352482
28934,1.30891406536
28935,1.3198672533
28936,1.36870038509
28937,1.30861341953
28938,1.41363549232
28939,1.37821805477
28940,1.31040096283
28941,1.40697348118
28942,1.35443484783
28943,1.34501898289
28944,1.39942038059
28945,1.33612835407
28946,1.39985215664
28947,1.35179412365
28948,1.41432023048
28949,1.35942876339
28950,1.33609640598
28951,1.31306517124
28952,1.47650849819
28953,1.37799823284
28954,1.34931087494
28955,1.38953971863
28956,1.33779370785
28957,1.39696609974
28958,1.4335334301
28959,1.38842713833
28960,1.37185931206
28961,1.3910330534
28962,1.37347745895
28963,1.38310468197
28964,1.2729537487
28965,1.3151396513
28966,1.39746296406
28967,1.37102425098
28968,1.37130212784
28969,1.30468273163
28970,1.48370146751
28971,1.41596567631
28972,1.39223194122
28973,1.46971523762
28974,1.42714464664
28975,1.36649906635
28976,1.3604580164
28977,1.30240249634
28978,1.18044137955
28979,1.36560320854
28980,1.45111227036
28981,1.49082803726
28982,1.51769959927
28983,1.35393130779
28984,1.44386386871
28985,1.31833851337
28986,1.2621512413
28987,1.35233366489
28988,1.43165481091
28989,1.51764798164
28990,1.45440423489
28991,1.37674510479
28992,1.35199284554
28993,1.25017797947
28994,1.35377109051
28995,1.35280072689
28996,1.36053037643
28997,1.27731263638
28998,1.3887834549
28999,1.2708170414
29000,1.39762985706
29001,1.39316821098
29002,1.37838971615
29003,1.36096858978
29004,1.36935579777
29005,1.48855352402
29006,1.3899897337
29007,1.35607659817
29008,1.51586127281
29009,1.26583766937
29010,1.40179395676
29011,1.44794380665
29012,1.40837991238
29013,1.40551745892
29014,1.39771568775
29015,1.3365727663
29016,1.36416447163
29017,1.43311297894
29018,1.36458611488
29019,1.33061945438
29020,1.52533364296
29021,1.41666543484
29022,1.40658807755
29023,1.41026723385
29024,1.30000460148
29025,1.47518253326
29026,1.36018192768
29027,1.34449625015
29028,1.45733320713
29029,1.30016064644
29030,1.39713585377
29031,1.45832824707
29032,1.28213655949
29033,1.36129820347
29034,1.27572023869
29035,1.35258662701
29036,1.43347203732
29037,1.38659310341
29038,1.37896096706
29039,1.44739282131
29040,1.29812192917
29041,1.40184748173
29042,1.39328110218
29043,1.40128970146
29044,1.34184288979
29045,1.35818266869
29046,1.37031424046
29047,1.33954894543
29048,1.32504844666
29049,1.32164859772
29050,1.28204870224
29051,1.33247244358
29052,1.30789840221
29053,1.47523379326
29054,1.46522080898
29055,1.33278143406
29056,1.38586544991
29057,1.33339190483
29058,1.32128000259
29059,1.39560472965
29060,1.46024036407
29061,1.44601464272
29062,1.28467059135
29063,1.44286751747
29064,1.44340825081
29065,1.26989161968
29066,1.34305512905
29067,1.28514266014
29068,1.34668588638
29069,1.31756126881
29070,1.44233417511
29071,1.36475348473
29072,1.30707788467
29073,1.46253156662
29074,1.45031380653
29075,1.41132497787
29076,1.36759114265
29077,1.43983232975
29078,1.39376699924
29079,1.41853237152
29080,1.36859428883
29081,1.36731159687
29082,1.31480979919
29083,1.3200417757
29084,1.41122674942
29085,1.49410045147
29086,1.28738617897
29087,1.34253621101
29088,1.37578785419
29089,1.33069860935
29090,1.3349275589
29091,1.41942584515
29092,1.36549377441
29093,1.29367792606
29094,1.47894132137
29095,1.47049069405
29096,1.3664522171
29097,1.38031506538
29098,1.44861936569
29099,1.41489803791
29100,1.32549929619
29101,1.40266811848
29102,1.34381878376
29103,1.34306049347
29104,1.41251552105
29105,1.49543571472
29106,1.4265512228
29107,1.34517025948
29108,1.39175963402
29109,1.46134233475
29110,1.34059417248
29111,1.3733600378
29112,1.38555395603
29113,1.26649522781
29114,1.35816502571
29115,1.45435500145
29116,1.42925214767
29117,1.43580174446
29118,1.27603697777
29119,1.38317942619
29120,1.42838943005
29121,1.38492023945
29122,1.34932768345
29123,1.44185256958
29124,1.40581953526
29125,1.29247045517
29126,1.45596539974
29127,1.38688790798
29128,1.39992511272
29129,1.34978199005
29130,1.41842544079
29131,1.40922796726
29132,1.35363256931
29133,1.37114870548
29134,1.46129107475
29135,1.27271676064
29136,1.45433855057
29137,1.32429361343
29138,1.3484607935
29139,1.32386112213
29140,1.43764698505
29141,1.37008631229
29142,1.35647392273
29143,1.45391619205
29144,1.37120139599
29145,1.36644351482
29146,1.32445859909
29147,1.38924622536
29148,1.33805596828
29149,1.38794696331
29150,1.34677994251
29151,1.34146559238
29152,1.44053041935
29153,1.32938575745
29154,1.3694999218
29155,1.31794643402
29156,1.49083924294
29157,1.31510484219
29158,1.37166762352
29159,1.32480025291
29160,1.31896078587
29161,1.41428637505
29162,1.40967381001
29163,1.3557305336
29164,1.37203907967
29165,1.33224344254
29166,1.63458275795
29167,1.4229773283
29168,1.40463399887
29169,1.30663895607
29170,1.32932794094
29171,1.40275502205
29172,1.26340103149
29173,1.42748439312
29174,1.40378081799
29175,1.38200461864
29176,1.36906516552
29177,1.36565303802
29178,1.37435615063
29179,1.31558382511
29180,1.30278515816
29181,1.33483970165
29182,1.45864903927
29183,1.36601018906
29184,1.29866361618
29185,1.32655608654
29186,1.4299134016
29187,1.35744404793
29188,1.39358401299
29189,1.33206701279
29190,1.42896711826
29191,1.3836735487
29192,1.36249363422
29193,1.35292387009
29194,1.37540364265
29195,1.45535719395
29196,1.45775258541
29197,1.4193854332
29198,1.40112376213
29199,1.42988324165
29200,1.3912832737
29201,1.37680923939
29202,1.37235474586
29203,1.34369254112
29204,1.55983364582
29205,1.35792338848
29206,1.38924372196
29207,1.35215270519
29208,1.34224975109
29209,1.37857306004
29210,1.4017008543
29211,1.34134495258
29212,1.38889908791
29213,1.34632623196
29214,1.39488935471
29215,1.34106481075
29216,1.39769208431
29217,1.39201641083
29218,1.34806752205
29219,1.34940826893
29220,1.45180141926
29221,1.37148332596
29222,1.46321356297
29223,1.41991746426
29224,1.41530835629
29225,1.4236754179
29226,1.34664964676
29227,1.42234706879
29228,1.56847858429
29229,1.29114890099
29230,1.26306378841
29231,1.38441598415
29232,1.38672626019
29233,1.464879632
29234,1.26494801044
29235,1.31948876381
29236,1.38611018658
29237,1.43276715279
29238,1.46483850479
29239,1.30762386322
29240,1.43589639664
29241,1.38658094406
29242,1.48774671555
29243,1.2864061594
29244,1.35323095322
29245,1.36431396008
29246,1.43473052979
29247,1.31280696392
29248,1.34744977951
29249,1.3177986145
29250,1.42897689342
29251,1.42032623291
29252,1.3679895401
29253,1.37663519382
29254,1.2933576107
29255,1.42397034168
29256,1.39910078049
29257,1.30603528023
29258,1.34463953972
29259,1.37531673908
29260,1.40340006351
29261,1.45150303841
29262,1.31470417976
29263,1.32707357407
29264,1.41055727005
29265,1.51766300201
29266,1.35356724262
29267,1.43668591976
29268,1.46457350254
29269,1.24165713787
29270,1.34137451649
29271,1.38704609871
29272,1.38393616676
29273,1.32052242756
29274,1.18600177765
29275,1.49538910389
29276,1.31574165821
29277,1.52372765541
29278,1.42521548271
29279,1.36555361748
29280,1.30183434486
29281,1.40879499912
29282,1.35352325439
29283,1.29892468452
29284,1.32457566261
29285,1.35099136829
29286,1.41065490246
29287,1.26203942299
29288,1.39409518242
29289,1.24437057972
29290,1.27327096462
29291,1.32307732105
29292,1.38809120655
29293,1.36320281029
29294,1.39714181423
29295,1.44834601879
29296,1.51623535156
29297,1.33976888657
29298,1.38009536266
29299,1.42414057255
29300,1.46563184261
29301,1.39994049072
29302,1.34261345863
29303,1.46041047573
29304,1.29239070415
29305,1.32988464832
29306,1.27821815014
29307,1.3735383749
29308,1.39886701107
29309,1.36950600147
29310,1.37602972984
29311,1.46866202354
29312,1.40240287781
29313,1.34897637367
29314,1.21449804306
29315,1.27483105659
29316,1.32618582249
29317,1.46666884422
29318,1.36962294579
29319,1.35659706593
29320,1.45879566669
29321,1.39615261555
29322,1.42964792252
29323,1.37014901638
29324,1.46352338791
29325,1.33874893188
29326,1.29996395111
29327,1.3462921381
29328,1.44134151936
29329,1.29637384415
29330,1.49012088776
29331,1.43448448181
29332,1.36373794079
29333,1.39521980286
29334,1.4051015377
29335,1.40349900723
29336,1.41951978207
29337,1.32727634907
29338,1.3690072298
29339,1.31989634037
29340,1.45453131199
29341,1.45960867405
29342,1.39137709141
29343,1.39002943039
29344,1.281660676
29345,1.38775706291
29346,1.31587481499
29347,1.36153912544
29348,1.49660778046
29349,1.33933782578
29350,1.36508965492
29351,1.39522898197
29352,1.34507369995
29353,1.38944065571
29354,1.43264424801
29355,1.42694509029
29356,1.4369738102
29357,1.39184439182
29358,1.34063184261
29359,1.42923605442
29360,1.43835711479
29361,1.37523603439
29362,1.28114199638
29363,1.38538384438
29364,1.35907876492
29365,1.3414555788
29366,1.45551979542
29367,1.33432066441
29368,1.32519555092
29369,1.46125936508
29370,1.4387434721
29371,1.32458019257
29372,1.440538764
29373,1.34368431568
29374,1.3648635149
29375,1.38710713387
29376,1.35275101662
29377,1.6105992794
29378,1.39242613316
29379,1.39267158508
29380,1.43093264103
29381,1.36883592606
29382,1.54050076008
29383,1.37129449844
29384,1.42711257935
29385,1.37689161301
29386,1.41645956039
29387,1.53209543228
29388,1.30883944035
29389,1.37434315681
29390,1.36127376556
29391,1.25069200993
29392,1.31337404251
29393,1.33652496338
29394,1.42628359795
29395,1.30242490768
29396,1.35551857948
29397,1.45539736748
29398,1.40146362782
29399,1.46663296223
29400,1.25794827938
29401,1.38934087753
29402,1.47537064552
29403,1.39755272865
29404,1.30166316032
29405,1.39933598042
29406,1.33814179897
29407,1.3869150877
29408,1.29942417145
29409,1.40836846828
29410,1.37981581688
29411,1.39041221142
29412,1.34097230434
29413,1.33470523357
29414,1.3761818409
29415,1.39566671848
29416,1.37287402153
29417,1.30141294003
29418,1.37736105919
29419,1.36136031151
29420,1.468988657
29421,1.38543331623
29422,1.33500361443
29423,1.4248085022
29424,1.41042554379
29425,1.40508306026
29426,1.42065095901
29427,1.37520611286
29428,1.44874942303
29429,1.33771252632
29430,1.24121129513
29431,1.3993512392
29432,1.36128652096
29433,1.43872916698
29434,1.44997000694
29435,1.46276688576
29436,1.4805893898
29437,1.29539501667
29438,1.33968901634
29439,1.46756064892
29440,1.46546888351
29441,1.31930029392
29442,1.36449027061
29443,1.29516232014
29444,1.24253201485
29445,1.45943844318
29446,1.41245162487
29447,1.37898182869
29448,1.27373552322
29449,1.35504448414
29450,1.43914878368
29451,1.49130535126
29452,1.41781401634
29453,1.36858534813
29454,1.43638432026
29455,1.37847495079
29456,1.47106993198
29457,1.32333362103
29458,1.28371560574
29459,1.32638883591
29460,1.50868582726
29461,1.35618185997
29462,1.34299588203
29463,1.4126008749
29464,1.40951430798
29465,1.44121813774
29466,1.35526847839
29467,1.34778928757
29468,1.4503442049
29469,1.4638825655
29470,1.35901546478
29471,1.35461366177
29472,1.35928440094
29473,1.42476689816
29474,1.50292026997
29475,1.3463408947
29476,1.22882008553
29477,1.39453184605
29478,1.47251784801
29479,1.46321308613
29480,1.20935571194
29481,1.48710691929
29482,1.26525521278
29483,1.36066162586
29484,1.45225858688
29485,1.3980461359
29486,1.42717921734
29487,1.41926920414
29488,1.43453204632
29489,1.32100844383
29490,1.35700500011
29491,1.49073195457
29492,1.35613429546
29493,1.38684880733
29494,1.55658400059
29495,1.33431100845
29496,1.4692838192
29497,1.45243489742
29498,1.34491157532
29499,1.27502143383
29500,1.39984512329
29501,1.32452225685
29502,1.48709905148
29503,1.48250365257
29504,1.44552695751
29505,1.42063736916
29506,1.52475821972
29507,1.35476315022
29508,1.43776643276
29509,1.36294078827
29510,1.33863651752
29511,1.4194663763
29512,1.42585253716
29513,1.41474926472
29514,1.37753927708
29515,1.58152472973
29516,1.53901028633
29517,1.33536481857
29518,1.35132455826
29519,1.36554408073
29520,1.33349573612
29521,1.31813621521
29522,1.40504622459
29523,1.40281653404
29524,1.42668247223
29525,1.33455240726
29526,1.42786502838
29527,1.33329427242
29528,1.34512102604
29529,1.31523501873
29530,1.32800018787
29531,1.30008172989
29532,1.36869454384
29533,1.28977537155
29534,1.39590597153
29535,1.47576200962
29536,1.42428255081
29537,1.28606295586
29538,1.35374891758
29539,1.53921699524
29540,1.45285344124
29541,1.30193543434
29542,1.41829657555
29543,1.36179292202
29544,1.51271319389
29545,1.34729230404
29546,1.32527542114
29547,1.41862273216
29548,1.33365905285
29549,1.25002622604
29550,1.36495554447
29551,1.43363273144
29552,1.3410859108
29553,1.36981666088
29554,1.5022149086
29555,1.46546530724
29556,1.42966878414
29557,1.48821401596
29558,1.44639098644
29559,1.3398629427
29560,1.36932396889
29561,1.35793781281
29562,1.43619787693
29563,1.3523658514
29564,1.35805904865
29565,1.4698921442
29566,1.3107945919
29567,1.49311172962
29568,1.30664229393
29569,1.422047019
29570,1.4016097784
29571,1.44452488422
29572,1.41835010052
29573,1.31701624393
29574,1.56224572659
29575,1.38613891602
29576,1.34579861164
29577,1.3959941864
29578,1.31417226791
29579,1.38297820091
29580,1.41787219048
29581,1.37883484364
29582,1.32670080662
29583,1.23741137981
29584,1.31729996204
29585,1.32073247433
29586,1.43360459805
29587,1.44986045361
29588,1.43737185001
29589,1.4631177187
29590,1.31262409687
29591,1.44088160992
29592,1.33037018776
29593,1.38524603844
29594,1.38784837723
29595,1.46102809906
29596,1.35326814651
29597,1.31421029568
29598,1.27878463268
29599,1.40788400173
29600,1.46360695362
29601,1.39980006218
29602,1.42013919353
29603,1.46653163433
29604,1.34264147282
29605,1.36593019962
29606,1.4029084444
29607,1.30232203007
29608,1.48074138165
29609,1.38721632957
29610,1.40448307991
29611,1.34031295776
29612,1.51376628876
29613,1.30188286304
29614,1.34101176262
29615,1.3461689949
29616,1.37734293938
29617,1.266731143
29618,1.45381784439
29619,1.33825039864
29620,1.42600953579
29621,1.35990655422
29622,1.42328619957
29623,1.3532936573
29624,1.44812750816
29625,1.27995955944
29626,1.29769027233
29627,1.28586745262
29628,1.29470789433
29629,1.39034950733
29630,1.38359546661
29631,1.32824909687
29632,1.29678022861
29633,1.26753926277
29634,1.35508608818
29635,1.47842001915
29636,1.29650390148
29637,1.43191730976
29638,1.34173762798
29639,1.29187047482
29640,1.3220294714
29641,1.41025710106
29642,1.36605501175
29643,1.38351762295
29644,1.23944830894
29645,1.39298915863
29646,1.40456211567
29647,1.32776594162
29648,1.26754868031
29649,1.36990082264
29650,1.32546699047
29651,1.32583892345
29652,1.33914530277
29653,1.46512198448
29654,1.37294566631
29655,1.31333601475
29656,1.31081044674
29657,1.31635975838
29658,1.31487953663
29659,1.34032595158
29660,1.24122083187
29661,1.34808337688
29662,1.37532424927
29663,1.40684306622
29664,1.43637681007
29665,1.44764173031
29666,1.4446978569
29667,1.30632436275
29668,1.34253716469
29669,1.33868658543
29670,1.32030665874
29671,1.37310993671
29672,1.38407087326
29673,1.45298624039
29674,1.3433586359
29675,1.24633944035
29676,1.39957273006
29677,1.33126270771
29678,1.24658370018
29679,1.33479166031
29680,1.48654663563
29681,1.28047418594
29682,1.46682953835
29683,1.45941960812
29684,1.3071116209
29685,1.34166717529
29686,1.49742269516
29687,1.32447290421
29688,1.45387613773
29689,1.4338837862
29690,1.40900504589
29691,1.37251746655
29692,1.43250107765
29693,1.32711172104
29694,1.41238379478
29695,1.45821142197
29696,1.37604665756
29697,2.64160037041
29698,1.58384513855
29699,1.52596592903
29700,1.51087009907
29701,1.43829751015
29702,1.37500917912
29703,1.22810089588
29704,1.27359926701
29705,1.35313022137
29706,1.44284510612
29707,1.37974786758
29708,1.38439071178
29709,1.32150256634
29710,1.29796636105
29711,1.29079341888
29712,1.32922112942
29713,1.55836594105
29714,1.48342442513
29715,1.45911920071
29716,1.30611860752
29717,1.33928859234
29718,1.30291795731
29719,1.55066096783
29720,1.38246560097
29721,1.34555983543
29722,1.36612534523
29723,1.3858474493
29724,1.39910268784
29725,1.41328430176
29726,1.35603010654
29727,1.47454190254
29728,1.35067558289
29729,1.36424612999
29730,1.33643043041
29731,1.27874779701
29732,1.40389621258
29733,1.34949469566
29734,1.35142171383
29735,1.40332782269
29736,1.48085105419
29737,1.39307403564
29738,1.34498286247
29739,1.4427665472
29740,1.36619985104
29741,1.40931689739
29742,1.30322551727
29743,1.43702888489
29744,1.36596143246
29745,1.34710836411
29746,1.31271088123
29747,1.26467049122
29748,1.37537336349
29749,1.34072458744
29750,1.29180026054
29751,1.27581644058
29752,1.3321120739
29753,1.33117830753
29754,1.42882370949
29755,1.35471606255
29756,1.37019574642
29757,1.45189213753
29758,1.25917649269
29759,1.40014123917
29760,1.29590880871
29761,1.33628582954
29762,1.37376403809
29763,1.31354546547
29764,1.40863418579
29765,1.35608005524
29766,1.44276440144
29767,1.47228395939
29768,1.34696733952
29769,1.40885019302
29770,1.36866760254
29771,1.30143404007
29772,1.32119178772
29773,1.3374414444
29774,1.29862725735
29775,1.42194581032
29776,1.31695449352
29777,1.27696657181
29778,1.32080972195
29779,1.4939289093
29780,1.36961257458
29781,1.40562450886
29782,1.25973939896
29783,1.48594248295
29784,1.3568469286
29785,1.32041096687
29786,1.37164366245
29787,1.37146627903
29788,1.21974515915
29789,1.48219406605
29790,1.25836658478
29791,1.3755376339
29792,1.39483678341
29793,1.38301587105
29794,1.34071576595
29795,1.31741511822
29796,1.40698611736
29797,1.51945650578
29798,1.37009847164
29799,1.40131771564
29800,1.29448306561
29801,1.29738008976
29802,1.23963868618
29803,1.38580799103
29804,1.39822542667
29805,1.41529619694
29806,1.29174637794
29807,1.35448884964
29808,1.2749569416
29809,1.38543641567
29810,1.3021916151
29811,1.41033899784
29812,1.3030230999
29813,1.37742197514
29814,1.32603955269
29815,1.32889723778
29816,1.46407055855
29817,1.52327609062
29818,1.39099621773
29819,1.41051125526
29820,1.37168216705
29821,1.40492987633
29822,1.35879445076
29823,1.33893883228
29824,1.30431759357
29825,1.50027787685
29826,1.45655083656
29827,1.42345678806
29828,1.42064332962
29829,1.43139600754
29830,1.40928041935
29831,1.45427644253
29832,1.38320338726
29833,1.51093530655
29834,1.44542300701
29835,1.38351666927
29836,1.36160290241
29837,1.2949103117
29838,1.35152554512
29839,1.36564576626
29840,1.42259597778
29841,1.40101027489
29842,1.38375306129
29843,1.35441994667
29844,1.32510566711
29845,1.43711972237
29846,1.38814222813
29847,1.3286421299
29848,1.41194713116
29849,1.39828574657
29850,1.35126972198
29851,1.35831916332
29852,1.40301561356
29853,1.38494205475
29854,1.32898759842
29855,1.39485740662
29856,1.41852581501
29857,1.29888927937
29858,1.2934499979
29859,1.41117799282
29860,1.37180423737
29861,1.33281850815
29862,1.35921287537
29863,1.54926002026
29864,1.30211937428
29865,1.31024610996
29866,1.32391941547
29867,1.35699546337
29868,1.29523253441
29869,1.39833581448
29870,1.51051425934
29871,1.35912239552
29872,1.40628254414
29873,1.50415885448
29874,1.53793108463
29875,1.41322529316
29876,1.47060573101
29877,1.37391388416
29878,1.40393555164
29879,1.3981474638
29880,1.34140121937
29881,1.43889784813
29882,1.45111835003
29883,1.36247432232
29884,1.2893217802
29885,1.36463999748
29886,1.39659368992
29887,1.35092031956
29888,1.28933191299
29889,1.3450615406
29890,1.36001610756
29891,1.3317502737
29892,1.36636328697
29893,1.40622854233
29894,1.33308374882
29895,1.26522707939
29896,1.32005810738
29897,1.30825519562
29898,1.50015509129
29899,1.28035759926
29900,1.44068598747
29901,1.30596911907
29902,1.43476819992
29903,1.42863619328
29904,1.35000860691
29905,1.40729749203
29906,1.44778347015
29907,1.37048947811
29908,1.32553589344
29909,1.4131551981
29910,1.32988548279
29911,1.33382833004
29912,1.43878293037
29913,1.47770762444
29914,1.4069467783
29915,1.29811000824
29916,1.342628479
29917,1.35887992382
29918,1.37031769753
29919,1.36135101318
29920,1.44514107704
29921,1.39488315582
29922,1.36276400089
29923,1.34381687641
29924,1.49655771255
29925,1.42081725597
29926,1.28257966042
29927,1.50707125664
29928,1.40299749374
29929,1.33560919762
29930,1.4566975832
29931,1.40956556797
29932,1.36702823639
29933,1.44324350357
29934,1.35450732708
29935,1.31854069233
29936,1.43209350109
29937,1.46612977982
29938,1.46738064289
29939,1.34171319008
29940,1.29558968544
29941,1.48562252522
29942,1.2798371315
29943,1.41233217716
29944,1.44812047482
29945,1.31025993824
29946,1.43846058846
29947,1.37743914127
29948,1.39331424236
29949,1.28017652035
29950,1.32104659081
29951,1.43492412567
29952,1.35521245003
29953,1.42396628857
29954,1.39069497585
29955,1.54620945454
29956,1.42700517178
29957,1.5001168251
29958,1.33033692837
29959,1.38371872902
29960,1.43160355091
29961,1.32593238354
29962,1.46985852718
29963,1.31612443924
29964,1.30570292473
29965,1.37624073029
29966,1.36704862118
29967,1.31170594692
29968,1.34387600422
29969,1.48175108433
29970,1.33735108376
29971,1.34703814983
29972,1.47257423401
29973,1.38702309132
29974,1.34722459316
29975,1.37430298328
29976,1.45458996296
29977,1.40325689316
29978,1.31412887573
29979,1.47123241425
29980,1.3448086977
29981,1.44395232201
29982,1.33380913734
29983,1.2574672699
29984,1.33797609806
29985,1.37841546535
29986,1.46773695946
29987,1.41961932182
29988,1.32590818405
29989,1.42534077168
29990,1.36989939213
29991,1.45403170586
29992,1.40485703945
29993,1.41557991505
29994,1.44390618801
29995,1.41500937939
29996,1.29746103287
29997,1.38673090935
29998,1.44189476967
29999,1.40401542187
30000,1.41001987457
30001,1.37805199623
30002,1.48046600819
30003,1.38453066349
30004,1.4574368
30005,1.35501778126
30006,1.46230149269
30007,1.33695852757
30008,1.3086360693
30009,1.40035057068
30010,1.39019024372
30011,1.46457886696
30012,1.4673320055
30013,1.37237715721
30014,1.39653134346
30015,1.42984926701
30016,1.46956825256
30017,1.34742474556
30018,1.45157957077
30019,1.3740593195
30020,1.38457608223
30021,1.38535153866
30022,1.34284114838
30023,1.4052965641
30024,1.49053108692
30025,1.33295047283
30026,1.49671494961
30027,1.40800905228
30028,1.35230755806
30029,1.40336871147
30030,1.34756076336
30031,1.42311704159
30032,1.3876401186
30033,1.32978880405
30034,1.35442245007
30035,1.48584187031
30036,1.38137471676
30037,1.34993004799
30038,1.45001018047
30039,1.23302543163
30040,1.33218979836
30041,1.45092725754
30042,1.44903922081
30043,1.36899983883
30044,1.29610133171
30045,1.34152400494
30046,1.30182635784
30047,1.40757381916
30048,1.46314549446
30049,1.36444616318
30050,1.21482610703
30051,1.31651175022
30052,1.41034650803
30053,1.4970921278
30054,1.40257954597
30055,1.36941432953
30056,1.54025971889
30057,1.41870117188
30058,1.30113875866
30059,1.39825296402
30060,1.42045378685
30061,1.36688446999
30062,1.47168433666
30063,1.28616631031
30064,1.30235481262
30065,1.38859796524
30066,1.41709947586
30067,1.35895633698
30068,1.44526875019
30069,1.51392793655
30070,1.3203035593
30071,1.32577860355
30072,1.37690150738
30073,1.44762194157
30074,1.5379242897
30075,1.36930513382
30076,1.47252452374
30077,1.39789426327
30078,1.36017107964
30079,1.2878087759
30080,1.40686631203
30081,1.28859817982
30082,1.41048026085
30083,1.48894512653
30084,1.48340177536
30085,1.35410439968
30086,1.39236736298
30087,1.31598615646
30088,1.30195057392
30089,1.33758723736
30090,1.35710608959
30091,1.40504038334
30092,1.55771815777
30093,1.51281309128
30094,1.36879754066
30095,1.36434173584
30096,1.42254924774
30097,1.44085764885
30098,1.56784260273
30099,1.50845146179
30100,1.42490136623
30101,1.37401926517
30102,1.36249911785
30103,1.45400810242
30104,1.36853706837
30105,1.25809001923
30106,1.45559859276
30107,1.42378461361
30108,1.37685215473
30109,1.40881788731
30110,1.38846230507
30111,1.26963472366
30112,1.42127323151
30113,1.3964817524
30114,1.3186841011
30115,1.362164855
30116,1.36290514469
30117,1.29516410828
30118,1.44227826595
30119,1.29611480236
30120,1.38023471832
30121,1.38713765144
30122,1.48540663719
30123,1.30051529408
30124,1.35547316074
30125,1.43951964378
30126,1.40350139141
30127,1.47291588783
30128,1.23534524441
30129,1.44806838036
30130,1.49224925041
30131,1.33484494686
30132,1.26970219612
30133,1.33704793453
30134,1.46985316277
30135,1.49394631386
30136,1.47913765907
30137,1.32155632973
30138,1.51016712189
30139,1.36553287506
30140,1.43576538563
30141,1.28069615364
30142,1.32209312916
30143,1.42817640305
30144,1.39801073074
30145,1.4026774168
30146,1.4662733078
30147,1.41739702225
30148,1.39542591572
30149,1.46216523647
30150,1.42158997059
30151,1.45440196991
30152,1.3796967268
30153,1.27555429935
30154,1.40884637833
30155,1.26549863815
30156,1.43200016022
30157,1.44094598293
30158,1.31895661354
30159,1.42951309681
30160,1.33229160309
30161,1.57528305054
30162,1.40303122997
30163,1.5019556284
30164,1.40248537064
30165,1.38745892048
30166,1.3672683239
30167,1.45175886154
30168,1.45181035995
30169,1.46909379959
30170,1.41934514046
30171,1.48336040974
30172,1.6108802557
30173,1.27459061146
30174,1.46854412556
30175,1.30051660538
30176,1.36305308342
30177,1.3424321413
30178,1.37161159515
30179,1.38771796227
30180,1.24460673332
30181,1.41728234291
30182,1.39855146408
30183,1.40752387047
30184,1.39818572998
30185,1.42919492722
30186,1.37468934059
30187,1.41167104244
30188,1.47523379326
30189,1.45133328438
30190,1.27100884914
30191,1.43743491173
30192,1.35797464848
30193,1.46707081795
30194,1.34636771679
30195,1.41477179527
30196,1.47119426727
30197,1.35716569424
30198,1.44027578831
30199,1.48963189125
30200,1.4139881134
30201,1.33348417282
30202,1.40829074383
30203,1.40939033031
30204,1.40400123596
30205,1.47911071777
30206,1.44156718254
30207,1.4351798296
30208,1.46010303497
30209,1.40680158138
30210,1.35570931435
30211,1.38011729717
30212,1.36026751995
30213,1.35211181641
30214,1.37664580345
30215,1.40446901321
30216,1.44394338131
30217,1.41893184185
30218,1.48834860325
30219,1.43898320198
30220,1.56289291382
30221,1.31922543049
30222,1.32496893406
30223,1.34153258801
30224,1.31752979755
30225,1.53948283195
30226,1.46136367321
30227,1.41418540478
30228,1.38898968697
30229,1.37352287769
30230,1.38860440254
30231,1.32217252254
30232,1.42914414406
30233,1.27923309803
30234,1.31816911697
30235,1.32417595387
30236,1.30893909931
30237,1.38305568695
30238,1.40237677097
30239,1.3057705164
30240,1.33167409897
30241,1.38951611519
30242,1.37281382084
30243,1.43295037746
30244,1.21688532829
30245,1.36690747738
30246,1.31967675686
30247,1.49291932583
30248,1.40636599064
30249,1.43495535851
30250,1.39852261543
30251,1.45502376556
30252,1.26478171349
30253,1.43427491188
30254,1.46629488468
30255,1.38338255882
30256,1.34624528885
30257,1.34550273418
30258,1.29912233353
30259,1.41469693184
30260,1.44676601887
30261,1.40529489517
30262,1.43736934662
30263,1.42466127872
30264,1.41397607327
30265,1.32761216164
30266,1.32056760788
30267,1.3511903286
30268,1.46354591846
30269,1.35137844086
30270,1.34415948391
30271,1.37937521935
30272,1.26977312565
30273,1.38226985931
30274,1.37614881992
30275,1.45750975609
30276,1.46660065651
30277,1.41562151909
30278,1.24087357521
30279,1.31095790863
30280,1.30445969105
30281,1.31202304363
30282,1.30862689018
30283,1.31062150002
30284,1.34546101093
30285,1.40822947025
30286,1.36638653278
30287,1.3406072855
30288,1.40881860256
30289,1.33354055882
30290,1.38932669163
30291,1.41149222851
30292,1.38695645332
30293,1.5267418623
30294,1.33993303776
30295,1.31003630161
30296,1.4095903635
30297,1.42215418816
30298,1.40117514133
30299,1.41278493404
30300,1.36587023735
30301,1.35115349293
30302,1.55451107025
30303,1.42562508583
30304,1.42072975636
30305,1.44437789917
30306,1.33505308628
30307,1.45598518848
30308,1.35472381115
30309,1.32462048531
30310,1.33079707623
30311,1.48993575573
30312,1.39222407341
30313,1.46058154106
30314,1.48711013794
30315,1.31189727783
30316,1.35809588432
30317,1.38897037506
30318,1.43335163593
30319,1.45617187023
30320,1.42946398258
30321,1.40006256104
30322,1.39892983437
30323,1.38874530792
30324,1.33343780041
30325,1.42260301113
30326,1.32711172104
30327,1.43404150009
30328,1.43522512913
30329,1.43282938004
30330,1.30458974838
30331,1.34597992897
30332,1.34191131592
30333,1.42024302483
30334,1.37683343887
30335,1.44182312489
30336,1.29825925827
30337,1.42579174042
30338,1.39379262924
30339,1.45086669922
30340,1.38501143456
30341,1.36343586445
30342,1.39412260056
30343,1.39518845081
30344,1.33584547043
30345,1.46939253807
30346,1.46092355251
30347,1.45015287399
30348,1.39994335175
30349,1.33429825306
30350,1.44335353374
30351,1.35489583015
30352,1.40675866604
30353,1.47401916981
30354,1.30917954445
30355,1.35865283012
30356,1.43746519089
30357,1.33383607864
30358,1.3886756897
30359,1.40218031406
30360,1.35462403297
30361,1.36976277828
30362,1.40362679958
30363,1.57198548317
30364,1.48016560078
30365,1.39421236515
30366,1.41876244545
30367,1.25223231316
30368,1.44934785366
30369,1.41682481766
30370,1.38235569
30371,1.37478911877
30372,1.37729108334
30373,1.35031223297
30374,1.42100119591
30375,1.37767589092
30376,1.42101633549
30377,1.36437869072
30378,1.33441090584
30379,1.324852705
30380,1.35777699947
30381,1.39730334282
30382,1.37100768089
30383,1.54698109627
30384,1.57597911358
30385,1.41598129272
30386,1.35713255405
30387,1.36770248413
30388,1.31162822247
30389,1.29329693317
30390,1.47408771515
30391,1.40254950523
30392,1.41673672199
30393,1.41208481789
30394,1.53508543968
30395,1.44142127037
30396,1.38709402084
30397,1.45686209202
30398,1.53862035275
30399,1.42016375065
30400,1.40848493576
30401,1.46641969681
30402,1.48377418518
30403,1.4196344614
30404,1.34080564976
30405,1.31412339211
30406,1.30649137497
30407,1.45999479294
30408,1.33984458447
30409,1.4718079567
30410,1.50050008297
30411,1.42291557789
30412,1.42555522919
30413,1.37387192249
30414,1.39268064499
30415,1.31992709637
30416,1.37478649616
30417,1.36885166168
30418,1.40680658817
30419,1.55355930328
30420,1.29429161549
30421,1.23628509045
30422,1.31072974205
30423,1.40209567547
30424,1.56359016895
30425,1.43463408947
30426,1.36099457741
30427,1.29707849026
30428,1.39014434814
30429,1.36834275723
30430,1.46005141735
30431,1.26859152317
30432,1.36638391018
30433,1.40232586861
30434,1.29995834827
30435,1.42956054211
30436,1.27902889252
30437,1.38570976257
30438,1.43128764629
30439,1.47983658314
30440,1.43637776375
30441,1.37701761723
30442,1.4139739275
30443,1.42513036728
30444,1.37942123413
30445,1.38192462921
30446,1.37796390057
30447,1.38822424412
30448,1.42379069328
30449,1.42319476604
30450,1.32109320164
30451,1.37344026566
30452,1.29383635521
30453,1.53870069981
30454,1.41951954365
30455,1.37133586407
30456,1.27673602104
30457,1.42185592651
30458,1.31437051296
30459,1.37544894218
30460,1.34269404411
30461,1.35214567184
30462,1.54971301556
30463,1.40828931332
30464,1.50638735294
30465,1.35197913647
30466,1.34547817707
30467,1.36083352566
30468,1.32277286053
30469,1.3225684166
30470,1.32470703125
30471,1.45299088955
30472,1.53628146648
30473,1.33591783047
30474,1.50433528423
30475,1.31199800968
30476,1.30361747742
30477,1.43645298481
30478,1.38306224346
30479,1.36214375496
30480,1.34849691391
30481,1.49104225636
30482,1.27346801758
30483,1.40990364552
30484,1.27232456207
30485,1.41986978054
30486,1.4156178236
30487,1.43138945103
30488,1.30795180798
30489,1.5222786665
30490,1.51015043259
30491,1.44069051743
30492,1.33784365654
30493,1.29051280022
30494,1.3952704668
30495,1.54994523525
30496,1.5013127327
30497,1.36993515491
30498,1.41644144058
30499,1.33791899681
30500,1.34826862812
30501,1.4719594717
30502,1.52524936199
30503,1.45294487476
30504,1.49921035767
30505,1.38578772545
30506,1.34873604774
30507,1.47597467899
30508,1.43046426773
30509,1.44150626659
30510,1.46811938286
30511,1.35918986797
30512,1.4238255024
30513,1.3529291153
30514,1.41322779655
30515,1.46996796131
30516,1.33086717129
30517,1.47001612186
30518,1.38459539413
30519,1.37177395821
30520,1.43234705925
30521,1.42675209045
30522,1.39868354797
30523,1.41946196556
30524,1.31580138206
30525,1.39280068874
30526,1.44153952599
30527,1.40083110332
30528,1.48139119148
30529,1.298366189
30530,1.32514262199
30531,1.31536579132
30532,1.48449599743
30533,1.3996181488
30534,1.25516581535
30535,1.39133048058
30536,1.46975052357
30537,1.34178090096
30538,1.46104288101
30539,1.45303952694
30540,1.34504258633
30541,1.3696397543
30542,1.40643703938
30543,1.3358798027
30544,1.41914713383
30545,1.35459983349
30546,1.3791205883
30547,1.40224575996
30548,1.3928374052
30549,1.3310354948
30550,1.44547307491
30551,1.28734898567
30552,1.37018382549
30553,1.4418348074
30554,1.37038886547
30555,1.50826120377
30556,1.4584031105
30557,1.40420639515
30558,1.39002966881
30559,1.40614545345
30560,1.54924750328
30561,1.47344112396
30562,1.46771931648
30563,1.31730997562
30564,1.45874834061
30565,1.39323949814
30566,1.33111023903
30567,1.44534385204
30568,1.24244689941
30569,1.42166888714
30570,1.39236021042
30571,1.29835295677
30572,1.50475561619
30573,1.47995424271
30574,1.34316682816
30575,1.41033673286
30576,1.42322134972
30577,1.45319461823
30578,1.38173103333
30579,1.37583577633
30580,1.49205613136
30581,1.29583144188
30582,1.55369567871
30583,1.34831368923
30584,1.43529427052
30585,1.33263027668
30586,1.48588323593
30587,1.45381546021
30588,1.30703520775
30589,1.31672561169
30590,1.37181401253
30591,1.37987422943
30592,1.38306617737
30593,1.36772465706
30594,1.47631692886
30595,1.37702739239
30596,1.34419894218
30597,1.33600127697
30598,1.42177033424
30599,1.489833951
30600,1.36042535305
30601,1.38048064709
30602,1.45710170269
30603,1.3909457922
30604,1.43990790844
30605,1.3752746582
30606,1.45109331608
30607,1.33154785633
30608,1.32525372505
30609,1.48191964626
30610,1.50242328644
30611,1.44967401028
30612,1.34168016911
30613,1.33189547062
30614,1.47840940952
30615,1.35082149506
30616,1.4119374752
30617,1.37346863747
30618,1.36532998085
30619,1.34355759621
30620,1.3727221489
30621,1.39467990398
30622,1.45788741112
30623,1.34840035439
30624,1.45297646523
30625,1.47822058201
30626,1.47741675377
30627,1.58303308487
30628,1.37115478516
30629,1.41993546486
30630,1.2683236599
30631,1.36381089687
30632,1.33388578892
30633,1.45198953152
30634,1.41460394859
30635,1.36846196651
30636,1.3918081522
30637,1.37494015694
30638,1.44857728481
30639,1.31795465946
30640,1.38924646378
30641,1.35962152481
30642,1.41301035881
30643,1.31646990776
30644,1.31360721588
30645,1.47210562229
30646,1.39413058758
30647,1.3758020401
30648,1.45355427265
30649,1.50878095627
30650,1.41421890259
30651,1.39333796501
30652,1.51366853714
30653,1.44592928886
30654,1.38270783424
30655,1.34260594845
30656,1.42498099804
30657,1.46810472012
30658,1.37568879128
30659,1.4328019619
30660,1.30842876434
30661,1.42424070835
30662,1.27723073959
30663,1.40870034695
30664,1.34717786312
30665,1.40703606606
30666,1.31498527527
30667,1.38632571697
30668,1.30169379711
30669,1.38080215454
30670,1.53478217125
30671,1.40395259857
30672,1.38336825371
30673,1.35097539425
30674,1.51459825039
30675,1.39251339436
30676,1.59889554977
30677,1.50935292244
30678,1.40465402603
30679,1.26186776161
30680,1.42917311192
30681,1.43348908424
30682,1.28481996059
30683,1.44792115688
30684,1.42096686363
30685,1.34489119053
30686,1.30061519146
30687,1.38012290001
30688,1.36505913734
30689,1.29452705383
30690,1.37281453609
30691,1.41047334671
30692,1.45220148563
30693,1.46119463444
30694,1.36291122437
30695,1.35760295391
30696,1.49815368652
30697,1.36848258972
30698,1.34690928459
30699,1.45599627495
30700,1.38473439217
30701,1.32708871365
30702,1.47938668728
30703,1.40271747112
30704,1.46690499783
30705,1.42333102226
30706,1.41604590416
30707,1.40333557129
30708,1.40409445763
30709,1.40893912315
30710,1.43071258068
30711,1.3007260561
30712,1.50482714176
30713,1.45455300808
30714,1.38276147842
30715,1.34375560284
30716,1.3793810606
30717,1.33317101002
30718,1.38287127018
30719,1.36613285542
30720,1.44938528538
30721,1.49304747581
30722,1.52156734467
30723,1.36821818352
30724,1.41390860081
30725,1.43075895309
30726,1.39945459366
30727,1.29577934742
30728,1.34341752529
30729,1.42323756218
30730,1.37611556053
30731,1.39057612419
30732,1.45341098309
30733,1.34052419662
30734,1.37348973751
30735,1.39625287056
30736,1.36539304256
30737,1.33384299278
30738,1.51501023769
30739,1.45043492317
30740,1.37452733517
30741,1.30672049522
30742,1.35139799118
30743,1.25536477566
30744,1.41015791893
30745,1.41358375549
30746,1.3971041441
30747,1.33130860329
30748,1.43720412254
30749,1.37526023388
30750,1.37755203247
30751,1.46985006332
30752,1.36421942711
30753,1.45317268372
30754,1.48009455204
30755,1.33143699169
30756,1.44173395634
30757,1.37661397457
30758,1.57745623589
30759,1.38127362728
30760,1.44685506821
30761,1.31215512753
30762,1.35491287708
30763,1.45309436321
30764,1.38517200947
30765,1.61978292465
30766,1.4607578516
30767,1.50294351578
30768,1.45223855972
30769,1.33785963058
30770,1.37139356136
30771,1.32184398174
30772,1.4177685976
30773,1.38188445568
30774,1.41678726673
30775,1.38768303394
30776,1.35603094101
30777,1.33174538612
30778,1.31748604774
30779,1.37050890923
30780,1.30123019218
30781,1.48580920696
30782,1.39247906208
30783,1.4624402523
30784,1.42412614822
30785,1.39316761494
30786,1.38143670559
30787,1.48190963268
30788,1.37886703014
30789,1.37285852432
30790,1.33037018776
30791,1.4322155714
30792,1.35140132904
30793,1.39603435993
30794,1.34146344662
30795,1.29424369335
30796,1.37072432041
30797,1.36476004124
30798,1.37201786041
30799,1.40396273136
30800,1.33657515049
30801,1.39549005032
30802,1.57986652851
30803,1.42281770706
30804,1.33649742603
30805,1.4185334444
30806,1.44181239605
30807,1.34198617935
30808,1.30685925484
30809,1.28230750561
30810,1.52382421494
30811,1.49620306492
30812,1.43677723408
30813,1.39644896984
30814,1.36106586456
30815,1.38099944592
30816,1.39948546886
30817,1.34341812134
30818,1.45158696175
30819,1.30620348454
30820,1.5120279789
30821,1.44957602024
30822,1.5849840641
30823,1.4911134243
30824,1.48245859146
30825,1.45152008533
30826,1.32647800446
30827,1.38664531708
30828,1.24471330643
30829,1.49978685379
30830,1.4438945055
30831,1.45808279514
30832,1.34821534157
30833,1.44004499912
30834,1.53537774086
30835,1.27661275864
30836,1.46541655064
30837,1.35388839245
30838,1.43458974361
30839,1.43613016605
30840,1.326212883
30841,1.44792318344
30842,1.40318250656
30843,1.41199493408
30844,1.39577102661
30845,1.32379615307
30846,1.48006820679
30847,1.35215163231
30848,1.38631105423
30849,1.39988517761
30850,1.51012587547
30851,1.40696620941
30852,1.4562022686
30853,1.36249125004
30854,1.53049409389
30855,1.45231330395
30856,1.49550306797
30857,1.37365210056
30858,1.37368130684
30859,1.38842761517
30860,1.32645201683
30861,1.4219161272
30862,1.29525721073
30863,1.3702069521
30864,1.46005928516
30865,1.38755190372
30866,1.34038496017
30867,1.33488273621
30868,1.531483531
30869,1.45829474926
30870,1.48580384254
30871,1.34980750084
30872,1.43610310555
30873,1.40980672836
30874,1.39899742603
30875,1.45459127426
30876,1.43444120884
30877,1.52417433262
30878,1.33715581894
30879,1.40728354454
30880,1.31892287731
30881,1.39624154568
30882,1.49731719494
30883,1.35919475555
30884,1.36633360386
30885,1.46541154385
30886,1.35078382492
30887,1.37423205376
30888,1.38739323616
30889,1.35726261139
30890,1.31305491924
30891,1.49180436134
30892,1.46521997452
30893,1.40751862526
30894,1.40376269817
30895,1.391669631
30896,1.37074947357
30897,1.27480661869
30898,1.38622355461
30899,1.31463563442
30900,1.34131014347
30901,1.45359241962
30902,1.49916756153
30903,1.43283307552
30904,1.59145486355
30905,1.34241902828
30906,1.39862942696
30907,1.3807387352
30908,1.33307099342
30909,1.43992328644
30910,1.30010080338
30911,1.41289389133
30912,1.45223557949
30913,1.46845448017
30914,1.27029418945
30915,1.43158578873
30916,1.37891483307
30917,1.49256622791
30918,1.33804702759
30919,1.35387909412
30920,1.47073531151
30921,1.349178195
30922,1.47713911533
30923,1.46359658241
30924,1.48040497303
30925,1.38921451569
30926,1.3476742506
30927,1.31134748459
30928,1.42089486122
30929,1.29680621624
30930,1.50548636913
30931,1.32053995132
30932,1.47976756096
30933,1.42999899387
30934,1.44159209728
30935,1.40560173988
30936,1.6076426506
30937,1.42280435562
30938,1.37743449211
30939,1.38154876232
30940,1.37650871277
30941,1.35716080666
30942,1.43725287914
30943,1.44895136356
30944,1.3655025959
30945,1.41411173344
30946,1.25840997696
30947,1.48724579811
30948,1.38501882553
30949,1.36876571178
30950,1.33559334278
30951,1.38143491745
30952,1.40907287598
30953,1.42839229107
30954,1.30251371861
30955,1.4250715971
30956,1.37539207935
30957,1.36837542057
30958,1.39474487305
30959,1.51917552948
30960,1.40693295002
30961,1.39980494976
30962,1.39008319378
30963,1.33243405819
30964,1.31832563877
30965,1.38588488102
30966,1.50982952118
30967,1.54335582256
30968,1.44111669064
30969,1.38597810268
30970,1.51966679096
30971,1.44993162155
30972,1.43984627724
30973,1.41918063164
30974,1.42956614494
30975,1.38100290298
30976,1.43111610413
30977,1.34054243565
30978,1.37076568604
30979,1.39829027653
30980,1.42045688629
30981,1.40529191494
30982,1.44032883644
30983,1.35804414749
30984,1.53435945511
30985,1.30084764957
30986,1.40621173382
30987,1.36656069756
30988,1.37422049046
30989,1.41210353374
30990,1.49296152592
30991,1.462651968
30992,1.4368314743
30993,1.3319106102
30994,1.3759816885
30995,1.42059373856
30996,1.47362565994
30997,1.37345731258
30998,1.50175881386
30999,1.3833334446
31000,1.43379151821
31001,1.3802536726
31002,1.38052332401
31003,1.42417383194
31004,1.41437721252
31005,1.41820418835
31006,1.35483598709
31007,1.40471482277
31008,1.48158943653
31009,1.42009115219
31010,1.34147572517
31011,1.33789873123
31012,1.32340502739
31013,1.45554959774
31014,1.33831143379
31015,1.3919428587
31016,1.34554672241
31017,1.52807986736
31018,1.45063531399
31019,1.53146696091
31020,1.45351994038
31021,1.37426900864
31022,1.57733118534
31023,1.33707261086
31024,1.31713807583
31025,1.43280243874
31026,1.36582922935
31027,1.45805215836
31028,1.27506661415
31029,1.32103729248
31030,1.35523688793
31031,1.35196781158
31032,1.28142106533
31033,1.37571156025
31034,1.42288637161
31035,1.46095395088
31036,1.4668815136
31037,1.47560882568
31038,1.26107430458
31039,1.44174969196
31040,1.38075745106
31041,1.40631008148
31042,1.41008353233
31043,1.49760806561
31044,1.3941463232
31045,1.53145611286
31046,1.36307632923
31047,1.35260152817
31048,1.35350501537
31049,1.32469332218
31050,1.35773360729
31051,1.36884748936
31052,1.40318548679
31053,1.3082062006
31054,1.46429276466
31055,1.56945812702
31056,1.48357701302
31057,1.38492357731
31058,1.44244861603
31059,1.34273588657
31060,1.44894492626
31061,1.38539850712
31062,1.25320601463
31063,1.42575526237
31064,1.47723448277
31065,1.39985382557
31066,1.43266749382
31067,1.52714109421
31068,1.36095476151
31069,1.33795261383
31070,1.44670760632
31071,1.35487854481
31072,1.32567417622
31073,1.38607394695
31074,1.36213171482
31075,1.33887040615
31076,1.40297913551
31077,1.27189350128
31078,1.30968284607
31079,1.2618470192
31080,1.31281805038
31081,1.48343384266
31082,1.36026835442
31083,1.45963776112
31084,1.44233059883
31085,1.46102046967
31086,1.31438136101
31087,1.31061303616
31088,1.30643332005
31089,1.28259110451
31090,1.46552240849
31091,1.35383009911
31092,1.35533881187
31093,1.40839207172
31094,1.52323079109
31095,1.45056629181
31096,1.36934661865
31097,1.3730956316
31098,1.36580657959
31099,1.43438792229
31100,1.36931300163
31101,1.33134067059
31102,1.3958517313
31103,1.38336730003
31104,1.4357637167
31105,1.26466357708
31106,1.44331133366
31107,1.50493013859
31108,1.49827480316
31109,1.42631626129
31110,1.32146692276
31111,1.59551334381
31112,1.41197478771
31113,1.5075802803
31114,1.34001803398
31115,1.49465823174
31116,1.44655370712
31117,1.38928830624
31118,1.32273495197
31119,1.41282141209
31120,1.48727715015
31121,1.56674802303
31122,1.24540555477
31123,1.37167680264
31124,1.35355257988
31125,1.38398182392
31126,1.51774418354
31127,1.40695714951
31128,1.48578000069
31129,1.2643198967
31130,1.39092803001
31131,1.44263780117
31132,1.50444924831
31133,1.42166876793
31134,1.30991363525
31135,1.5373108387
31136,1.5185918808
31137,1.41027736664
31138,1.30174994469
31139,1.45244276524
31140,1.39045619965
31141,1.35525155067
31142,1.3490306139
31143,1.4796153307
31144,1.23475527763
31145,1.45245146751
31146,1.47522222996
31147,1.41196143627
31148,1.36429202557
31149,1.43260169029
31150,1.50205373764
31151,1.40616488457
31152,1.44045650959
31153,1.40067279339
31154,1.43442714214
31155,1.3340691328
31156,1.48793685436
31157,1.44373416901
31158,1.33676064014
31159,1.38456082344
31160,1.51898193359
31161,1.38225948811
31162,1.2994492054
31163,1.39229595661
31164,1.36073899269
31165,1.25380921364
31166,1.47439944744
31167,1.45431768894
31168,1.31059086323
31169,1.41012024879
31170,1.4253629446
31171,1.42085456848
31172,1.36438429356
31173,1.43443024158
31174,1.45961785316
31175,1.55510497093
31176,1.36418402195
31177,1.4298940897
31178,1.45225322247
31179,1.5033339262
31180,1.5093177557
31181,1.41975367069
31182,1.39470434189
31183,1.44881975651
31184,1.33660984039
31185,1.54170036316
31186,1.3627307415
31187,1.40167832375
31188,1.39078247547
31189,1.42762160301
31190,1.45324862003
31191,1.46075451374
31192,1.43861806393
31193,1.42291116714
31194,1.4633333683
31195,1.39080429077
31196,1.42522346973
31197,1.35737931728
31198,1.31925141811
31199,1.32346105576
31200,1.57629847527
31201,1.47887635231
31202,1.40966629982
31203,1.41509127617
31204,1.38964557648
31205,1.3940256834
31206,1.38527047634
31207,1.37243247032
31208,1.29214608669
31209,1.44588327408
31210,1.38740265369
31211,1.30462789536
31212,1.48462259769
31213,1.34444499016
31214,1.39347624779
31215,1.42304885387
31216,1.32494723797
31217,1.50761187077
31218,1.44973552227
31219,1.32343614101
31220,1.3585883379
31221,1.40134608746
31222,1.38474094868
31223,1.33253467083
31224,1.40771722794
31225,1.42650735378
31226,1.4035140276
31227,1.46169579029
31228,1.40907514095
31229,1.37806797028
31230,1.40885007381
31231,1.45055067539
31232,1.45965301991
31233,1.35877394676
31234,1.4232814312
31235,1.34379971027
31236,1.56984651089
31237,1.31751334667
31238,1.3188419342
31239,1.49679577351
31240,1.438834548
31241,1.35845065117
31242,1.5236928463
31243,1.43881130219
31244,1.4194265604
31245,1.37756764889
31246,1.38571810722
31247,1.34502005577
31248,1.31293129921
31249,1.40098869801
31250,1.38166451454
31251,1.44266939163
31252,1.51220941544
31253,1.48157680035
31254,1.40468668938
31255,1.56925332546
31256,1.47076404095
31257,1.43789446354
31258,1.47785484791
31259,1.34745371342
31260,2.48522734642
