global_step,learning_rate
1,1.5e-06
2,3e-06
3,4.5e-06
4,6e-06
5,7.5e-06
6,9e-06
7,1.05e-05
8,1.2e-05
9,1.35e-05
10,1.5e-05
11,1.65e-05
12,1.8e-05
13,1.95e-05
14,2.1e-05
15,2.25e-05
16,2.4e-05
17,2.55e-05
18,2.7e-05
19,2.85e-05
20,3e-05
21,3.15e-05
22,3.3e-05
23,3.45e-05
24,3.6e-05
25,3.75e-05
26,3.9e-05
27,4.05e-05
28,4.2e-05
29,4.35e-05
30,4.5e-05
31,4.65e-05
32,4.8e-05
33,4.95e-05
34,5.1e-05
35,5.25e-05
36,5.4e-05
37,5.55e-05
38,5.7e-05
39,5.85e-05
40,6e-05
41,6.15e-05
42,6.3e-05
43,6.45e-05
44,6.6e-05
45,6.75e-05
46,6.9e-05
47,7.05e-05
48,7.2e-05
49,7.35e-05
50,7.5e-05
51,7.65e-05
52,7.8e-05
53,7.95e-05
54,8.1e-05
55,8.25e-05
56,8.4e-05
57,8.55e-05
58,8.7e-05
59,8.85e-05
60,9e-05
61,9.15e-05
62,9.3e-05
63,9.45e-05
64,9.6e-05
65,9.75e-05
66,9.9e-05
67,0.0001005
68,0.000102
69,0.0001035
70,0.000105
71,0.0001065
72,0.000108
73,0.0001095
74,0.000111
75,0.0001125
76,0.000114
77,0.0001155
78,0.000117
79,0.0001185
80,0.00012
81,0.0001215
82,0.000123
83,0.0001245
84,0.000126
85,0.0001275
86,0.000129
87,0.0001305
88,0.000132
89,0.0001335
90,0.000135
91,0.0001365
92,0.000138
93,0.0001395
94,0.000141
95,0.0001425
96,0.000144
97,0.0001455
98,0.000147
99,0.0001485
100,0.00015
101,0.0001515
102,0.000153
103,0.0001545
104,0.000156
105,0.0001575
106,0.000159
107,0.0001605
108,0.000162
109,0.0001635
110,0.000165
111,0.0001665
112,0.000168
113,0.0001695
114,0.000171
115,0.0001725
116,0.000174
117,0.0001755
118,0.000177
119,0.0001785
120,0.00018
121,0.0001815
122,0.000183
123,0.0001845
124,0.000186
125,0.0001875
126,0.000189
127,0.0001905
128,0.000192
129,0.0001935
130,0.000195
131,0.0001965
132,0.000198
133,0.0001995
134,0.000201
135,0.0002025
136,0.000204
137,0.0002055
138,0.000207
139,0.0002085
140,0.00021
141,0.0002115
142,0.000213
143,0.0002145
144,0.000216
145,0.0002175
146,0.000219
147,0.0002205
148,0.000222
149,0.0002235
150,0.000225
151,0.0002265
152,0.000228
153,0.0002295
154,0.000231
155,0.0002325
156,0.000234
157,0.0002355
158,0.000237
159,0.0002385
160,0.00024
161,0.0002415
162,0.000243
163,0.0002445
164,0.000246
165,0.0002475
166,0.000249
167,0.0002505
168,0.000252
169,0.0002535
170,0.000255
171,0.0002565
172,0.000258
173,0.0002595
174,0.000261
175,0.0002625
176,0.000264
177,0.0002655
178,0.000267
179,0.0002685
180,0.00027
181,0.0002715
182,0.000273
183,0.0002745
184,0.000276
185,0.0002775
186,0.000279
187,0.0002805
188,0.000282
189,0.0002835
190,0.000285
191,0.0002865
192,0.000288
193,0.0002895
194,0.000291
195,0.0002925
196,0.000294
197,0.0002955
198,0.000297
199,0.0002985
200,0.0003
201,0.0003
202,0.000299999997201
203,0.000299999988806
204,0.000299999974813
205,0.000299999955224
206,0.000299999930037
207,0.000299999899253
208,0.000299999862873
209,0.000299999820895
210,0.00029999977332
211,0.000299999720148
212,0.00029999966138
213,0.000299999597014
214,0.000299999527051
215,0.000299999451491
216,0.000299999370334
217,0.00029999928358
218,0.000299999191229
219,0.000299999093281
220,0.000299998989737
221,0.000299998880595
222,0.000299998765856
223,0.00029999864552
224,0.000299998519587
225,0.000299998388057
226,0.000299998250931
227,0.000299998108207
228,0.000299997959886
229,0.000299997805969
230,0.000299997646454
231,0.000299997481342
232,0.000299997310634
233,0.000299997134329
234,0.000299996952426
235,0.000299996764927
236,0.000299996571831
237,0.000299996373138
238,0.000299996168848
239,0.000299995958962
240,0.000299995743478
241,0.000299995522397
242,0.00029999529572
243,0.000299995063446
244,0.000299994825575
245,0.000299994582107
246,0.000299994333043
247,0.000299994078381
248,0.000299993818123
249,0.000299993552268
250,0.000299993280816
251,0.000299993003768
252,0.000299992721123
253,0.000299992432881
254,0.000299992139042
255,0.000299991839606
256,0.000299991534574
257,0.000299991223946
258,0.00029999090772
259,0.000299990585898
260,0.000299990258479
261,0.000299989925464
262,0.000299989586852
263,0.000299989242643
264,0.000299988892838
265,0.000299988537436
266,0.000299988176438
267,0.000299987809843
268,0.000299987437652
269,0.000299987059864
270,0.000299986676479
271,0.000299986287499
272,0.000299985892921
273,0.000299985492747
274,0.000299985086977
275,0.00029998467561
276,0.000299984258647
277,0.000299983836088
278,0.000299983407932
279,0.00029998297418
280,0.000299982534832
281,0.000299982089887
282,0.000299981639346
283,0.000299981183208
284,0.000299980721475
285,0.000299980254145
286,0.000299979781219
287,0.000299979302697
288,0.000299978818578
289,0.000299978328864
290,0.000299977833553
291,0.000299977332646
292,0.000299976826143
293,0.000299976314044
294,0.000299975796349
295,0.000299975273058
296,0.000299974744171
297,0.000299974209688
298,0.000299973669609
299,0.000299973123934
300,0.000299972572663
301,0.000299972015796
302,0.000299971453334
303,0.000299970885275
304,0.000299970311621
305,0.00029996973237
306,0.000299969147525
307,0.000299968557083
308,0.000299967961045
309,0.000299967359412
310,0.000299966752184
311,0.000299966139359
312,0.000299965520939
313,0.000299964896923
314,0.000299964267312
315,0.000299963632105
316,0.000299962991303
317,0.000299962344905
318,0.000299961692912
319,0.000299961035323
320,0.000299960372139
321,0.000299959703359
322,0.000299959028984
323,0.000299958349014
324,0.000299957663448
325,0.000299956972287
326,0.000299956275531
327,0.00029995557318
328,0.000299954865233
329,0.000299954151692
330,0.000299953432555
331,0.000299952707823
332,0.000299951977496
333,0.000299951241574
334,0.000299950500057
335,0.000299949752945
336,0.000299949000238
337,0.000299948241936
338,0.000299947478039
339,0.000299946708547
340,0.000299945933461
341,0.00029994515278
342,0.000299944366504
343,0.000299943574633
344,0.000299942777167
345,0.000299941974107
346,0.000299941165453
347,0.000299940351203
348,0.000299939531359
349,0.000299938705921
350,0.000299937874888
351,0.000299937038261
352,0.000299936196039
353,0.000299935348223
354,0.000299934494812
355,0.000299933635807
356,0.000299932771208
357,0.000299931901015
358,0.000299931025227
359,0.000299930143845
360,0.000299929256869
361,0.000299928364299
362,0.000299927466135
363,0.000299926562377
364,0.000299925653025
365,0.000299924738079
366,0.000299923817539
367,0.000299922891405
368,0.000299921959678
369,0.000299921022356
370,0.000299920079441
371,0.000299919130932
372,0.000299918176829
373,0.000299917217133
374,0.000299916251843
375,0.00029991528096
376,0.000299914304483
377,0.000299913322412
378,0.000299912334748
379,0.000299911341491
380,0.00029991034264
381,0.000299909338196
382,0.000299908328159
383,0.000299907312529
384,0.000299906291305
385,0.000299905264488
386,0.000299904232078
387,0.000299903194075
388,0.000299902150479
389,0.00029990110129
390,0.000299900046508
391,0.000299898986134
392,0.000299897920166
393,0.000299896848606
394,0.000299895771452
395,0.000299894688706
396,0.000299893600368
397,0.000299892506437
398,0.000299891406913
399,0.000299890301796
400,0.000299889191088
401,0.000299888074786
402,0.000299886952893
403,0.000299885825407
404,0.000299884692328
405,0.000299883553658
406,0.000299882409395
407,0.00029988125954
408,0.000299880104093
409,0.000299878943054
410,0.000299877776423
411,0.0002998766042
412,0.000299875426385
413,0.000299874242978
414,0.00029987305398
415,0.000299871859389
416,0.000299870659207
417,0.000299869453433
418,0.000299868242068
419,0.000299867025111
420,0.000299865802562
421,0.000299864574422
422,0.000299863340691
423,0.000299862101368
424,0.000299860856454
425,0.000299859605948
426,0.000299858349852
427,0.000299857088164
428,0.000299855820885
429,0.000299854548015
430,0.000299853269554
431,0.000299851985502
432,0.000299850695859
433,0.000299849400626
434,0.000299848099801
435,0.000299846793386
436,0.00029984548138
437,0.000299844163784
438,0.000299842840597
439,0.000299841511819
440,0.000299840177451
441,0.000299838837493
442,0.000299837491944
443,0.000299836140805
444,0.000299834784076
445,0.000299833421756
446,0.000299832053847
447,0.000299830680347
448,0.000299829301257
449,0.000299827916578
450,0.000299826526308
451,0.000299825130449
452,0.000299823728999
453,0.00029982232196
454,0.000299820909332
455,0.000299819491114
456,0.000299818067306
457,0.000299816637909
458,0.000299815202922
459,0.000299813762346
460,0.000299812316181
461,0.000299810864426
462,0.000299809407082
463,0.000299807944149
464,0.000299806475627
465,0.000299805001516
466,0.000299803521816
467,0.000299802036527
468,0.00029980054565
469,0.000299799049183
470,0.000299797547128
471,0.000299796039484
472,0.000299794526252
473,0.000299793007431
474,0.000299791483022
475,0.000299789953024
476,0.000299788417438
477,0.000299786876264
478,0.000299785329501
479,0.00029978377715
480,0.000299782219212
481,0.000299780655685
482,0.00029977908657
483,0.000299777511868
484,0.000299775931577
485,0.000299774345699
486,0.000299772754234
487,0.00029977115718
488,0.000299769554539
489,0.000299767946311
490,0.000299766332495
491,0.000299764713092
492,0.000299763088101
493,0.000299761457524
494,0.000299759821359
495,0.000299758179607
496,0.000299756532268
497,0.000299754879342
498,0.00029975322083
499,0.00029975155673
500,0.000299749887044
501,0.000299748211771
502,0.000299746530912
503,0.000299744844466
504,0.000299743152433
505,0.000299741454814
506,0.000299739751609
507,0.000299738042818
508,0.00029973632844
509,0.000299734608476
510,0.000299732882927
511,0.000299731151791
512,0.000299729415069
513,0.000299727672762
514,0.000299725924869
515,0.00029972417139
516,0.000299722412326
517,0.000299720647676
518,0.00029971887744
519,0.000299717101619
520,0.000299715320213
521,0.000299713533222
522,0.000299711740646
523,0.000299709942484
524,0.000299708138738
525,0.000299706329406
526,0.00029970451449
527,0.000299702693989
528,0.000299700867903
529,0.000299699036232
530,0.000299697198977
531,0.000299695356138
532,0.000299693507714
533,0.000299691653706
534,0.000299689794113
535,0.000299687928937
536,0.000299686058176
537,0.000299684181831
538,0.000299682299902
539,0.00029968041239
540,0.000299678519293
541,0.000299676620613
542,0.00029967471635
543,0.000299672806502
544,0.000299670891072
545,0.000299668970058
546,0.00029966704346
547,0.00029966511128
548,0.000299663173516
549,0.000299661230169
550,0.000299659281239
551,0.000299657326726
552,0.000299655366631
553,0.000299653400952
554,0.000299651429691
555,0.000299649452848
556,0.000299647470422
557,0.000299645482413
558,0.000299643488823
559,0.000299641489649
560,0.000299639484894
561,0.000299637474557
562,0.000299635458638
563,0.000299633437136
564,0.000299631410053
565,0.000299629377388
566,0.000299627339142
567,0.000299625295314
568,0.000299623245904
569,0.000299621190913
570,0.000299619130341
571,0.000299617064187
572,0.000299614992452
573,0.000299612915137
574,0.00029961083224
575,0.000299608743762
576,0.000299606649704
577,0.000299604550064
578,0.000299602444844
579,0.000299600334044
580,0.000299598217663
581,0.000299596095702
582,0.00029959396816
583,0.000299591835039
584,0.000299589696337
585,0.000299587552055
586,0.000299585402193
587,0.000299583246751
588,0.00029958108573
589,0.000299578919129
590,0.000299576746948
591,0.000299574569188
592,0.000299572385848
593,0.00029957019693
594,0.000299568002431
595,0.000299565802354
596,0.000299563596698
597,0.000299561385463
598,0.000299559168649
599,0.000299556946256
600,0.000299554718285
601,0.000299552484735
602,0.000299550245606
603,0.000299548000899
604,0.000299545750614
605,0.000299543494751
606,0.000299541233309
607,0.00029953896629
608,0.000299536693692
609,0.000299534415517
610,0.000299532131764
611,0.000299529842433
612,0.000299527547525
613,0.00029952524704
614,0.000299522940977
615,0.000299520629336
616,0.000299518312119
617,0.000299515989325
618,0.000299513660953
619,0.000299511327005
620,0.00029950898748
621,0.000299506642378
622,0.0002995042917
623,0.000299501935445
624,0.000299499573614
625,0.000299497206206
626,0.000299494833223
627,0.000299492454663
628,0.000299490070527
629,0.000299487680816
630,0.000299485285528
631,0.000299482884665
632,0.000299480478227
633,0.000299478066212
634,0.000299475648623
635,0.000299473225458
636,0.000299470796718
637,0.000299468362403
638,0.000299465922512
639,0.000299463477047
640,0.000299461026008
641,0.000299458569393
642,0.000299456107204
643,0.00029945363944
644,0.000299451166102
645,0.00029944868719
646,0.000299446202704
647,0.000299443712643
648,0.000299441217009
649,0.0002994387158
650,0.000299436209018
651,0.000299433696662
652,0.000299431178733
653,0.00029942865523
654,0.000299426126154
655,0.000299423591505
656,0.000299421051282
657,0.000299418505487
658,0.000299415954118
659,0.000299413397177
660,0.000299410834663
661,0.000299408266576
662,0.000299405692917
663,0.000299403113686
664,0.000299400528882
665,0.000299397938506
666,0.000299395342558
667,0.000299392741038
668,0.000299390133946
669,0.000299387521282
670,0.000299384903047
671,0.00029938227924
672,0.000299379649862
673,0.000299377014912
674,0.000299374374392
675,0.0002993717283
676,0.000299369076637
677,0.000299366419403
678,0.000299363756599
679,0.000299361088224
680,0.000299358414278
681,0.000299355734762
682,0.000299353049676
683,0.000299350359019
684,0.000299347662792
685,0.000299344960996
686,0.000299342253629
687,0.000299339540693
688,0.000299336822187
689,0.000299334098111
690,0.000299331368466
691,0.000299328633252
692,0.000299325892468
693,0.000299323146116
694,0.000299320394194
695,0.000299317636704
696,0.000299314873645
697,0.000299312105017
698,0.000299309330821
699,0.000299306551056
700,0.000299303765723
701,0.000299300974822
702,0.000299298178352
703,0.000299295376315
704,0.00029929256871
705,0.000299289755538
706,0.000299286936797
707,0.00029928411249
708,0.000299281282615
709,0.000299278447172
710,0.000299275606163
711,0.000299272759587
712,0.000299269907443
713,0.000299267049733
714,0.000299264186456
715,0.000299261317613
716,0.000299258443203
717,0.000299255563228
718,0.000299252677685
719,0.000299249786577
720,0.000299246889903
721,0.000299243987663
722,0.000299241079858
723,0.000299238166486
724,0.00029923524755
725,0.000299232323048
726,0.000299229392981
727,0.000299226457348
728,0.000299223516151
729,0.000299220569389
730,0.000299217617062
731,0.000299214659171
732,0.000299211695715
733,0.000299208726695
734,0.000299205752111
735,0.000299202771962
736,0.00029919978625
737,0.000299196794973
738,0.000299193798133
739,0.000299190795729
740,0.000299187787762
741,0.000299184774232
742,0.000299181755138
743,0.000299178730481
744,0.000299175700261
745,0.000299172664478
746,0.000299169623133
747,0.000299166576225
748,0.000299163523754
749,0.000299160465721
750,0.000299157402126
751,0.000299154332969
752,0.00029915125825
753,0.000299148177969
754,0.000299145092126
755,0.000299142000722
756,0.000299138903756
757,0.000299135801229
758,0.00029913269314
759,0.000299129579491
760,0.00029912646028
761,0.000299123335509
762,0.000299120205177
763,0.000299117069285
764,0.000299113927832
765,0.000299110780819
766,0.000299107628245
767,0.000299104470112
768,0.000299101306419
769,0.000299098137166
770,0.000299094962353
771,0.000299091781981
772,0.000299088596049
773,0.000299085404558
774,0.000299082207508
775,0.000299079004899
776,0.000299075796732
777,0.000299072583005
778,0.00029906936372
779,0.000299066138877
780,0.000299062908475
781,0.000299059672515
782,0.000299056430996
783,0.00029905318392
784,0.000299049931287
785,0.000299046673095
786,0.000299043409346
787,0.00029904014004
788,0.000299036865176
789,0.000299033584756
790,0.000299030298778
791,0.000299027007244
792,0.000299023710153
793,0.000299020407505
794,0.000299017099301
795,0.00029901378554
796,0.000299010466224
797,0.000299007141351
798,0.000299003810923
799,0.000299000474939
800,0.000298997133399
801,0.000298993786304
802,0.000298990433653
803,0.000298987075447
804,0.000298983711687
805,0.000298980342371
806,0.0002989769675
807,0.000298973587075
808,0.000298970201096
809,0.000298966809562
810,0.000298963412474
811,0.000298960009832
812,0.000298956601636
813,0.000298953187886
814,0.000298949768583
815,0.000298946343726
816,0.000298942913315
817,0.000298939477352
818,0.000298936035835
819,0.000298932588766
820,0.000298929136144
821,0.000298925677969
822,0.000298922214241
823,0.000298918744962
824,0.00029891527013
825,0.000298911789746
826,0.00029890830381
827,0.000298904812322
828,0.000298901315283
829,0.000298897812692
830,0.00029889430455
831,0.000298890790857
832,0.000298887271612
833,0.000298883746817
834,0.000298880216471
835,0.000298876680574
836,0.000298873139127
837,0.00029886959213
838,0.000298866039582
839,0.000298862481484
840,0.000298858917837
841,0.00029885534864
842,0.000298851773893
843,0.000298848193597
844,0.000298844607751
845,0.000298841016357
846,0.000298837419413
847,0.000298833816921
848,0.000298830208879
849,0.00029882659529
850,0.000298822976152
851,0.000298819351465
852,0.000298815721231
853,0.000298812085449
854,0.000298808444119
855,0.000298804797241
856,0.000298801144816
857,0.000298797486843
858,0.000298793823324
859,0.000298790154257
860,0.000298786479643
861,0.000298782799483
862,0.000298779113776
863,0.000298775422523
864,0.000298771725723
865,0.000298768023377
866,0.000298764315486
867,0.000298760602048
868,0.000298756883065
869,0.000298753158537
870,0.000298749428463
871,0.000298745692844
872,0.000298741951679
873,0.00029873820497
874,0.000298734452717
875,0.000298730694918
876,0.000298726931576
877,0.000298723162689
878,0.000298719388257
879,0.000298715608282
880,0.000298711822764
881,0.000298708031701
882,0.000298704235095
883,0.000298700432946
884,0.000298696625254
885,0.000298692812018
886,0.00029868899324
887,0.000298685168919
888,0.000298681339056
889,0.00029867750365
890,0.000298673662702
891,0.000298669816212
892,0.00029866596418
893,0.000298662106607
894,0.000298658243491
895,0.000298654374835
896,0.000298650500637
897,0.000298646620898
898,0.000298642735618
899,0.000298638844798
900,0.000298634948436
901,0.000298631046535
902,0.000298627139093
903,0.000298623226111
904,0.000298619307589
905,0.000298615383527
906,0.000298611453925
907,0.000298607518785
908,0.000298603578104
909,0.000298599631885
910,0.000298595680127
911,0.00029859172283
912,0.000298587759994
913,0.00029858379162
914,0.000298579817707
915,0.000298575838256
916,0.000298571853268
917,0.000298567862741
918,0.000298563866677
919,0.000298559865075
920,0.000298555857936
921,0.00029855184526
922,0.000298547827047
923,0.000298543803297
924,0.00029853977401
925,0.000298535739187
926,0.000298531698828
927,0.000298527652932
928,0.0002985236015
929,0.000298519544533
930,0.00029851548203
931,0.000298511413991
932,0.000298507340417
933,0.000298503261308
934,0.000298499176664
935,0.000298495086485
936,0.000298490990772
937,0.000298486889524
938,0.000298482782742
939,0.000298478670425
940,0.000298474552575
941,0.000298470429191
942,0.000298466300273
943,0.000298462165822
944,0.000298458025837
945,0.00029845388032
946,0.000298449729269
947,0.000298445572686
948,0.00029844141057
949,0.000298437242922
950,0.000298433069741
951,0.000298428891028
952,0.000298424706784
953,0.000298420517008
954,0.0002984163217
955,0.000298412120861
956,0.00029840791449
957,0.000298403702589
958,0.000298399485157
959,0.000298395262194
960,0.000298391033701
961,0.000298386799677
962,0.000298382560123
963,0.000298378315039
964,0.000298374064425
965,0.000298369808282
966,0.000298365546609
967,0.000298361279407
968,0.000298357006676
969,0.000298352728416
970,0.000298348444628
971,0.00029834415531
972,0.000298339860464
973,0.000298335560091
974,0.000298331254189
975,0.000298326942759
976,0.000298322625801
977,0.000298318303316
978,0.000298313975304
979,0.000298309641765
980,0.000298305302699
981,0.000298300958105
982,0.000298296607986
983,0.00029829225234
984,0.000298287891167
985,0.000298283524469
986,0.000298279152245
987,0.000298274774495
988,0.000298270391219
989,0.000298266002418
990,0.000298261608092
991,0.000298257208242
992,0.000298252802866
993,0.000298248391966
994,0.000298243975541
995,0.000298239553592
996,0.000298235126119
997,0.000298230693122
998,0.000298226254602
999,0.000298221810558
1000,0.00029821736099
1001,0.0002982129059
1002,0.000298208445287
1003,0.00029820397915
1004,0.000298199507492
1005,0.000298195030311
1006,0.000298190547607
1007,0.000298186059382
1008,0.000298181565635
1009,0.000298177066366
1010,0.000298172561576
1011,0.000298168051264
1012,0.000298163535432
1013,0.000298159014078
1014,0.000298154487204
1015,0.000298149954809
1016,0.000298145416894
1017,0.000298140873459
1018,0.000298136324504
1019,0.000298131770029
1020,0.000298127210035
1021,0.000298122644521
1022,0.000298118073488
1023,0.000298113496936
1024,0.000298108914865
1025,0.000298104327275
1026,0.000298099734167
1027,0.000298095135541
1028,0.000298090531397
1029,0.000298085921734
1030,0.000298081306555
1031,0.000298076685857
1032,0.000298072059643
1033,0.000298067427911
1034,0.000298062790662
1035,0.000298058147897
1036,0.000298053499615
1037,0.000298048845817
1038,0.000298044186503
1039,0.000298039521672
1040,0.000298034851326
1041,0.000298030175465
1042,0.000298025494088
1043,0.000298020807195
1044,0.000298016114788
1045,0.000298011416866
1046,0.00029800671343
1047,0.000298002004479
1048,0.000297997290014
1049,0.000297992570035
1050,0.000297987844542
1051,0.000297983113535
1052,0.000297978377016
1053,0.000297973634982
1054,0.000297968887436
1055,0.000297964134377
1056,0.000297959375806
1057,0.000297954611722
1058,0.000297949842125
1059,0.000297945067017
1060,0.000297940286397
1061,0.000297935500265
1062,0.000297930708622
1063,0.000297925911467
1064,0.000297921108802
1065,0.000297916300625
1066,0.000297911486938
1067,0.000297906667741
1068,0.000297901843033
1069,0.000297897012815
1070,0.000297892177088
1071,0.000297887335851
1072,0.000297882489104
1073,0.000297877636848
1074,0.000297872779083
1075,0.000297867915809
1076,0.000297863047027
1077,0.000297858172736
1078,0.000297853292937
1079,0.00029784840763
1080,0.000297843516815
1081,0.000297838620492
1082,0.000297833718662
1083,0.000297828811325
1084,0.000297823898481
1085,0.000297818980129
1086,0.000297814056272
1087,0.000297809126908
1088,0.000297804192037
1089,0.000297799251661
1090,0.000297794305779
1091,0.000297789354391
1092,0.000297784397498
1093,0.0002977794351
1094,0.000297774467197
1095,0.000297769493789
1096,0.000297764514876
1097,0.000297759530459
1098,0.000297754540538
1099,0.000297749545113
1100,0.000297744544185
1101,0.000297739537752
1102,0.000297734525817
1103,0.000297729508378
1104,0.000297724485437
1105,0.000297719456992
1106,0.000297714423046
1107,0.000297709383597
1108,0.000297704338646
1109,0.000297699288193
1110,0.000297694232238
1111,0.000297689170782
1112,0.000297684103825
1113,0.000297679031367
1114,0.000297673953408
1115,0.000297668869948
1116,0.000297663780988
1117,0.000297658686528
1118,0.000297653586568
1119,0.000297648481108
1120,0.000297643370148
1121,0.000297638253689
1122,0.000297633131731
1123,0.000297628004275
1124,0.000297622871319
1125,0.000297617732865
1126,0.000297612588913
1127,0.000297607439462
1128,0.000297602284514
1129,0.000297597124068
1130,0.000297591958125
1131,0.000297586786685
1132,0.000297581609747
1133,0.000297576427313
1134,0.000297571239383
1135,0.000297566045956
1136,0.000297560847032
1137,0.000297555642613
1138,0.000297550432699
1139,0.000297545217288
1140,0.000297539996383
1141,0.000297534769982
1142,0.000297529538087
1143,0.000297524300697
1144,0.000297519057812
1145,0.000297513809434
1146,0.000297508555561
1147,0.000297503296195
1148,0.000297498031335
1149,0.000297492760982
1150,0.000297487485136
1151,0.000297482203797
1152,0.000297476916965
1153,0.000297471624641
1154,0.000297466326825
1155,0.000297461023517
1156,0.000297455714717
1157,0.000297450400425
1158,0.000297445080642
1159,0.000297439755368
1160,0.000297434424603
1161,0.000297429088347
1162,0.000297423746601
1163,0.000297418399365
1164,0.000297413046639
1165,0.000297407688423
1166,0.000297402324717
1167,0.000297396955522
1168,0.000297391580838
1169,0.000297386200665
1170,0.000297380815004
1171,0.000297375423853
1172,0.000297370027215
1173,0.000297364625089
1174,0.000297359217475
1175,0.000297353804373
1176,0.000297348385784
1177,0.000297342961708
1178,0.000297337532145
1179,0.000297332097096
1180,0.00029732665656
1181,0.000297321210538
1182,0.000297315759029
1183,0.000297310302035
1184,0.000297304839556
1185,0.000297299371591
1186,0.000297293898142
1187,0.000297288419207
1188,0.000297282934788
1189,0.000297277444884
1190,0.000297271949496
1191,0.000297266448625
1192,0.000297260942269
1193,0.00029725543043
1194,0.000297249913108
1195,0.000297244390303
1196,0.000297238862015
1197,0.000297233328245
1198,0.000297227788992
1199,0.000297222244257
1200,0.00029721669404
1201,0.000297211138342
1202,0.000297205577162
1203,0.000297200010501
1204,0.000297194438359
1205,0.000297188860736
1206,0.000297183277633
1207,0.000297177689049
1208,0.000297172094986
1209,0.000297166495443
1210,0.00029716089042
1211,0.000297155279918
1212,0.000297149663937
1213,0.000297144042476
1214,0.000297138415538
1215,0.000297132783121
1216,0.000297127145225
1217,0.000297121501852
1218,0.000297115853001
1219,0.000297110198673
1220,0.000297104538867
1221,0.000297098873585
1222,0.000297093202826
1223,0.00029708752659
1224,0.000297081844878
1225,0.000297076157689
1226,0.000297070465025
1227,0.000297064766886
1228,0.000297059063271
1229,0.000297053354181
1230,0.000297047639616
1231,0.000297041919577
1232,0.000297036194063
1233,0.000297030463075
1234,0.000297024726613
1235,0.000297018984677
1236,0.000297013237268
1237,0.000297007484386
1238,0.00029700172603
1239,0.000296995962202
1240,0.000296990192902
1241,0.000296984418129
1242,0.000296978637885
1243,0.000296972852168
1244,0.00029696706098
1245,0.000296961264321
1246,0.00029695546219
1247,0.000296949654589
1248,0.000296943841517
1249,0.000296938022975
1250,0.000296932198963
1251,0.000296926369481
1252,0.00029692053453
1253,0.000296914694109
1254,0.000296908848218
1255,0.000296902996859
1256,0.000296897140032
1257,0.000296891277736
1258,0.000296885409972
1259,0.00029687953674
1260,0.00029687365804
1261,0.000296867773873
1262,0.000296861884239
1263,0.000296855989137
1264,0.000296850088569
1265,0.000296844182535
1266,0.000296838271035
1267,0.000296832354068
1268,0.000296826431636
1269,0.000296820503738
1270,0.000296814570375
1271,0.000296808631547
1272,0.000296802687255
1273,0.000296796737498
1274,0.000296790782277
1275,0.000296784821591
1276,0.000296778855442
1277,0.00029677288383
1278,0.000296766906754
1279,0.000296760924215
1280,0.000296754936214
1281,0.00029674894275
1282,0.000296742943824
1283,0.000296736939436
1284,0.000296730929586
1285,0.000296724914274
1286,0.000296718893502
1287,0.000296712867268
1288,0.000296706835573
1289,0.000296700798419
1290,0.000296694755803
1291,0.000296688707728
1292,0.000296682654193
1293,0.000296676595199
1294,0.000296670530745
1295,0.000296664460832
1296,0.000296658385461
1297,0.000296652304631
1298,0.000296646218343
1299,0.000296640126597
1300,0.000296634029393
1301,0.000296627926731
1302,0.000296621818613
1303,0.000296615705037
1304,0.000296609586005
1305,0.000296603461516
1306,0.000296597331571
1307,0.00029659119617
1308,0.000296585055314
1309,0.000296578909002
1310,0.000296572757234
1311,0.000296566600012
1312,0.000296560437335
1313,0.000296554269204
1314,0.000296548095618
1315,0.000296541916579
1316,0.000296535732086
1317,0.000296529542139
1318,0.000296523346739
1319,0.000296517145887
1320,0.000296510939582
1321,0.000296504727824
1322,0.000296498510614
1323,0.000296492287953
1324,0.00029648605984
1325,0.000296479826275
1326,0.00029647358726
1327,0.000296467342793
1328,0.000296461092876
1329,0.000296454837509
1330,0.000296448576691
1331,0.000296442310424
1332,0.000296436038707
1333,0.000296429761541
1334,0.000296423478926
1335,0.000296417190863
1336,0.00029641089735
1337,0.00029640459839
1338,0.000296398293982
1339,0.000296391984125
1340,0.000296385668822
1341,0.000296379348071
1342,0.000296373021873
1343,0.000296366690229
1344,0.000296360353138
1345,0.000296354010601
1346,0.000296347662618
1347,0.00029634130919
1348,0.000296334950316
1349,0.000296328585997
1350,0.000296322216234
1351,0.000296315841026
1352,0.000296309460373
1353,0.000296303074277
1354,0.000296296682736
1355,0.000296290285753
1356,0.000296283883326
1357,0.000296277475456
1358,0.000296271062143
1359,0.000296264643388
1360,0.000296258219191
1361,0.000296251789551
1362,0.000296245354471
1363,0.000296238913948
1364,0.000296232467985
1365,0.000296226016581
1366,0.000296219559736
1367,0.000296213097451
1368,0.000296206629726
1369,0.000296200156562
1370,0.000296193677957
1371,0.000296187193914
1372,0.000296180704431
1373,0.00029617420951
1374,0.000296167709151
1375,0.000296161203353
1376,0.000296154692117
1377,0.000296148175444
1378,0.000296141653334
1379,0.000296135125786
1380,0.000296128592802
1381,0.000296122054381
1382,0.000296115510524
1383,0.00029610896123
1384,0.000296102406502
1385,0.000296095846337
1386,0.000296089280738
1387,0.000296082709703
1388,0.000296076133234
1389,0.000296069551331
1390,0.000296062963994
1391,0.000296056371222
1392,0.000296049773017
1393,0.000296043169379
1394,0.000296036560308
1395,0.000296029945805
1396,0.000296023325868
1397,0.0002960167005
1398,0.0002960100697
1399,0.000296003433468
1400,0.000295996791805
1401,0.000295990144711
1402,0.000295983492186
1403,0.00029597683423
1404,0.000295970170844
1405,0.000295963502028
1406,0.000295956827783
1407,0.000295950148108
1408,0.000295943463004
1409,0.000295936772471
1410,0.00029593007651
1411,0.00029592337512
1412,0.000295916668303
1413,0.000295909956057
1414,0.000295903238384
1415,0.000295896515284
1416,0.000295889786757
1417,0.000295883052804
1418,0.000295876313424
1419,0.000295869568618
1420,0.000295862818386
1421,0.000295856062728
1422,0.000295849301646
1423,0.000295842535138
1424,0.000295835763206
1425,0.00029582898585
1426,0.000295822203069
1427,0.000295815414864
1428,0.000295808621236
1429,0.000295801822185
1430,0.000295795017711
1431,0.000295788207814
1432,0.000295781392494
1433,0.000295774571753
1434,0.000295767745589
1435,0.000295760914005
1436,0.000295754076998
1437,0.000295747234571
1438,0.000295740386723
1439,0.000295733533455
1440,0.000295726674766
1441,0.000295719810658
1442,0.00029571294113
1443,0.000295706066183
1444,0.000295699185816
1445,0.000295692300031
1446,0.000295685408828
1447,0.000295678512206
1448,0.000295671610167
1449,0.00029566470271
1450,0.000295657789835
1451,0.000295650871544
1452,0.000295643947836
1453,0.000295637018712
1454,0.000295630084171
1455,0.000295623144214
1456,0.000295616198842
1457,0.000295609248055
1458,0.000295602291853
1459,0.000295595330235
1460,0.000295588363204
1461,0.000295581390758
1462,0.000295574412899
1463,0.000295567429626
1464,0.00029556044094
1465,0.00029555344684
1466,0.000295546447329
1467,0.000295539442404
1468,0.000295532432068
1469,0.00029552541632
1470,0.00029551839516
1471,0.000295511368589
1472,0.000295504336607
1473,0.000295497299214
1474,0.000295490256411
1475,0.000295483208198
1476,0.000295476154576
1477,0.000295469095543
1478,0.000295462031102
1479,0.000295454961252
1480,0.000295447885993
1481,0.000295440805326
1482,0.00029543371925
1483,0.000295426627768
1484,0.000295419530877
1485,0.00029541242858
1486,0.000295405320875
1487,0.000295398207764
1488,0.000295391089247
1489,0.000295383965324
1490,0.000295376835996
1491,0.000295369701261
1492,0.000295362561122
1493,0.000295355415578
1494,0.00029534826463
1495,0.000295341108277
1496,0.000295333946521
1497,0.000295326779361
1498,0.000295319606798
1499,0.000295312428831
1500,0.000295305245462
1501,0.000295298056691
1502,0.000295290862518
1503,0.000295283662942
1504,0.000295276457966
1505,0.000295269247588
1506,0.000295262031809
1507,0.000295254810629
1508,0.00029524758405
1509,0.00029524035207
1510,0.00029523311469
1511,0.000295225871911
1512,0.000295218623733
1513,0.000295211370157
1514,0.000295204111181
1515,0.000295196846808
1516,0.000295189577037
1517,0.000295182301868
1518,0.000295175021301
1519,0.000295167735338
1520,0.000295160443978
1521,0.000295153147222
1522,0.000295145845069
1523,0.000295138537521
1524,0.000295131224578
1525,0.000295123906239
1526,0.000295116582505
1527,0.000295109253377
1528,0.000295101918854
1529,0.000295094578938
1530,0.000295087233627
1531,0.000295079882924
1532,0.000295072526827
1533,0.000295065165338
1534,0.000295057798456
1535,0.000295050426182
1536,0.000295043048517
1537,0.000295035665459
1538,0.000295028277011
1539,0.000295020883172
1540,0.000295013483942
1541,0.000295006079321
1542,0.000294998669311
1543,0.000294991253911
1544,0.000294983833122
1545,0.000294976406943
1546,0.000294968975376
1547,0.000294961538421
1548,0.000294954096077
1549,0.000294946648345
1550,0.000294939195226
1551,0.00029493173672
1552,0.000294924272827
1553,0.000294916803547
1554,0.000294909328881
1555,0.000294901848829
1556,0.000294894363391
1557,0.000294886872568
1558,0.00029487937636
1559,0.000294871874767
1560,0.00029486436779
1561,0.000294856855428
1562,0.000294849337683
1563,0.000294841814554
1564,0.000294834286042
1565,0.000294826752148
1566,0.00029481921287
1567,0.000294811668211
1568,0.000294804118169
1569,0.000294796562746
1570,0.000294789001942
1571,0.000294781435757
1572,0.00029477386419
1573,0.000294766287244
1574,0.000294758704918
1575,0.000294751117211
1576,0.000294743524126
1577,0.000294735925661
1578,0.000294728321818
1579,0.000294720712596
1580,0.000294713097995
1581,0.000294705478017
1582,0.000294697852662
1583,0.000294690221929
1584,0.00029468258582
1585,0.000294674944333
1586,0.000294667297471
1587,0.000294659645233
1588,0.000294651987619
1589,0.000294644324629
1590,0.000294636656265
1591,0.000294628982526
1592,0.000294621303413
1593,0.000294613618925
1594,0.000294605929064
1595,0.00029459823383
1596,0.000294590533222
1597,0.000294582827242
1598,0.000294575115889
1599,0.000294567399164
1600,0.000294559677067
1601,0.000294551949599
1602,0.00029454421676
1603,0.00029453647855
1604,0.000294528734969
1605,0.000294520986018
1606,0.000294513231697
1607,0.000294505472007
1608,0.000294497706948
1609,0.000294489936519
1610,0.000294482160722
1611,0.000294474379557
1612,0.000294466593023
1613,0.000294458801123
1614,0.000294451003854
1615,0.000294443201219
1616,0.000294435393217
1617,0.000294427579849
1618,0.000294419761115
1619,0.000294411937015
1620,0.00029440410755
1621,0.00029439627272
1622,0.000294388432525
1623,0.000294380586966
1624,0.000294372736042
1625,0.000294364879755
1626,0.000294357018105
1627,0.000294349151091
1628,0.000294341278715
1629,0.000294333400976
1630,0.000294325517875
1631,0.000294317629412
1632,0.000294309735588
1633,0.000294301836403
1634,0.000294293931857
1635,0.000294286021951
1636,0.000294278106684
1637,0.000294270186058
1638,0.000294262260072
1639,0.000294254328727
1640,0.000294246392023
1641,0.000294238449961
1642,0.00029423050254
1643,0.000294222549762
1644,0.000294214591626
1645,0.000294206628133
1646,0.000294198659283
1647,0.000294190685077
1648,0.000294182705514
1649,0.000294174720596
1650,0.000294166730322
1651,0.000294158734693
1652,0.000294150733709
1653,0.00029414272737
1654,0.000294134715678
1655,0.000294126698631
1656,0.000294118676231
1657,0.000294110648478
1658,0.000294102615372
1659,0.000294094576913
1660,0.000294086533102
1661,0.000294078483939
1662,0.000294070429425
1663,0.00029406236956
1664,0.000294054304343
1665,0.000294046233777
1666,0.00029403815786
1667,0.000294030076593
1668,0.000294021989976
1669,0.000294013898011
1670,0.000294005800696
1671,0.000293997698033
1672,0.000293989590022
1673,0.000293981476663
1674,0.000293973357956
1675,0.000293965233903
1676,0.000293957104502
1677,0.000293948969755
1678,0.000293940829662
1679,0.000293932684223
1680,0.000293924533438
1681,0.000293916377309
1682,0.000293908215834
1683,0.000293900049015
1684,0.000293891876852
1685,0.000293883699345
1686,0.000293875516495
1687,0.000293867328302
1688,0.000293859134765
1689,0.000293850935887
1690,0.000293842731666
1691,0.000293834522104
1692,0.0002938263072
1693,0.000293818086955
1694,0.000293809861369
1695,0.000293801630443
1696,0.000293793394177
1697,0.000293785152571
1698,0.000293776905625
1699,0.000293768653341
1700,0.000293760395718
1701,0.000293752132757
1702,0.000293743864458
1703,0.000293735590821
1704,0.000293727311846
1705,0.000293719027535
1706,0.000293710737887
1707,0.000293702442903
1708,0.000293694142583
1709,0.000293685836927
1710,0.000293677525936
1711,0.00029366920961
1712,0.00029366088795
1713,0.000293652560955
1714,0.000293644228627
1715,0.000293635890965
1716,0.00029362754797
1717,0.000293619199641
1718,0.000293610845981
1719,0.000293602486988
1720,0.000293594122664
1721,0.000293585753008
1722,0.000293577378021
1723,0.000293568997703
1724,0.000293560612055
1725,0.000293552221076
1726,0.000293543824769
1727,0.000293535423131
1728,0.000293527016165
1729,0.00029351860387
1730,0.000293510186246
1731,0.000293501763295
1732,0.000293493335016
1733,0.00029348490141
1734,0.000293476462477
1735,0.000293468018217
1736,0.000293459568631
1737,0.000293451113719
1738,0.000293442653482
1739,0.00029343418792
1740,0.000293425717032
1741,0.000293417240821
1742,0.000293408759285
1743,0.000293400272425
1744,0.000293391780242
1745,0.000293383282736
1746,0.000293374779907
1747,0.000293366271756
1748,0.000293357758283
1749,0.000293349239488
1750,0.000293340715372
1751,0.000293332185935
1752,0.000293323651177
1753,0.000293315111099
1754,0.000293306565701
1755,0.000293298014984
1756,0.000293289458947
1757,0.000293280897592
1758,0.000293272330918
1759,0.000293263758927
1760,0.000293255181617
1761,0.00029324659899
1762,0.000293238011046
1763,0.000293229417785
1764,0.000293220819208
1765,0.000293212215315
1766,0.000293203606106
1767,0.000293194991582
1768,0.000293186371743
1769,0.00029317774659
1770,0.000293169116123
1771,0.000293160480341
1772,0.000293151839246
1773,0.000293143192838
1774,0.000293134541118
1775,0.000293125884084
1776,0.000293117221739
1777,0.000293108554082
1778,0.000293099881114
1779,0.000293091202835
1780,0.000293082519245
1781,0.000293073830346
1782,0.000293065136136
1783,0.000293056436616
1784,0.000293047731788
1785,0.000293039021651
1786,0.000293030306205
1787,0.000293021585451
1788,0.000293012859389
1789,0.000293004128021
1790,0.000292995391345
1791,0.000292986649362
1792,0.000292977902073
1793,0.000292969149479
1794,0.000292960391579
1795,0.000292951628373
1796,0.000292942859863
1797,0.000292934086048
1798,0.00029292530693
1799,0.000292916522507
1800,0.000292907732781
1801,0.000292898937753
1802,0.000292890137421
1803,0.000292881331788
1804,0.000292872520852
1805,0.000292863704615
1806,0.000292854883077
1807,0.000292846056238
1808,0.000292837224098
1809,0.000292828386658
1810,0.000292819543919
1811,0.000292810695881
1812,0.000292801842543
1813,0.000292792983907
1814,0.000292784119972
1815,0.00029277525074
1816,0.00029276637621
1817,0.000292757496383
1818,0.00029274861126
1819,0.00029273972084
1820,0.000292730825124
1821,0.000292721924112
1822,0.000292713017805
1823,0.000292704106203
1824,0.000292695189306
1825,0.000292686267116
1826,0.000292677339631
1827,0.000292668406853
1828,0.000292659468782
1829,0.000292650525418
1830,0.000292641576762
1831,0.000292632622814
1832,0.000292623663575
1833,0.000292614699044
1834,0.000292605729222
1835,0.00029259675411
1836,0.000292587773708
1837,0.000292578788016
1838,0.000292569797035
1839,0.000292560800764
1840,0.000292551799205
1841,0.000292542792358
1842,0.000292533780223
1843,0.000292524762801
1844,0.000292515740091
1845,0.000292506712095
1846,0.000292497678812
1847,0.000292488640244
1848,0.000292479596389
1849,0.00029247054725
1850,0.000292461492825
1851,0.000292452433116
1852,0.000292443368123
1853,0.000292434297847
1854,0.000292425222286
1855,0.000292416141443
1856,0.000292407055318
1857,0.00029239796391
1858,0.00029238886722
1859,0.000292379765249
1860,0.000292370657996
1861,0.000292361545463
1862,0.00029235242765
1863,0.000292343304556
1864,0.000292334176183
1865,0.000292325042531
1866,0.0002923159036
1867,0.00029230675939
1868,0.000292297609903
1869,0.000292288455137
1870,0.000292279295095
1871,0.000292270129775
1872,0.000292260959179
1873,0.000292251783307
1874,0.000292242602159
1875,0.000292233415735
1876,0.000292224224036
1877,0.000292215027063
1878,0.000292205824816
1879,0.000292196617294
1880,0.0002921874045
1881,0.000292178186432
1882,0.000292168963091
1883,0.000292159734478
1884,0.000292150500593
1885,0.000292141261436
1886,0.000292132017008
1887,0.000292122767309
1888,0.00029211351234
1889,0.000292104252101
1890,0.000292094986592
1891,0.000292085715814
1892,0.000292076439767
1893,0.000292067158451
1894,0.000292057871867
1895,0.000292048580016
1896,0.000292039282897
1897,0.000292029980511
1898,0.000292020672858
1899,0.000292011359939
1900,0.000292002041755
1901,0.000291992718305
1902,0.00029198338959
1903,0.00029197405561
1904,0.000291964716366
1905,0.000291955371858
1906,0.000291946022087
1907,0.000291936667052
1908,0.000291927306755
1909,0.000291917941195
1910,0.000291908570374
1911,0.000291899194291
1912,0.000291889812946
1913,0.000291880426341
1914,0.000291871034476
1915,0.00029186163735
1916,0.000291852234965
1917,0.000291842827321
1918,0.000291833414417
1919,0.000291823996256
1920,0.000291814572836
1921,0.000291805144159
1922,0.000291795710224
1923,0.000291786271032
1924,0.000291776826584
1925,0.00029176737688
1926,0.00029175792192
1927,0.000291748461705
1928,0.000291738996235
1929,0.00029172952551
1930,0.000291720049531
1931,0.000291710568299
1932,0.000291701081813
1933,0.000291691590074
1934,0.000291682093083
1935,0.000291672590839
1936,0.000291663083344
1937,0.000291653570597
1938,0.000291644052599
1939,0.00029163452935
1940,0.000291625000852
1941,0.000291615467103
1942,0.000291605928106
1943,0.000291596383859
1944,0.000291586834363
1945,0.00029157727962
1946,0.000291567719628
1947,0.000291558154389
1948,0.000291548583903
1949,0.00029153900817
1950,0.000291529427191
1951,0.000291519840967
1952,0.000291510249496
1953,0.000291500652781
1954,0.000291491050821
1955,0.000291481443617
1956,0.000291471831169
1957,0.000291462213478
1958,0.000291452590543
1959,0.000291442962366
1960,0.000291433328946
1961,0.000291423690285
1962,0.000291414046382
1963,0.000291404397238
1964,0.000291394742854
1965,0.000291385083229
1966,0.000291375418364
1967,0.00029136574826
1968,0.000291356072917
1969,0.000291346392335
1970,0.000291336706515
1971,0.000291327015457
1972,0.000291317319162
1973,0.000291307617629
1974,0.00029129791086
1975,0.000291288198855
1976,0.000291278481613
1977,0.000291268759137
1978,0.000291259031425
1979,0.000291249298479
1980,0.000291239560298
1981,0.000291229816884
1982,0.000291220068236
1983,0.000291210314355
1984,0.000291200555241
1985,0.000291190790896
1986,0.000291181021318
1987,0.000291171246509
1988,0.000291161466469
1989,0.000291151681199
1990,0.000291141890698
1991,0.000291132094968
1992,0.000291122294008
1993,0.000291112487819
1994,0.000291102676402
1995,0.000291092859756
1996,0.000291083037883
1997,0.000291073210782
1998,0.000291063378455
1999,0.000291053540901
2000,0.00029104369812
2001,0.000291033850115
2002,0.000291023996883
2003,0.000291014138427
2004,0.000291004274747
2005,0.000290994405842
2006,0.000290984531714
2007,0.000290974652362
2008,0.000290964767788
2009,0.000290954877991
2010,0.000290944982972
2011,0.000290935082731
2012,0.00029092517727
2013,0.000290915266587
2014,0.000290905350684
2015,0.000290895429561
2016,0.000290885503219
2017,0.000290875571657
2018,0.000290865634877
2019,0.000290855692878
2020,0.000290845745662
2021,0.000290835793228
2022,0.000290825835576
2023,0.000290815872709
2024,0.000290805904624
2025,0.000290795931324
2026,0.000290785952809
2027,0.000290775969079
2028,0.000290765980134
2029,0.000290755985974
2030,0.000290745986601
2031,0.000290735982015
2032,0.000290725972216
2033,0.000290715957204
2034,0.00029070593698
2035,0.000290695911544
2036,0.000290685880897
2037,0.000290675845039
2038,0.000290665803971
2039,0.000290655757692
2040,0.000290645706204
2041,0.000290635649507
2042,0.000290625587601
2043,0.000290615520487
2044,0.000290605448165
2045,0.000290595370635
2046,0.000290585287898
2047,0.000290575199954
2048,0.000290565106804
2049,0.000290555008448
2050,0.000290544904887
2051,0.00029053479612
2052,0.00029052468215
2053,0.000290514562974
2054,0.000290504438595
2055,0.000290494309013
2056,0.000290484174228
2057,0.00029047403424
2058,0.00029046388905
2059,0.000290453738659
2060,0.000290443583066
2061,0.000290433422273
2062,0.000290423256279
2063,0.000290413085085
2064,0.000290402908691
2065,0.000290392727099
2066,0.000290382540307
2067,0.000290372348318
2068,0.00029036215113
2069,0.000290351948745
2070,0.000290341741163
2071,0.000290331528384
2072,0.000290321310409
2073,0.000290311087239
2074,0.000290300858873
2075,0.000290290625312
2076,0.000290280386557
2077,0.000290270142607
2078,0.000290259893464
2079,0.000290249639128
2080,0.000290239379599
2081,0.000290229114878
2082,0.000290218844964
2083,0.000290208569859
2084,0.000290198289564
2085,0.000290188004077
2086,0.0002901777134
2087,0.000290167417533
2088,0.000290157116477
2089,0.000290146810232
2090,0.000290136498799
2091,0.000290126182177
2092,0.000290115860368
2093,0.000290105533372
2094,0.000290095201188
2095,0.000290084863819
2096,0.000290074521263
2097,0.000290064173522
2098,0.000290053820595
2099,0.000290043462484
2100,0.000290033099189
2101,0.00029002273071
2102,0.000290012357048
2103,0.000290001978202
2104,0.000289991594175
2105,0.000289981204965
2106,0.000289970810573
2107,0.000289960411
2108,0.000289950006247
2109,0.000289939596313
2110,0.000289929181199
2111,0.000289918760905
2112,0.000289908335433
2113,0.000289897904781
2114,0.000289887468952
2115,0.000289877027945
2116,0.00028986658176
2117,0.000289856130399
2118,0.000289845673861
2119,0.000289835212147
2120,0.000289824745258
2121,0.000289814273193
2122,0.000289803795954
2123,0.00028979331354
2124,0.000289782825952
2125,0.000289772333191
2126,0.000289761835257
2127,0.000289751332151
2128,0.000289740823872
2129,0.000289730310422
2130,0.0002897197918
2131,0.000289709268007
2132,0.000289698739045
2133,0.000289688204912
2134,0.000289677665609
2135,0.000289667121138
2136,0.000289656571498
2137,0.00028964601669
2138,0.000289635456714
2139,0.00028962489157
2140,0.00028961432126
2141,0.000289603745783
2142,0.000289593165141
2143,0.000289582579332
2144,0.000289571988359
2145,0.000289561392221
2146,0.000289550790919
2147,0.000289540184452
2148,0.000289529572823
2149,0.00028951895603
2150,0.000289508334075
2151,0.000289497706958
2152,0.00028948707468
2153,0.00028947643724
2154,0.000289465794639
2155,0.000289455146879
2156,0.000289444493958
2157,0.000289433835878
2158,0.000289423172639
2159,0.000289412504241
2160,0.000289401830685
2161,0.000289391151972
2162,0.000289380468102
2163,0.000289369779074
2164,0.000289359084891
2165,0.000289348385551
2166,0.000289337681057
2167,0.000289326971407
2168,0.000289316256602
2169,0.000289305536644
2170,0.000289294811532
2171,0.000289284081267
2172,0.000289273345848
2173,0.000289262605278
2174,0.000289251859556
2175,0.000289241108682
2176,0.000289230352658
2177,0.000289219591482
2178,0.000289208825157
2179,0.000289198053682
2180,0.000289187277058
2181,0.000289176495285
2182,0.000289165708364
2183,0.000289154916295
2184,0.000289144119079
2185,0.000289133316716
2186,0.000289122509206
2187,0.00028911169655
2188,0.000289100878748
2189,0.000289090055802
2190,0.00028907922771
2191,0.000289068394475
2192,0.000289057556095
2193,0.000289046712572
2194,0.000289035863907
2195,0.000289025010098
2196,0.000289014151148
2197,0.000289003287056
2198,0.000288992417823
2199,0.00028898154345
2200,0.000288970663936
2201,0.000288959779283
2202,0.00028894888949
2203,0.000288937994558
2204,0.000288927094488
2205,0.00028891618928
2206,0.000288905278934
2207,0.000288894363451
2208,0.000288883442832
2209,0.000288872517077
2210,0.000288861586186
2211,0.000288850650159
2212,0.000288839708998
2213,0.000288828762703
2214,0.000288817811274
2215,0.000288806854711
2216,0.000288795893015
2217,0.000288784926187
2218,0.000288773954226
2219,0.000288762977135
2220,0.000288751994912
2221,0.000288741007558
2222,0.000288730015074
2223,0.00028871901746
2224,0.000288708014717
2225,0.000288697006845
2226,0.000288685993844
2227,0.000288674975716
2228,0.00028866395246
2229,0.000288652924077
2230,0.000288641890568
2231,0.000288630851932
2232,0.000288619808171
2233,0.000288608759284
2234,0.000288597705273
2235,0.000288586646137
2236,0.000288575581878
2237,0.000288564512495
2238,0.000288553437989
2239,0.000288542358361
2240,0.000288531273611
2241,0.000288520183739
2242,0.000288509088746
2243,0.000288497988633
2244,0.000288486883399
2245,0.000288475773046
2246,0.000288464657573
2247,0.000288453536982
2248,0.000288442411272
2249,0.000288431280445
2250,0.0002884201445
2251,0.000288409003438
2252,0.000288397857259
2253,0.000288386705965
2254,0.000288375549555
2255,0.00028836438803
2256,0.00028835322139
2257,0.000288342049636
2258,0.000288330872769
2259,0.000288319690788
2260,0.000288308503695
2261,0.000288297311489
2262,0.000288286114171
2263,0.000288274911742
2264,0.000288263704202
2265,0.000288252491551
2266,0.000288241273791
2267,0.000288230050921
2268,0.000288218822942
2269,0.000288207589854
2270,0.000288196351659
2271,0.000288185108355
2272,0.000288173859945
2273,0.000288162606427
2274,0.000288151347804
2275,0.000288140084074
2276,0.00028812881524
2277,0.0002881175413
2278,0.000288106262256
2279,0.000288094978108
2280,0.000288083688857
2281,0.000288072394503
2282,0.000288061095046
2283,0.000288049790487
2284,0.000288038480826
2285,0.000288027166065
2286,0.000288015846202
2287,0.00028800452124
2288,0.000287993191178
2289,0.000287981856016
2290,0.000287970515756
2291,0.000287959170398
2292,0.000287947819942
2293,0.000287936464388
2294,0.000287925103737
2295,0.000287913737991
2296,0.000287902367148
2297,0.000287890991209
2298,0.000287879610176
2299,0.000287868224048
2300,0.000287856832826
2301,0.000287845436511
2302,0.000287834035102
2303,0.000287822628601
2304,0.000287811217007
2305,0.000287799800322
2306,0.000287788378546
2307,0.000287776951679
2308,0.000287765519721
2309,0.000287754082674
2310,0.000287742640538
2311,0.000287731193312
2312,0.000287719740999
2313,0.000287708283597
2314,0.000287696821108
2315,0.000287685353532
2316,0.00028767388087
2317,0.000287662403121
2318,0.000287650920287
2319,0.000287639432368
2320,0.000287627939364
2321,0.000287616441277
2322,0.000287604938105
2323,0.000287593429851
2324,0.000287581916514
2325,0.000287570398095
2326,0.000287558874594
2327,0.000287547346011
2328,0.000287535812348
2329,0.000287524273605
2330,0.000287512729782
2331,0.00028750118088
2332,0.000287489626898
2333,0.000287478067839
2334,0.000287466503701
2335,0.000287454934486
2336,0.000287443360195
2337,0.000287431780826
2338,0.000287420196382
2339,0.000287408606863
2340,0.000287397012268
2341,0.000287385412599
2342,0.000287373807855
2343,0.000287362198039
2344,0.000287350583149
2345,0.000287338963186
2346,0.000287327338152
2347,0.000287315708045
2348,0.000287304072868
2349,0.00028729243262
2350,0.000287280787302
2351,0.000287269136914
2352,0.000287257481457
2353,0.000287245820931
2354,0.000287234155337
2355,0.000287222484675
2356,0.000287210808946
2357,0.00028719912815
2358,0.000287187442287
2359,0.000287175751359
2360,0.000287164055366
2361,0.000287152354307
2362,0.000287140648185
2363,0.000287128936998
2364,0.000287117220748
2365,0.000287105499435
2366,0.00028709377306
2367,0.000287082041623
2368,0.000287070305124
2369,0.000287058563564
2370,0.000287046816944
2371,0.000287035065264
2372,0.000287023308524
2373,0.000287011546725
2374,0.000286999779868
2375,0.000286988007952
2376,0.000286976230979
2377,0.000286964448949
2378,0.000286952661863
2379,0.00028694086972
2380,0.000286929072522
2381,0.000286917270268
2382,0.00028690546296
2383,0.000286893650598
2384,0.000286881833182
2385,0.000286870010713
2386,0.000286858183192
2387,0.000286846350618
2388,0.000286834512992
2389,0.000286822670315
2390,0.000286810822588
2391,0.00028679896981
2392,0.000286787111983
2393,0.000286775249106
2394,0.000286763381181
2395,0.000286751508207
2396,0.000286739630186
2397,0.000286727747117
2398,0.000286715859002
2399,0.00028670396584
2400,0.000286692067632
2401,0.00028668016438
2402,0.000286668256082
2403,0.00028665634274
2404,0.000286644424355
2405,0.000286632500926
2406,0.000286620572454
2407,0.000286608638939
2408,0.000286596700383
2409,0.000286584756786
2410,0.000286572808148
2411,0.000286560854469
2412,0.000286548895751
2413,0.000286536931993
2414,0.000286524963197
2415,0.000286512989362
2416,0.000286501010489
2417,0.000286489026579
2418,0.000286477037631
2419,0.000286465043648
2420,0.000286453044629
2421,0.000286441040574
2422,0.000286429031484
2423,0.00028641701736
2424,0.000286404998202
2425,0.000286392974011
2426,0.000286380944787
2427,0.00028636891053
2428,0.000286356871242
2429,0.000286344826922
2430,0.000286332777571
2431,0.00028632072319
2432,0.000286308663779
2433,0.000286296599338
2434,0.000286284529869
2435,0.000286272455371
2436,0.000286260375845
2437,0.000286248291292
2438,0.000286236201712
2439,0.000286224107106
2440,0.000286212007474
2441,0.000286199902816
2442,0.000286187793134
2443,0.000286175678427
2444,0.000286163558696
2445,0.000286151433942
2446,0.000286139304165
2447,0.000286127169365
2448,0.000286115029544
2449,0.000286102884701
2450,0.000286090734838
2451,0.000286078579954
2452,0.00028606642005
2453,0.000286054255127
2454,0.000286042085185
2455,0.000286029910225
2456,0.000286017730247
2457,0.000286005545251
2458,0.000285993355239
2459,0.00028598116021
2460,0.000285968960166
2461,0.000285956755106
2462,0.000285944545031
2463,0.000285932329942
2464,0.00028592010984
2465,0.000285907884724
2466,0.000285895654595
2467,0.000285883419454
2468,0.000285871179301
2469,0.000285858934137
2470,0.000285846683962
2471,0.000285834428777
2472,0.000285822168582
2473,0.000285809903378
2474,0.000285797633166
2475,0.000285785357945
2476,0.000285773077716
2477,0.00028576079248
2478,0.000285748502238
2479,0.000285736206989
2480,0.000285723906734
2481,0.000285711601475
2482,0.000285699291211
2483,0.000285686975942
2484,0.000285674655671
2485,0.000285662330396
2486,0.000285650000118
2487,0.000285637664838
2488,0.000285625324557
2489,0.000285612979274
2490,0.000285600628992
2491,0.000285588273709
2492,0.000285575913426
2493,0.000285563548145
2494,0.000285551177864
2495,0.000285538802586
2496,0.000285526422311
2497,0.000285514037038
2498,0.00028550164677
2499,0.000285489251505
2500,0.000285476851244
2501,0.000285464445989
2502,0.00028545203574
2503,0.000285439620496
2504,0.000285427200259
2505,0.00028541477503
2506,0.000285402344808
2507,0.000285389909594
2508,0.000285377469389
2509,0.000285365024193
2510,0.000285352574006
2511,0.00028534011883
2512,0.000285327658665
2513,0.000285315193511
2514,0.000285302723369
2515,0.000285290248239
2516,0.000285277768122
2517,0.000285265283018
2518,0.000285252792929
2519,0.000285240297853
2520,0.000285227797793
2521,0.000285215292747
2522,0.000285202782718
2523,0.000285190267705
2524,0.00028517774771
2525,0.000285165222731
2526,0.000285152692771
2527,0.000285140157829
2528,0.000285127617907
2529,0.000285115073003
2530,0.00028510252312
2531,0.000285089968258
2532,0.000285077408417
2533,0.000285064843597
2534,0.000285052273799
2535,0.000285039699025
2536,0.000285027119273
2537,0.000285014534545
2538,0.000285001944841
2539,0.000284989350163
2540,0.000284976750509
2541,0.000284964145881
2542,0.00028495153628
2543,0.000284938921706
2544,0.000284926302158
2545,0.000284913677639
2546,0.000284901048148
2547,0.000284888413687
2548,0.000284875774254
2549,0.000284863129852
2550,0.00028485048048
2551,0.00028483782614
2552,0.00028482516683
2553,0.000284812502553
2554,0.000284799833309
2555,0.000284787159098
2556,0.00028477447992
2557,0.000284761795777
2558,0.000284749106668
2559,0.000284736412595
2560,0.000284723713557
2561,0.000284711009556
2562,0.000284698300592
2563,0.000284685586665
2564,0.000284672867776
2565,0.000284660143925
2566,0.000284647415113
2567,0.000284634681341
2568,0.000284621942608
2569,0.000284609198917
2570,0.000284596450266
2571,0.000284583696657
2572,0.00028457093809
2573,0.000284558174566
2574,0.000284545406084
2575,0.000284532632647
2576,0.000284519854254
2577,0.000284507070905
2578,0.000284494282602
2579,0.000284481489345
2580,0.000284468691134
2581,0.00028445588797
2582,0.000284443079853
2583,0.000284430266784
2584,0.000284417448764
2585,0.000284404625793
2586,0.000284391797871
2587,0.000284378964999
2588,0.000284366127178
2589,0.000284353284408
2590,0.00028434043669
2591,0.000284327584024
2592,0.000284314726411
2593,0.000284301863851
2594,0.000284288996345
2595,0.000284276123893
2596,0.000284263246496
2597,0.000284250364154
2598,0.000284237476869
2599,0.000284224584639
2600,0.000284211687467
2601,0.000284198785353
2602,0.000284185878296
2603,0.000284172966298
2604,0.000284160049359
2605,0.00028414712748
2606,0.000284134200661
2607,0.000284121268903
2608,0.000284108332206
2609,0.000284095390571
2610,0.000284082443999
2611,0.000284069492489
2612,0.000284056536043
2613,0.00028404357466
2614,0.000284030608342
2615,0.00028401763709
2616,0.000284004660902
2617,0.000283991679781
2618,0.000283978693727
2619,0.00028396570274
2620,0.00028395270682
2621,0.000283939705969
2622,0.000283926700187
2623,0.000283913689474
2624,0.000283900673831
2625,0.000283887653258
2626,0.000283874627756
2627,0.000283861597326
2628,0.000283848561968
2629,0.000283835521682
2630,0.00028382247647
2631,0.000283809426331
2632,0.000283796371267
2633,0.000283783311277
2634,0.000283770246362
2635,0.000283757176524
2636,0.000283744101762
2637,0.000283731022076
2638,0.000283717937469
2639,0.000283704847939
2640,0.000283691753487
2641,0.000283678654115
2642,0.000283665549823
2643,0.00028365244061
2644,0.000283639326479
2645,0.000283626207429
2646,0.00028361308346
2647,0.000283599954574
2648,0.000283586820771
2649,0.000283573682051
2650,0.000283560538415
2651,0.000283547389864
2652,0.000283534236398
2653,0.000283521078017
2654,0.000283507914723
2655,0.000283494746515
2656,0.000283481573395
2657,0.000283468395362
2658,0.000283455212418
2659,0.000283442024562
2660,0.000283428831797
2661,0.000283415634121
2662,0.000283402431535
2663,0.000283389224041
2664,0.000283376011638
2665,0.000283362794328
2666,0.00028334957211
2667,0.000283336344986
2668,0.000283323112955
2669,0.000283309876019
2670,0.000283296634178
2671,0.000283283387432
2672,0.000283270135783
2673,0.000283256879229
2674,0.000283243617773
2675,0.000283230351415
2676,0.000283217080155
2677,0.000283203803994
2678,0.000283190522932
2679,0.000283177236969
2680,0.000283163946108
2681,0.000283150650347
2682,0.000283137349688
2683,0.000283124044131
2684,0.000283110733676
2685,0.000283097418325
2686,0.000283084098077
2687,0.000283070772934
2688,0.000283057442896
2689,0.000283044107963
2690,0.000283030768135
2691,0.000283017423415
2692,0.000283004073801
2693,0.000282990719295
2694,0.000282977359898
2695,0.000282963995609
2696,0.000282950626429
2697,0.000282937252359
2698,0.000282923873399
2699,0.000282910489551
2700,0.000282897100814
2701,0.000282883707189
2702,0.000282870308676
2703,0.000282856905277
2704,0.000282843496991
2705,0.00028283008382
2706,0.000282816665763
2707,0.000282803242822
2708,0.000282789814997
2709,0.000282776382288
2710,0.000282762944696
2711,0.000282749502222
2712,0.000282736054866
2713,0.000282722602629
2714,0.000282709145511
2715,0.000282695683513
2716,0.000282682216636
2717,0.000282668744879
2718,0.000282655268244
2719,0.00028264178673
2720,0.00028262830034
2721,0.000282614809073
2722,0.000282601312929
2723,0.00028258781191
2724,0.000282574306015
2725,0.000282560795246
2726,0.000282547279603
2727,0.000282533759087
2728,0.000282520233697
2729,0.000282506703436
2730,0.000282493168302
2731,0.000282479628298
2732,0.000282466083422
2733,0.000282452533677
2734,0.000282438979062
2735,0.000282425419578
2736,0.000282411855226
2737,0.000282398286006
2738,0.000282384711918
2739,0.000282371132964
2740,0.000282357549144
2741,0.000282343960458
2742,0.000282330366907
2743,0.000282316768492
2744,0.000282303165213
2745,0.00028228955707
2746,0.000282275944065
2747,0.000282262326197
2748,0.000282248703468
2749,0.000282235075878
2750,0.000282221443427
2751,0.000282207806117
2752,0.000282194163946
2753,0.000282180516918
2754,0.00028216686503
2755,0.000282153208286
2756,0.000282139546684
2757,0.000282125880225
2758,0.000282112208911
2759,0.000282098532741
2760,0.000282084851716
2761,0.000282071165837
2762,0.000282057475104
2763,0.000282043779519
2764,0.00028203007908
2765,0.00028201637379
2766,0.000282002663648
2767,0.000281988948655
2768,0.000281975228812
2769,0.000281961504119
2770,0.000281947774577
2771,0.000281934040187
2772,0.000281920300948
2773,0.000281906556862
2774,0.000281892807929
2775,0.00028187905415
2776,0.000281865295525
2777,0.000281851532055
2778,0.00028183776374
2779,0.000281823990581
2780,0.000281810212579
2781,0.000281796429733
2782,0.000281782642046
2783,0.000281768849517
2784,0.000281755052146
2785,0.000281741249935
2786,0.000281727442884
2787,0.000281713630994
2788,0.000281699814264
2789,0.000281685992696
2790,0.000281672166291
2791,0.000281658335048
2792,0.000281644498969
2793,0.000281630658054
2794,0.000281616812303
2795,0.000281602961717
2796,0.000281589106297
2797,0.000281575246044
2798,0.000281561380957
2799,0.000281547511037
2800,0.000281533636286
2801,0.000281519756703
2802,0.00028150587229
2803,0.000281491983046
2804,0.000281478088972
2805,0.000281464190069
2806,0.000281450286338
2807,0.000281436377779
2808,0.000281422464392
2809,0.000281408546178
2810,0.000281394623139
2811,0.000281380695273
2812,0.000281366762583
2813,0.000281352825068
2814,0.000281338882729
2815,0.000281324935566
2816,0.000281310983581
2817,0.000281297026774
2818,0.000281283065145
2819,0.000281269098695
2820,0.000281255127425
2821,0.000281241151335
2822,0.000281227170425
2823,0.000281213184697
2824,0.00028119919415
2825,0.000281185198786
2826,0.000281171198606
2827,0.000281157193608
2828,0.000281143183795
2829,0.000281129169167
2830,0.000281115149723
2831,0.000281101125466
2832,0.000281087096396
2833,0.000281073062512
2834,0.000281059023816
2835,0.000281044980308
2836,0.00028103093199
2837,0.00028101687886
2838,0.000281002820921
2839,0.000280988758172
2840,0.000280974690614
2841,0.000280960618248
2842,0.000280946541075
2843,0.000280932459094
2844,0.000280918372307
2845,0.000280904280714
2846,0.000280890184315
2847,0.000280876083112
2848,0.000280861977105
2849,0.000280847866294
2850,0.00028083375068
2851,0.000280819630264
2852,0.000280805505045
2853,0.000280791375026
2854,0.000280777240206
2855,0.000280763100586
2856,0.000280748956166
2857,0.000280734806948
2858,0.000280720652931
2859,0.000280706494116
2860,0.000280692330505
2861,0.000280678162096
2862,0.000280663988892
2863,0.000280649810893
2864,0.000280635628098
2865,0.00028062144051
2866,0.000280607248128
2867,0.000280593050952
2868,0.000280578848985
2869,0.000280564642225
2870,0.000280550430675
2871,0.000280536214333
2872,0.000280521993202
2873,0.000280507767281
2874,0.000280493536571
2875,0.000280479301073
2876,0.000280465060787
2877,0.000280450815714
2878,0.000280436565855
2879,0.000280422311209
2880,0.000280408051779
2881,0.000280393787563
2882,0.000280379518563
2883,0.00028036524478
2884,0.000280350966214
2885,0.000280336682865
2886,0.000280322394734
2887,0.000280308101823
2888,0.00028029380413
2889,0.000280279501658
2890,0.000280265194406
2891,0.000280250882376
2892,0.000280236565567
2893,0.00028022224398
2894,0.000280207917617
2895,0.000280193586477
2896,0.000280179250561
2897,0.00028016490987
2898,0.000280150564404
2899,0.000280136214164
2900,0.00028012185915
2901,0.000280107499364
2902,0.000280093134806
2903,0.000280078765475
2904,0.000280064391374
2905,0.000280050012502
2906,0.00028003562886
2907,0.000280021240449
2908,0.000280006847269
2909,0.000279992449321
2910,0.000279978046605
2911,0.000279963639123
2912,0.000279949226874
2913,0.000279934809859
2914,0.000279920388079
2915,0.000279905961535
2916,0.000279891530227
2917,0.000279877094155
2918,0.000279862653321
2919,0.000279848207725
2920,0.000279833757367
2921,0.000279819302248
2922,0.000279804842368
2923,0.000279790377729
2924,0.000279775908331
2925,0.000279761434174
2926,0.00027974695526
2927,0.000279732471587
2928,0.000279717983159
2929,0.000279703489974
2930,0.000279688992033
2931,0.000279674489338
2932,0.000279659981888
2933,0.000279645469684
2934,0.000279630952728
2935,0.000279616431018
2936,0.000279601904557
2937,0.000279587373344
2938,0.000279572837381
2939,0.000279558296668
2940,0.000279543751205
2941,0.000279529200993
2942,0.000279514646033
2943,0.000279500086325
2944,0.00027948552187
2945,0.000279470952668
2946,0.000279456378721
2947,0.000279441800028
2948,0.000279427216591
2949,0.000279412628409
2950,0.000279398035484
2951,0.000279383437816
2952,0.000279368835406
2953,0.000279354228254
2954,0.000279339616361
2955,0.000279324999727
2956,0.000279310378354
2957,0.000279295752242
2958,0.00027928112139
2959,0.000279266485801
2960,0.000279251845474
2961,0.000279237200411
2962,0.000279222550611
2963,0.000279207896076
2964,0.000279193236806
2965,0.000279178572801
2966,0.000279163904062
2967,0.000279149230591
2968,0.000279134552386
2969,0.00027911986945
2970,0.000279105181783
2971,0.000279090489384
2972,0.000279075792256
2973,0.000279061090398
2974,0.000279046383811
2975,0.000279031672496
2976,0.000279016956453
2977,0.000279002235683
2978,0.000278987510186
2979,0.000278972779964
2980,0.000278958045016
2981,0.000278943305344
2982,0.000278928560948
2983,0.000278913811828
2984,0.000278899057986
2985,0.000278884299421
2986,0.000278869536135
2987,0.000278854768127
2988,0.0002788399954
2989,0.000278825217952
2990,0.000278810435786
2991,0.000278795648901
2992,0.000278780857298
2993,0.000278766060977
2994,0.000278751259941
2995,0.000278736454187
2996,0.000278721643719
2997,0.000278706828536
2998,0.000278692008638
2999,0.000278677184027
3000,0.000278662354703
3001,0.000278647520666
3002,0.000278632681918
3003,0.000278617838458
3004,0.000278602990288
3005,0.000278588137408
3006,0.000278573279819
3007,0.000278558417521
3008,0.000278543550515
3009,0.000278528678802
3010,0.000278513802381
3011,0.000278498921255
3012,0.000278484035423
3013,0.000278469144886
3014,0.000278454249644
3015,0.000278439349699
3016,0.00027842444505
3017,0.000278409535699
3018,0.000278394621647
3019,0.000278379702892
3020,0.000278364779438
3021,0.000278349851283
3022,0.000278334918428
3023,0.000278319980875
3024,0.000278305038624
3025,0.000278290091675
3026,0.000278275140029
3027,0.000278260183687
3028,0.000278245222649
3029,0.000278230256916
3030,0.000278215286489
3031,0.000278200311368
3032,0.000278185331553
3033,0.000278170347046
3034,0.000278155357847
3035,0.000278140363957
3036,0.000278125365375
3037,0.000278110362104
3038,0.000278095354143
3039,0.000278080341494
3040,0.000278065324156
3041,0.00027805030213
3042,0.000278035275417
3043,0.000278020244018
3044,0.000278005207934
3045,0.000277990167164
3046,0.000277975121709
3047,0.000277960071571
3048,0.00027794501675
3049,0.000277929957245
3050,0.000277914893059
3051,0.000277899824191
3052,0.000277884750643
3053,0.000277869672414
3054,0.000277854589506
3055,0.000277839501919
3056,0.000277824409654
3057,0.000277809312711
3058,0.000277794211091
3059,0.000277779104795
3060,0.000277763993823
3061,0.000277748878176
3062,0.000277733757854
3063,0.000277718632858
3064,0.00027770350319
3065,0.000277688368848
3066,0.000277673229835
3067,0.00027765808615
3068,0.000277642937794
3069,0.000277627784768
3070,0.000277612627073
3071,0.000277597464709
3072,0.000277582297677
3073,0.000277567125977
3074,0.00027755194961
3075,0.000277536768576
3076,0.000277521582877
3077,0.000277506392513
3078,0.000277491197485
3079,0.000277475997792
3080,0.000277460793437
3081,0.000277445584419
3082,0.000277430370739
3083,0.000277415152397
3084,0.000277399929395
3085,0.000277384701733
3086,0.000277369469412
3087,0.000277354232431
3088,0.000277338990793
3089,0.000277323744497
3090,0.000277308493544
3091,0.000277293237935
3092,0.00027727797767
3093,0.00027726271275
3094,0.000277247443176
3095,0.000277232168948
3096,0.000277216890067
3097,0.000277201606534
3098,0.000277186318349
3099,0.000277171025512
3100,0.000277155728025
3101,0.000277140425889
3102,0.000277125119102
3103,0.000277109807668
3104,0.000277094491585
3105,0.000277079170855
3106,0.000277063845478
3107,0.000277048515455
3108,0.000277033180786
3109,0.000277017841473
3110,0.000277002497515
3111,0.000276987148914
3112,0.00027697179567
3113,0.000276956437783
3114,0.000276941075255
3115,0.000276925708086
3116,0.000276910336277
3117,0.000276894959828
3118,0.000276879578739
3119,0.000276864193013
3120,0.000276848802648
3121,0.000276833407646
3122,0.000276818008008
3123,0.000276802603733
3124,0.000276787194824
3125,0.00027677178128
3126,0.000276756363101
3127,0.00027674094029
3128,0.000276725512846
3129,0.000276710080769
3130,0.000276694644061
3131,0.000276679202723
3132,0.000276663756754
3133,0.000276648306155
3134,0.000276632850928
3135,0.000276617391073
3136,0.00027660192659
3137,0.00027658645748
3138,0.000276570983743
3139,0.000276555505381
3140,0.000276540022394
3141,0.000276524534783
3142,0.000276509042548
3143,0.000276493545689
3144,0.000276478044208
3145,0.000276462538106
3146,0.000276447027382
3147,0.000276431512038
3148,0.000276415992073
3149,0.00027640046749
3150,0.000276384938288
3151,0.000276369404468
3152,0.00027635386603
3153,0.000276338322976
3154,0.000276322775306
3155,0.000276307223021
3156,0.000276291666121
3157,0.000276276104606
3158,0.000276260538478
3159,0.000276244967738
3160,0.000276229392385
3161,0.000276213812421
3162,0.000276198227846
3163,0.00027618263866
3164,0.000276167044865
3165,0.000276151446462
3166,0.000276135843449
3167,0.00027612023583
3168,0.000276104623603
3169,0.00027608900677
3170,0.000276073385331
3171,0.000276057759287
3172,0.000276042128639
3173,0.000276026493387
3174,0.000276010853532
3175,0.000275995209074
3176,0.000275979560015
3177,0.000275963906354
3178,0.000275948248093
3179,0.000275932585232
3180,0.000275916917772
3181,0.000275901245713
3182,0.000275885569057
3183,0.000275869887803
3184,0.000275854201952
3185,0.000275838511506
3186,0.000275822816464
3187,0.000275807116828
3188,0.000275791412597
3189,0.000275775703774
3190,0.000275759990357
3191,0.000275744272349
3192,0.000275728549749
3193,0.000275712822558
3194,0.000275697090777
3195,0.000275681354407
3196,0.000275665613448
3197,0.000275649867901
3198,0.000275634117766
3199,0.000275618363045
3200,0.000275602603737
3201,0.000275586839844
3202,0.000275571071366
3203,0.000275555298303
3204,0.000275539520657
3205,0.000275523738429
3206,0.000275507951618
3207,0.000275492160225
3208,0.000275476364251
3209,0.000275460563697
3210,0.000275444758564
3211,0.000275428948851
3212,0.000275413134561
3213,0.000275397315692
3214,0.000275381492246
3215,0.000275365664224
3216,0.000275349831627
3217,0.000275333994454
3218,0.000275318152707
3219,0.000275302306386
3220,0.000275286455492
3221,0.000275270600026
3222,0.000275254739988
3223,0.000275238875379
3224,0.000275223006199
3225,0.00027520713245
3226,0.000275191254131
3227,0.000275175371244
3228,0.000275159483789
3229,0.000275143591767
3230,0.000275127695179
3231,0.000275111794024
3232,0.000275095888305
3233,0.000275079978021
3234,0.000275064063173
3235,0.000275048143762
3236,0.000275032219788
3237,0.000275016291253
3238,0.000275000358156
3239,0.000274984420499
3240,0.000274968478281
3241,0.000274952531505
3242,0.00027493658017
3243,0.000274920624277
3244,0.000274904663827
3245,0.00027488869882
3246,0.000274872729257
3247,0.000274856755139
3248,0.000274840776467
3249,0.00027482479324
3250,0.00027480880546
3251,0.000274792813128
3252,0.000274776816243
3253,0.000274760814808
3254,0.000274744808821
3255,0.000274728798285
3256,0.000274712783199
3257,0.000274696763565
3258,0.000274680739383
3259,0.000274664710653
3260,0.000274648677377
3261,0.000274632639555
3262,0.000274616597187
3263,0.000274600550275
3264,0.000274584498819
3265,0.00027456844282
3266,0.000274552382278
3267,0.000274536317194
3268,0.000274520247568
3269,0.000274504173402
3270,0.000274488094696
3271,0.000274472011451
3272,0.000274455923667
3273,0.000274439831345
3274,0.000274423734485
3275,0.000274407633089
3276,0.000274391527157
3277,0.00027437541669
3278,0.000274359301688
3279,0.000274343182152
3280,0.000274327058083
3281,0.000274310929481
3282,0.000274294796347
3283,0.000274278658682
3284,0.000274262516486
3285,0.00027424636976
3286,0.000274230218505
3287,0.000274214062722
3288,0.00027419790241
3289,0.000274181737571
3290,0.000274165568205
3291,0.000274149394314
3292,0.000274133215897
3293,0.000274117032956
3294,0.00027410084549
3295,0.000274084653502
3296,0.00027406845699
3297,0.000274052255957
3298,0.000274036050403
3299,0.000274019840328
3300,0.000274003625733
3301,0.000273987406619
3302,0.000273971182986
3303,0.000273954954835
3304,0.000273938722168
3305,0.000273922484983
3306,0.000273906243283
3307,0.000273889997067
3308,0.000273873746337
3309,0.000273857491094
3310,0.000273841231337
3311,0.000273824967067
3312,0.000273808698286
3313,0.000273792424993
3314,0.00027377614719
3315,0.000273759864878
3316,0.000273743578056
3317,0.000273727286725
3318,0.000273710990887
3319,0.000273694690542
3320,0.00027367838569
3321,0.000273662076333
3322,0.00027364576247
3323,0.000273629444103
3324,0.000273613121233
3325,0.000273596793859
3326,0.000273580461983
3327,0.000273564125605
3328,0.000273547784727
3329,0.000273531439347
3330,0.000273515089469
3331,0.000273498735091
3332,0.000273482376215
3333,0.000273466012841
3334,0.000273449644971
3335,0.000273433272604
3336,0.000273416895741
3337,0.000273400514384
3338,0.000273384128532
3339,0.000273367738187
3340,0.000273351343349
3341,0.000273334944019
3342,0.000273318540197
3343,0.000273302131885
3344,0.000273285719082
3345,0.00027326930179
3346,0.000273252880009
3347,0.000273236453739
3348,0.000273220022983
3349,0.00027320358774
3350,0.00027318714801
3351,0.000273170703795
3352,0.000273154255096
3353,0.000273137801913
3354,0.000273121344246
3355,0.000273104882096
3356,0.000273088415465
3357,0.000273071944352
3358,0.000273055468759
3359,0.000273038988685
3360,0.000273022504133
3361,0.000273006015102
3362,0.000272989521593
3363,0.000272973023607
3364,0.000272956521144
3365,0.000272940014205
3366,0.000272923502792
3367,0.000272906986904
3368,0.000272890466542
3369,0.000272873941707
3370,0.0002728574124
3371,0.000272840878621
3372,0.00027282434037
3373,0.00027280779765
3374,0.00027279125046
3375,0.000272774698801
3376,0.000272758142674
3377,0.000272741582079
3378,0.000272725017017
3379,0.000272708447489
3380,0.000272691873495
3381,0.000272675295036
3382,0.000272658712114
3383,0.000272642124728
3384,0.000272625532879
3385,0.000272608936568
3386,0.000272592335795
3387,0.000272575730562
3388,0.000272559120869
3389,0.000272542506716
3390,0.000272525888105
3391,0.000272509265036
3392,0.00027249263751
3393,0.000272476005527
3394,0.000272459369088
3395,0.000272442728193
3396,0.000272426082845
3397,0.000272409433042
3398,0.000272392778787
3399,0.000272376120078
3400,0.000272359456919
3401,0.000272342789308
3402,0.000272326117246
3403,0.000272309440735
3404,0.000272292759775
3405,0.000272276074367
3406,0.000272259384511
3407,0.000272242690208
3408,0.000272225991459
3409,0.000272209288264
3410,0.000272192580625
3411,0.000272175868541
3412,0.000272159152014
3413,0.000272142431044
3414,0.000272125705633
3415,0.000272108975779
3416,0.000272092241485
3417,0.000272075502751
3418,0.000272058759578
3419,0.000272042011966
3420,0.000272025259916
3421,0.000272008503429
3422,0.000271991742506
3423,0.000271974977146
3424,0.000271958207352
3425,0.000271941433123
3426,0.00027192465446
3427,0.000271907871365
3428,0.000271891083837
3429,0.000271874291877
3430,0.000271857495486
3431,0.000271840694665
3432,0.000271823889415
3433,0.000271807079736
3434,0.000271790265628
3435,0.000271773447093
3436,0.000271756624131
3437,0.000271739796743
3438,0.00027172296493
3439,0.000271706128692
3440,0.00027168928803
3441,0.000271672442945
3442,0.000271655593438
3443,0.000271638739508
3444,0.000271621881157
3445,0.000271605018386
3446,0.000271588151195
3447,0.000271571279584
3448,0.000271554403556
3449,0.00027153752311
3450,0.000271520638246
3451,0.000271503748967
3452,0.000271486855271
3453,0.000271469957161
3454,0.000271453054637
3455,0.000271436147699
3456,0.000271419236349
3457,0.000271402320586
3458,0.000271385400412
3459,0.000271368475827
3460,0.000271351546833
3461,0.000271334613429
3462,0.000271317675616
3463,0.000271300733396
3464,0.000271283786768
3465,0.000271266835734
3466,0.000271249880294
3467,0.000271232920449
3468,0.0002712159562
3469,0.000271198987547
3470,0.000271182014491
3471,0.000271165037033
3472,0.000271148055173
3473,0.000271131068913
3474,0.000271114078252
3475,0.000271097083192
3476,0.000271080083733
3477,0.000271063079876
3478,0.000271046071622
3479,0.000271029058971
3480,0.000271012041924
3481,0.000270995020482
3482,0.000270977994646
3483,0.000270960964416
3484,0.000270943929792
3485,0.000270926890776
3486,0.000270909847369
3487,0.000270892799571
3488,0.000270875747382
3489,0.000270858690804
3490,0.000270841629837
3491,0.000270824564481
3492,0.000270807494739
3493,0.000270790420609
3494,0.000270773342094
3495,0.000270756259193
3496,0.000270739171908
3497,0.000270722080239
3498,0.000270704984187
3499,0.000270687883752
3500,0.000270670778935
3501,0.000270653669737
3502,0.000270636556159
3503,0.000270619438202
3504,0.000270602315865
3505,0.00027058518915
3506,0.000270568058058
3507,0.000270550922589
3508,0.000270533782744
3509,0.000270516638523
3510,0.000270499489928
3511,0.000270482336958
3512,0.000270465179616
3513,0.000270448017901
3514,0.000270430851814
3515,0.000270413681356
3516,0.000270396506528
3517,0.00027037932733
3518,0.000270362143763
3519,0.000270344955828
3520,0.000270327763525
3521,0.000270310566855
3522,0.000270293365819
3523,0.000270276160418
3524,0.000270258950652
3525,0.000270241736522
3526,0.000270224518029
3527,0.000270207295173
3528,0.000270190067956
3529,0.000270172836377
3530,0.000270155600438
3531,0.000270138360139
3532,0.000270121115482
3533,0.000270103866466
3534,0.000270086613092
3535,0.000270069355362
3536,0.000270052093275
3537,0.000270034826833
3538,0.000270017556036
3539,0.000270000280886
3540,0.000269983001382
3541,0.000269965717525
3542,0.000269948429317
3543,0.000269931136758
3544,0.000269913839848
3545,0.000269896538588
3546,0.00026987923298
3547,0.000269861923023
3548,0.000269844608719
3549,0.000269827290068
3550,0.000269809967071
3551,0.000269792639729
3552,0.000269775308042
3553,0.000269757972011
3554,0.000269740631636
3555,0.00026972328692
3556,0.000269705937861
3557,0.000269688584461
3558,0.000269671226722
3559,0.000269653864642
3560,0.000269636498224
3561,0.000269619127467
3562,0.000269601752373
3563,0.000269584372942
3564,0.000269566989175
3565,0.000269549601073
3566,0.000269532208637
3567,0.000269514811866
3568,0.000269497410762
3569,0.000269480005326
3570,0.000269462595558
3571,0.00026944518146
3572,0.000269427763031
3573,0.000269410340272
3574,0.000269392913185
3575,0.000269375481769
3576,0.000269358046027
3577,0.000269340605957
3578,0.000269323161562
3579,0.000269305712842
3580,0.000269288259797
3581,0.000269270802428
3582,0.000269253340736
3583,0.000269235874722
3584,0.000269218404387
3585,0.00026920092973
3586,0.000269183450754
3587,0.000269165967458
3588,0.000269148479843
3589,0.000269130987911
3590,0.000269113491661
3591,0.000269095991095
3592,0.000269078486213
3593,0.000269060977015
3594,0.000269043463504
3595,0.000269025945679
3596,0.000269008423541
3597,0.000268990897091
3598,0.00026897336633
3599,0.000268955831258
3600,0.000268938291876
3601,0.000268920748184
3602,0.000268903200185
3603,0.000268885647877
3604,0.000268868091263
3605,0.000268850530342
3606,0.000268832965115
3607,0.000268815395584
3608,0.000268797821748
3609,0.000268780243609
3610,0.000268762661168
3611,0.000268745074424
3612,0.000268727483379
3613,0.000268709888034
3614,0.000268692288389
3615,0.000268674684445
3616,0.000268657076203
3617,0.000268639463663
3618,0.000268621846826
3619,0.000268604225693
3620,0.000268586600265
3621,0.000268568970542
3622,0.000268551336525
3623,0.000268533698215
3624,0.000268516055613
3625,0.000268498408719
3626,0.000268480757533
3627,0.000268463102058
3628,0.000268445442293
3629,0.000268427778239
3630,0.000268410109897
3631,0.000268392437268
3632,0.000268374760352
3633,0.000268357079151
3634,0.000268339393664
3635,0.000268321703893
3636,0.000268304009838
3637,0.0002682863115
3638,0.00026826860888
3639,0.000268250901979
3640,0.000268233190797
3641,0.000268215475334
3642,0.000268197755593
3643,0.000268180031573
3644,0.000268162303275
3645,0.0002681445707
3646,0.000268126833849
3647,0.000268109092723
3648,0.000268091347321
3649,0.000268073597645
3650,0.000268055843696
3651,0.000268038085475
3652,0.000268020322981
3653,0.000268002556216
3654,0.000267984785181
3655,0.000267967009876
3656,0.000267949230302
3657,0.00026793144646
3658,0.00026791365835
3659,0.000267895865974
3660,0.000267878069332
3661,0.000267860268424
3662,0.000267842463252
3663,0.000267824653816
3664,0.000267806840117
3665,0.000267789022155
3666,0.000267771199932
3667,0.000267753373449
3668,0.000267735542705
3669,0.000267717707701
3670,0.00026769986844
3671,0.00026768202492
3672,0.000267664177143
3673,0.000267646325109
3674,0.000267628468821
3675,0.000267610608277
3676,0.000267592743478
3677,0.000267574874427
3678,0.000267557001123
3679,0.000267539123566
3680,0.000267521241759
3681,0.000267503355701
3682,0.000267485465393
3683,0.000267467570837
3684,0.000267449672032
3685,0.000267431768979
3686,0.00026741386168
3687,0.000267395950135
3688,0.000267378034344
3689,0.000267360114309
3690,0.000267342190031
3691,0.000267324261509
3692,0.000267306328744
3693,0.000267288391739
3694,0.000267270450492
3695,0.000267252505005
3696,0.000267234555279
3697,0.000267216601315
3698,0.000267198643112
3699,0.000267180680672
3700,0.000267162713997
3701,0.000267144743085
3702,0.000267126767939
3703,0.000267108788558
3704,0.000267090804944
3705,0.000267072817097
3706,0.000267054825019
3707,0.000267036828709
3708,0.000267018828169
3709,0.0002670008234
3710,0.000266982814401
3711,0.000266964801174
3712,0.00026694678372
3713,0.000266928762039
3714,0.000266910736133
3715,0.000266892706001
3716,0.000266874671644
3717,0.000266856633064
3718,0.000266838590262
3719,0.000266820543236
3720,0.00026680249199
3721,0.000266784436523
3722,0.000266766376836
3723,0.000266748312929
3724,0.000266730244804
3725,0.000266712172462
3726,0.000266694095903
3727,0.000266676015127
3728,0.000266657930136
3729,0.00026663984093
3730,0.000266621747511
3731,0.000266603649878
3732,0.000266585548033
3733,0.000266567441976
3734,0.000266549331708
3735,0.00026653121723
3736,0.000266513098542
3737,0.000266494975646
3738,0.000266476848542
3739,0.000266458717231
3740,0.000266440581713
3741,0.00026642244199
3742,0.000266404298061
3743,0.000266386149929
3744,0.000266367997593
3745,0.000266349841054
3746,0.000266331680314
3747,0.000266313515372
3748,0.00026629534623
3749,0.000266277172888
3750,0.000266258995348
3751,0.000266240813609
3752,0.000266222627673
3753,0.00026620443754
3754,0.000266186243211
3755,0.000266168044687
3756,0.000266149841969
3757,0.000266131635057
3758,0.000266113423952
3759,0.000266095208656
3760,0.000266076989167
3761,0.000266058765489
3762,0.00026604053762
3763,0.000266022305562
3764,0.000266004069316
3765,0.000265985828883
3766,0.000265967584262
3767,0.000265949335456
3768,0.000265931082464
3769,0.000265912825287
3770,0.000265894563927
3771,0.000265876298384
3772,0.000265858028659
3773,0.000265839754752
3774,0.000265821476664
3775,0.000265803194396
3776,0.000265784907949
3777,0.000265766617323
3778,0.00026574832252
3779,0.00026573002354
3780,0.000265711720383
3781,0.000265693413051
3782,0.000265675101545
3783,0.000265656785864
3784,0.00026563846601
3785,0.000265620141984
3786,0.000265601813786
3787,0.000265583481418
3788,0.000265565144879
3789,0.00026554680417
3790,0.000265528459294
3791,0.000265510110249
3792,0.000265491757037
3793,0.000265473399659
3794,0.000265455038115
3795,0.000265436672406
3796,0.000265418302534
3797,0.000265399928498
3798,0.000265381550299
3799,0.000265363167939
3800,0.000265344781418
3801,0.000265326390736
3802,0.000265307995895
3803,0.000265289596896
3804,0.000265271193738
3805,0.000265252786423
3806,0.000265234374952
3807,0.000265215959325
3808,0.000265197539543
3809,0.000265179115607
3810,0.000265160687518
3811,0.000265142255276
3812,0.000265123818882
3813,0.000265105378337
3814,0.000265086933642
3815,0.000265068484797
3816,0.000265050031803
3817,0.000265031574662
3818,0.000265013113373
3819,0.000264994647938
3820,0.000264976178356
3821,0.00026495770463
3822,0.00026493922676
3823,0.000264920744746
3824,0.00026490225859
3825,0.000264883768292
3826,0.000264865273853
3827,0.000264846775273
3828,0.000264828272553
3829,0.000264809765695
3830,0.000264791254699
3831,0.000264772739565
3832,0.000264754220295
3833,0.00026473569689
3834,0.000264717169349
3835,0.000264698637674
3836,0.000264680101865
3837,0.000264661561924
3838,0.000264643017851
3839,0.000264624469647
3840,0.000264605917312
3841,0.000264587360848
3842,0.000264568800255
3843,0.000264550235533
3844,0.000264531666685
3845,0.00026451309371
3846,0.000264494516609
3847,0.000264475935383
3848,0.000264457350033
3849,0.00026443876056
3850,0.000264420166964
3851,0.000264401569246
3852,0.000264382967407
3853,0.000264364361447
3854,0.000264345751368
3855,0.00026432713717
3856,0.000264308518854
3857,0.000264289896421
3858,0.000264271269871
3859,0.000264252639205
3860,0.000264234004425
3861,0.00026421536553
3862,0.000264196722522
3863,0.000264178075401
3864,0.000264159424168
3865,0.000264140768825
3866,0.00026412210937
3867,0.000264103445807
3868,0.000264084778134
3869,0.000264066106354
3870,0.000264047430466
3871,0.000264028750472
3872,0.000264010066372
3873,0.000263991378168
3874,0.000263972685859
3875,0.000263953989447
3876,0.000263935288932
3877,0.000263916584315
3878,0.000263897875597
3879,0.00026387916278
3880,0.000263860445862
3881,0.000263841724846
3882,0.000263822999732
3883,0.000263804270521
3884,0.000263785537213
3885,0.00026376679981
3886,0.000263748058312
3887,0.00026372931272
3888,0.000263710563035
3889,0.000263691809257
3890,0.000263673051388
3891,0.000263654289427
3892,0.000263635523377
3893,0.000263616753237
3894,0.000263597979008
3895,0.000263579200692
3896,0.000263560418288
3897,0.000263541631799
3898,0.000263522841223
3899,0.000263504046564
3900,0.00026348524782
3901,0.000263466444993
3902,0.000263447638083
3903,0.000263428827092
3904,0.000263410012021
3905,0.000263391192869
3906,0.000263372369638
3907,0.000263353542328
3908,0.000263334710941
3909,0.000263315875477
3910,0.000263297035937
3911,0.000263278192321
3912,0.000263259344631
3913,0.000263240492867
3914,0.00026322163703
3915,0.000263202777121
3916,0.00026318391314
3917,0.000263165045089
3918,0.000263146172968
3919,0.000263127296778
3920,0.000263108416519
3921,0.000263089532193
3922,0.0002630706438
3923,0.000263051751342
3924,0.000263032854818
3925,0.000263013954229
3926,0.000262995049578
3927,0.000262976140863
3928,0.000262957228086
3929,0.000262938311248
3930,0.000262919390349
3931,0.000262900465391
3932,0.000262881536374
3933,0.000262862603299
3934,0.000262843666166
3935,0.000262824724977
3936,0.000262805779732
3937,0.000262786830432
3938,0.000262767877078
3939,0.00026274891967
3940,0.00026272995821
3941,0.000262710992698
3942,0.000262692023135
3943,0.000262673049522
3944,0.000262654071859
3945,0.000262635090148
3946,0.000262616104389
3947,0.000262597114582
3948,0.000262578120729
3949,0.000262559122831
3950,0.000262540120888
3951,0.000262521114901
3952,0.000262502104871
3953,0.000262483090798
3954,0.000262464072684
3955,0.000262445050529
3956,0.000262426024334
3957,0.000262406994099
3958,0.000262387959827
3959,0.000262368921516
3960,0.000262349879169
3961,0.000262330832786
3962,0.000262311782367
3963,0.000262292727914
3964,0.000262273669427
3965,0.000262254606907
3966,0.000262235540356
3967,0.000262216469772
3968,0.000262197395159
3969,0.000262178316515
3970,0.000262159233843
3971,0.000262140147142
3972,0.000262121056414
3973,0.000262101961659
3974,0.000262082862879
3975,0.000262063760073
3976,0.000262044653244
3977,0.000262025542391
3978,0.000262006427515
3979,0.000261987308617
3980,0.000261968185699
3981,0.00026194905876
3982,0.000261929927801
3983,0.000261910792824
3984,0.00026189165383
3985,0.000261872510818
3986,0.000261853363789
3987,0.000261834212746
3988,0.000261815057687
3989,0.000261795898615
3990,0.00026177673553
3991,0.000261757568432
3992,0.000261738397323
3993,0.000261719222203
3994,0.000261700043073
3995,0.000261680859934
3996,0.000261661672786
3997,0.000261642481631
3998,0.000261623286469
3999,0.000261604087302
4000,0.000261584884129
4001,0.000261565676952
4002,0.000261546465771
4003,0.000261527250588
4004,0.000261508031402
4005,0.000261488808215
4006,0.000261469581028
4007,0.000261450349842
4008,0.000261431114656
4009,0.000261411875473
4010,0.000261392632292
4011,0.000261373385115
4012,0.000261354133943
4013,0.000261334878775
4014,0.000261315619614
4015,0.000261296356459
4016,0.000261277089313
4017,0.000261257818174
4018,0.000261238543045
4019,0.000261219263925
4020,0.000261199980817
4021,0.00026118069372
4022,0.000261161402635
4023,0.000261142107564
4024,0.000261122808506
4025,0.000261103505464
4026,0.000261084198437
4027,0.000261064887426
4028,0.000261045572433
4029,0.000261026253457
4030,0.000261006930501
4031,0.000260987603564
4032,0.000260968272647
4033,0.000260948937752
4034,0.000260929598878
4035,0.000260910256028
4036,0.000260890909201
4037,0.000260871558398
4038,0.000260852203621
4039,0.000260832844869
4040,0.000260813482145
4041,0.000260794115448
4042,0.000260774744779
4043,0.00026075537014
4044,0.000260735991531
4045,0.000260716608952
4046,0.000260697222406
4047,0.000260677831891
4048,0.00026065843741
4049,0.000260639038963
4050,0.000260619636551
4051,0.000260600230174
4052,0.000260580819834
4053,0.000260561405532
4054,0.000260541987267
4055,0.000260522565041
4056,0.000260503138855
4057,0.000260483708709
4058,0.000260464274605
4059,0.000260444836542
4060,0.000260425394523
4061,0.000260405948547
4062,0.000260386498616
4063,0.00026036704473
4064,0.000260347586891
4065,0.000260328125098
4066,0.000260308659353
4067,0.000260289189656
4068,0.000260269716009
4069,0.000260250238412
4070,0.000260230756866
4071,0.000260211271372
4072,0.00026019178193
4073,0.000260172288542
4074,0.000260152791208
4075,0.000260133289929
4076,0.000260113784706
4077,0.000260094275539
4078,0.00026007476243
4079,0.000260055245379
4080,0.000260035724387
4081,0.000260016199455
4082,0.000259996670584
4083,0.000259977137774
4084,0.000259957601027
4085,0.000259938060342
4086,0.000259918515722
4087,0.000259898967166
4088,0.000259879414676
4089,0.000259859858252
4090,0.000259840297895
4091,0.000259820733606
4092,0.000259801165386
4093,0.000259781593236
4094,0.000259762017156
4095,0.000259742437147
4096,0.000259722853211
4097,0.000259703265347
4098,0.000259683673556
4099,0.00025966407784
4100,0.0002596444782
4101,0.000259624874635
4102,0.000259605267148
4103,0.000259585655738
4104,0.000259566040407
4105,0.000259546421155
4106,0.000259526797983
4107,0.000259507170892
4108,0.000259487539883
4109,0.000259467904957
4110,0.000259448266113
4111,0.000259428623355
4112,0.000259408976681
4113,0.000259389326093
4114,0.000259369671591
4115,0.000259350013178
4116,0.000259330350852
4117,0.000259310684616
4118,0.000259291014469
4119,0.000259271340413
4120,0.000259251662449
4121,0.000259231980577
4122,0.000259212294799
4123,0.000259192605114
4124,0.000259172911524
4125,0.00025915321403
4126,0.000259133512632
4127,0.000259113807332
4128,0.000259094098129
4129,0.000259074385026
4130,0.000259054668022
4131,0.000259034947119
4132,0.000259015222317
4133,0.000258995493617
4134,0.000258975761021
4135,0.000258956024528
4136,0.00025893628414
4137,0.000258916539857
4138,0.00025889679168
4139,0.000258877039611
4140,0.000258857283649
4141,0.000258837523797
4142,0.000258817760053
4143,0.00025879799242
4144,0.000258778220899
4145,0.000258758445489
4146,0.000258738666192
4147,0.000258718883009
4148,0.00025869909594
4149,0.000258679304986
4150,0.000258659510149
4151,0.000258639711428
4152,0.000258619908826
4153,0.000258600102341
4154,0.000258580291977
4155,0.000258560477732
4156,0.000258540659608
4157,0.000258520837607
4158,0.000258501011728
4159,0.000258481181972
4160,0.000258461348341
4161,0.000258441510835
4162,0.000258421669455
4163,0.000258401824201
4164,0.000258381975075
4165,0.000258362122078
4166,0.00025834226521
4167,0.000258322404472
4168,0.000258302539865
4169,0.00025828267139
4170,0.000258262799047
4171,0.000258242922837
4172,0.000258223042762
4173,0.000258203158822
4174,0.000258183271017
4175,0.00025816337935
4176,0.000258143483819
4177,0.000258123584427
4178,0.000258103681175
4179,0.000258083774062
4180,0.00025806386309
4181,0.000258043948259
4182,0.000258024029571
4183,0.000258004107027
4184,0.000257984180626
4185,0.00025796425037
4186,0.00025794431626
4187,0.000257924378297
4188,0.000257904436481
4189,0.000257884490813
4190,0.000257864541295
4191,0.000257844587926
4192,0.000257824630708
4193,0.000257804669641
4194,0.000257784704727
4195,0.000257764735966
4196,0.000257744763359
4197,0.000257724786907
4198,0.00025770480661
4199,0.00025768482247
4200,0.000257664834488
4201,0.000257644842663
4202,0.000257624846998
4203,0.000257604847492
4204,0.000257584844147
4205,0.000257564836964
4206,0.000257544825942
4207,0.000257524811084
4208,0.00025750479239
4209,0.000257484769861
4210,0.000257464743497
4211,0.0002574447133
4212,0.00025742467927
4213,0.000257404641408
4214,0.000257384599715
4215,0.000257364554192
4216,0.00025734450484
4217,0.000257324451659
4218,0.00025730439465
4219,0.000257284333814
4220,0.000257264269152
4221,0.000257244200665
4222,0.000257224128354
4223,0.000257204052219
4224,0.000257183972261
4225,0.000257163888482
4226,0.000257143800881
4227,0.00025712370946
4228,0.00025710361422
4229,0.000257083515161
4230,0.000257063412285
4231,0.000257043305591
4232,0.000257023195081
4233,0.000257003080757
4234,0.000256982962617
4235,0.000256962840665
4236,0.000256942714899
4237,0.000256922585322
4238,0.000256902451933
4239,0.000256882314735
4240,0.000256862173726
4241,0.00025684202891
4242,0.000256821880285
4243,0.000256801727854
4244,0.000256781571617
4245,0.000256761411574
4246,0.000256741247727
4247,0.000256721080077
4248,0.000256700908624
4249,0.000256680733368
4250,0.000256660554312
4251,0.000256640371456
4252,0.0002566201848
4253,0.000256599994346
4254,0.000256579800094
4255,0.000256559602046
4256,0.000256539400201
4257,0.000256519194561
4258,0.000256498985127
4259,0.000256478771899
4260,0.000256458554878
4261,0.000256438334066
4262,0.000256418109463
4263,0.000256397881069
4264,0.000256377648887
4265,0.000256357412915
4266,0.000256337173157
4267,0.000256316929611
4268,0.000256296682279
4269,0.000256276431163
4270,0.000256256176262
4271,0.000256235917577
4272,0.00025621565511
4273,0.000256195388861
4274,0.000256175118832
4275,0.000256154845022
4276,0.000256134567433
4277,0.000256114286066
4278,0.000256094000921
4279,0.000256073711999
4280,0.000256053419301
4281,0.000256033122829
4282,0.000256012822582
4283,0.000255992518562
4284,0.000255972210769
4285,0.000255951899205
4286,0.00025593158387
4287,0.000255911264765
4288,0.000255890941891
4289,0.000255870615248
4290,0.000255850284838
4291,0.000255829950662
4292,0.000255809612719
4293,0.000255789271012
4294,0.000255768925541
4295,0.000255748576306
4296,0.000255728223309
4297,0.000255707866551
4298,0.000255687506032
4299,0.000255667141753
4300,0.000255646773714
4301,0.000255626401918
4302,0.000255606026365
4303,0.000255585647055
4304,0.000255565263989
4305,0.000255544877168
4306,0.000255524486594
4307,0.000255504092266
4308,0.000255483694187
4309,0.000255463292355
4310,0.000255442886774
4311,0.000255422477442
4312,0.000255402064362
4313,0.000255381647533
4314,0.000255361226958
4315,0.000255340802636
4316,0.000255320374569
4317,0.000255299942757
4318,0.000255279507201
4319,0.000255259067902
4320,0.000255238624861
4321,0.000255218178079
4322,0.000255197727557
4323,0.000255177273295
4324,0.000255156815294
4325,0.000255136353555
4326,0.00025511588808
4327,0.000255095418868
4328,0.000255074945921
4329,0.000255054469239
4330,0.000255033988824
4331,0.000255013504676
4332,0.000254993016796
4333,0.000254972525185
4334,0.000254952029844
4335,0.000254931530774
4336,0.000254911027975
4337,0.000254890521448
4338,0.000254870011194
4339,0.000254849497215
4340,0.00025482897951
4341,0.000254808458081
4342,0.000254787932929
4343,0.000254767404054
4344,0.000254746871458
4345,0.00025472633514
4346,0.000254705795103
4347,0.000254685251346
4348,0.000254664703871
4349,0.000254644152679
4350,0.00025462359777
4351,0.000254603039145
4352,0.000254582476806
4353,0.000254561910752
4354,0.000254541340985
4355,0.000254520767506
4356,0.000254500190316
4357,0.000254479609414
4358,0.000254459024803
4359,0.000254438436483
4360,0.000254417844455
4361,0.00025439724872
4362,0.000254376649278
4363,0.000254356046131
4364,0.000254335439279
4365,0.000254314828723
4366,0.000254294214465
4367,0.000254273596504
4368,0.000254252974842
4369,0.00025423234948
4370,0.000254211720418
4371,0.000254191087658
4372,0.000254170451199
4373,0.000254149811044
4374,0.000254129167193
4375,0.000254108519646
4376,0.000254087868405
4377,0.00025406721347
4378,0.000254046554843
4379,0.000254025892524
4380,0.000254005226514
4381,0.000253984556814
4382,0.000253963883424
4383,0.000253943206346
4384,0.000253922525581
4385,0.000253901841129
4386,0.000253881152991
4387,0.000253860461168
4388,0.000253839765661
4389,0.000253819066471
4390,0.000253798363598
4391,0.000253777657044
4392,0.000253756946809
4393,0.000253736232895
4394,0.000253715515301
4395,0.00025369479403
4396,0.000253674069081
4397,0.000253653340455
4398,0.000253632608154
4399,0.000253611872179
4400,0.000253591132529
4401,0.000253570389207
4402,0.000253549642213
4403,0.000253528891547
4404,0.000253508137211
4405,0.000253487379206
4406,0.000253466617532
4407,0.00025344585219
4408,0.000253425083181
4409,0.000253404310506
4410,0.000253383534166
4411,0.000253362754162
4412,0.000253341970494
4413,0.000253321183163
4414,0.000253300392171
4415,0.000253279597518
4416,0.000253258799205
4417,0.000253237997232
4418,0.000253217191602
4419,0.000253196382314
4420,0.000253175569369
4421,0.000253154752769
4422,0.000253133932513
4423,0.000253113108604
4424,0.000253092281042
4425,0.000253071449827
4426,0.000253050614961
4427,0.000253029776445
4428,0.000253008934278
4429,0.000252988088463
4430,0.000252967239
4431,0.00025294638589
4432,0.000252925529134
4433,0.000252904668733
4434,0.000252883804686
4435,0.000252862936997
4436,0.000252842065664
4437,0.00025282119069
4438,0.000252800312074
4439,0.000252779429819
4440,0.000252758543924
4441,0.000252737654391
4442,0.00025271676122
4443,0.000252695864413
4444,0.000252674963969
4445,0.000252654059891
4446,0.000252633152178
4447,0.000252612240833
4448,0.000252591325855
4449,0.000252570407245
4450,0.000252549485005
4451,0.000252528559135
4452,0.000252507629637
4453,0.00025248669651
4454,0.000252465759756
4455,0.000252444819376
4456,0.00025242387537
4457,0.00025240292774
4458,0.000252381976486
4459,0.000252361021609
4460,0.000252340063111
4461,0.000252319100991
4462,0.000252298135251
4463,0.000252277165892
4464,0.000252256192914
4465,0.000252235216319
4466,0.000252214236107
4467,0.000252193252279
4468,0.000252172264836
4469,0.000252151273779
4470,0.000252130279109
4471,0.000252109280826
4472,0.000252088278932
4473,0.000252067273427
4474,0.000252046264312
4475,0.000252025251589
4476,0.000252004235257
4477,0.000251983215319
4478,0.000251962191774
4479,0.000251941164624
4480,0.000251920133869
4481,0.00025189909951
4482,0.000251878061549
4483,0.000251857019986
4484,0.000251835974821
4485,0.000251814926057
4486,0.000251793873693
4487,0.000251772817731
4488,0.000251751758171
4489,0.000251730695015
4490,0.000251709628262
4491,0.000251688557915
4492,0.000251667483974
4493,0.000251646406439
4494,0.000251625325313
4495,0.000251604240594
4496,0.000251583152286
4497,0.000251562060387
4498,0.0002515409649
4499,0.000251519865824
4500,0.000251498763162
4501,0.000251477656914
4502,0.00025145654708
4503,0.000251435433661
4504,0.00025141431666
4505,0.000251393196075
4506,0.000251372071909
4507,0.000251350944161
4508,0.000251329812834
4509,0.000251308677927
4510,0.000251287539442
4511,0.00025126639738
4512,0.000251245251741
4513,0.000251224102527
4514,0.000251202949737
4515,0.000251181793374
4516,0.000251160633438
4517,0.000251139469929
4518,0.000251118302849
4519,0.000251097132199
4520,0.000251075957979
4521,0.00025105478019
4522,0.000251033598834
4523,0.000251012413911
4524,0.000250991225422
4525,0.000250970033367
4526,0.000250948837749
4527,0.000250927638567
4528,0.000250906435822
4529,0.000250885229516
4530,0.000250864019649
4531,0.000250842806222
4532,0.000250821589236
4533,0.000250800368692
4534,0.000250779144591
4535,0.000250757916933
4536,0.00025073668572
4537,0.000250715450953
4538,0.000250694212631
4539,0.000250672970757
4540,0.000250651725331
4541,0.000250630476354
4542,0.000250609223826
4543,0.000250587967749
4544,0.000250566708124
4545,0.000250545444951
4546,0.000250524178232
4547,0.000250502907967
4548,0.000250481634157
4549,0.000250460356802
4550,0.000250439075905
4551,0.000250417791466
4552,0.000250396503485
4553,0.000250375211963
4554,0.000250353916902
4555,0.000250332618302
4556,0.000250311316165
4557,0.00025029001049
4558,0.000250268701279
4559,0.000250247388533
4560,0.000250226072253
4561,0.00025020475244
4562,0.000250183429093
4563,0.000250162102216
4564,0.000250140771807
4565,0.000250119437868
4566,0.000250098100401
4567,0.000250076759405
4568,0.000250055414882
4569,0.000250034066833
4570,0.000250012715258
4571,0.000249991360159
4572,0.000249970001536
4573,0.00024994863939
4574,0.000249927273722
4575,0.000249905904534
4576,0.000249884531825
4577,0.000249863155596
4578,0.00024984177585
4579,0.000249820392586
4580,0.000249799005805
4581,0.000249777615509
4582,0.000249756221697
4583,0.000249734824372
4584,0.000249713423534
4585,0.000249692019183
4586,0.000249670611322
4587,0.000249649199949
4588,0.000249627785068
4589,0.000249606366677
4590,0.000249584944779
4591,0.000249563519374
4592,0.000249542090464
4593,0.000249520658048
4594,0.000249499222127
4595,0.000249477782704
4596,0.000249456339778
4597,0.000249434893351
4598,0.000249413443423
4599,0.000249391989995
4600,0.000249370533069
4601,0.000249349072644
4602,0.000249327608722
4603,0.000249306141305
4604,0.000249284670392
4605,0.000249263195984
4606,0.000249241718083
4607,0.00024922023669
4608,0.000249198751804
4609,0.000249177263428
4610,0.000249155771562
4611,0.000249134276207
4612,0.000249112777363
4613,0.000249091275033
4614,0.000249069769216
4615,0.000249048259913
4616,0.000249026747126
4617,0.000249005230855
4618,0.000248983711102
4619,0.000248962187866
4620,0.00024894066115
4621,0.000248919130953
4622,0.000248897597277
4623,0.000248876060123
4624,0.000248854519491
4625,0.000248832975383
4626,0.000248811427799
4627,0.00024878987674
4628,0.000248768322207
4629,0.000248746764201
4630,0.000248725202724
4631,0.000248703637775
4632,0.000248682069355
4633,0.000248660497467
4634,0.000248638922109
4635,0.000248617343284
4636,0.000248595760993
4637,0.000248574175235
4638,0.000248552586013
4639,0.000248530993327
4640,0.000248509397177
4641,0.000248487797565
4642,0.000248466194492
4643,0.000248444587958
4644,0.000248422977965
4645,0.000248401364513
4646,0.000248379747603
4647,0.000248358127237
4648,0.000248336503414
4649,0.000248314876137
4650,0.000248293245405
4651,0.00024827161122
4652,0.000248249973582
4653,0.000248228332493
4654,0.000248206687953
4655,0.000248185039964
4656,0.000248163388526
4657,0.00024814173364
4658,0.000248120075307
4659,0.000248098413527
4660,0.000248076748303
4661,0.000248055079634
4662,0.000248033407522
4663,0.000248011731967
4664,0.000247990052971
4665,0.000247968370534
4666,0.000247946684657
4667,0.000247924995341
4668,0.000247903302587
4669,0.000247881606396
4670,0.000247859906769
4671,0.000247838203706
4672,0.000247816497209
4673,0.000247794787279
4674,0.000247773073916
4675,0.000247751357121
4676,0.000247729636895
4677,0.000247707913239
4678,0.000247686186155
4679,0.000247664455642
4680,0.000247642721702
4681,0.000247620984336
4682,0.000247599243544
4683,0.000247577499327
4684,0.000247555751688
4685,0.000247534000625
4686,0.00024751224614
4687,0.000247490488235
4688,0.00024746872691
4689,0.000247446962165
4690,0.000247425194002
4691,0.000247403422422
4692,0.000247381647426
4693,0.000247359869014
4694,0.000247338087187
4695,0.000247316301947
4696,0.000247294513294
4697,0.000247272721229
4698,0.000247250925753
4699,0.000247229126867
4700,0.000247207324572
4701,0.000247185518869
4702,0.000247163709758
4703,0.000247141897241
4704,0.000247120081318
4705,0.00024709826199
4706,0.000247076439259
4707,0.000247054613125
4708,0.000247032783589
4709,0.000247010950652
4710,0.000246989114314
4711,0.000246967274578
4712,0.000246945431443
4713,0.000246923584911
4714,0.000246901734982
4715,0.000246879881658
4716,0.000246858024939
4717,0.000246836164826
4718,0.00024681430132
4719,0.000246792434423
4720,0.000246770564134
4721,0.000246748690455
4722,0.000246726813387
4723,0.00024670493293
4724,0.000246683049086
4725,0.000246661161856
4726,0.00024663927124
4727,0.000246617377239
4728,0.000246595479854
4729,0.000246573579087
4730,0.000246551674937
4731,0.000246529767406
4732,0.000246507856495
4733,0.000246485942205
4734,0.000246464024537
4735,0.000246442103491
4736,0.000246420179068
4737,0.00024639825127
4738,0.000246376320097
4739,0.00024635438555
4740,0.000246332447631
4741,0.000246310506339
4742,0.000246288561676
4743,0.000246266613643
4744,0.000246244662241
4745,0.000246222707471
4746,0.000246200749333
4747,0.000246178787828
4748,0.000246156822958
4749,0.000246134854723
4750,0.000246112883124
4751,0.000246090908163
4752,0.000246068929839
4753,0.000246046948154
4754,0.000246024963109
4755,0.000246002974705
4756,0.000245980982943
4757,0.000245958987823
4758,0.000245936989347
4759,0.000245914987515
4760,0.000245892982328
4761,0.000245870973787
4762,0.000245848961894
4763,0.000245826946649
4764,0.000245804928052
4765,0.000245782906106
4766,0.00024576088081
4767,0.000245738852166
4768,0.000245716820175
4769,0.000245694784837
4770,0.000245672746153
4771,0.000245650704125
4772,0.000245628658753
4773,0.000245606610038
4774,0.000245584557982
4775,0.000245562502584
4776,0.000245540443847
4777,0.00024551838177
4778,0.000245496316355
4779,0.000245474247602
4780,0.000245452175513
4781,0.000245430100089
4782,0.00024540802133
4783,0.000245385939237
4784,0.000245363853812
4785,0.000245341765055
4786,0.000245319672967
4787,0.000245297577548
4788,0.000245275478801
4789,0.000245253376726
4790,0.000245231271323
4791,0.000245209162594
4792,0.000245187050539
4793,0.00024516493516
4794,0.000245142816458
4795,0.000245120694432
4796,0.000245098569085
4797,0.000245076440417
4798,0.000245054308429
4799,0.000245032173123
4800,0.000245010034498
4801,0.000244987892555
4802,0.000244965747297
4803,0.000244943598723
4804,0.000244921446835
4805,0.000244899291633
4806,0.000244877133119
4807,0.000244854971293
4808,0.000244832806157
4809,0.00024481063771
4810,0.000244788465955
4811,0.000244766290891
4812,0.000244744112521
4813,0.000244721930844
4814,0.000244699745862
4815,0.000244677557576
4816,0.000244655365987
4817,0.000244633171095
4818,0.000244610972901
4819,0.000244588771407
4820,0.000244566566613
4821,0.00024454435852
4822,0.000244522147129
4823,0.000244499932442
4824,0.000244477714458
4825,0.00024445549318
4826,0.000244433268607
4827,0.000244411040741
4828,0.000244388809582
4829,0.000244366575132
4830,0.000244344337392
4831,0.000244322096362
4832,0.000244299852043
4833,0.000244277604437
4834,0.000244255353544
4835,0.000244233099365
4836,0.000244210841901
4837,0.000244188581153
4838,0.000244166317121
4839,0.000244144049808
4840,0.000244121779213
4841,0.000244099505338
4842,0.000244077228184
4843,0.000244054947751
4844,0.000244032664041
4845,0.000244010377053
4846,0.00024398808679
4847,0.000243965793253
4848,0.000243943496441
4849,0.000243921196357
4850,0.000243898893
4851,0.000243876586372
4852,0.000243854276474
4853,0.000243831963307
4854,0.000243809646872
4855,0.000243787327169
4856,0.0002437650042
4857,0.000243742677965
4858,0.000243720348465
4859,0.000243698015702
4860,0.000243675679676
4861,0.000243653340388
4862,0.000243630997839
4863,0.00024360865203
4864,0.000243586302962
4865,0.000243563950636
4866,0.000243541595053
4867,0.000243519236213
4868,0.000243496874118
4869,0.000243474508769
4870,0.000243452140166
4871,0.000243429768311
4872,0.000243407393203
4873,0.000243385014845
4874,0.000243362633238
4875,0.000243340248381
4876,0.000243317860277
4877,0.000243295468925
4878,0.000243273074328
4879,0.000243250676485
4880,0.000243228275398
4881,0.000243205871067
4882,0.000243183463495
4883,0.000243161052681
4884,0.000243138638626
4885,0.000243116221332
4886,0.000243093800799
4887,0.000243071377028
4888,0.00024304895002
4889,0.000243026519777
4890,0.000243004086299
4891,0.000242981649587
4892,0.000242959209641
4893,0.000242936766464
4894,0.000242914320055
4895,0.000242891870416
4896,0.000242869417548
4897,0.000242846961451
4898,0.000242824502126
4899,0.000242802039576
4900,0.000242779573799
4901,0.000242757104798
4902,0.000242734632573
4903,0.000242712157125
4904,0.000242689678455
4905,0.000242667196565
4906,0.000242644711454
4907,0.000242622223124
4908,0.000242599731576
4909,0.000242577236811
4910,0.000242554738829
4911,0.000242532237632
4912,0.000242509733221
4913,0.000242487225596
4914,0.000242464714758
4915,0.000242442200709
4916,0.000242419683449
4917,0.000242397162979
4918,0.000242374639301
4919,0.000242352112414
4920,0.000242329582321
4921,0.000242307049021
4922,0.000242284512517
4923,0.000242261972808
4924,0.000242239429896
4925,0.000242216883782
4926,0.000242194334466
4927,0.00024217178195
4928,0.000242149226234
4929,0.00024212666732
4930,0.000242104105208
4931,0.0002420815399
4932,0.000242058971395
4933,0.000242036399696
4934,0.000242013824803
4935,0.000241991246717
4936,0.000241968665439
4937,0.00024194608097
4938,0.000241923493311
4939,0.000241900902463
4940,0.000241878308426
4941,0.000241855711202
4942,0.000241833110791
4943,0.000241810507195
4944,0.000241787900415
4945,0.000241765290451
4946,0.000241742677304
4947,0.000241720060976
4948,0.000241697441467
4949,0.000241674818778
4950,0.00024165219291
4951,0.000241629563864
4952,0.000241606931641
4953,0.000241584296242
4954,0.000241561657668
4955,0.00024153901592
4956,0.000241516370998
4957,0.000241493722904
4958,0.000241471071639
4959,0.000241448417203
4960,0.000241425759598
4961,0.000241403098824
4962,0.000241380434882
4963,0.000241357767774
4964,0.0002413350975
4965,0.000241312424061
4966,0.000241289747459
4967,0.000241267067693
4968,0.000241244384765
4969,0.000241221698677
4970,0.000241199009428
4971,0.00024117631702
4972,0.000241153621454
4973,0.000241130922731
4974,0.000241108220851
4975,0.000241085515816
4976,0.000241062807626
4977,0.000241040096283
4978,0.000241017381787
4979,0.000240994664139
4980,0.000240971943341
4981,0.000240949219393
4982,0.000240926492297
4983,0.000240903762052
4984,0.000240881028661
4985,0.000240858292123
4986,0.00024083555244
4987,0.000240812809614
4988,0.000240790063644
4989,0.000240767314532
4990,0.000240744562279
4991,0.000240721806885
4992,0.000240699048352
4993,0.00024067628668
4994,0.000240653521871
4995,0.000240630753926
4996,0.000240607982845
4997,0.000240585208629
4998,0.000240562431279
4999,0.000240539650797
5000,0.000240516867183
5001,0.000240494080438
5002,0.000240471290563
5003,0.000240448497559
5004,0.000240425701427
5005,0.000240402902167
5006,0.000240380099782
5007,0.000240357294271
5008,0.000240334485637
5009,0.000240311673878
5010,0.000240288858998
5011,0.000240266040996
5012,0.000240243219873
5013,0.000240220395631
5014,0.000240197568271
5015,0.000240174737792
5016,0.000240151904197
5017,0.000240129067487
5018,0.000240106227661
5019,0.000240083384721
5020,0.000240060538669
5021,0.000240037689505
5022,0.000240014837229
5023,0.000239991981844
5024,0.000239969123349
5025,0.000239946261747
5026,0.000239923397037
5027,0.00023990052922
5028,0.000239877658299
5029,0.000239854784273
5030,0.000239831907143
5031,0.000239809026911
5032,0.000239786143578
5033,0.000239763257143
5034,0.00023974036761
5035,0.000239717474977
5036,0.000239694579247
5037,0.00023967168042
5038,0.000239648778497
5039,0.000239625873479
5040,0.000239602965368
5041,0.000239580054163
5042,0.000239557139866
5043,0.000239534222478
5044,0.000239511302
5045,0.000239488378433
5046,0.000239465451778
5047,0.000239442522035
5048,0.000239419589206
5049,0.000239396653291
5050,0.000239373714292
5051,0.00023935077221
5052,0.000239327827045
5053,0.000239304878798
5054,0.000239281927471
5055,0.000239258973064
5056,0.000239236015578
5057,0.000239213055015
5058,0.000239190091374
5059,0.000239167124658
5060,0.000239144154867
5061,0.000239121182002
5062,0.000239098206064
5063,0.000239075227054
5064,0.000239052244972
5065,0.000239029259821
5066,0.0002390062716
5067,0.000238983280311
5068,0.000238960285955
5069,0.000238937288532
5070,0.000238914288044
5071,0.000238891284491
5072,0.000238868277875
5073,0.000238845268197
5074,0.000238822255457
5075,0.000238799239656
5076,0.000238776220796
5077,0.000238753198876
5078,0.000238730173899
5079,0.000238707145866
5080,0.000238684114776
5081,0.000238661080631
5082,0.000238638043433
5083,0.000238615003181
5084,0.000238591959878
5085,0.000238568913523
5086,0.000238545864119
5087,0.000238522811665
5088,0.000238499756162
5089,0.000238476697613
5090,0.000238453636017
5091,0.000238430571376
5092,0.000238407503691
5093,0.000238384432962
5094,0.00023836135919
5095,0.000238338282378
5096,0.000238315202524
5097,0.000238292119631
5098,0.000238269033699
5099,0.00023824594473
5100,0.000238222852724
5101,0.000238199757682
5102,0.000238176659605
5103,0.000238153558494
5104,0.000238130454351
5105,0.000238107347175
5106,0.000238084236968
5107,0.000238061123732
5108,0.000238038007466
5109,0.000238014888172
5110,0.000237991765852
5111,0.000237968640504
5112,0.000237945512132
5113,0.000237922380735
5114,0.000237899246315
5115,0.000237876108873
5116,0.000237852968409
5117,0.000237829824925
5118,0.000237806678421
5119,0.000237783528899
5120,0.000237760376359
5121,0.000237737220803
5122,0.000237714062231
5123,0.000237690900644
5124,0.000237667736044
5125,0.00023764456843
5126,0.000237621397805
5127,0.000237598224169
5128,0.000237575047524
5129,0.000237551867869
5130,0.000237528685206
5131,0.000237505499537
5132,0.000237482310861
5133,0.00023745911918
5134,0.000237435924495
5135,0.000237412726807
5136,0.000237389526117
5137,0.000237366322425
5138,0.000237343115733
5139,0.000237319906042
5140,0.000237296693353
5141,0.000237273477666
5142,0.000237250258983
5143,0.000237227037304
5144,0.000237203812631
5145,0.000237180584964
5146,0.000237157354305
5147,0.000237134120654
5148,0.000237110884012
5149,0.000237087644381
5150,0.000237064401761
5151,0.000237041156153
5152,0.000237017907559
5153,0.000236994655978
5154,0.000236971401413
5155,0.000236948143864
5156,0.000236924883332
5157,0.000236901619818
5158,0.000236878353323
5159,0.000236855083848
5160,0.000236831811394
5161,0.000236808535962
5162,0.000236785257552
5163,0.000236761976167
5164,0.000236738691806
5165,0.000236715404471
5166,0.000236692114162
5167,0.000236668820882
5168,0.00023664552463
5169,0.000236622225407
5170,0.000236598923215
5171,0.000236575618055
5172,0.000236552309927
5173,0.000236528998833
5174,0.000236505684773
5175,0.000236482367749
5176,0.000236459047761
5177,0.00023643572481
5178,0.000236412398898
5179,0.000236389070025
5180,0.000236365738192
5181,0.0002363424034
5182,0.00023631906565
5183,0.000236295724944
5184,0.000236272381282
5185,0.000236249034665
5186,0.000236225685094
5187,0.000236202332569
5188,0.000236178977093
5189,0.000236155618666
5190,0.000236132257289
5191,0.000236108892963
5192,0.000236085525688
5193,0.000236062155467
5194,0.000236038782299
5195,0.000236015406186
5196,0.000235992027128
5197,0.000235968645128
5198,0.000235945260185
5199,0.0002359218723
5200,0.000235898481476
5201,0.000235875087711
5202,0.000235851691009
5203,0.000235828291369
5204,0.000235804888792
5205,0.00023578148328
5206,0.000235758074834
5207,0.000235734663453
5208,0.00023571124914
5209,0.000235687831896
5210,0.000235664411721
5211,0.000235640988616
5212,0.000235617562582
5213,0.000235594133621
5214,0.000235570701732
5215,0.000235547266918
5216,0.000235523829179
5217,0.000235500388517
5218,0.000235476944931
5219,0.000235453498423
5220,0.000235430048995
5221,0.000235406596646
5222,0.000235383141378
5223,0.000235359683193
5224,0.00023533622209
5225,0.000235312758071
5226,0.000235289291137
5227,0.000235265821289
5228,0.000235242348528
5229,0.000235218872854
5230,0.000235195394269
5231,0.000235171912774
5232,0.00023514842837
5233,0.000235124941057
5234,0.000235101450837
5235,0.000235077957711
5236,0.000235054461679
5237,0.000235030962743
5238,0.000235007460903
5239,0.000234983956161
5240,0.000234960448517
5241,0.000234936937973
5242,0.000234913424529
5243,0.000234889908187
5244,0.000234866388947
5245,0.00023484286681
5246,0.000234819341778
5247,0.000234795813851
5248,0.000234772283031
5249,0.000234748749318
5250,0.000234725212713
5251,0.000234701673217
5252,0.000234678130831
5253,0.000234654585557
5254,0.000234631037394
5255,0.000234607486345
5256,0.00023458393241
5257,0.00023456037559
5258,0.000234536815886
5259,0.0002345132533
5260,0.000234489687831
5261,0.000234466119481
5262,0.000234442548251
5263,0.000234418974142
5264,0.000234395397155
5265,0.000234371817291
5266,0.000234348234551
5267,0.000234324648935
5268,0.000234301060446
5269,0.000234277469083
5270,0.000234253874848
5271,0.000234230277742
5272,0.000234206677766
5273,0.00023418307492
5274,0.000234159469206
5275,0.000234135860625
5276,0.000234112249177
5277,0.000234088634864
5278,0.000234065017687
5279,0.000234041397646
5280,0.000234017774743
5281,0.000233994148978
5282,0.000233970520353
5283,0.000233946888868
5284,0.000233923254525
5285,0.000233899617324
5286,0.000233875977267
5287,0.000233852334355
5288,0.000233828688587
5289,0.000233805039966
5290,0.000233781388493
5291,0.000233757734168
5292,0.000233734076992
5293,0.000233710416966
5294,0.000233686754092
5295,0.00023366308837
5296,0.000233639419801
5297,0.000233615748387
5298,0.000233592074128
5299,0.000233568397025
5300,0.000233544717079
5301,0.000233521034291
5302,0.000233497348663
5303,0.000233473660194
5304,0.000233449968887
5305,0.000233426274742
5306,0.00023340257776
5307,0.000233378877942
5308,0.000233355175289
5309,0.000233331469802
5310,0.000233307761482
5311,0.00023328405033
5312,0.000233260336347
5313,0.000233236619534
5314,0.000233212899892
5315,0.000233189177422
5316,0.000233165452124
5317,0.000233141724001
5318,0.000233117993053
5319,0.00023309425928
5320,0.000233070522684
5321,0.000233046783266
5322,0.000233023041027
5323,0.000232999295968
5324,0.000232975548089
5325,0.000232951797393
5326,0.000232928043878
5327,0.000232904287548
5328,0.000232880528403
5329,0.000232856766443
5330,0.00023283300167
5331,0.000232809234084
5332,0.000232785463687
5333,0.00023276169048
5334,0.000232737914464
5335,0.000232714135639
5336,0.000232690354006
5337,0.000232666569568
5338,0.000232642782324
5339,0.000232618992275
5340,0.000232595199423
5341,0.000232571403768
5342,0.000232547605312
5343,0.000232523804056
5344,0.0002325
5345,0.000232476193146
5346,0.000232452383493
5347,0.000232428571045
5348,0.000232404755801
5349,0.000232380937762
5350,0.00023235711693
5351,0.000232333293305
5352,0.000232309466889
5353,0.000232285637681
5354,0.000232261805685
5355,0.000232237970899
5356,0.000232214133326
5357,0.000232190292967
5358,0.000232166449821
5359,0.000232142603891
5360,0.000232118755178
5361,0.000232094903681
5362,0.000232071049403
5363,0.000232047192344
5364,0.000232023332505
5365,0.000231999469888
5366,0.000231975604493
5367,0.000231951736321
5368,0.000231927865373
5369,0.000231903991651
5370,0.000231880115154
5371,0.000231856235885
5372,0.000231832353844
5373,0.000231808469032
5374,0.000231784581451
5375,0.0002317606911
5376,0.000231736797982
5377,0.000231712902097
5378,0.000231689003445
5379,0.000231665102029
5380,0.00023164119785
5381,0.000231617290907
5382,0.000231593381202
5383,0.000231569468736
5384,0.000231545553511
5385,0.000231521635526
5386,0.000231497714783
5387,0.000231473791284
5388,0.000231449865028
5389,0.000231425936018
5390,0.000231402004254
5391,0.000231378069736
5392,0.000231354132467
5393,0.000231330192446
5394,0.000231306249676
5395,0.000231282304156
5396,0.000231258355889
5397,0.000231234404874
5398,0.000231210451114
5399,0.000231186494608
5400,0.000231162535358
5401,0.000231138573366
5402,0.000231114608631
5403,0.000231090641155
5404,0.000231066670939
5405,0.000231042697984
5406,0.00023101872229
5407,0.00023099474386
5408,0.000230970762694
5409,0.000230946778792
5410,0.000230922792156
5411,0.000230898802788
5412,0.000230874810687
5413,0.000230850815855
5414,0.000230826818293
5415,0.000230802818001
5416,0.000230778814982
5417,0.000230754809235
5418,0.000230730800762
5419,0.000230706789564
5420,0.000230682775642
5421,0.000230658758997
5422,0.000230634739629
5423,0.000230610717541
5424,0.000230586692732
5425,0.000230562665204
5426,0.000230538634957
5427,0.000230514601994
5428,0.000230490566314
5429,0.000230466527919
5430,0.00023044248681
5431,0.000230418442988
5432,0.000230394396453
5433,0.000230370347208
5434,0.000230346295252
5435,0.000230322240586
5436,0.000230298183213
5437,0.000230274123132
5438,0.000230250060345
5439,0.000230225994853
5440,0.000230201926657
5441,0.000230177855757
5442,0.000230153782156
5443,0.000230129705852
5444,0.000230105626849
5445,0.000230081545147
5446,0.000230057460746
5447,0.000230033373648
5448,0.000230009283853
5449,0.000229985191364
5450,0.00022996109618
5451,0.000229936998303
5452,0.000229912897733
5453,0.000229888794473
5454,0.000229864688522
5455,0.000229840579882
5456,0.000229816468554
5457,0.000229792354538
5458,0.000229768237836
5459,0.000229744118449
5460,0.000229719996377
5461,0.000229695871623
5462,0.000229671744186
5463,0.000229647614068
5464,0.000229623481269
5465,0.000229599345791
5466,0.000229575207635
5467,0.000229551066802
5468,0.000229526923293
5469,0.000229502777108
5470,0.000229478628249
5471,0.000229454476717
5472,0.000229430322512
5473,0.000229406165637
5474,0.000229382006091
5475,0.000229357843875
5476,0.000229333678992
5477,0.000229309511441
5478,0.000229285341224
5479,0.000229261168342
5480,0.000229236992795
5481,0.000229212814586
5482,0.000229188633714
5483,0.000229164450181
5484,0.000229140263987
5485,0.000229116075135
5486,0.000229091883624
5487,0.000229067689456
5488,0.000229043492632
5489,0.000229019293152
5490,0.000228995091019
5491,0.000228970886232
5492,0.000228946678793
5493,0.000228922468702
5494,0.000228898255962
5495,0.000228874040572
5496,0.000228849822534
5497,0.000228825601849
5498,0.000228801378518
5499,0.000228777152542
5500,0.000228752923921
5501,0.000228728692658
5502,0.000228704458752
5503,0.000228680222205
5504,0.000228655983017
5505,0.000228631741191
5506,0.000228607496727
5507,0.000228583249625
5508,0.000228558999887
5509,0.000228534747515
5510,0.000228510492508
5511,0.000228486234867
5512,0.000228461974595
5513,0.000228437711692
5514,0.000228413446159
5515,0.000228389177996
5516,0.000228364907205
5517,0.000228340633788
5518,0.000228316357744
5519,0.000228292079075
5520,0.000228267797782
5521,0.000228243513867
5522,0.000228219227329
5523,0.00022819493817
5524,0.000228170646391
5525,0.000228146351993
5526,0.000228122054977
5527,0.000228097755343
5528,0.000228073453094
5529,0.00022804914823
5530,0.000228024840752
5531,0.000228000530661
5532,0.000227976217958
5533,0.000227951902644
5534,0.00022792758472
5535,0.000227903264188
5536,0.000227878941047
5537,0.000227854615299
5538,0.000227830286945
5539,0.000227805955987
5540,0.000227781622424
5541,0.000227757286259
5542,0.000227732947492
5543,0.000227708606124
5544,0.000227684262156
5545,0.000227659915589
5546,0.000227635566424
5547,0.000227611214662
5548,0.000227586860305
5549,0.000227562503353
5550,0.000227538143807
5551,0.000227513781668
5552,0.000227489416937
5553,0.000227465049616
5554,0.000227440679705
5555,0.000227416307205
5556,0.000227391932117
5557,0.000227367554443
5558,0.000227343174183
5559,0.000227318791338
5560,0.000227294405909
5561,0.000227270017898
5562,0.000227245627305
5563,0.000227221234132
5564,0.000227196838378
5565,0.000227172440046
5566,0.000227148039137
5567,0.000227123635651
5568,0.000227099229589
5569,0.000227074820953
5570,0.000227050409743
5571,0.00022702599596
5572,0.000227001579606
5573,0.000226977160681
5574,0.000226952739187
5575,0.000226928315124
5576,0.000226903888494
5577,0.000226879459297
5578,0.000226855027535
5579,0.000226830593208
5580,0.000226806156318
5581,0.000226781716865
5582,0.000226757274851
5583,0.000226732830276
5584,0.000226708383142
5585,0.00022668393345
5586,0.0002266594812
5587,0.000226635026394
5588,0.000226610569033
5589,0.000226586109117
5590,0.000226561646648
5591,0.000226537181626
5592,0.000226512714053
5593,0.00022648824393
5594,0.000226463771258
5595,0.000226439296037
5596,0.00022641481827
5597,0.000226390337956
5598,0.000226365855096
5599,0.000226341369693
5600,0.000226316881746
5601,0.000226292391257
5602,0.000226267898227
5603,0.000226243402657
5604,0.000226218904548
5605,0.000226194403901
5606,0.000226169900716
5607,0.000226145394996
5608,0.00022612088674
5609,0.000226096375951
5610,0.000226071862628
5611,0.000226047346773
5612,0.000226022828388
5613,0.000225998307472
5614,0.000225973784027
5615,0.000225949258055
5616,0.000225924729556
5617,0.00022590019853
5618,0.00022587566498
5619,0.000225851128906
5620,0.000225826590309
5621,0.00022580204919
5622,0.00022577750555
5623,0.000225752959391
5624,0.000225728410713
5625,0.000225703859517
5626,0.000225679305804
5627,0.000225654749575
5628,0.000225630190832
5629,0.000225605629575
5630,0.000225581065806
5631,0.000225556499525
5632,0.000225531930733
5633,0.000225507359431
5634,0.000225482785621
5635,0.000225458209303
5636,0.000225433630479
5637,0.000225409049149
5638,0.000225384465315
5639,0.000225359878977
5640,0.000225335290137
5641,0.000225310698795
5642,0.000225286104952
5643,0.000225261508611
5644,0.000225236909771
5645,0.000225212308433
5646,0.000225187704599
5647,0.00022516309827
5648,0.000225138489446
5649,0.00022511387813
5650,0.00022508926432
5651,0.00022506464802
5652,0.000225040029229
5653,0.000225015407949
5654,0.000224990784181
5655,0.000224966157926
5656,0.000224941529184
5657,0.000224916897958
5658,0.000224892264247
5659,0.000224867628053
5660,0.000224842989377
5661,0.00022481834822
5662,0.000224793704583
5663,0.000224769058467
5664,0.000224744409873
5665,0.000224719758802
5666,0.000224695105255
5667,0.000224670449233
5668,0.000224645790737
5669,0.000224621129768
5670,0.000224596466328
5671,0.000224571800416
5672,0.000224547132035
5673,0.000224522461185
5674,0.000224497787867
5675,0.000224473112083
5676,0.000224448433832
5677,0.000224423753117
5678,0.000224399069939
5679,0.000224374384297
5680,0.000224349696194
5681,0.000224325005631
5682,0.000224300312608
5683,0.000224275617126
5684,0.000224250919187
5685,0.000224226218791
5686,0.00022420151594
5687,0.000224176810634
5688,0.000224152102875
5689,0.000224127392663
5690,0.00022410268
5691,0.000224077964887
5692,0.000224053247324
5693,0.000224028527313
5694,0.000224003804855
5695,0.00022397907995
5696,0.000223954352601
5697,0.000223929622807
5698,0.000223904890569
5699,0.00022388015589
5700,0.000223855418769
5701,0.000223830679209
5702,0.000223805937209
5703,0.000223781192771
5704,0.000223756445896
5705,0.000223731696585
5706,0.00022370694484
5707,0.00022368219066
5708,0.000223657434047
5709,0.000223632675002
5710,0.000223607913527
5711,0.000223583149621
5712,0.000223558383287
5713,0.000223533614525
5714,0.000223508843336
5715,0.000223484069722
5716,0.000223459293683
5717,0.00022343451522
5718,0.000223409734334
5719,0.000223384951027
5720,0.000223360165299
5721,0.000223335377151
5722,0.000223310586585
5723,0.000223285793602
5724,0.000223260998202
5725,0.000223236200386
5726,0.000223211400156
5727,0.000223186597513
5728,0.000223161792457
5729,0.00022313698499
5730,0.000223112175113
5731,0.000223087362826
5732,0.000223062548131
5733,0.000223037731029
5734,0.00022301291152
5735,0.000222988089606
5736,0.000222963265289
5737,0.000222938438568
5738,0.000222913609444
5739,0.00022288877792
5740,0.000222863943996
5741,0.000222839107673
5742,0.000222814268952
5743,0.000222789427834
5744,0.00022276458432
5745,0.000222739738411
5746,0.000222714890108
5747,0.000222690039412
5748,0.000222665186325
5749,0.000222640330847
5750,0.000222615472979
5751,0.000222590612722
5752,0.000222565750078
5753,0.000222540885047
5754,0.00022251601763
5755,0.000222491147829
5756,0.000222466275644
5757,0.000222441401077
5758,0.000222416524128
5759,0.000222391644799
5760,0.00022236676309
5761,0.000222341879003
5762,0.000222316992539
5763,0.000222292103698
5764,0.000222267212482
5765,0.000222242318892
5766,0.000222217422928
5767,0.000222192524593
5768,0.000222167623886
5769,0.000222142720809
5770,0.000222117815362
5771,0.000222092907548
5772,0.000222067997367
5773,0.000222043084819
5774,0.000222018169907
5775,0.000221993252631
5776,0.000221968332992
5777,0.000221943410991
5778,0.000221918486629
5779,0.000221893559907
5780,0.000221868630827
5781,0.000221843699389
5782,0.000221818765594
5783,0.000221793829443
5784,0.000221768890938
5785,0.000221743950079
5786,0.000221719006867
5787,0.000221694061304
5788,0.000221669113391
5789,0.000221644163128
5790,0.000221619210517
5791,0.000221594255558
5792,0.000221569298253
5793,0.000221544338602
5794,0.000221519376607
5795,0.000221494412269
5796,0.000221469445589
5797,0.000221444476567
5798,0.000221419505206
5799,0.000221394531505
5800,0.000221369555466
5801,0.00022134457709
5802,0.000221319596378
5803,0.000221294613331
5804,0.00022126962795
5805,0.000221244640237
5806,0.000221219650191
5807,0.000221194657814
5808,0.000221169663108
5809,0.000221144666073
5810,0.00022111966671
5811,0.000221094665021
5812,0.000221069661006
5813,0.000221044654666
5814,0.000221019646002
5815,0.000220994635017
5816,0.000220969621709
5817,0.000220944606081
5818,0.000220919588134
5819,0.000220894567868
5820,0.000220869545285
5821,0.000220844520386
5822,0.000220819493171
5823,0.000220794463642
5824,0.0002207694318
5825,0.000220744397645
5826,0.00022071936118
5827,0.000220694322404
5828,0.00022066928132
5829,0.000220644237927
5830,0.000220619192228
5831,0.000220594144222
5832,0.000220569093911
5833,0.000220544041297
5834,0.00022051898638
5835,0.000220493929161
5836,0.000220468869641
5837,0.000220443807822
5838,0.000220418743704
5839,0.000220393677288
5840,0.000220368608576
5841,0.000220343537568
5842,0.000220318464265
5843,0.000220293388669
5844,0.000220268310781
5845,0.000220243230601
5846,0.000220218148131
5847,0.000220193063372
5848,0.000220167976324
5849,0.000220142886989
5850,0.000220117795368
5851,0.000220092701462
5852,0.000220067605272
5853,0.000220042506798
5854,0.000220017406043
5855,0.000219992303006
5856,0.00021996719769
5857,0.000219942090094
5858,0.000219916980221
5859,0.000219891868071
5860,0.000219866753645
5861,0.000219841636945
5862,0.00021981651797
5863,0.000219791396723
5864,0.000219766273205
5865,0.000219741147416
5866,0.000219716019357
5867,0.00021969088903
5868,0.000219665756435
5869,0.000219640621574
5870,0.000219615484448
5871,0.000219590345057
5872,0.000219565203403
5873,0.000219540059486
5874,0.000219514913309
5875,0.000219489764871
5876,0.000219464614174
5877,0.000219439461219
5878,0.000219414306007
5879,0.00021938914854
5880,0.000219363988817
5881,0.00021933882684
5882,0.00021931366261
5883,0.000219288496129
5884,0.000219263327397
5885,0.000219238156415
5886,0.000219212983184
5887,0.000219187807706
5888,0.000219162629981
5889,0.00021913745001
5890,0.000219112267796
5891,0.000219087083337
5892,0.000219061896636
5893,0.000219036707694
5894,0.000219011516511
5895,0.00021898632309
5896,0.00021896112743
5897,0.000218935929532
5898,0.000218910729399
5899,0.00021888552703
5900,0.000218860322428
5901,0.000218835115592
5902,0.000218809906524
5903,0.000218784695226
5904,0.000218759481697
5905,0.00021873426594
5906,0.000218709047955
5907,0.000218683827743
5908,0.000218658605305
5909,0.000218633380643
5910,0.000218608153757
5911,0.000218582924649
5912,0.000218557693319
5913,0.000218532459769
5914,0.000218507223999
5915,0.000218481986011
5916,0.000218456745805
5917,0.000218431503383
5918,0.000218406258746
5919,0.000218381011895
5920,0.000218355762831
5921,0.000218330511554
5922,0.000218305258066
5923,0.000218280002369
5924,0.000218254744462
5925,0.000218229484348
5926,0.000218204222027
5927,0.000218178957499
5928,0.000218153690767
5929,0.000218128421832
5930,0.000218103150693
5931,0.000218077877353
5932,0.000218052601813
5933,0.000218027324073
5934,0.000218002044134
5935,0.000217976761998
5936,0.000217951477666
5937,0.000217926191138
5938,0.000217900902416
5939,0.000217875611501
5940,0.000217850318393
5941,0.000217825023095
5942,0.000217799725606
5943,0.000217774425928
5944,0.000217749124062
5945,0.00021772382001
5946,0.000217698513771
5947,0.000217673205347
5948,0.00021764789474
5949,0.00021762258195
5950,0.000217597266978
5951,0.000217571949826
5952,0.000217546630494
5953,0.000217521308983
5954,0.000217495985295
5955,0.000217470659431
5956,0.000217445331391
5957,0.000217420001176
5958,0.000217394668789
5959,0.000217369334229
5960,0.000217343997498
5961,0.000217318658597
5962,0.000217293317526
5963,0.000217267974288
5964,0.000217242628882
5965,0.000217217281311
5966,0.000217191931575
5967,0.000217166579675
5968,0.000217141225612
5969,0.000217115869387
5970,0.000217090511002
5971,0.000217065150457
5972,0.000217039787753
5973,0.000217014422892
5974,0.000216989055874
5975,0.000216963686701
5976,0.000216938315374
5977,0.000216912941893
5978,0.00021688756626
5979,0.000216862188475
5980,0.000216836808541
5981,0.000216811426457
5982,0.000216786042226
5983,0.000216760655847
5984,0.000216735267322
5985,0.000216709876652
5986,0.000216684483839
5987,0.000216659088883
5988,0.000216633691785
5989,0.000216608292546
5990,0.000216582891167
5991,0.00021655748765
5992,0.000216532081996
5993,0.000216506674205
5994,0.000216481264278
5995,0.000216455852217
5996,0.000216430438023
5997,0.000216405021696
5998,0.000216379603239
5999,0.000216354182651
6000,0.000216328759934
6001,0.000216303335089
6002,0.000216277908116
6003,0.000216252479018
6004,0.000216227047795
6005,0.000216201614448
6006,0.000216176178979
6007,0.000216150741388
6008,0.000216125301675
6009,0.000216099859844
6010,0.000216074415894
6011,0.000216048969826
6012,0.000216023521641
6013,0.000215998071342
6014,0.000215972618928
6015,0.000215947164401
6016,0.000215921707761
6017,0.00021589624901
6018,0.000215870788149
6019,0.000215845325179
6020,0.000215819860101
6021,0.000215794392916
6022,0.000215768923626
6023,0.00021574345223
6024,0.00021571797873
6025,0.000215692503128
6026,0.000215667025424
6027,0.00021564154562
6028,0.000215616063716
6029,0.000215590579713
6030,0.000215565093613
6031,0.000215539605416
6032,0.000215514115124
6033,0.000215488622738
6034,0.000215463128259
6035,0.000215437631687
6036,0.000215412133025
6037,0.000215386632272
6038,0.00021536112943
6039,0.0002153356245
6040,0.000215310117484
6041,0.000215284608381
6042,0.000215259097194
6043,0.000215233583923
6044,0.00021520806857
6045,0.000215182551134
6046,0.000215157031619
6047,0.000215131510023
6048,0.00021510598635
6049,0.000215080460599
6050,0.000215054932772
6051,0.000215029402869
6052,0.000215003870892
6053,0.000214978336842
6054,0.00021495280072
6055,0.000214927262527
6056,0.000214901722264
6057,0.000214876179932
6058,0.000214850635533
6059,0.000214825089066
6060,0.000214799540534
6061,0.000214773989937
6062,0.000214748437277
6063,0.000214722882554
6064,0.000214697325769
6065,0.000214671766924
6066,0.00021464620602
6067,0.000214620643057
6068,0.000214595078037
6069,0.000214569510961
6070,0.00021454394183
6071,0.000214518370645
6072,0.000214492797407
6073,0.000214467222116
6074,0.000214441644775
6075,0.000214416065384
6076,0.000214390483945
6077,0.000214364900457
6078,0.000214339314923
6079,0.000214313727344
6080,0.00021428813772
6081,0.000214262546052
6082,0.000214236952342
6083,0.000214211356591
6084,0.000214185758799
6085,0.000214160158968
6086,0.000214134557099
6087,0.000214108953193
6088,0.000214083347251
6089,0.000214057739274
6090,0.000214032129263
6091,0.000214006517219
6092,0.000213980903143
6093,0.000213955287037
6094,0.000213929668901
6095,0.000213904048736
6096,0.000213878426544
6097,0.000213852802326
6098,0.000213827176082
6099,0.000213801547813
6100,0.000213775917521
6101,0.000213750285208
6102,0.000213724650872
6103,0.000213699014517
6104,0.000213673376143
6105,0.000213647735751
6106,0.000213622093342
6107,0.000213596448917
6108,0.000213570802477
6109,0.000213545154024
6110,0.000213519503558
6111,0.00021349385108
6112,0.000213468196592
6113,0.000213442540094
6114,0.000213416881588
6115,0.000213391221074
6116,0.000213365558555
6117,0.00021333989403
6118,0.000213314227501
6119,0.000213288558968
6120,0.000213262888434
6121,0.000213237215899
6122,0.000213211541364
6123,0.00021318586483
6124,0.000213160186298
6125,0.00021313450577
6126,0.000213108823246
6127,0.000213083138728
6128,0.000213057452216
6129,0.000213031763711
6130,0.000213006073215
6131,0.000212980380729
6132,0.000212954686254
6133,0.00021292898979
6134,0.000212903291339
6135,0.000212877590903
6136,0.000212851888481
6137,0.000212826184075
6138,0.000212800477687
6139,0.000212774769317
6140,0.000212749058966
6141,0.000212723346635
6142,0.000212697632326
6143,0.000212671916039
6144,0.000212646197776
6145,0.000212620477537
6146,0.000212594755324
6147,0.000212569031138
6148,0.00021254330498
6149,0.00021251757685
6150,0.000212491846751
6151,0.000212466114682
6152,0.000212440380646
6153,0.000212414644642
6154,0.000212388906673
6155,0.00021236316674
6156,0.000212337424842
6157,0.000212311680982
6158,0.00021228593516
6159,0.000212260187378
6160,0.000212234437637
6161,0.000212208685937
6162,0.00021218293228
6163,0.000212157176667
6164,0.000212131419099
6165,0.000212105659577
6166,0.000212079898101
6167,0.000212054134674
6168,0.000212028369296
6169,0.000212002601968
6170,0.000211976832692
6171,0.000211951061468
6172,0.000211925288297
6173,0.000211899513181
6174,0.00021187373612
6175,0.000211847957116
6176,0.00021182217617
6177,0.000211796393282
6178,0.000211770608454
6179,0.000211744821688
6180,0.000211719032983
6181,0.000211693242341
6182,0.000211667449764
6183,0.000211641655251
6184,0.000211615858805
6185,0.000211590060426
6186,0.000211564260116
6187,0.000211538457875
6188,0.000211512653704
6189,0.000211486847605
6190,0.000211461039579
6191,0.000211435229627
6192,0.000211409417749
6193,0.000211383603948
6194,0.000211357788223
6195,0.000211331970576
6196,0.000211306151009
6197,0.000211280329521
6198,0.000211254506115
6199,0.000211228680791
6200,0.000211202853551
6201,0.000211177024394
6202,0.000211151193324
6203,0.00021112536034
6204,0.000211099525444
6205,0.000211073688636
6206,0.000211047849918
6207,0.000211022009292
6208,0.000210996166757
6209,0.000210970322315
6210,0.000210944475967
6211,0.000210918627714
6212,0.000210892777558
6213,0.000210866925499
6214,0.000210841071538
6215,0.000210815215677
6216,0.000210789357916
6217,0.000210763498257
6218,0.000210737636701
6219,0.000210711773248
6220,0.0002106859079
6221,0.000210660040658
6222,0.000210634171523
6223,0.000210608300496
6224,0.000210582427578
6225,0.00021055655277
6226,0.000210530676074
6227,0.00021050479749
6228,0.000210478917019
6229,0.000210453034662
6230,0.000210427150422
6231,0.000210401264297
6232,0.000210375376291
6233,0.000210349486403
6234,0.000210323594635
6235,0.000210297700988
6236,0.000210271805463
6237,0.000210245908061
6238,0.000210220008783
6239,0.000210194107631
6240,0.000210168204604
6241,0.000210142299705
6242,0.000210116392935
6243,0.000210090484294
6244,0.000210064573783
6245,0.000210038661404
6246,0.000210012747158
6247,0.000209986831046
6248,0.000209960913068
6249,0.000209934993227
6250,0.000209909071522
6251,0.000209883147956
6252,0.000209857222529
6253,0.000209831295241
6254,0.000209805366096
6255,0.000209779435092
6256,0.000209753502233
6257,0.000209727567517
6258,0.000209701630948
6259,0.000209675692525
6260,0.000209649752249
6261,0.000209623810123
6262,0.000209597866146
6263,0.000209571920321
6264,0.000209545972647
6265,0.000209520023127
6266,0.000209494071761
6267,0.00020946811855
6268,0.000209442163496
6269,0.000209416206599
6270,0.000209390247861
6271,0.000209364287282
6272,0.000209338324864
6273,0.000209312360607
6274,0.000209286394514
6275,0.000209260426584
6276,0.000209234456819
6277,0.000209208485221
6278,0.000209182511789
6279,0.000209156536526
6280,0.000209130559432
6281,0.000209104580509
6282,0.000209078599757
6283,0.000209052617177
6284,0.000209026632771
6285,0.00020900064654
6286,0.000208974658484
6287,0.000208948668605
6288,0.000208922676904
6289,0.000208896683383
6290,0.000208870688041
6291,0.00020884469088
6292,0.000208818691902
6293,0.000208792691107
6294,0.000208766688496
6295,0.000208740684071
6296,0.000208714677832
6297,0.000208688669781
6298,0.000208662659918
6299,0.000208636648246
6300,0.000208610634764
6301,0.000208584619474
6302,0.000208558602377
6303,0.000208532583474
6304,0.000208506562766
6305,0.000208480540255
6306,0.000208454515941
6307,0.000208428489825
6308,0.000208402461909
6309,0.000208376432193
6310,0.000208350400679
6311,0.000208324367368
6312,0.00020829833226
6313,0.000208272295358
6314,0.000208246256661
6315,0.000208220216171
6316,0.00020819417389
6317,0.000208168129817
6318,0.000208142083955
6319,0.000208116036304
6320,0.000208089986866
6321,0.000208063935641
6322,0.000208037882631
6323,0.000208011827836
6324,0.000207985771258
6325,0.000207959712898
6326,0.000207933652757
6327,0.000207907590836
6328,0.000207881527136
6329,0.000207855461658
6330,0.000207829394404
6331,0.000207803325373
6332,0.000207777254569
6333,0.00020775118199
6334,0.000207725107639
6335,0.000207699031517
6336,0.000207672953624
6337,0.000207646873963
6338,0.000207620792533
6339,0.000207594709336
6340,0.000207568624373
6341,0.000207542537645
6342,0.000207516449154
6343,0.0002074903589
6344,0.000207464266884
6345,0.000207438173107
6346,0.000207412077572
6347,0.000207385980277
6348,0.000207359881226
6349,0.000207333780418
6350,0.000207307677855
6351,0.000207281573538
6352,0.000207255467468
6353,0.000207229359646
6354,0.000207203250074
6355,0.000207177138751
6356,0.00020715102568
6357,0.000207124910862
6358,0.000207098794297
6359,0.000207072675986
6360,0.000207046555932
6361,0.000207020434134
6362,0.000206994310593
6363,0.000206968185312
6364,0.000206942058291
6365,0.000206915929531
6366,0.000206889799033
6367,0.000206863666799
6368,0.000206837532828
6369,0.000206811397123
6370,0.000206785259685
6371,0.000206759120514
6372,0.000206732979612
6373,0.00020670683698
6374,0.000206680692619
6375,0.000206654546529
6376,0.000206628398713
6377,0.000206602249171
6378,0.000206576097903
6379,0.000206549944913
6380,0.000206523790199
6381,0.000206497633764
6382,0.000206471475609
6383,0.000206445315734
6384,0.00020641915414
6385,0.00020639299083
6386,0.000206366825803
6387,0.000206340659062
6388,0.000206314490606
6389,0.000206288320438
6390,0.000206262148558
6391,0.000206235974967
6392,0.000206209799666
6393,0.000206183622657
6394,0.00020615744394
6395,0.000206131263517
6396,0.000206105081389
6397,0.000206078897557
6398,0.000206052712021
6399,0.000206026524784
6400,0.000206000335845
6401,0.000205974145207
6402,0.00020594795287
6403,0.000205921758835
6404,0.000205895563103
6405,0.000205869365677
6406,0.000205843166555
6407,0.000205816965741
6408,0.000205790763234
6409,0.000205764559036
6410,0.000205738353147
6411,0.00020571214557
6412,0.000205685936305
6413,0.000205659725353
6414,0.000205633512716
6415,0.000205607298393
6416,0.000205581082388
6417,0.000205554864699
6418,0.00020552864533
6419,0.00020550242428
6420,0.000205476201551
6421,0.000205449977143
6422,0.000205423751059
6423,0.000205397523299
6424,0.000205371293863
6425,0.000205345062755
6426,0.000205318829973
6427,0.00020529259552
6428,0.000205266359396
6429,0.000205240121603
6430,0.000205213882141
6431,0.000205187641013
6432,0.000205161398218
6433,0.000205135153758
6434,0.000205108907634
6435,0.000205082659847
6436,0.000205056410398
6437,0.000205030159289
6438,0.00020500390652
6439,0.000204977652092
6440,0.000204951396007
6441,0.000204925138266
6442,0.000204898878869
6443,0.000204872617819
6444,0.000204846355115
6445,0.000204820090759
6446,0.000204793824752
6447,0.000204767557095
6448,0.00020474128779
6449,0.000204715016837
6450,0.000204688744237
6451,0.000204662469992
6452,0.000204636194102
6453,0.00020460991657
6454,0.000204583637395
6455,0.000204557356578
6456,0.000204531074122
6457,0.000204504790027
6458,0.000204478504294
6459,0.000204452216925
6460,0.000204425927919
6461,0.000204399637279
6462,0.000204373345006
6463,0.0002043470511
6464,0.000204320755563
6465,0.000204294458395
6466,0.000204268159599
6467,0.000204241859174
6468,0.000204215557123
6469,0.000204189253445
6470,0.000204162948143
6471,0.000204136641218
6472,0.000204110332669
6473,0.000204084022499
6474,0.000204057710709
6475,0.000204031397299
6476,0.000204005082272
6477,0.000203978765627
6478,0.000203952447366
6479,0.00020392612749
6480,0.000203899806
6481,0.000203873482897
6482,0.000203847158183
6483,0.000203820831858
6484,0.000203794503924
6485,0.000203768174381
6486,0.000203741843231
6487,0.000203715510475
6488,0.000203689176114
6489,0.000203662840148
6490,0.00020363650258
6491,0.00020361016341
6492,0.000203583822639
6493,0.000203557480268
6494,0.000203531136299
6495,0.000203504790732
6496,0.000203478443569
6497,0.000203452094811
6498,0.000203425744458
6499,0.000203399392512
6500,0.000203373038975
6501,0.000203346683846
6502,0.000203320327128
6503,0.00020329396882
6504,0.000203267608925
6505,0.000203241247444
6506,0.000203214884377
6507,0.000203188519726
6508,0.000203162153491
6509,0.000203135785675
6510,0.000203109416277
6511,0.000203083045299
6512,0.000203056672742
6513,0.000203030298608
6514,0.000203003922897
6515,0.00020297754561
6516,0.000202951166748
6517,0.000202924786314
6518,0.000202898404306
6519,0.000202872020728
6520,0.000202845635579
6521,0.000202819248862
6522,0.000202792860576
6523,0.000202766470724
6524,0.000202740079305
6525,0.000202713686322
6526,0.000202687291776
6527,0.000202660895667
6528,0.000202634497996
6529,0.000202608098766
6530,0.000202581697976
6531,0.000202555295628
6532,0.000202528891723
6533,0.000202502486262
6534,0.000202476079246
6535,0.000202449670676
6536,0.000202423260554
6537,0.00020239684888
6538,0.000202370435656
6539,0.000202344020882
6540,0.00020231760456
6541,0.000202291186691
6542,0.000202264767276
6543,0.000202238346316
6544,0.000202211923812
6545,0.000202185499765
6546,0.000202159074177
6547,0.000202132647048
6548,0.000202106218379
6549,0.000202079788172
6550,0.000202053356428
6551,0.000202026923147
6552,0.000202000488332
6553,0.000201974051982
6554,0.0002019476141
6555,0.000201921174685
6556,0.00020189473374
6557,0.000201868291265
6558,0.000201841847262
6559,0.000201815401731
6560,0.000201788954674
6561,0.000201762506092
6562,0.000201736055985
6563,0.000201709604356
6564,0.000201683151204
6565,0.000201656696532
6566,0.00020163024034
6567,0.000201603782629
6568,0.0002015773234
6569,0.000201550862656
6570,0.000201524400395
6571,0.000201497936621
6572,0.000201471471333
6573,0.000201445004533
6574,0.000201418536222
6575,0.000201392066402
6576,0.000201365595072
6577,0.000201339122235
6578,0.000201312647891
6579,0.000201286172042
6580,0.000201259694688
6581,0.000201233215831
6582,0.000201206735472
6583,0.000201180253611
6584,0.000201153770251
6585,0.000201127285392
6586,0.000201100799035
6587,0.000201074311181
6588,0.000201047821831
6589,0.000201021330987
6590,0.00020099483865
6591,0.00020096834482
6592,0.000200941849499
6593,0.000200915352688
6594,0.000200888854388
6595,0.0002008623546
6596,0.000200835853325
6597,0.000200809350564
6598,0.000200782846319
6599,0.00020075634059
6600,0.000200729833379
6601,0.000200703324686
6602,0.000200676814514
6603,0.000200650302862
6604,0.000200623789732
6605,0.000200597275125
6606,0.000200570759042
6607,0.000200544241484
6608,0.000200517722453
6609,0.000200491201949
6610,0.000200464679974
6611,0.000200438156529
6612,0.000200411631614
6613,0.000200385105231
6614,0.000200358577381
6615,0.000200332048065
6616,0.000200305517284
6617,0.000200278985039
6618,0.000200252451332
6619,0.000200225916164
6620,0.000200199379534
6621,0.000200172841446
6622,0.000200146301899
6623,0.000200119760895
6624,0.000200093218435
6625,0.00020006667452
6626,0.000200040129151
6627,0.00020001358233
6628,0.000199987034057
6629,0.000199960484333
6630,0.00019993393316
6631,0.000199907380538
6632,0.000199880826469
6633,0.000199854270955
6634,0.000199827713995
6635,0.000199801155591
6636,0.000199774595744
6637,0.000199748034456
6638,0.000199721471726
6639,0.000199694907558
6640,0.000199668341951
6641,0.000199641774906
6642,0.000199615206426
6643,0.00019958863651
6644,0.00019956206516
6645,0.000199535492377
6646,0.000199508918163
6647,0.000199482342518
6648,0.000199455765443
6649,0.000199429186939
6650,0.000199402607009
6651,0.000199376025651
6652,0.000199349442869
6653,0.000199322858663
6654,0.000199296273033
6655,0.000199269685982
6656,0.00019924309751
6657,0.000199216507618
6658,0.000199189916307
6659,0.000199163323579
6660,0.000199136729435
6661,0.000199110133875
6662,0.000199083536901
6663,0.000199056938515
6664,0.000199030338716
6665,0.000199003737506
6666,0.000198977134886
6667,0.000198950530858
6668,0.000198923925422
6669,0.00019889731858
6670,0.000198870710332
6671,0.00019884410068
6672,0.000198817489625
6673,0.000198790877168
6674,0.00019876426331
6675,0.000198737648052
6676,0.000198711031395
6677,0.000198684413341
6678,0.00019865779389
6679,0.000198631173044
6680,0.000198604550803
6681,0.000198577927169
6682,0.000198551302143
6683,0.000198524675726
6684,0.000198498047919
6685,0.000198471418724
6686,0.00019844478814
6687,0.00019841815617
6688,0.000198391522814
6689,0.000198364888075
6690,0.000198338251951
6691,0.000198311614446
6692,0.000198284975559
6693,0.000198258335293
6694,0.000198231693647
6695,0.000198205050624
6696,0.000198178406224
6697,0.000198151760449
6698,0.000198125113299
6699,0.000198098464776
6700,0.000198071814881
6701,0.000198045163614
6702,0.000198018510978
6703,0.000197991856972
6704,0.000197965201599
6705,0.000197938544859
6706,0.000197911886753
6707,0.000197885227283
6708,0.000197858566449
6709,0.000197831904253
6710,0.000197805240696
6711,0.000197778575779
6712,0.000197751909503
6713,0.000197725241869
6714,0.000197698572878
6715,0.000197671902531
6716,0.00019764523083
6717,0.000197618557776
6718,0.000197591883369
6719,0.000197565207611
6720,0.000197538530503
6721,0.000197511852045
6722,0.00019748517224
6723,0.000197458491088
6724,0.00019743180859
6725,0.000197405124748
6726,0.000197378439562
6727,0.000197351753034
6728,0.000197325065164
6729,0.000197298375955
6730,0.000197271685406
6731,0.000197244993519
6732,0.000197218300296
6733,0.000197191605736
6734,0.000197164909842
6735,0.000197138212615
6736,0.000197111514055
6737,0.000197084814163
6738,0.000197058112942
6739,0.000197031410391
6740,0.000197004706512
6741,0.000196978001307
6742,0.000196951294776
6743,0.000196924586919
6744,0.00019689787774
6745,0.000196871167238
6746,0.000196844455414
6747,0.000196817742271
6748,0.000196791027808
6749,0.000196764312027
6750,0.000196737594929
6751,0.000196710876515
6752,0.000196684156787
6753,0.000196657435745
6754,0.000196630713391
6755,0.000196603989725
6756,0.000196577264749
6757,0.000196550538463
6758,0.00019652381087
6759,0.000196497081969
6760,0.000196470351763
6761,0.000196443620252
6762,0.000196416887438
6763,0.000196390153321
6764,0.000196363417902
6765,0.000196336681183
6766,0.000196309943165
6767,0.000196283203849
6768,0.000196256463236
6769,0.000196229721327
6770,0.000196202978123
6771,0.000196176233626
6772,0.000196149487836
6773,0.000196122740754
6774,0.000196095992382
6775,0.000196069242721
6776,0.000196042491772
6777,0.000196015739536
6778,0.000195988986014
6779,0.000195962231207
6780,0.000195935475117
6781,0.000195908717744
6782,0.000195881959089
6783,0.000195855199154
6784,0.00019582843794
6785,0.000195801675448
6786,0.000195774911679
6787,0.000195748146633
6788,0.000195721380313
6789,0.00019569461272
6790,0.000195667843853
6791,0.000195641073716
6792,0.000195614302308
6793,0.00019558752963
6794,0.000195560755685
6795,0.000195533980472
6796,0.000195507203994
6797,0.00019548042625
6798,0.000195453647244
6799,0.000195426866974
6800,0.000195400085443
6801,0.000195373302651
6802,0.000195346518601
6803,0.000195319733292
6804,0.000195292946726
6805,0.000195266158904
6806,0.000195239369828
6807,0.000195212579497
6808,0.000195185787914
6809,0.00019515899508
6810,0.000195132200995
6811,0.000195105405661
6812,0.000195078609079
6813,0.00019505181125
6814,0.000195025012174
6815,0.000194998211854
6816,0.000194971410291
6817,0.000194944607484
6818,0.000194917803436
6819,0.000194890998148
6820,0.000194864191621
6821,0.000194837383855
6822,0.000194810574852
6823,0.000194783764614
6824,0.00019475695314
6825,0.000194730140433
6826,0.000194703326494
6827,0.000194676511322
6828,0.000194649694921
6829,0.00019462287729
6830,0.000194596058431
6831,0.000194569238345
6832,0.000194542417033
6833,0.000194515594496
6834,0.000194488770736
6835,0.000194461945753
6836,0.000194435119548
6837,0.000194408292123
6838,0.000194381463479
6839,0.000194354633617
6840,0.000194327802537
6841,0.000194300970242
6842,0.000194274136732
6843,0.000194247302008
6844,0.000194220466072
6845,0.000194193628924
6846,0.000194166790566
6847,0.000194139950999
6848,0.000194113110223
6849,0.000194086268241
6850,0.000194059425052
6851,0.000194032580659
6852,0.000194005735062
6853,0.000193978888263
6854,0.000193952040262
6855,0.00019392519106
6856,0.00019389834066
6857,0.000193871489061
6858,0.000193844636266
6859,0.000193817782274
6860,0.000193790927088
6861,0.000193764070708
6862,0.000193737213136
6863,0.000193710354372
6864,0.000193683494418
6865,0.000193656633274
6866,0.000193629770943
6867,0.000193602907424
6868,0.00019357604272
6869,0.000193549176831
6870,0.000193522309758
6871,0.000193495441503
6872,0.000193468572066
6873,0.000193441701449
6874,0.000193414829653
6875,0.000193387956679
6876,0.000193361082528
6877,0.000193334207201
6878,0.000193307330699
6879,0.000193280453024
6880,0.000193253574176
6881,0.000193226694157
6882,0.000193199812968
6883,0.000193172930609
6884,0.000193146047083
6885,0.000193119162389
6886,0.00019309227653
6887,0.000193065389506
6888,0.000193038501318
6889,0.000193011611968
6890,0.000192984721457
6891,0.000192957829785
6892,0.000192930936954
6893,0.000192904042965
6894,0.00019287714782
6895,0.000192850251518
6896,0.000192823354062
6897,0.000192796455452
6898,0.00019276955569
6899,0.000192742654777
6900,0.000192715752713
6901,0.000192688849501
6902,0.00019266194514
6903,0.000192635039633
6904,0.000192608132979
6905,0.000192581225182
6906,0.00019255431624
6907,0.000192527406157
6908,0.000192500494932
6909,0.000192473582566
6910,0.000192446669062
6911,0.00019241975442
6912,0.000192392838641
6913,0.000192365921727
6914,0.000192339003677
6915,0.000192312084495
6916,0.00019228516418
6917,0.000192258242734
6918,0.000192231320157
6919,0.000192204396452
6920,0.000192177471619
6921,0.000192150545659
6922,0.000192123618573
6923,0.000192096690363
6924,0.000192069761029
6925,0.000192042830573
6926,0.000192015898996
6927,0.000191988966299
6928,0.000191962032483
6929,0.000191935097549
6930,0.000191908161498
6931,0.000191881224332
6932,0.000191854286052
6933,0.000191827346657
6934,0.000191800406151
6935,0.000191773464534
6936,0.000191746521806
6937,0.00019171957797
6938,0.000191692633026
6939,0.000191665686975
6940,0.000191638739818
6941,0.000191611791558
6942,0.000191584842194
6943,0.000191557891727
6944,0.00019153094016
6945,0.000191503987493
6946,0.000191477033726
6947,0.000191450078862
6948,0.000191423122902
6949,0.000191396165846
6950,0.000191369207696
6951,0.000191342248452
6952,0.000191315288116
6953,0.000191288326689
6954,0.000191261364173
6955,0.000191234400567
6956,0.000191207435874
6957,0.000191180470094
6958,0.000191153503229
6959,0.00019112653528
6960,0.000191099566247
6961,0.000191072596133
6962,0.000191045624937
6963,0.000191018652661
6964,0.000190991679307
6965,0.000190964704875
6966,0.000190937729367
6967,0.000190910752784
6968,0.000190883775126
6969,0.000190856796395
6970,0.000190829816592
6971,0.000190802835718
6972,0.000190775853774
6973,0.000190748870762
6974,0.000190721886682
6975,0.000190694901535
6976,0.000190667915324
6977,0.000190640928048
6978,0.000190613939709
6979,0.000190586950308
6980,0.000190559959847
6981,0.000190532968325
6982,0.000190505975745
6983,0.000190478982108
6984,0.000190451987414
6985,0.000190424991665
6986,0.000190397994862
6987,0.000190370997006
6988,0.000190343998098
6989,0.00019031699814
6990,0.000190289997131
6991,0.000190262995075
6992,0.00019023599197
6993,0.00019020898782
6994,0.000190181982624
6995,0.000190154976385
6996,0.000190127969102
6997,0.000190100960778
6998,0.000190073951413
6999,0.000190046941008
7000,0.000190019929565
7001,0.000189992917085
7002,0.000189965903568
7003,0.000189938889017
7004,0.000189911873431
7005,0.000189884856813
7006,0.000189857839163
7007,0.000189830820482
7008,0.000189803800772
7009,0.000189776780033
7010,0.000189749758268
7011,0.000189722735476
7012,0.000189695711659
7013,0.000189668686818
7014,0.000189641660955
7015,0.000189614634069
7016,0.000189587606164
7017,0.000189560577239
7018,0.000189533547296
7019,0.000189506516335
7020,0.000189479484359
7021,0.000189452451367
7022,0.000189425417362
7023,0.000189398382344
7024,0.000189371346315
7025,0.000189344309275
7026,0.000189317271226
7027,0.000189290232169
7028,0.000189263192104
7029,0.000189236151034
7030,0.000189209108959
7031,0.00018918206588
7032,0.000189155021799
7033,0.000189127976716
7034,0.000189100930633
7035,0.00018907388355
7036,0.00018904683547
7037,0.000189019786393
7038,0.000188992736319
7039,0.000188965685251
7040,0.00018893863319
7041,0.000188911580136
7042,0.00018888452609
7043,0.000188857471054
7044,0.00018883041503
7045,0.000188803358017
7046,0.000188776300017
7047,0.000188749241032
7048,0.000188722181061
7049,0.000188695120108
7050,0.000188668058172
7051,0.000188640995255
7052,0.000188613931357
7053,0.000188586866481
7054,0.000188559800627
7055,0.000188532733795
7056,0.000188505665989
7057,0.000188478597207
7058,0.000188451527453
7059,0.000188424456726
7060,0.000188397385028
7061,0.000188370312359
7062,0.000188343238722
7063,0.000188316164117
7064,0.000188289088546
7065,0.000188262012009
7066,0.000188234934507
7067,0.000188207856042
7068,0.000188180776615
7069,0.000188153696227
7070,0.000188126614879
7071,0.000188099532572
7072,0.000188072449307
7073,0.000188045365086
7074,0.00018801827991
7075,0.000187991193779
7076,0.000187964106695
7077,0.000187937018658
7078,0.000187909929671
7079,0.000187882839734
7080,0.000187855748848
7081,0.000187828657015
7082,0.000187801564235
7083,0.00018777447051
7084,0.000187747375841
7085,0.000187720280228
7086,0.000187693183674
7087,0.000187666086179
7088,0.000187638987744
7089,0.00018761188837
7090,0.000187584788059
7091,0.000187557686812
7092,0.000187530584629
7093,0.000187503481512
7094,0.000187476377463
7095,0.000187449272481
7096,0.000187422166569
7097,0.000187395059727
7098,0.000187367951956
7099,0.000187340843259
7100,0.000187313733634
7101,0.000187286623085
7102,0.000187259511612
7103,0.000187232399216
7104,0.000187205285898
7105,0.00018717817166
7106,0.000187151056502
7107,0.000187123940426
7108,0.000187096823432
7109,0.000187069705523
7110,0.000187042586698
7111,0.00018701546696
7112,0.000186988346308
7113,0.000186961224746
7114,0.000186934102272
7115,0.000186906978889
7116,0.000186879854598
7117,0.0001868527294
7118,0.000186825603296
7119,0.000186798476287
7120,0.000186771348374
7121,0.000186744219559
7122,0.000186717089842
7123,0.000186689959225
7124,0.000186662827708
7125,0.000186635695294
7126,0.000186608561982
7127,0.000186581427774
7128,0.000186554292672
7129,0.000186527156676
7130,0.000186500019788
7131,0.000186472882008
7132,0.000186445743338
7133,0.000186418603779
7134,0.000186391463331
7135,0.000186364321997
7136,0.000186337179778
7137,0.000186310036673
7138,0.000186282892685
7139,0.000186255747815
7140,0.000186228602063
7141,0.000186201455431
7142,0.000186174307921
7143,0.000186147159532
7144,0.000186120010267
7145,0.000186092860126
7146,0.00018606570911
7147,0.000186038557221
7148,0.00018601140446
7149,0.000185984250828
7150,0.000185957096326
7151,0.000185929940955
7152,0.000185902784716
7153,0.00018587562761
7154,0.000185848469639
7155,0.000185821310804
7156,0.000185794151105
7157,0.000185766990545
7158,0.000185739829123
7159,0.000185712666842
7160,0.000185685503701
7161,0.000185658339703
7162,0.000185631174849
7163,0.000185604009139
7164,0.000185576842575
7165,0.000185549675158
7166,0.000185522506889
7167,0.000185495337769
7168,0.0001854681678
7169,0.000185440996982
7170,0.000185413825316
7171,0.000185386652804
7172,0.000185359479447
7173,0.000185332305245
7174,0.000185305130201
7175,0.000185277954315
7176,0.000185250777588
7177,0.000185223600021
7178,0.000185196421616
7179,0.000185169242374
7180,0.000185142062296
7181,0.000185114881382
7182,0.000185087699635
7183,0.000185060517054
7184,0.000185033333642
7185,0.0001850061494
7186,0.000184978964328
7187,0.000184951778427
7188,0.0001849245917
7189,0.000184897404146
7190,0.000184870215767
7191,0.000184843026565
7192,0.00018481583654
7193,0.000184788645693
7194,0.000184761454026
7195,0.00018473426154
7196,0.000184707068236
7197,0.000184679874114
7198,0.000184652679177
7199,0.000184625483424
7200,0.000184598286858
7201,0.00018457108948
7202,0.00018454389129
7203,0.00018451669229
7204,0.000184489492481
7205,0.000184462291863
7206,0.000184435090439
7207,0.000184407888209
7208,0.000184380685174
7209,0.000184353481336
7210,0.000184326276696
7211,0.000184299071254
7212,0.000184271865012
7213,0.000184244657971
7214,0.000184217450132
7215,0.000184190241497
7216,0.000184163032066
7217,0.00018413582184
7218,0.000184108610821
7219,0.00018408139901
7220,0.000184054186407
7221,0.000184026973015
7222,0.000183999758834
7223,0.000183972543865
7224,0.000183945328109
7225,0.000183918111569
7226,0.000183890894243
7227,0.000183863676135
7228,0.000183836457244
7229,0.000183809237573
7230,0.000183782017121
7231,0.000183754795891
7232,0.000183727573884
7233,0.0001837003511
7234,0.00018367312754
7235,0.000183645903207
7236,0.0001836186781
7237,0.000183591452222
7238,0.000183564225572
7239,0.000183536998153
7240,0.000183509769966
7241,0.000183482541011
7242,0.00018345531129
7243,0.000183428080803
7244,0.000183400849553
7245,0.00018337361754
7246,0.000183346384765
7247,0.000183319151229
7248,0.000183291916934
7249,0.000183264681881
7250,0.00018323744607
7251,0.000183210209503
7252,0.000183182972181
7253,0.000183155734106
7254,0.000183128495277
7255,0.000183101255697
7256,0.000183074015367
7257,0.000183046774287
7258,0.000183019532459
7259,0.000182992289884
7260,0.000182965046562
7261,0.000182937802497
7262,0.000182910557687
7263,0.000182883312135
7264,0.000182856065841
7265,0.000182828818807
7266,0.000182801571034
7267,0.000182774322523
7268,0.000182747073275
7269,0.000182719823291
7270,0.000182692572573
7271,0.000182665321121
7272,0.000182638068936
7273,0.000182610816021
7274,0.000182583562375
7275,0.000182556308
7276,0.000182529052897
7277,0.000182501797068
7278,0.000182474540513
7279,0.000182447283233
7280,0.000182420025231
7281,0.000182392766505
7282,0.000182365507059
7283,0.000182338246893
7284,0.000182310986008
7285,0.000182283724405
7286,0.000182256462086
7287,0.000182229199051
7288,0.000182201935302
7289,0.00018217467084
7290,0.000182147405666
7291,0.000182120139781
7292,0.000182092873186
7293,0.000182065605882
7294,0.000182038337871
7295,0.000182011069153
7296,0.00018198379973
7297,0.000181956529603
7298,0.000181929258773
7299,0.000181901987241
7300,0.000181874715009
7301,0.000181847442077
7302,0.000181820168446
7303,0.000181792894118
7304,0.000181765619093
7305,0.000181738343374
7306,0.000181711066961
7307,0.000181683789854
7308,0.000181656512056
7309,0.000181629233568
7310,0.00018160195439
7311,0.000181574674524
7312,0.00018154739397
7313,0.000181520112731
7314,0.000181492830807
7315,0.000181465548198
7316,0.000181438264908
7317,0.000181410980935
7318,0.000181383696283
7319,0.000181356410951
7320,0.00018132912494
7321,0.000181301838253
7322,0.00018127455089
7323,0.000181247262853
7324,0.000181219974141
7325,0.000181192684758
7326,0.000181165394702
7327,0.000181138103977
7328,0.000181110812583
7329,0.00018108352052
7330,0.000181056227791
7331,0.000181028934396
7332,0.000181001640337
7333,0.000180974345614
7334,0.000180947050229
7335,0.000180919754183
7336,0.000180892457476
7337,0.000180865160111
7338,0.000180837862088
7339,0.000180810563409
7340,0.000180783264073
7341,0.000180755964084
7342,0.000180728663441
7343,0.000180701362146
7344,0.000180674060201
7345,0.000180646757605
7346,0.000180619454361
7347,0.000180592150469
7348,0.000180564845931
7349,0.000180537540747
7350,0.000180510234919
7351,0.000180482928448
7352,0.000180455621336
7353,0.000180428313582
7354,0.000180401005189
7355,0.000180373696157
7356,0.000180346386488
7357,0.000180319076183
7358,0.000180291765242
7359,0.000180264453668
7360,0.00018023714146
7361,0.000180209828621
7362,0.000180182515152
7363,0.000180155201052
7364,0.000180127886325
7365,0.00018010057097
7366,0.00018007325499
7367,0.000180045938384
7368,0.000180018621155
7369,0.000179991303302
7370,0.000179963984829
7371,0.000179936665735
7372,0.000179909346022
7373,0.00017988202569
7374,0.000179854704742
7375,0.000179827383177
7376,0.000179800060998
7377,0.000179772738206
7378,0.000179745414801
7379,0.000179718090784
7380,0.000179690766158
7381,0.000179663440922
7382,0.000179636115078
7383,0.000179608788628
7384,0.000179581461572
7385,0.000179554133911
7386,0.000179526805647
7387,0.00017949947678
7388,0.000179472147313
7389,0.000179444817245
7390,0.000179417486579
7391,0.000179390155315
7392,0.000179362823454
7393,0.000179335490998
7394,0.000179308157947
7395,0.000179280824304
7396,0.000179253490068
7397,0.000179226155241
7398,0.000179198819825
7399,0.000179171483819
7400,0.000179144147226
7401,0.000179116810047
7402,0.000179089472283
7403,0.000179062133934
7404,0.000179034795002
7405,0.000179007455489
7406,0.000178980115395
7407,0.000178952774721
7408,0.000178925433468
7409,0.000178898091639
7410,0.000178870749233
7411,0.000178843406252
7412,0.000178816062697
7413,0.000178788718569
7414,0.00017876137387
7415,0.0001787340286
7416,0.000178706682761
7417,0.000178679336353
7418,0.000178651989378
7419,0.000178624641838
7420,0.000178597293732
7421,0.000178569945063
7422,0.000178542595831
7423,0.000178515246037
7424,0.000178487895683
7425,0.00017846054477
7426,0.000178433193299
7427,0.000178405841271
7428,0.000178378488688
7429,0.000178351135549
7430,0.000178323781857
7431,0.000178296427613
7432,0.000178269072817
7433,0.000178241717471
7434,0.000178214361577
7435,0.000178187005134
7436,0.000178159648145
7437,0.00017813229061
7438,0.00017810493253
7439,0.000178077573908
7440,0.000178050214743
7441,0.000178022855037
7442,0.000177995494791
7443,0.000177968134006
7444,0.000177940772684
7445,0.000177913410825
7446,0.000177886048431
7447,0.000177858685502
7448,0.000177831322041
7449,0.000177803958047
7450,0.000177776593523
7451,0.000177749228469
7452,0.000177721862886
7453,0.000177694496776
7454,0.000177667130139
7455,0.000177639762978
7456,0.000177612395292
7457,0.000177585027084
7458,0.000177557658353
7459,0.000177530289102
7460,0.000177502919332
7461,0.000177475549043
7462,0.000177448178237
7463,0.000177420806915
7464,0.000177393435078
7465,0.000177366062727
7466,0.000177338689863
7467,0.000177311316488
7468,0.000177283942602
7469,0.000177256568207
7470,0.000177229193304
7471,0.000177201817894
7472,0.000177174441978
7473,0.000177147065557
7474,0.000177119688633
7475,0.000177092311206
7476,0.000177064933278
7477,0.00017703755485
7478,0.000177010175923
7479,0.000176982796497
7480,0.000176955416575
7481,0.000176928036157
7482,0.000176900655245
7483,0.000176873273839
7484,0.000176845891941
7485,0.000176818509552
7486,0.000176791126673
7487,0.000176763743305
7488,0.000176736359449
7489,0.000176708975107
7490,0.000176681590279
7491,0.000176654204967
7492,0.000176626819172
7493,0.000176599432895
7494,0.000176572046137
7495,0.000176544658899
7496,0.000176517271182
7497,0.000176489882988
7498,0.000176462494318
7499,0.000176435105172
7500,0.000176407715552
7501,0.00017638032546
7502,0.000176352934895
7503,0.00017632554386
7504,0.000176298152355
7505,0.000176270760382
7506,0.000176243367941
7507,0.000176215975035
7508,0.000176188581663
7509,0.000176161187828
7510,0.000176133793529
7511,0.00017610639877
7512,0.000176079003549
7513,0.00017605160787
7514,0.000176024211732
7515,0.000175996815137
7516,0.000175969418086
7517,0.000175942020581
7518,0.000175914622621
7519,0.00017588722421
7520,0.000175859825346
7521,0.000175832426033
7522,0.000175805026271
7523,0.00017577762606
7524,0.000175750225403
7525,0.0001757228243
7526,0.000175695422752
7527,0.000175668020761
7528,0.000175640618328
7529,0.000175613215454
7530,0.000175585812139
7531,0.000175558408386
7532,0.000175531004195
7533,0.000175503599567
7534,0.000175476194504
7535,0.000175448789006
7536,0.000175421383076
7537,0.000175393976713
7538,0.000175366569919
7539,0.000175339162696
7540,0.000175311755044
7541,0.000175284346964
7542,0.000175256938458
7543,0.000175229529527
7544,0.000175202120171
7545,0.000175174710393
7546,0.000175147300193
7547,0.000175119889572
7548,0.000175092478531
7549,0.000175065067072
7550,0.000175037655196
7551,0.000175010242904
7552,0.000174982830196
7553,0.000174955417075
7554,0.000174928003541
7555,0.000174900589596
7556,0.000174873175239
7557,0.000174845760474
7558,0.0001748183453
7559,0.00017479092972
7560,0.000174763513733
7561,0.000174736097342
7562,0.000174708680547
7563,0.000174681263349
7564,0.00017465384575
7565,0.000174626427751
7566,0.000174599009352
7567,0.000174571590556
7568,0.000174544171363
7569,0.000174516751774
7570,0.000174489331791
7571,0.000174461911414
7572,0.000174434490645
7573,0.000174407069485
7574,0.000174379647934
7575,0.000174352225995
7576,0.000174324803668
7577,0.000174297380955
7578,0.000174269957856
7579,0.000174242534373
7580,0.000174215110506
7581,0.000174187686258
7582,0.000174160261628
7583,0.000174132836619
7584,0.000174105411231
7585,0.000174077985466
7586,0.000174050559324
7587,0.000174023132807
7588,0.000173995705916
7589,0.000173968278652
7590,0.000173940851016
7591,0.00017391342301
7592,0.000173885994634
7593,0.000173858565889
7594,0.000173831136778
7595,0.0001738037073
7596,0.000173776277457
7597,0.00017374884725
7598,0.000173721416681
7599,0.00017369398575
7600,0.000173666554458
7601,0.000173639122807
7602,0.000173611690799
7603,0.000173584258433
7604,0.000173556825711
7605,0.000173529392634
7606,0.000173501959204
7607,0.000173474525421
7608,0.000173447091287
7609,0.000173419656802
7610,0.000173392221969
7611,0.000173364786788
7612,0.00017333735126
7613,0.000173309915386
7614,0.000173282479167
7615,0.000173255042606
7616,0.000173227605702
7617,0.000173200168457
7618,0.000173172730871
7619,0.000173145292948
7620,0.000173117854686
7621,0.000173090416088
7622,0.000173062977154
7623,0.000173035537886
7624,0.000173008098285
7625,0.000172980658352
7626,0.000172953218088
7627,0.000172925777495
7628,0.000172898336573
7629,0.000172870895323
7630,0.000172843453747
7631,0.000172816011846
7632,0.00017278856962
7633,0.000172761127072
7634,0.000172733684202
7635,0.000172706241012
7636,0.000172678797501
7637,0.000172651353673
7638,0.000172623909527
7639,0.000172596465066
7640,0.000172569020289
7641,0.000172541575198
7642,0.000172514129795
7643,0.000172486684081
7644,0.000172459238056
7645,0.000172431791721
7646,0.000172404345079
7647,0.000172376898129
7648,0.000172349450874
7649,0.000172322003314
7650,0.00017229455545
7651,0.000172267107284
7652,0.000172239658817
7653,0.00017221221005
7654,0.000172184760983
7655,0.000172157311619
7656,0.000172129861958
7657,0.000172102412001
7658,0.00017207496175
7659,0.000172047511206
7660,0.000172020060369
7661,0.000171992609241
7662,0.000171965157824
7663,0.000171937706117
7664,0.000171910254123
7665,0.000171882801843
7666,0.000171855349277
7667,0.000171827896427
7668,0.000171800443294
7669,0.000171772989879
7670,0.000171745536183
7671,0.000171718082207
7672,0.000171690627953
7673,0.000171663173422
7674,0.000171635718614
7675,0.000171608263531
7676,0.000171580808174
7677,0.000171553352544
7678,0.000171525896643
7679,0.000171498440471
7680,0.00017147098403
7681,0.00017144352732
7682,0.000171416070343
7683,0.000171388613101
7684,0.000171361155593
7685,0.000171333697822
7686,0.000171306239788
7687,0.000171278781492
7688,0.000171251322936
7689,0.000171223864121
7690,0.000171196405049
7691,0.000171168945719
7692,0.000171141486133
7693,0.000171114026293
7694,0.000171086566199
7695,0.000171059105853
7696,0.000171031645256
7697,0.000171004184408
7698,0.000170976723312
7699,0.000170949261968
7700,0.000170921800377
7701,0.000170894338541
7702,0.00017086687646
7703,0.000170839414137
7704,0.000170811951571
7705,0.000170784488764
7706,0.000170757025717
7707,0.000170729562431
7708,0.000170702098909
7709,0.000170674635149
7710,0.000170647171154
7711,0.000170619706926
7712,0.000170592242464
7713,0.00017056477777
7714,0.000170537312846
7715,0.000170509847692
7716,0.00017048238231
7717,0.0001704549167
7718,0.000170427450864
7719,0.000170399984804
7720,0.000170372518519
7721,0.000170345052011
7722,0.000170317585282
7723,0.000170290118333
7724,0.000170262651164
7725,0.000170235183777
7726,0.000170207716173
7727,0.000170180248353
7728,0.000170152780318
7729,0.00017012531207
7730,0.000170097843609
7731,0.000170070374937
7732,0.000170042906054
7733,0.000170015436963
7734,0.000169987967663
7735,0.000169960498157
7736,0.000169933028445
7737,0.000169905558529
7738,0.000169878088409
7739,0.000169850618087
7740,0.000169823147564
7741,0.000169795676841
7742,0.000169768205919
7743,0.000169740734799
7744,0.000169713263483
7745,0.000169685791971
7746,0.000169658320265
7747,0.000169630848366
7748,0.000169603376275
7749,0.000169575903994
7750,0.000169548431522
7751,0.000169520958862
7752,0.000169493486014
7753,0.00016946601298
7754,0.000169438539761
7755,0.000169411066358
7756,0.000169383592772
7757,0.000169356119005
7758,0.000169328645056
7759,0.000169301170929
7760,0.000169273696623
7761,0.000169246222139
7762,0.00016921874748
7763,0.000169191272646
7764,0.000169163797638
7765,0.000169136322457
7766,0.000169108847105
7767,0.000169081371583
7768,0.000169053895891
7769,0.000169026420031
7770,0.000168998944005
7771,0.000168971467812
7772,0.000168943991455
7773,0.000168916514935
7774,0.000168889038252
7775,0.000168861561407
7776,0.000168834084403
7777,0.00016880660724
7778,0.000168779129919
7779,0.000168751652441
7780,0.000168724174808
7781,0.00016869669702
7782,0.000168669219079
7783,0.000168641740986
7784,0.000168614262742
7785,0.000168586784348
7786,0.000168559305805
7787,0.000168531827115
7788,0.000168504348278
7789,0.000168476869296
7790,0.00016844939017
7791,0.000168421910901
7792,0.00016839443149
7793,0.000168366951938
7794,0.000168339472247
7795,0.000168311992417
7796,0.00016828451245
7797,0.000168257032347
7798,0.000168229552109
7799,0.000168202071736
7800,0.000168174591231
7801,0.000168147110595
7802,0.000168119629828
7803,0.000168092148932
7804,0.000168064667907
7805,0.000168037186755
7806,0.000168009705478
7807,0.000167982224076
7808,0.00016795474255
7809,0.000167927260901
7810,0.000167899779131
7811,0.000167872297241
7812,0.000167844815232
7813,0.000167817333105
7814,0.000167789850861
7815,0.000167762368502
7816,0.000167734886027
7817,0.00016770740344
7818,0.00016767992074
7819,0.000167652437929
7820,0.000167624955009
7821,0.000167597471979
7822,0.000167569988842
7823,0.000167542505598
7824,0.000167515022249
7825,0.000167487538795
7826,0.000167460055238
7827,0.00016743257158
7828,0.00016740508782
7829,0.000167377603961
7830,0.000167350120003
7831,0.000167322635948
7832,0.000167295151796
7833,0.00016726766755
7834,0.000167240183209
7835,0.000167212698775
7836,0.00016718521425
7837,0.000167157729634
7838,0.000167130244929
7839,0.000167102760135
7840,0.000167075275254
7841,0.000167047790287
7842,0.000167020305235
7843,0.0001669928201
7844,0.000166965334882
7845,0.000166937849582
7846,0.000166910364202
7847,0.000166882878743
7848,0.000166855393205
7849,0.000166827907591
7850,0.000166800421901
7851,0.000166772936137
7852,0.000166745450298
7853,0.000166717964388
7854,0.000166690478406
7855,0.000166662992354
7856,0.000166635506234
7857,0.000166608020045
7858,0.00016658053379
7859,0.000166553047469
7860,0.000166525561084
7861,0.000166498074635
7862,0.000166470588125
7863,0.000166443101553
7864,0.000166415614922
7865,0.000166388128232
7866,0.000166360641485
7867,0.000166333154681
7868,0.000166305667821
7869,0.000166278180908
7870,0.000166250693942
7871,0.000166223206923
7872,0.000166195719854
7873,0.000166168232736
7874,0.000166140745569
7875,0.000166113258355
7876,0.000166085771094
7877,0.000166058283789
7878,0.00016603079644
7879,0.000166003309048
7880,0.000165975821614
7881,0.00016594833414
7882,0.000165920846626
7883,0.000165893359075
7884,0.000165865871486
7885,0.000165838383862
7886,0.000165810896202
7887,0.00016578340851
7888,0.000165755920784
7889,0.000165728433027
7890,0.000165700945241
7891,0.000165673457425
7892,0.000165645969581
7893,0.00016561848171
7894,0.000165590993814
7895,0.000165563505893
7896,0.000165536017949
7897,0.000165508529982
7898,0.000165481041995
7899,0.000165453553987
7900,0.000165426065961
7901,0.000165398577917
7902,0.000165371089857
7903,0.000165343601781
7904,0.000165316113691
7905,0.000165288625588
7906,0.000165261137473
7907,0.000165233649347
7908,0.000165206161211
7909,0.000165178673067
7910,0.000165151184915
7911,0.000165123696757
7912,0.000165096208594
7913,0.000165068720427
7914,0.000165041232258
7915,0.000165013744086
7916,0.000164986255914
7917,0.000164958767742
7918,0.000164931279573
7919,0.000164903791406
7920,0.000164876303243
7921,0.000164848815085
7922,0.000164821326933
7923,0.000164793838789
7924,0.000164766350653
7925,0.000164738862527
7926,0.000164711374412
7927,0.000164683886309
7928,0.000164656398219
7929,0.000164628910143
7930,0.000164601422083
7931,0.000164573934039
7932,0.000164546446013
7933,0.000164518958005
7934,0.000164491470018
7935,0.000164463982051
7936,0.000164436494107
7937,0.000164409006186
7938,0.00016438151829
7939,0.000164354030419
7940,0.000164326542575
7941,0.000164299054759
7942,0.000164271566973
7943,0.000164244079216
7944,0.00016421659149
7945,0.000164189103798
7946,0.000164161616138
7947,0.000164134128514
7948,0.000164106640925
7949,0.000164079153374
7950,0.00016405166586
7951,0.000164024178386
7952,0.000163996690952
7953,0.00016396920356
7954,0.000163941716211
7955,0.000163914228906
7956,0.000163886741645
7957,0.000163859254431
7958,0.000163831767264
7959,0.000163804280146
7960,0.000163776793077
7961,0.000163749306058
7962,0.000163721819092
7963,0.000163694332179
7964,0.000163666845319
7965,0.000163639358515
7966,0.000163611871768
7967,0.000163584385078
7968,0.000163556898447
7969,0.000163529411875
7970,0.000163501925365
7971,0.000163474438916
7972,0.000163446952531
7973,0.00016341946621
7974,0.000163391979955
7975,0.000163364493766
7976,0.000163337007646
7977,0.000163309521594
7978,0.000163282035612
7979,0.000163254549702
7980,0.000163227063863
7981,0.000163199578099
7982,0.000163172092409
7983,0.000163144606795
7984,0.000163117121257
7985,0.000163089635798
7986,0.000163062150418
7987,0.000163034665118
7988,0.0001630071799
7989,0.000162979694765
7990,0.000162952209713
7991,0.000162924724746
7992,0.000162897239865
7993,0.000162869755071
7994,0.000162842270366
7995,0.00016281478575
7996,0.000162787301225
7997,0.000162759816791
7998,0.00016273233245
7999,0.000162704848204
8000,0.000162677364052
8001,0.000162649879997
8002,0.000162622396039
8003,0.00016259491218
8004,0.00016256742842
8005,0.000162539944762
8006,0.000162512461205
8007,0.000162484977751
8008,0.000162457494402
8009,0.000162430011158
8010,0.000162402528021
8011,0.000162375044991
8012,0.000162347562071
8013,0.00016232007926
8014,0.00016229259656
8015,0.000162265113973
8016,0.000162237631498
8017,0.000162210149139
8018,0.000162182666895
8019,0.000162155184768
8020,0.000162127702759
8021,0.000162100220869
8022,0.000162072739099
8023,0.00016204525745
8024,0.000162017775924
8025,0.000161990294522
8026,0.000161962813245
8027,0.000161935332093
8028,0.000161907851068
8029,0.000161880370172
8030,0.000161852889405
8031,0.000161825408769
8032,0.000161797928264
8033,0.000161770447891
8034,0.000161742967653
8035,0.00016171548755
8036,0.000161688007583
8037,0.000161660527753
8038,0.000161633048062
8039,0.00016160556851
8040,0.000161578089099
8041,0.00016155060983
8042,0.000161523130704
8043,0.000161495651722
8044,0.000161468172885
8045,0.000161440694195
8046,0.000161413215652
8047,0.000161385737258
8048,0.000161358259014
8049,0.000161330780921
8050,0.00016130330298
8051,0.000161275825192
8052,0.000161248347559
8053,0.000161220870081
8054,0.00016119339276
8055,0.000161165915597
8056,0.000161138438593
8057,0.000161110961748
8058,0.000161083485065
8059,0.000161056008545
8060,0.000161028532188
8061,0.000161001055995
8062,0.000160973579969
8063,0.000160946104109
8064,0.000160918628417
8065,0.000160891152895
8066,0.000160863677543
8067,0.000160836202362
8068,0.000160808727354
8069,0.00016078125252
8070,0.000160753777861
8071,0.000160726303377
8072,0.000160698829071
8073,0.000160671354944
8074,0.000160643880995
8075,0.000160616407228
8076,0.000160588933642
8077,0.000160561460239
8078,0.00016053398702
8079,0.000160506513986
8080,0.000160479041138
8081,0.000160451568478
8082,0.000160424096006
8083,0.000160396623725
8084,0.000160369151634
8085,0.000160341679735
8086,0.000160314208029
8087,0.000160286736517
8088,0.000160259265201
8089,0.000160231794081
8090,0.000160204323159
8091,0.000160176852436
8092,0.000160149381913
8093,0.000160121911591
8094,0.000160094441471
8095,0.000160066971555
8096,0.000160039501843
8097,0.000160012032337
8098,0.000159984563037
8099,0.000159957093946
8100,0.000159929625063
8101,0.000159902156391
8102,0.00015987468793
8103,0.000159847219682
8104,0.000159819751647
8105,0.000159792283827
8106,0.000159764816223
8107,0.000159737348836
8108,0.000159709881667
8109,0.000159682414718
8110,0.000159654947989
8111,0.000159627481481
8112,0.000159600015196
8113,0.000159572549136
8114,0.0001595450833
8115,0.00015951761769
8116,0.000159490152308
8117,0.000159462687154
8118,0.00015943522223
8119,0.000159407757536
8120,0.000159380293074
8121,0.000159352828846
8122,0.000159325364851
8123,0.000159297901091
8124,0.000159270437569
8125,0.000159242974283
8126,0.000159215511236
8127,0.000159188048429
8128,0.000159160585863
8129,0.00015913312354
8130,0.000159105661459
8131,0.000159078199623
8132,0.000159050738032
8133,0.000159023276688
8134,0.000158995815592
8135,0.000158968354744
8136,0.000158940894147
8137,0.000158913433801
8138,0.000158885973707
8139,0.000158858513867
8140,0.000158831054281
8141,0.000158803594951
8142,0.000158776135879
8143,0.000158748677064
8144,0.000158721218508
8145,0.000158693760212
8146,0.000158666302178
8147,0.000158638844407
8148,0.000158611386899
8149,0.000158583929657
8150,0.00015855647268
8151,0.00015852901597
8152,0.000158501559529
8153,0.000158474103357
8154,0.000158446647456
8155,0.000158419191826
8156,0.000158391736469
8157,0.000158364281386
8158,0.000158336826578
8159,0.000158309372047
8160,0.000158281917793
8161,0.000158254463817
8162,0.000158227010121
8163,0.000158199556706
8164,0.000158172103573
8165,0.000158144650723
8166,0.000158117198157
8167,0.000158089745877
8168,0.000158062293883
8169,0.000158034842176
8170,0.000158007390759
8171,0.000157979939631
8172,0.000157952488794
8173,0.00015792503825
8174,0.000157897587999
8175,0.000157870138042
8176,0.000157842688381
8177,0.000157815239017
8178,0.00015778778995
8179,0.000157760341183
8180,0.000157732892716
8181,0.00015770544455
8182,0.000157677996686
8183,0.000157650549126
8184,0.000157623101871
8185,0.000157595654921
8186,0.000157568208279
8187,0.000157540761944
8188,0.000157513315919
8189,0.000157485870205
8190,0.000157458424802
8191,0.000157430979711
8192,0.000157403534934
8193,0.000157376090473
8194,0.000157348646327
8195,0.000157321202499
8196,0.000157293758988
8197,0.000157266315798
8198,0.000157238872928
8199,0.00015721143038
8200,0.000157183988154
8201,0.000157156546253
8202,0.000157129104677
8203,0.000157101663427
8204,0.000157074222505
8205,0.000157046781912
8206,0.000157019341648
8207,0.000156991901715
8208,0.000156964462114
8209,0.000156937022846
8210,0.000156909583912
8211,0.000156882145314
8212,0.000156854707052
8213,0.000156827269129
8214,0.000156799831543
8215,0.000156772394298
8216,0.000156744957394
8217,0.000156717520833
8218,0.000156690084614
8219,0.00015666264874
8220,0.000156635213212
8221,0.000156607778031
8222,0.000156580343198
8223,0.000156552908713
8224,0.000156525474579
8225,0.000156498040796
8226,0.000156470607366
8227,0.000156443174289
8228,0.000156415741567
8229,0.000156388309201
8230,0.000156360877193
8231,0.000156333445542
8232,0.00015630601425
8233,0.000156278583319
8234,0.00015625115275
8235,0.000156223722543
8236,0.0001561962927
8237,0.000156168863222
8238,0.000156141434111
8239,0.000156114005366
8240,0.00015608657699
8241,0.000156059148984
8242,0.000156031721348
8243,0.000156004294084
8244,0.000155976867193
8245,0.000155949440676
8246,0.000155922014534
8247,0.000155894588769
8248,0.000155867163381
8249,0.000155839738372
8250,0.000155812313742
8251,0.000155784889494
8252,0.000155757465627
8253,0.000155730042144
8254,0.000155702619045
8255,0.000155675196332
8256,0.000155647774005
8257,0.000155620352066
8258,0.000155592930515
8259,0.000155565509355
8260,0.000155538088586
8261,0.000155510668209
8262,0.000155483248226
8263,0.000155455828637
8264,0.000155428409444
8265,0.000155400990648
8266,0.000155373572249
8267,0.00015534615425
8268,0.000155318736651
8269,0.000155291319453
8270,0.000155263902658
8271,0.000155236486267
8272,0.00015520907028
8273,0.0001551816547
8274,0.000155154239526
8275,0.000155126824761
8276,0.000155099410404
8277,0.000155071996459
8278,0.000155044582925
8279,0.000155017169804
8280,0.000154989757096
8281,0.000154962344804
8282,0.000154934932928
8283,0.000154907521469
8284,0.000154880110428
8285,0.000154852699807
8286,0.000154825289607
8287,0.000154797879829
8288,0.000154770470473
8289,0.000154743061542
8290,0.000154715653036
8291,0.000154688244956
8292,0.000154660837304
8293,0.000154633430081
8294,0.000154606023287
8295,0.000154578616924
8296,0.000154551210994
8297,0.000154523805496
8298,0.000154496400433
8299,0.000154468995805
8300,0.000154441591614
8301,0.000154414187861
8302,0.000154386784546
8303,0.000154359381672
8304,0.000154331979239
8305,0.000154304577248
8306,0.0001542771757
8307,0.000154249774597
8308,0.00015422237394
8309,0.000154194973729
8310,0.000154167573967
8311,0.000154140174654
8312,0.00015411277579
8313,0.000154085377379
8314,0.000154057979419
8315,0.000154030581914
8316,0.000154003184863
8317,0.000153975788268
8318,0.00015394839213
8319,0.000153920996451
8320,0.00015389360123
8321,0.000153866206471
8322,0.000153838812172
8323,0.000153811418337
8324,0.000153784024965
8325,0.000153756632059
8326,0.000153729239618
8327,0.000153701847645
8328,0.00015367445614
8329,0.000153647065105
8330,0.00015361967454
8331,0.000153592284448
8332,0.000153564894828
8333,0.000153537505682
8334,0.000153510117012
8335,0.000153482728818
8336,0.000153455341101
8337,0.000153427953863
8338,0.000153400567105
8339,0.000153373180828
8340,0.000153345795033
8341,0.000153318409721
8342,0.000153291024893
8343,0.000153263640551
8344,0.000153236256695
8345,0.000153208873327
8346,0.000153181490448
8347,0.000153154108059
8348,0.000153126726161
8349,0.000153099344755
8350,0.000153071963843
8351,0.000153044583425
8352,0.000153017203503
8353,0.000152989824077
8354,0.00015296244515
8355,0.000152935066722
8356,0.000152907688794
8357,0.000152880311367
8358,0.000152852934443
8359,0.000152825558022
8360,0.000152798182106
8361,0.000152770806696
8362,0.000152743431793
8363,0.000152716057398
8364,0.000152688683512
8365,0.000152661310137
8366,0.000152633937273
8367,0.000152606564922
8368,0.000152579193085
8369,0.000152551821763
8370,0.000152524450957
8371,0.000152497080668
8372,0.000152469710898
8373,0.000152442341647
8374,0.000152414972916
8375,0.000152387604708
8376,0.000152360237022
8377,0.000152332869861
8378,0.000152305503224
8379,0.000152278137114
8380,0.000152250771531
8381,0.000152223406477
8382,0.000152196041953
8383,0.000152168677959
8384,0.000152141314498
8385,0.000152113951569
8386,0.000152086589175
8387,0.000152059227316
8388,0.000152031865994
8389,0.000152004505209
8390,0.000151977144963
8391,0.000151949785257
8392,0.000151922426092
8393,0.00015189506747
8394,0.00015186770939
8395,0.000151840351855
8396,0.000151812994866
8397,0.000151785638423
8398,0.000151758282529
8399,0.000151730927183
8400,0.000151703572387
8401,0.000151676218143
8402,0.000151648864451
8403,0.000151621511312
8404,0.000151594158729
8405,0.000151566806701
8406,0.00015153945523
8407,0.000151512104317
8408,0.000151484753963
8409,0.000151457404169
8410,0.000151430054937
8411,0.000151402706268
8412,0.000151375358162
8413,0.000151348010622
8414,0.000151320663647
8415,0.000151293317239
8416,0.0001512659714
8417,0.00015123862613
8418,0.000151211281431
8419,0.000151183937303
8420,0.000151156593748
8421,0.000151129250767
8422,0.000151101908361
8423,0.000151074566532
8424,0.000151047225279
8425,0.000151019884605
8426,0.000150992544511
8427,0.000150965204998
8428,0.000150937866066
8429,0.000150910527717
8430,0.000150883189953
8431,0.000150855852774
8432,0.000150828516181
8433,0.000150801180175
8434,0.000150773844759
8435,0.000150746509932
8436,0.000150719175696
8437,0.000150691842053
8438,0.000150664509002
8439,0.000150637176546
8440,0.000150609844685
8441,0.000150582513421
8442,0.000150555182755
8443,0.000150527852687
8444,0.00015050052322
8445,0.000150473194353
8446,0.000150445866089
8447,0.000150418538428
8448,0.000150391211372
8449,0.000150363884922
8450,0.000150336559078
8451,0.000150309233842
8452,0.000150281909216
8453,0.000150254585199
8454,0.000150227261794
8455,0.000150199939002
8456,0.000150172616823
8457,0.000150145295258
8458,0.00015011797431
8459,0.000150090653978
8460,0.000150063334265
8461,0.000150036015171
8462,0.000150008696698
8463,0.000149981378845
8464,0.000149954061616
8465,0.00014992674501
8466,0.00014989942903
8467,0.000149872113675
8468,0.000149844798948
8469,0.000149817484848
8470,0.000149790171379
8471,0.00014976285854
8472,0.000149735546332
8473,0.000149708234758
8474,0.000149680923817
8475,0.000149653613512
8476,0.000149626303843
8477,0.000149598994811
8478,0.000149571686418
8479,0.000149544378664
8480,0.000149517071552
8481,0.000149489765081
8482,0.000149462459253
8483,0.000149435154069
8484,0.000149407849531
8485,0.000149380545639
8486,0.000149353242395
8487,0.000149325939799
8488,0.000149298637854
8489,0.000149271336559
8490,0.000149244035916
8491,0.000149216735927
8492,0.000149189436591
8493,0.000149162137912
8494,0.000149134839889
8495,0.000149107542524
8496,0.000149080245817
8497,0.000149052949771
8498,0.000149025654386
8499,0.000148998359663
8500,0.000148971065604
8501,0.000148943772209
8502,0.00014891647948
8503,0.000148889187417
8504,0.000148861896023
8505,0.000148834605298
8506,0.000148807315242
8507,0.000148780025859
8508,0.000148752737147
8509,0.00014872544911
8510,0.000148698161747
8511,0.00014867087506
8512,0.000148643589049
8513,0.000148616303717
8514,0.000148589019065
8515,0.000148561735092
8516,0.000148534451802
8517,0.000148507169193
8518,0.000148479887269
8519,0.00014845260603
8520,0.000148425325476
8521,0.00014839804561
8522,0.000148370766432
8523,0.000148343487944
8524,0.000148316210146
8525,0.000148288933039
8526,0.000148261656626
8527,0.000148234380907
8528,0.000148207105882
8529,0.000148179831554
8530,0.000148152557923
8531,0.000148125284991
8532,0.000148098012759
8533,0.000148070741227
8534,0.000148043470397
8535,0.00014801620027
8536,0.000147988930847
8537,0.000147961662129
8538,0.000147934394118
8539,0.000147907126814
8540,0.000147879860219
8541,0.000147852594334
8542,0.00014782532916
8543,0.000147798064698
8544,0.000147770800949
8545,0.000147743537914
8546,0.000147716275595
8547,0.000147689013992
8548,0.000147661753107
8549,0.000147634492941
8550,0.000147607233495
8551,0.000147579974769
8552,0.000147552716767
8553,0.000147525459487
8554,0.000147498202932
8555,0.000147470947103
8556,0.000147443692
8557,0.000147416437625
8558,0.000147389183979
8559,0.000147361931064
8560,0.000147334678879
8561,0.000147307427427
8562,0.000147280176709
8563,0.000147252926725
8564,0.000147225677477
8565,0.000147198428966
8566,0.000147171181193
8567,0.000147143934159
8568,0.000147116687865
8569,0.000147089442313
8570,0.000147062197503
8571,0.000147034953438
8572,0.000147007710116
8573,0.000146980467541
8574,0.000146953225713
8575,0.000146925984633
8576,0.000146898744303
8577,0.000146871504723
8578,0.000146844265894
8579,0.000146817027819
8580,0.000146789790497
8581,0.00014676255393
8582,0.000146735318119
8583,0.000146708083066
8584,0.000146680848771
8585,0.000146653615235
8586,0.00014662638246
8587,0.000146599150447
8588,0.000146571919197
8589,0.00014654468871
8590,0.000146517458989
8591,0.000146490230034
8592,0.000146463001847
8593,0.000146435774428
8594,0.000146408547778
8595,0.0001463813219
8596,0.000146354096793
8597,0.00014632687246
8598,0.0001462996489
8599,0.000146272426116
8600,0.000146245204109
8601,0.000146217982879
8602,0.000146190762427
8603,0.000146163542756
8604,0.000146136323865
8605,0.000146109105757
8606,0.000146081888431
8607,0.000146054671891
8608,0.000146027456135
8609,0.000146000241166
8610,0.000145973026985
8611,0.000145945813593
8612,0.00014591860099
8613,0.000145891389179
8614,0.00014586417816
8615,0.000145836967934
8616,0.000145809758503
8617,0.000145782549868
8618,0.000145755342029
8619,0.000145728134988
8620,0.000145700928746
8621,0.000145673723304
8622,0.000145646518664
8623,0.000145619314826
8624,0.000145592111791
8625,0.000145564909561
8626,0.000145537708137
8627,0.000145510507519
8628,0.00014548330771
8629,0.00014545610871
8630,0.00014542891052
8631,0.000145401713142
8632,0.000145374516576
8633,0.000145347320823
8634,0.000145320125886
8635,0.000145292931764
8636,0.00014526573846
8637,0.000145238545974
8638,0.000145211354307
8639,0.00014518416346
8640,0.000145156973435
8641,0.000145129784233
8642,0.000145102595854
8643,0.0001450754083
8644,0.000145048221573
8645,0.000145021035672
8646,0.0001449938506
8647,0.000144966666358
8648,0.000144939482946
8649,0.000144912300365
8650,0.000144885118618
8651,0.000144857937704
8652,0.000144830757626
8653,0.000144803578384
8654,0.000144776399979
8655,0.000144749222412
8656,0.000144722045685
8657,0.000144694869799
8658,0.000144667694755
8659,0.000144640520553
8660,0.000144613347196
8661,0.000144586174684
8662,0.000144559003018
8663,0.0001445318322
8664,0.000144504662231
8665,0.000144477493111
8666,0.000144450324842
8667,0.000144423157425
8668,0.000144395990861
8669,0.000144368825151
8670,0.000144341660297
8671,0.000144314496299
8672,0.000144287333158
8673,0.000144260170877
8674,0.000144233009455
8675,0.000144205848895
8676,0.000144178689196
8677,0.000144151530361
8678,0.00014412437239
8679,0.000144097215284
8680,0.000144070059045
8681,0.000144042903674
8682,0.000144015749172
8683,0.00014398859554
8684,0.000143961442779
8685,0.00014393429089
8686,0.000143907139874
8687,0.000143879989733
8688,0.000143852840468
8689,0.000143825692079
8690,0.000143798544569
8691,0.000143771397937
8692,0.000143744252185
8693,0.000143717107315
8694,0.000143689963327
8695,0.000143662820222
8696,0.000143635678003
8697,0.000143608536669
8698,0.000143581396221
8699,0.000143554256662
8700,0.000143527117992
8701,0.000143499980212
8702,0.000143472843324
8703,0.000143445707328
8704,0.000143418572226
8705,0.000143391438018
8706,0.000143364304706
8707,0.000143337172292
8708,0.000143310040775
8709,0.000143282910158
8710,0.000143255780441
8711,0.000143228651626
8712,0.000143201523713
8713,0.000143174396704
8714,0.0001431472706
8715,0.000143120145402
8716,0.000143093021111
8717,0.000143065897728
8718,0.000143038775254
8719,0.000143011653692
8720,0.00014298453304
8721,0.000142957413302
8722,0.000142930294477
8723,0.000142903176568
8724,0.000142876059574
8725,0.000142848943498
8726,0.00014282182834
8727,0.000142794714102
8728,0.000142767600784
8729,0.000142740488388
8730,0.000142713376915
8731,0.000142686266366
8732,0.000142659156741
8733,0.000142632048044
8734,0.000142604940273
8735,0.000142577833431
8736,0.000142550727519
8737,0.000142523622537
8738,0.000142496518488
8739,0.000142469415371
8740,0.000142442313188
8741,0.000142415211941
8742,0.00014238811163
8743,0.000142361012256
8744,0.000142333913821
8745,0.000142306816326
8746,0.000142279719772
8747,0.000142252624159
8748,0.00014222552949
8749,0.000142198435765
8750,0.000142171342985
8751,0.000142144251152
8752,0.000142117160266
8753,0.000142090070329
8754,0.000142062981342
8755,0.000142035893305
8756,0.000142008806221
8757,0.00014198172009
8758,0.000141954634914
8759,0.000141927550693
8760,0.000141900467428
8761,0.000141873385121
8762,0.000141846303773
8763,0.000141819223385
8764,0.000141792143958
8765,0.000141765065493
8766,0.000141737987991
8767,0.000141710911454
8768,0.000141683835883
8769,0.000141656761278
8770,0.000141629687641
8771,0.000141602614972
8772,0.000141575543274
8773,0.000141548472547
8774,0.000141521402793
8775,0.000141494334011
8776,0.000141467266205
8777,0.000141440199373
8778,0.000141413133519
8779,0.000141386068643
8780,0.000141359004745
8781,0.000141331941828
8782,0.000141304879892
8783,0.000141277818939
8784,0.000141250758968
8785,0.000141223699983
8786,0.000141196641983
8787,0.00014116958497
8788,0.000141142528946
8789,0.00014111547391
8790,0.000141088419864
8791,0.00014106136681
8792,0.000141034314749
8793,0.000141007263681
8794,0.000140980213607
8795,0.00014095316453
8796,0.00014092611645
8797,0.000140899069367
8798,0.000140872023284
8799,0.000140844978201
8800,0.00014081793412
8801,0.000140790891041
8802,0.000140763848966
8803,0.000140736807896
8804,0.000140709767831
8805,0.000140682728774
8806,0.000140655690725
8807,0.000140628653685
8808,0.000140601617656
8809,0.000140574582638
8810,0.000140547548633
8811,0.000140520515641
8812,0.000140493483665
8813,0.000140466452704
8814,0.000140439422761
8815,0.000140412393836
8816,0.000140385365931
8817,0.000140358339045
8818,0.000140331313182
8819,0.000140304288341
8820,0.000140277264524
8821,0.000140250241732
8822,0.000140223219967
8823,0.000140196199228
8824,0.000140169179518
8825,0.000140142160837
8826,0.000140115143187
8827,0.000140088126569
8828,0.000140061110983
8829,0.000140034096432
8830,0.000140007082915
8831,0.000139980070435
8832,0.000139953058992
8833,0.000139926048587
8834,0.000139899039222
8835,0.000139872030898
8836,0.000139845023615
8837,0.000139818017376
8838,0.00013979101218
8839,0.00013976400803
8840,0.000139737004925
8841,0.000139710002869
8842,0.00013968300186
8843,0.000139656001902
8844,0.000139629002994
8845,0.000139602005138
8846,0.000139575008335
8847,0.000139548012586
8848,0.000139521017892
8849,0.000139494024255
8850,0.000139467031675
8851,0.000139440040153
8852,0.000139413049692
8853,0.000139386060291
8854,0.000139359071952
8855,0.000139332084676
8856,0.000139305098465
8857,0.000139278113318
8858,0.000139251129238
8859,0.000139224146226
8860,0.000139197164282
8861,0.000139170183408
8862,0.000139143203605
8863,0.000139116224874
8864,0.000139089247216
8865,0.000139062270633
8866,0.000139035295125
8867,0.000139008320693
8868,0.000138981347339
8869,0.000138954375063
8870,0.000138927403867
8871,0.000138900433753
8872,0.00013887346472
8873,0.000138846496771
8874,0.000138819529906
8875,0.000138792564126
8876,0.000138765599433
8877,0.000138738635827
8878,0.000138711673311
8879,0.000138684711884
8880,0.000138657751548
8881,0.000138630792304
8882,0.000138603834154
8883,0.000138576877098
8884,0.000138549921138
8885,0.000138522966274
8886,0.000138496012507
8887,0.00013846905984
8888,0.000138442108273
8889,0.000138415157806
8890,0.000138388208442
8891,0.000138361260182
8892,0.000138334313025
8893,0.000138307366974
8894,0.00013828042203
8895,0.000138253478194
8896,0.000138226535466
8897,0.000138199593849
8898,0.000138172653343
8899,0.000138145713948
8900,0.000138118775668
8901,0.000138091838502
8902,0.000138064902451
8903,0.000138037967517
8904,0.000138011033701
8905,0.000137984101004
8906,0.000137957169427
8907,0.000137930238971
8908,0.000137903309637
8909,0.000137876381427
8910,0.000137849454341
8911,0.000137822528381
8912,0.000137795603548
8913,0.000137768679843
8914,0.000137741757266
8915,0.00013771483582
8916,0.000137687915505
8917,0.000137660996323
8918,0.000137634078273
8919,0.000137607161359
8920,0.00013758024558
8921,0.000137553330938
8922,0.000137526417434
8923,0.000137499505068
8924,0.000137472593843
8925,0.00013744568376
8926,0.000137418774818
8927,0.000137391867021
8928,0.000137364960367
8929,0.00013733805486
8930,0.000137311150499
8931,0.000137284247287
8932,0.000137257345223
8933,0.00013723044431
8934,0.000137203544548
8935,0.000137176645938
8936,0.000137149748482
8937,0.00013712285218
8938,0.000137095957035
8939,0.000137069063046
8940,0.000137042170215
8941,0.000137015278543
8942,0.000136988388032
8943,0.000136961498682
8944,0.000136934610494
8945,0.00013690772347
8946,0.000136880837611
8947,0.000136853952917
8948,0.000136827069391
8949,0.000136800187032
8950,0.000136773305843
8951,0.000136746425824
8952,0.000136719546976
8953,0.000136692669301
8954,0.000136665792799
8955,0.000136638917472
8956,0.000136612043321
8957,0.000136585170347
8958,0.000136558298551
8959,0.000136531427934
8960,0.000136504558497
8961,0.000136477690242
8962,0.000136450823169
8963,0.00013642395728
8964,0.000136397092576
8965,0.000136370229057
8966,0.000136343366726
8967,0.000136316505582
8968,0.000136289645628
8969,0.000136262786864
8970,0.000136235929292
8971,0.000136209072912
8972,0.000136182217726
8973,0.000136155363734
8974,0.000136128510939
8975,0.00013610165934
8976,0.00013607480894
8977,0.000136047959738
8978,0.000136021111737
8979,0.000135994264938
8980,0.000135967419341
8981,0.000135940574948
8982,0.000135913731759
8983,0.000135886889777
8984,0.000135860049001
8985,0.000135833209434
8986,0.000135806371076
8987,0.000135779533928
8988,0.000135752697992
8989,0.000135725863268
8990,0.000135699029758
8991,0.000135672197463
8992,0.000135645366383
8993,0.000135618536521
8994,0.000135591707877
8995,0.000135564880452
8996,0.000135538054247
8997,0.000135511229264
8998,0.000135484405504
8999,0.000135457582967
9000,0.000135430761655
9001,0.000135403941569
9002,0.00013537712271
9003,0.000135350305079
9004,0.000135323488678
9005,0.000135296673506
9006,0.000135269859567
9007,0.00013524304686
9008,0.000135216235386
9009,0.000135189425148
9010,0.000135162616145
9011,0.000135135808379
9012,0.000135109001852
9013,0.000135082196564
9014,0.000135055392516
9015,0.000135028589709
9016,0.000135001788146
9017,0.000134974987826
9018,0.00013494818875
9019,0.000134921390921
9020,0.000134894594339
9021,0.000134867799005
9022,0.00013484100492
9023,0.000134814212086
9024,0.000134787420503
9025,0.000134760630172
9026,0.000134733841096
9027,0.000134707053274
9028,0.000134680266708
9029,0.000134653481399
9030,0.000134626697349
9031,0.000134599914557
9032,0.000134573133026
9033,0.000134546352756
9034,0.00013451957375
9035,0.000134492796006
9036,0.000134466019528
9037,0.000134439244315
9038,0.00013441247037
9039,0.000134385697692
9040,0.000134358926284
9041,0.000134332156147
9042,0.00013430538728
9043,0.000134278619687
9044,0.000134251853367
9045,0.000134225088321
9046,0.000134198324552
9047,0.00013417156206
9048,0.000134144800846
9049,0.000134118040911
9050,0.000134091282256
9051,0.000134064524883
9052,0.000134037768793
9053,0.000134011013986
9054,0.000133984260464
9055,0.000133957508228
9056,0.000133930757279
9057,0.000133904007618
9058,0.000133877259246
9059,0.000133850512164
9060,0.000133823766374
9061,0.000133797021877
9062,0.000133770278673
9063,0.000133743536764
9064,0.000133716796151
9065,0.000133690056835
9066,0.000133663318817
9067,0.000133636582098
9068,0.000133609846679
9069,0.000133583112562
9070,0.000133556379748
9071,0.000133529648237
9072,0.000133502918031
9073,0.00013347618913
9074,0.000133449461537
9075,0.000133422735251
9076,0.000133396010275
9077,0.000133369286609
9078,0.000133342564255
9079,0.000133315843213
9080,0.000133289123485
9081,0.000133262405071
9082,0.000133235687973
9083,0.000133208972192
9084,0.000133182257729
9085,0.000133155544586
9086,0.000133128832762
9087,0.00013310212226
9088,0.000133075413081
9089,0.000133048705224
9090,0.000133021998693
9091,0.000132995293488
9092,0.000132968589609
9093,0.000132941887058
9094,0.000132915185837
9095,0.000132888485945
9096,0.000132861787385
9097,0.000132835090158
9098,0.000132808394264
9099,0.000132781699704
9100,0.000132755006481
9101,0.000132728314594
9102,0.000132701624045
9103,0.000132674934836
9104,0.000132648246966
9105,0.000132621560438
9106,0.000132594875252
9107,0.00013256819141
9108,0.000132541508912
9109,0.00013251482776
9110,0.000132488147955
9111,0.000132461469497
9112,0.000132434792389
9113,0.000132408116631
9114,0.000132381442224
9115,0.00013235476917
9116,0.000132328097469
9117,0.000132301427122
9118,0.000132274758131
9119,0.000132248090497
9120,0.000132221424221
9121,0.000132194759304
9122,0.000132168095747
9123,0.000132141433551
9124,0.000132114772717
9125,0.000132088113247
9126,0.000132061455141
9127,0.000132034798401
9128,0.000132008143028
9129,0.000131981489022
9130,0.000131954836386
9131,0.000131928185119
9132,0.000131901535224
9133,0.000131874886701
9134,0.000131848239551
9135,0.000131821593776
9136,0.000131794949376
9137,0.000131768306353
9138,0.000131741664707
9139,0.000131715024441
9140,0.000131688385554
9141,0.000131661748049
9142,0.000131635111925
9143,0.000131608477186
9144,0.00013158184383
9145,0.00013155521186
9146,0.000131528581276
9147,0.000131501952081
9148,0.000131475324274
9149,0.000131448697857
9150,0.000131422072831
9151,0.000131395449197
9152,0.000131368826956
9153,0.00013134220611
9154,0.000131315586659
9155,0.000131288968605
9156,0.000131262351948
9157,0.00013123573669
9158,0.000131209122832
9159,0.000131182510375
9160,0.00013115589932
9161,0.000131129289668
9162,0.00013110268142
9163,0.000131076074578
9164,0.000131049469142
9165,0.000131022865114
9166,0.000130996262494
9167,0.000130969661284
9168,0.000130943061485
9169,0.000130916463099
9170,0.000130889866125
9171,0.000130863270565
9172,0.000130836676421
9173,0.000130810083693
9174,0.000130783492382
9175,0.00013075690249
9176,0.000130730314018
9177,0.000130703726967
9178,0.000130677141337
9179,0.000130650557131
9180,0.000130623974349
9181,0.000130597392991
9182,0.000130570813061
9183,0.000130544234557
9184,0.000130517657482
9185,0.000130491081837
9186,0.000130464507623
9187,0.00013043793484
9188,0.00013041136349
9189,0.000130384793574
9190,0.000130358225094
9191,0.000130331658049
9192,0.000130305092442
9193,0.000130278528274
9194,0.000130251965544
9195,0.000130225404256
9196,0.000130198844409
9197,0.000130172286005
9198,0.000130145729045
9199,0.000130119173531
9200,0.000130092619462
9201,0.00013006606684
9202,0.000130039515667
9203,0.000130012965943
9204,0.00012998641767
9205,0.000129959870849
9206,0.00012993332548
9207,0.000129906781565
9208,0.000129880239105
9209,0.000129853698101
9210,0.000129827158554
9211,0.000129800620466
9212,0.000129774083836
9213,0.000129747548668
9214,0.000129721014961
9215,0.000129694482716
9216,0.000129667951935
9217,0.000129641422619
9218,0.000129614894769
9219,0.000129588368386
9220,0.000129561843471
9221,0.000129535320026
9222,0.000129508798051
9223,0.000129482277547
9224,0.000129455758516
9225,0.000129429240958
9226,0.000129402724875
9227,0.000129376210268
9228,0.000129349697138
9229,0.000129323185486
9230,0.000129296675314
9231,0.000129270166621
9232,0.00012924365941
9233,0.000129217153681
9234,0.000129190649436
9235,0.000129164146675
9236,0.0001291376454
9237,0.000129111145612
9238,0.000129084647312
9239,0.000129058150501
9240,0.00012903165518
9241,0.00012900516135
9242,0.000128978669013
9243,0.000128952178169
9244,0.000128925688819
9245,0.000128899200965
9246,0.000128872714608
9247,0.000128846229749
9248,0.000128819746389
9249,0.000128793264528
9250,0.000128766784169
9251,0.000128740305312
9252,0.000128713827958
9253,0.000128687352109
9254,0.000128660877765
9255,0.000128634404928
9256,0.000128607933598
9257,0.000128581463778
9258,0.000128554995467
9259,0.000128528528667
9260,0.000128502063379
9261,0.000128475599605
9262,0.000128449137344
9263,0.0001284226766
9264,0.000128396217371
9265,0.00012836975966
9266,0.000128343303468
9267,0.000128316848796
9268,0.000128290395644
9269,0.000128263944015
9270,0.000128237493908
9271,0.000128211045326
9272,0.000128184598269
9273,0.000128158152738
9274,0.000128131708735
9275,0.00012810526626
9276,0.000128078825315
9277,0.0001280523859
9278,0.000128025948018
9279,0.000127999511668
9280,0.000127973076853
9281,0.000127946643572
9282,0.000127920211828
9283,0.000127893781621
9284,0.000127867352952
9285,0.000127840925823
9286,0.000127814500235
9287,0.000127788076188
9288,0.000127761653684
9289,0.000127735232724
9290,0.000127708813309
9291,0.00012768239544
9292,0.000127655979118
9293,0.000127629564344
9294,0.00012760315112
9295,0.000127576739446
9296,0.000127550329324
9297,0.000127523920754
9298,0.000127497513738
9299,0.000127471108277
9300,0.000127444704372
9301,0.000127418302024
9302,0.000127391901234
9303,0.000127365502004
9304,0.000127339104333
9305,0.000127312708224
9306,0.000127286313678
9307,0.000127259920695
9308,0.000127233529276
9309,0.000127207139424
9310,0.000127180751138
9311,0.000127154364421
9312,0.000127127979272
9313,0.000127101595694
9314,0.000127075213686
9315,0.000127048833252
9316,0.00012702245439
9317,0.000126996077103
9318,0.000126969701392
9319,0.000126943327258
9320,0.000126916954701
9321,0.000126890583723
9322,0.000126864214325
9323,0.000126837846509
9324,0.000126811480274
9325,0.000126785115623
9326,0.000126758752556
9327,0.000126732391075
9328,0.00012670603118
9329,0.000126679672872
9330,0.000126653316154
9331,0.000126626961025
9332,0.000126600607488
9333,0.000126574255542
9334,0.000126547905189
9335,0.000126521556431
9336,0.000126495209268
9337,0.000126468863701
9338,0.000126442519732
9339,0.000126416177361
9340,0.00012638983659
9341,0.00012636349742
9342,0.000126337159852
9343,0.000126310823886
9344,0.000126284489525
9345,0.000126258156769
9346,0.000126231825619
9347,0.000126205496076
9348,0.000126179168142
9349,0.000126152841817
9350,0.000126126517103
9351,0.000126100194
9352,0.00012607387251
9353,0.000126047552634
9354,0.000126021234373
9355,0.000125994917728
9356,0.000125968602701
9357,0.000125942289291
9358,0.000125915977501
9359,0.000125889667331
9360,0.000125863358782
9361,0.000125837051857
9362,0.000125810746555
9363,0.000125784442877
9364,0.000125758140826
9365,0.000125731840401
9366,0.000125705541605
9367,0.000125679244437
9368,0.0001256529489
9369,0.000125626654994
9370,0.000125600362721
9371,0.000125574072081
9372,0.000125547783075
9373,0.000125521495706
9374,0.000125495209973
9375,0.000125468925878
9376,0.000125442643421
9377,0.000125416362605
9378,0.00012539008343
9379,0.000125363805898
9380,0.000125337530008
9381,0.000125311255763
9382,0.000125284983163
9383,0.00012525871221
9384,0.000125232442905
9385,0.000125206175248
9386,0.000125179909241
9387,0.000125153644885
9388,0.000125127382181
9389,0.000125101121131
9390,0.000125074861734
9391,0.000125048603993
9392,0.000125022347908
9393,0.00012499609348
9394,0.000124969840711
9395,0.000124943589602
9396,0.000124917340153
9397,0.000124891092366
9398,0.000124864846242
9399,0.000124838601782
9400,0.000124812358987
9401,0.000124786117859
9402,0.000124759878397
9403,0.000124733640604
9404,0.00012470740448
9405,0.000124681170027
9406,0.000124654937245
9407,0.000124628706137
9408,0.000124602476701
9409,0.000124576248941
9410,0.000124550022857
9411,0.000124523798449
9412,0.00012449757572
9413,0.00012447135467
9414,0.000124445135301
9415,0.000124418917612
9416,0.000124392701607
9417,0.000124366487284
9418,0.000124340274647
9419,0.000124314063695
9420,0.00012428785443
9421,0.000124261646853
9422,0.000124235440964
9423,0.000124209236766
9424,0.000124183034259
9425,0.000124156833445
9426,0.000124130634323
9427,0.000124104436897
9428,0.000124078241165
9429,0.00012405204713
9430,0.000124025854793
9431,0.000123999664155
9432,0.000123973475216
9433,0.000123947287979
9434,0.000123921102443
9435,0.000123894918611
9436,0.000123868736483
9437,0.00012384255606
9438,0.000123816377343
9439,0.000123790200334
9440,0.000123764025033
9441,0.000123737851442
9442,0.000123711679562
9443,0.000123685509394
9444,0.000123659340938
9445,0.000123633174197
9446,0.00012360700917
9447,0.00012358084586
9448,0.000123554684266
9449,0.000123528524391
9450,0.000123502366236
9451,0.000123476209801
9452,0.000123450055087
9453,0.000123423902097
9454,0.000123397750829
9455,0.000123371601287
9456,0.000123345453471
9457,0.000123319307381
9458,0.00012329316302
9459,0.000123267020388
9460,0.000123240879486
9461,0.000123214740315
9462,0.000123188602877
9463,0.000123162467172
9464,0.000123136333201
9465,0.000123110200967
9466,0.000123084070469
9467,0.000123057941709
9468,0.000123031814688
9469,0.000123005689407
9470,0.000122979565866
9471,0.000122953444068
9472,0.000122927324014
9473,0.000122901205703
9474,0.000122875089138
9475,0.00012284897432
9476,0.000122822861249
9477,0.000122796749926
9478,0.000122770640354
9479,0.000122744532532
9480,0.000122718426462
9481,0.000122692322145
9482,0.000122666219582
9483,0.000122640118774
9484,0.000122614019723
9485,0.000122587922428
9486,0.000122561826893
9487,0.000122535733116
9488,0.0001225096411
9489,0.000122483550846
9490,0.000122457462355
9491,0.000122431375627
9492,0.000122405290664
9493,0.000122379207467
9494,0.000122353126037
9495,0.000122327046376
9496,0.000122300968483
9497,0.000122274892361
9498,0.00012224881801
9499,0.000122222745431
9500,0.000122196674627
9501,0.000122170605596
9502,0.000122144538342
9503,0.000122118472864
9504,0.000122092409164
9505,0.000122066347243
9506,0.000122040287102
9507,0.000122014228742
9508,0.000121988172164
9509,0.000121962117369
9510,0.000121936064359
9511,0.000121910013134
9512,0.000121883963696
9513,0.000121857916045
9514,0.000121831870183
9515,0.00012180582611
9516,0.000121779783829
9517,0.000121753743339
9518,0.000121727704642
9519,0.00012170166774
9520,0.000121675632632
9521,0.000121649599321
9522,0.000121623567807
9523,0.000121597538091
9524,0.000121571510175
9525,0.000121545484059
9526,0.000121519459745
9527,0.000121493437234
9528,0.000121467416526
9529,0.000121441397623
9530,0.000121415380526
9531,0.000121389365236
9532,0.000121363351754
9533,0.000121337340082
9534,0.000121311330219
9535,0.000121285322168
9536,0.000121259315929
9537,0.000121233311504
9538,0.000121207308893
9539,0.000121181308098
9540,0.00012115530912
9541,0.000121129311959
9542,0.000121103316617
9543,0.000121077323096
9544,0.000121051331395
9545,0.000121025341516
9546,0.00012099935346
9547,0.000120973367229
9548,0.000120947382823
9549,0.000120921400243
9550,0.000120895419491
9551,0.000120869440568
9552,0.000120843463474
9553,0.000120817488211
9554,0.000120791514779
9555,0.000120765543181
9556,0.000120739573416
9557,0.000120713605486
9558,0.000120687639393
9559,0.000120661675136
9560,0.000120635712718
9561,0.000120609752139
9562,0.000120583793401
9563,0.000120557836504
9564,0.00012053188145
9565,0.000120505928239
9566,0.000120479976873
9567,0.000120454027353
9568,0.000120428079679
9569,0.000120402133854
9570,0.000120376189877
9571,0.000120350247751
9572,0.000120324307475
9573,0.000120298369052
9574,0.000120272432483
9575,0.000120246497767
9576,0.000120220564908
9577,0.000120194633904
9578,0.000120168704759
9579,0.000120142777471
9580,0.000120116852044
9581,0.000120090928478
9582,0.000120065006773
9583,0.000120039086932
9584,0.000120013168954
9585,0.000119987252842
9586,0.000119961338596
9587,0.000119935426217
9588,0.000119909515706
9589,0.000119883607065
9590,0.000119857700295
9591,0.000119831795396
9592,0.000119805892369
9593,0.000119779991217
9594,0.000119754091939
9595,0.000119728194537
9596,0.000119702299012
9597,0.000119676405365
9598,0.000119650513597
9599,0.000119624623709
9600,0.000119598735703
9601,0.000119572849578
9602,0.000119546965338
9603,0.000119521082981
9604,0.00011949520251
9605,0.000119469323926
9606,0.00011944344723
9607,0.000119417572422
9608,0.000119391699504
9609,0.000119365828477
9610,0.000119339959342
9611,0.0001193140921
9612,0.000119288226752
9613,0.000119262363299
9614,0.000119236501743
9615,0.000119210642084
9616,0.000119184784323
9617,0.000119158928462
9618,0.000119133074501
9619,0.000119107222442
9620,0.000119081372286
9621,0.000119055524033
9622,0.000119029677685
9623,0.000119003833243
9624,0.000118977990708
9625,0.000118952150082
9626,0.000118926311364
9627,0.000118900474556
9628,0.00011887463966
9629,0.000118848806676
9630,0.000118822975606
9631,0.000118797146449
9632,0.000118771319209
9633,0.000118745493885
9634,0.000118719670479
9635,0.000118693848991
9636,0.000118668029424
9637,0.000118642211777
9638,0.000118616396052
9639,0.000118590582251
9640,0.000118564770373
9641,0.000118538960421
9642,0.000118513152395
9643,0.000118487346296
9644,0.000118461542125
9645,0.000118435739884
9646,0.000118409939574
9647,0.000118384141195
9648,0.000118358344749
9649,0.000118332550236
9650,0.000118306757659
9651,0.000118280967017
9652,0.000118255178312
9653,0.000118229391546
9654,0.000118203606718
9655,0.00011817782383
9656,0.000118152042884
9657,0.00011812626388
9658,0.000118100486819
9659,0.000118074711703
9660,0.000118048938532
9661,0.000118023167308
9662,0.000117997398032
9663,0.000117971630704
9664,0.000117945865326
9665,0.000117920101899
9666,0.000117894340423
9667,0.000117868580901
9668,0.000117842823333
9669,0.00011781706772
9670,0.000117791314063
9671,0.000117765562363
9672,0.000117739812622
9673,0.00011771406484
9674,0.000117688319018
9675,0.000117662575158
9676,0.00011763683326
9677,0.000117611093327
9678,0.000117585355358
9679,0.000117559619354
9680,0.000117533885318
9681,0.000117508153249
9682,0.00011748242315
9683,0.00011745669502
9684,0.000117430968862
9685,0.000117405244676
9686,0.000117379522463
9687,0.000117353802224
9688,0.000117328083961
9689,0.000117302367674
9690,0.000117276653365
9691,0.000117250941034
9692,0.000117225230683
9693,0.000117199522313
9694,0.000117173815925
9695,0.000117148111519
9696,0.000117122409097
9697,0.000117096708661
9698,0.00011707101021
9699,0.000117045313746
9700,0.000117019619271
9701,0.000116993926785
9702,0.000116968236289
9703,0.000116942547784
9704,0.000116916861272
9705,0.000116891176754
9706,0.00011686549423
9707,0.000116839813702
9708,0.00011681413517
9709,0.000116788458636
9710,0.000116762784101
9711,0.000116737111566
9712,0.000116711441032
9713,0.000116685772499
9714,0.00011666010597
9715,0.000116634441445
9716,0.000116608778926
9717,0.000116583118412
9718,0.000116557459906
9719,0.000116531803408
9720,0.00011650614892
9721,0.000116480496442
9722,0.000116454845976
9723,0.000116429197523
9724,0.000116403551083
9725,0.000116377906658
9726,0.000116352264249
9727,0.000116326623857
9728,0.000116300985483
9729,0.000116275349128
9730,0.000116249714792
9731,0.000116224082479
9732,0.000116198452187
9733,0.000116172823918
9734,0.000116147197674
9735,0.000116121573456
9736,0.000116095951264
9737,0.000116070331099
9738,0.000116044712963
9739,0.000116019096857
9740,0.000115993482781
9741,0.000115967870737
9742,0.000115942260726
9743,0.000115916652749
9744,0.000115891046807
9745,0.000115865442901
9746,0.000115839841032
9747,0.000115814241201
9748,0.000115788643409
9749,0.000115763047658
9750,0.000115737453948
9751,0.00011571186228
9752,0.000115686272656
9753,0.000115660685077
9754,0.000115635099543
9755,0.000115609516055
9756,0.000115583934616
9757,0.000115558355225
9758,0.000115532777884
9759,0.000115507202593
9760,0.000115481629355
9761,0.00011545605817
9762,0.000115430489039
9763,0.000115404921963
9764,0.000115379356943
9765,0.00011535379398
9766,0.000115328233076
9767,0.000115302674231
9768,0.000115277117446
9769,0.000115251562723
9770,0.000115226010063
9771,0.000115200459466
9772,0.000115174910934
9773,0.000115149364467
9774,0.000115123820068
9775,0.000115098277736
9776,0.000115072737473
9777,0.00011504719928
9778,0.000115021663158
9779,0.000114996129108
9780,0.000114970597131
9781,0.000114945067228
9782,0.000114919539401
9783,0.00011489401365
9784,0.000114868489977
9785,0.000114842968381
9786,0.000114817448866
9787,0.00011479193143
9788,0.000114766416077
9789,0.000114740902806
9790,0.000114715391619
9791,0.000114689882516
9792,0.0001146643755
9793,0.00011463887057
9794,0.000114613367728
9795,0.000114587866975
9796,0.000114562368313
9797,0.000114536871741
9798,0.000114511377262
9799,0.000114485884876
9800,0.000114460394584
9801,0.000114434906387
9802,0.000114409420287
9803,0.000114383936284
9804,0.00011435845438
9805,0.000114332974576
9806,0.000114307496872
9807,0.00011428202127
9808,0.00011425654777
9809,0.000114231076374
9810,0.000114205607084
9811,0.000114180139899
9812,0.000114154674821
9813,0.000114129211851
9814,0.00011410375099
9815,0.000114078292239
9816,0.000114052835599
9817,0.000114027381072
9818,0.000114001928658
9819,0.000113976478359
9820,0.000113951030174
9821,0.000113925584106
9822,0.000113900140156
9823,0.000113874698325
9824,0.000113849258612
9825,0.000113823821021
9826,0.000113798385552
9827,0.000113772952205
9828,0.000113747520982
9829,0.000113722091884
9830,0.000113696664911
9831,0.000113671240066
9832,0.000113645817349
9833,0.000113620396761
9834,0.000113594978304
9835,0.000113569561977
9836,0.000113544147783
9837,0.000113518735722
9838,0.000113493325795
9839,0.000113467918004
9840,0.00011344251235
9841,0.000113417108833
9842,0.000113391707454
9843,0.000113366308215
9844,0.000113340911117
9845,0.000113315516161
9846,0.000113290123348
9847,0.000113264732678
9848,0.000113239344153
9849,0.000113213957774
9850,0.000113188573543
9851,0.000113163191459
9852,0.000113137811525
9853,0.00011311243374
9854,0.000113087058107
9855,0.000113061684626
9856,0.000113036313299
9857,0.000113010944126
9858,0.000112985577108
9859,0.000112960212247
9860,0.000112934849543
9861,0.000112909488998
9862,0.000112884130613
9863,0.000112858774388
9864,0.000112833420325
9865,0.000112808068425
9866,0.000112782718689
9867,0.000112757371118
9868,0.000112732025712
9869,0.000112706682474
9870,0.000112681341403
9871,0.000112656002502
9872,0.000112630665771
9873,0.000112605331211
9874,0.000112579998824
9875,0.000112554668609
9876,0.000112529340569
9877,0.000112504014705
9878,0.000112478691017
9879,0.000112453369506
9880,0.000112428050174
9881,0.000112402733022
9882,0.00011237741805
9883,0.00011235210526
9884,0.000112326794653
9885,0.000112301486229
9886,0.00011227617999
9887,0.000112250875938
9888,0.000112225574072
9889,0.000112200274394
9890,0.000112174976905
9891,0.000112149681607
9892,0.000112124388499
9893,0.000112099097584
9894,0.000112073808862
9895,0.000112048522334
9896,0.000112023238002
9897,0.000111997955866
9898,0.000111972675927
9899,0.000111947398187
9900,0.000111922122647
9901,0.000111896849307
9902,0.000111871578168
9903,0.000111846309233
9904,0.000111821042501
9905,0.000111795777973
9906,0.000111770515652
9907,0.000111745255538
9908,0.000111719997631
9909,0.000111694741934
9910,0.000111669488446
9911,0.000111644237169
9912,0.000111618988105
9913,0.000111593741254
9914,0.000111568496617
9915,0.000111543254195
9916,0.000111518013989
9917,0.000111492776001
9918,0.000111467540231
9919,0.000111442306681
9920,0.000111417075351
9921,0.000111391846243
9922,0.000111366619357
9923,0.000111341394695
9924,0.000111316172257
9925,0.000111290952045
9926,0.00011126573406
9927,0.000111240518303
9928,0.000111215304774
9929,0.000111190093476
9930,0.000111164884408
9931,0.000111139677572
9932,0.00011111447297
9933,0.000111089270601
9934,0.000111064070468
9935,0.00011103887257
9936,0.00011101367691
9937,0.000110988483489
9938,0.000110963292306
9939,0.000110938103364
9940,0.000110912916663
9941,0.000110887732204
9942,0.00011086254999
9943,0.000110837370019
9944,0.000110812192294
9945,0.000110787016816
9946,0.000110761843585
9947,0.000110736672603
9948,0.000110711503871
9949,0.00011068633739
9950,0.00011066117316
9951,0.000110636011183
9952,0.00011061085146
9953,0.000110585693993
9954,0.000110560538781
9955,0.000110535385826
9956,0.000110510235129
9957,0.000110485086691
9958,0.000110459940514
9959,0.000110434796597
9960,0.000110409654943
9961,0.000110384515552
9962,0.000110359378426
9963,0.000110334243565
9964,0.00011030911097
9965,0.000110283980643
9966,0.000110258852584
9967,0.000110233726795
9968,0.000110208603277
9969,0.00011018348203
9970,0.000110158363055
9971,0.000110133246355
9972,0.000110108131929
9973,0.000110083019779
9974,0.000110057909906
9975,0.00011003280231
9976,0.000110007696994
9977,0.000109982593957
9978,0.000109957493202
9979,0.000109932394728
9980,0.000109907298538
9981,0.000109882204632
9982,0.000109857113011
9983,0.000109832023676
9984,0.000109806936628
9985,0.000109781851869
9986,0.000109756769399
9987,0.000109731689219
9988,0.000109706611331
9989,0.000109681535735
9990,0.000109656462432
9991,0.000109631391424
9992,0.000109606322712
9993,0.000109581256296
9994,0.000109556192178
9995,0.000109531130359
9996,0.000109506070839
9997,0.00010948101362
9998,0.000109455958703
9999,0.000109430906089
10000,0.000109405855778
10001,0.000109380807772
10002,0.000109355762073
10003,0.00010933071868
10004,0.000109305677596
10005,0.00010928063882
10006,0.000109255602355
10007,0.0001092305682
10008,0.000109205536358
10009,0.000109180506829
10010,0.000109155479614
10011,0.000109130454715
10012,0.000109105432132
10013,0.000109080411866
10014,0.000109055393919
10015,0.000109030378291
10016,0.000109005364983
10017,0.000108980353998
10018,0.000108955345334
10019,0.000108930338994
10020,0.000108905334979
10021,0.00010888033329
10022,0.000108855333927
10023,0.000108830336892
10024,0.000108805342186
10025,0.000108780349809
10026,0.000108755359763
10027,0.00010873037205
10028,0.000108705386669
10029,0.000108680403622
10030,0.00010865542291
10031,0.000108630444534
10032,0.000108605468495
10033,0.000108580494794
10034,0.000108555523433
10035,0.000108530554411
10036,0.000108505587731
10037,0.000108480623393
10038,0.000108455661398
10039,0.000108430701747
10040,0.000108405744442
10041,0.000108380789483
10042,0.000108355836872
10043,0.000108330886609
10044,0.000108305938696
10045,0.000108280993133
10046,0.000108256049921
10047,0.000108231109062
10048,0.000108206170557
10049,0.000108181234406
10050,0.000108156300611
10051,0.000108131369173
10052,0.000108106440093
10053,0.000108081513371
10054,0.000108056589009
10055,0.000108031667008
10056,0.000108006747369
10057,0.000107981830093
10058,0.000107956915181
10059,0.000107932002633
10060,0.000107907092452
10061,0.000107882184638
10062,0.000107857279191
10063,0.000107832376114
10064,0.000107807475407
10065,0.000107782577072
10066,0.000107757681108
10067,0.000107732787518
10068,0.000107707896302
10069,0.000107683007461
10070,0.000107658120997
10071,0.00010763323691
10072,0.000107608355201
10073,0.000107583475872
10074,0.000107558598923
10075,0.000107533724356
10076,0.000107508852171
10077,0.00010748398237
10078,0.000107459114953
10079,0.000107434249922
10080,0.000107409387278
10081,0.000107384527021
10082,0.000107359669153
10083,0.000107334813675
10084,0.000107309960588
10085,0.000107285109892
10086,0.000107260261589
10087,0.00010723541568
10088,0.000107210572166
10089,0.000107185731048
10090,0.000107160892327
10091,0.000107136056004
10092,0.00010711122208
10093,0.000107086390556
10094,0.000107061561432
10095,0.000107036734711
10096,0.000107011910394
10097,0.00010698708848
10098,0.000106962268971
10099,0.000106937451869
10100,0.000106912637174
10101,0.000106887824887
10102,0.00010686301501
10103,0.000106838207543
10104,0.000106813402487
10105,0.000106788599844
10106,0.000106763799614
10107,0.000106739001798
10108,0.000106714206398
10109,0.000106689413415
10110,0.000106664622849
10111,0.000106639834701
10112,0.000106615048973
10113,0.000106590265666
10114,0.00010656548478
10115,0.000106540706317
10116,0.000106515930278
10117,0.000106491156664
10118,0.000106466385475
10119,0.000106441616713
10120,0.000106416850379
10121,0.000106392086473
10122,0.000106367324998
10123,0.000106342565953
10124,0.00010631780934
10125,0.00010629305516
10126,0.000106268303415
10127,0.000106243554104
10128,0.000106218807229
10129,0.000106194062791
10130,0.000106169320791
10131,0.000106144581231
10132,0.00010611984411
10133,0.000106095109431
10134,0.000106070377193
10135,0.000106045647399
10136,0.00010602092005
10137,0.000105996195145
10138,0.000105971472687
10139,0.000105946752676
10140,0.000105922035113
10141,0.00010589732
10142,0.000105872607337
10143,0.000105847897125
10144,0.000105823189366
10145,0.00010579848406
10146,0.000105773781209
10147,0.000105749080813
10148,0.000105724382874
10149,0.000105699687392
10150,0.000105674994369
10151,0.000105650303806
10152,0.000105625615703
10153,0.000105600930061
10154,0.000105576246883
10155,0.000105551566168
10156,0.000105526887917
10157,0.000105502212133
10158,0.000105477538815
10159,0.000105452867965
10160,0.000105428199584
10161,0.000105403533672
10162,0.000105378870232
10163,0.000105354209263
10164,0.000105329550767
10165,0.000105304894745
10166,0.000105280241198
10167,0.000105255590127
10168,0.000105230941533
10169,0.000105206295417
10170,0.00010518165178
10171,0.000105157010623
10172,0.000105132371947
10173,0.000105107735753
10174,0.000105083102042
10175,0.000105058470816
10176,0.000105033842074
10177,0.000105009215819
10178,0.000104984592051
10179,0.000104959970771
10180,0.00010493535198
10181,0.00010491073568
10182,0.00010488612187
10183,0.000104861510554
10184,0.00010483690173
10185,0.000104812295401
10186,0.000104787691567
10187,0.000104763090229
10188,0.000104738491389
10189,0.000104713895048
10190,0.000104689301205
10191,0.000104664709863
10192,0.000104640121023
10193,0.000104615534685
10194,0.000104590950851
10195,0.000104566369521
10196,0.000104541790697
10197,0.000104517214379
10198,0.000104492640569
10199,0.000104468069267
10200,0.000104443500475
10201,0.000104418934194
10202,0.000104394370425
10203,0.000104369809168
10204,0.000104345250425
10205,0.000104320694196
10206,0.000104296140483
10207,0.000104271589287
10208,0.000104247040609
10209,0.00010422249445
10210,0.00010419795081
10211,0.000104173409691
10212,0.000104148871094
10213,0.00010412433502
10214,0.00010409980147
10215,0.000104075270444
10216,0.000104050741945
10217,0.000104026215973
10218,0.000104001692528
10219,0.000103977171612
10220,0.000103952653227
10221,0.000103928137372
10222,0.000103903624049
10223,0.00010387911326
10224,0.000103854605004
10225,0.000103830099284
10226,0.000103805596099
10227,0.000103781095452
10228,0.000103756597343
10229,0.000103732101773
10230,0.000103707608743
10231,0.000103683118254
10232,0.000103658630307
10233,0.000103634144904
10234,0.000103609662044
10235,0.00010358518173
10236,0.000103560703963
10237,0.000103536228742
10238,0.00010351175607
10239,0.000103487285947
10240,0.000103462818374
10241,0.000103438353352
10242,0.000103413890883
10243,0.000103389430967
10244,0.000103364973606
10245,0.0001033405188
10246,0.00010331606655
10247,0.000103291616858
10248,0.000103267169724
10249,0.000103242725149
10250,0.000103218283135
10251,0.000103193843682
10252,0.000103169406792
10253,0.000103144972465
10254,0.000103120540703
10255,0.000103096111506
10256,0.000103071684876
10257,0.000103047260813
10258,0.000103022839319
10259,0.000102998420394
10260,0.00010297400404
10261,0.000102949590257
10262,0.000102925179047
10263,0.000102900770411
10264,0.000102876364349
10265,0.000102851960863
10266,0.000102827559954
10267,0.000102803161622
10268,0.000102778765868
10269,0.000102754372695
10270,0.000102729982102
10271,0.000102705594091
10272,0.000102681208662
10273,0.000102656825817
10274,0.000102632445557
10275,0.000102608067883
10276,0.000102583692795
10277,0.000102559320295
10278,0.000102534950384
10279,0.000102510583063
10280,0.000102486218332
10281,0.000102461856193
10282,0.000102437496647
10283,0.000102413139695
10284,0.000102388785338
10285,0.000102364433576
10286,0.000102340084411
10287,0.000102315737844
10288,0.000102291393876
10289,0.000102267052508
10290,0.000102242713741
10291,0.000102218377576
10292,0.000102194044013
10293,0.000102169713055
10294,0.000102145384701
10295,0.000102121058953
10296,0.000102096735812
10297,0.00010207241528
10298,0.000102048097356
10299,0.000102023782042
10300,0.000101999469339
10301,0.000101975159248
10302,0.00010195085177
10303,0.000101926546906
10304,0.000101902244657
10305,0.000101877945023
10306,0.000101853648007
10307,0.000101829353609
10308,0.00010180506183
10309,0.000101780772671
10310,0.000101756486133
10311,0.000101732202218
10312,0.000101707920925
10313,0.000101683642256
10314,0.000101659366212
10315,0.000101635092795
10316,0.000101610822004
10317,0.000101586553841
10318,0.000101562288308
10319,0.000101538025405
10320,0.000101513765133
10321,0.000101489507492
10322,0.000101465252485
10323,0.000101441000113
10324,0.000101416750375
10325,0.000101392503273
10326,0.000101368258809
10327,0.000101344016983
10328,0.000101319777795
10329,0.000101295541248
10330,0.000101271307342
10331,0.000101247076079
10332,0.000101222847458
10333,0.000101198621482
10334,0.000101174398151
10335,0.000101150177466
10336,0.000101125959428
10337,0.000101101744038
10338,0.000101077531298
10339,0.000101053321207
10340,0.000101029113768
10341,0.000101004908981
10342,0.000100980706848
10343,0.000100956507368
10344,0.000100932310544
10345,0.000100908116376
10346,0.000100883924865
10347,0.000100859736013
10348,0.000100835549819
10349,0.000100811366286
10350,0.000100787185414
10351,0.000100763007205
10352,0.000100738831658
10353,0.000100714658776
10354,0.000100690488559
10355,0.000100666321008
10356,0.000100642156125
10357,0.000100617993909
10358,0.000100593834363
10359,0.000100569677488
10360,0.000100545523283
10361,0.000100521371751
10362,0.000100497222892
10363,0.000100473076707
10364,0.000100448933198
10365,0.000100424792365
10366,0.000100400654209
10367,0.000100376518731
10368,0.000100352385932
10369,0.000100328255814
10370,0.000100304128377
10371,0.000100280003623
10372,0.000100255881551
10373,0.000100231762164
10374,0.000100207645462
10375,0.000100183531446
10376,0.000100159420118
10377,0.000100135311478
10378,0.000100111205527
10379,0.000100087102267
10380,0.000100063001697
10381,0.00010003890382
10382,0.000100014808636
10383,9.99907161467e-05
10384,9.99666263523e-05
10385,9.99425392543e-05
10386,9.99184548534e-05
10387,9.98943731509e-05
10388,9.98702941475e-05
10389,9.98462178444e-05
10390,9.98221442426e-05
10391,9.9798073343e-05
10392,9.97740051466e-05
10393,9.97499396545e-05
10394,9.97258768676e-05
10395,9.9701816787e-05
10396,9.96777594136e-05
10397,9.96537047484e-05
10398,9.96296527924e-05
10399,9.96056035467e-05
10400,9.95815570121e-05
10401,9.95575131898e-05
10402,9.95334720807e-05
10403,9.95094336859e-05
10404,9.94853980062e-05
10405,9.94613650427e-05
10406,9.94373347964e-05
10407,9.94133072684e-05
10408,9.93892824595e-05
10409,9.93652603708e-05
10410,9.93412410033e-05
10411,9.93172243579e-05
10412,9.92932104358e-05
10413,9.92691992378e-05
10414,9.9245190765e-05
10415,9.92211850183e-05
10416,9.91971819988e-05
10417,9.91731817075e-05
10418,9.91491841453e-05
10419,9.91251893132e-05
10420,9.91011972123e-05
10421,9.90772078435e-05
10422,9.90532212078e-05
10423,9.90292373063e-05
10424,9.90052561399e-05
10425,9.89812777096e-05
10426,9.89573020164e-05
10427,9.89333290613e-05
10428,9.89093588452e-05
10429,9.88853913693e-05
10430,9.88614266345e-05
10431,9.88374646417e-05
10432,9.8813505392e-05
10433,9.87895488863e-05
10434,9.87655951257e-05
10435,9.87416441112e-05
10436,9.87176958436e-05
10437,9.86937503242e-05
10438,9.86698075537e-05
10439,9.86458675333e-05
10440,9.86219302638e-05
10441,9.85979957464e-05
10442,9.8574063982e-05
10443,9.85501349715e-05
10444,9.8526208716e-05
10445,9.85022852165e-05
10446,9.8478364474e-05
10447,9.84544464894e-05
10448,9.84305312638e-05
10449,9.84066187981e-05
10450,9.83827090933e-05
10451,9.83588021505e-05
10452,9.83348979706e-05
10453,9.83109965545e-05
10454,9.82870979034e-05
10455,9.82632020181e-05
10456,9.82393088997e-05
10457,9.82154185492e-05
10458,9.81915309676e-05
10459,9.81676461558e-05
10460,9.81437641148e-05
10461,9.81198848456e-05
10462,9.80960083493e-05
10463,9.80721346268e-05
10464,9.80482636791e-05
10465,9.80243955071e-05
10466,9.80005301119e-05
10467,9.79766674945e-05
10468,9.79528076559e-05
10469,9.7928950597e-05
10470,9.79050963188e-05
10471,9.78812448224e-05
10472,9.78573961087e-05
10473,9.78335501786e-05
10474,9.78097070333e-05
10475,9.77858666736e-05
10476,9.77620291006e-05
10477,9.77381943152e-05
10478,9.77143623185e-05
10479,9.76905331114e-05
10480,9.7666706695e-05
10481,9.76428830701e-05
10482,9.76190622379e-05
10483,9.75952441992e-05
10484,9.75714289551e-05
10485,9.75476165065e-05
10486,9.75238068545e-05
10487,9.75e-05
10488,9.7476195944e-05
10489,9.74523946876e-05
10490,9.74285962316e-05
10491,9.74048005771e-05
10492,9.73810077251e-05
10493,9.73572176765e-05
10494,9.73334304323e-05
10495,9.73096459936e-05
10496,9.72858643613e-05
10497,9.72620855364e-05
10498,9.72383095198e-05
10499,9.72145363127e-05
10500,9.71907659158e-05
10501,9.71669983304e-05
10502,9.71432335572e-05
10503,9.71194715973e-05
10504,9.70957124518e-05
10505,9.70719561215e-05
10506,9.70482026075e-05
10507,9.70244519107e-05
10508,9.70007040322e-05
10509,9.69769589729e-05
10510,9.69532167338e-05
10511,9.69294773158e-05
10512,9.69057407201e-05
10513,9.68820069475e-05
10514,9.6858275999e-05
10515,9.68345478757e-05
10516,9.68108225784e-05
10517,9.67871001083e-05
10518,9.67633804662e-05
10519,9.67396636532e-05
10520,9.67159496702e-05
10521,9.66922385183e-05
10522,9.66685301983e-05
10523,9.66448247114e-05
10524,9.66211220584e-05
10525,9.65974222404e-05
10526,9.65737252583e-05
10527,9.65500311131e-05
10528,9.65263398059e-05
10529,9.65026513375e-05
10530,9.6478965709e-05
10531,9.64552829213e-05
10532,9.64316029755e-05
10533,9.64079258724e-05
10534,9.63842516132e-05
10535,9.63605801987e-05
10536,9.633691163e-05
10537,9.63132459081e-05
10538,9.62895830338e-05
10539,9.62659230083e-05
10540,9.62422658324e-05
10541,9.62186115073e-05
10542,9.61949600337e-05
10543,9.61713114128e-05
10544,9.61476656454e-05
10545,9.61240227327e-05
10546,9.61003826755e-05
10547,9.60767454749e-05
10548,9.60531111318e-05
10549,9.60294796472e-05
10550,9.6005851022e-05
10551,9.59822252574e-05
10552,9.59586023542e-05
10553,9.59349823134e-05
10554,9.5911365136e-05
10555,9.5887750823e-05
10556,9.58641393753e-05
10557,9.5840530794e-05
10558,9.581692508e-05
10559,9.57933222343e-05
10560,9.57697222579e-05
10561,9.57461251518e-05
10562,9.57225309168e-05
10563,9.56989395541e-05
10564,9.56753510646e-05
10565,9.56517654492e-05
10566,9.5628182709e-05
10567,9.56046028449e-05
10568,9.55810258579e-05
10569,9.55574517489e-05
10570,9.55338805191e-05
10571,9.55103121692e-05
10572,9.54867467004e-05
10573,9.54631841135e-05
10574,9.54396244096e-05
10575,9.54160675897e-05
10576,9.53925136547e-05
10577,9.53689626055e-05
10578,9.53454144433e-05
10579,9.53218691688e-05
10580,9.52983267832e-05
10581,9.52747872874e-05
10582,9.52512506824e-05
10583,9.52277169691e-05
10584,9.52041861485e-05
10585,9.51806582217e-05
10586,9.51571331895e-05
10587,9.5133611053e-05
10588,9.51100918131e-05
10589,9.50865754708e-05
10590,9.5063062027e-05
10591,9.50395514829e-05
10592,9.50160438392e-05
10593,9.49925390971e-05
10594,9.49690372574e-05
10595,9.49455383212e-05
10596,9.49220422894e-05
10597,9.4898549163e-05
10598,9.48750589429e-05
10599,9.48515716302e-05
10600,9.48280872259e-05
10601,9.48046057308e-05
10602,9.4781127146e-05
10603,9.47576514724e-05
10604,9.47341787111e-05
10605,9.47107088629e-05
10606,9.46872419289e-05
10607,9.466377791e-05
10608,9.46403168073e-05
10609,9.46168586216e-05
10610,9.45934033539e-05
10611,9.45699510053e-05
10612,9.45465015767e-05
10613,9.45230550691e-05
10614,9.44996114833e-05
10615,9.44761708205e-05
10616,9.44527330816e-05
10617,9.44292982676e-05
10618,9.44058663793e-05
10619,9.43824374179e-05
10620,9.43590113842e-05
10621,9.43355882793e-05
10622,9.43121681041e-05
10623,9.42887508596e-05
10624,9.42653365467e-05
10625,9.42419251664e-05
10626,9.42185167198e-05
10627,9.41951112077e-05
10628,9.41717086311e-05
10629,9.41483089911e-05
10630,9.41249122885e-05
10631,9.41015185244e-05
10632,9.40781276997e-05
10633,9.40547398153e-05
10634,9.40313548724e-05
10635,9.40079728717e-05
10636,9.39845938144e-05
10637,9.39612177013e-05
10638,9.39378445335e-05
10639,9.39144743118e-05
10640,9.38911070373e-05
10641,9.3867742711e-05
10642,9.38443813338e-05
10643,9.38210229066e-05
10644,9.37976674305e-05
10645,9.37743149064e-05
10646,9.37509653353e-05
10647,9.37276187182e-05
10648,9.37042750559e-05
10649,9.36809343496e-05
10650,9.36575966001e-05
10651,9.36342618084e-05
10652,9.36109299755e-05
10653,9.35876011024e-05
10654,9.35642751899e-05
10655,9.35409522392e-05
10656,9.35176322512e-05
10657,9.34943152267e-05
10658,9.34710011669e-05
10659,9.34476900726e-05
10660,9.34243819448e-05
10661,9.34010767845e-05
10662,9.33777745927e-05
10663,9.33544753703e-05
10664,9.33311791183e-05
10665,9.33078858376e-05
10666,9.32845955293e-05
10667,9.32613081943e-05
10668,9.32380238335e-05
10669,9.32147424479e-05
10670,9.31914640385e-05
10671,9.31681886062e-05
10672,9.31449161521e-05
10673,9.3121646677e-05
10674,9.3098380182e-05
10675,9.3075116668e-05
10676,9.30518561359e-05
10677,9.30285985868e-05
10678,9.30053440216e-05
10679,9.29820924413e-05
10680,9.29588438467e-05
10681,9.2935598239e-05
10682,9.2912355619e-05
10683,9.28891159878e-05
10684,9.28658793462e-05
10685,9.28426456953e-05
10686,9.28194150359e-05
10687,9.27961873692e-05
10688,9.2772962696e-05
10689,9.27497410173e-05
10690,9.2726522334e-05
10691,9.27033066472e-05
10692,9.26800939577e-05
10693,9.26568842666e-05
10694,9.26336775748e-05
10695,9.26104738833e-05
10696,9.2587273193e-05
10697,9.25640755049e-05
10698,9.254088082e-05
10699,9.25176891392e-05
10700,9.24945004635e-05
10701,9.24713147938e-05
10702,9.24481321311e-05
10703,9.24249524764e-05
10704,9.24017758306e-05
10705,9.23786021947e-05
10706,9.23554315696e-05
10707,9.23322639564e-05
10708,9.23090993559e-05
10709,9.22859377692e-05
10710,9.22627791971e-05
10711,9.22396236407e-05
10712,9.22164711009e-05
10713,9.21933215787e-05
10714,9.2170175075e-05
10715,9.21470315908e-05
10716,9.2123891127e-05
10717,9.21007536846e-05
10718,9.20776192646e-05
10719,9.2054487868e-05
10720,9.20313594956e-05
10721,9.20082341485e-05
10722,9.19851118275e-05
10723,9.19619925338e-05
10724,9.19388762681e-05
10725,9.19157630316e-05
10726,9.1892652825e-05
10727,9.18695456495e-05
10728,9.18464415059e-05
10729,9.18233403952e-05
10730,9.18002423184e-05
10731,9.17771472765e-05
10732,9.17540552703e-05
10733,9.17309663008e-05
10734,9.1707880369e-05
10735,9.16847974759e-05
10736,9.16617176225e-05
10737,9.16386408095e-05
10738,9.16155670381e-05
10739,9.15924963092e-05
10740,9.15694286238e-05
10741,9.15463639827e-05
10742,9.1523302387e-05
10743,9.15002438376e-05
10744,9.14771883354e-05
10745,9.14541358815e-05
10746,9.14310864767e-05
10747,9.14080401221e-05
10748,9.13849968186e-05
10749,9.13619565671e-05
10750,9.13389193686e-05
10751,9.1315885224e-05
10752,9.12928541344e-05
10753,9.12698261006e-05
10754,9.12468011237e-05
10755,9.12237792045e-05
10756,9.1200760344e-05
10757,9.11777445432e-05
10758,9.11547318031e-05
10759,9.11317221245e-05
10760,9.11087155085e-05
10761,9.1085711956e-05
10762,9.10627114679e-05
10763,9.10397140453e-05
10764,9.1016719689e-05
10765,9.09937284e-05
10766,9.09707401792e-05
10767,9.09477550277e-05
10768,9.09247729464e-05
10769,9.09017939362e-05
10770,9.0878817998e-05
10771,9.08558451329e-05
10772,9.08328753418e-05
10773,9.08099086255e-05
10774,9.07869449852e-05
10775,9.07639844217e-05
10776,9.07410269361e-05
10777,9.07180725291e-05
10778,9.06951212018e-05
10779,9.06721729552e-05
10780,9.06492277902e-05
10781,9.06262857077e-05
10782,9.06033467088e-05
10783,9.05804107942e-05
10784,9.05574779651e-05
10785,9.05345482223e-05
10786,9.05116215668e-05
10787,9.04886979996e-05
10788,9.04657775216e-05
10789,9.04428601337e-05
10790,9.0419945837e-05
10791,9.03970346323e-05
10792,9.03741265205e-05
10793,9.03512215028e-05
10794,9.03283195799e-05
10795,9.03054207529e-05
10796,9.02825250227e-05
10797,9.02596323903e-05
10798,9.02367428565e-05
10799,9.02138564224e-05
10800,9.01909730889e-05
10801,9.01680928569e-05
10802,9.01452157275e-05
10803,9.01223417014e-05
10804,9.00994707798e-05
10805,9.00766029635e-05
10806,9.00537382535e-05
10807,9.00308766507e-05
10808,9.00080181561e-05
10809,8.99851627707e-05
10810,8.99623104953e-05
10811,8.99394613309e-05
10812,8.99166152785e-05
10813,8.98937723391e-05
10814,8.98709325135e-05
10815,8.98480958027e-05
10816,8.98252622077e-05
10817,8.98024317294e-05
10818,8.97796043687e-05
10819,8.97567801267e-05
10820,8.97339590042e-05
10821,8.97111410021e-05
10822,8.96883261216e-05
10823,8.96655143634e-05
10824,8.96427057285e-05
10825,8.96199002179e-05
10826,8.95970978326e-05
10827,8.95742985734e-05
10828,8.95515024413e-05
10829,8.95287094373e-05
10830,8.95059195623e-05
10831,8.94831328172e-05
10832,8.9460349203e-05
10833,8.94375687207e-05
10834,8.94147913711e-05
10835,8.93920171553e-05
10836,8.93692460741e-05
10837,8.93464781286e-05
10838,8.93237133196e-05
10839,8.93009516481e-05
10840,8.9278193115e-05
10841,8.92554377214e-05
10842,8.92326854681e-05
10843,8.9209936356e-05
10844,8.91871903862e-05
10845,8.91644475595e-05
10846,8.9141707877e-05
10847,8.91189713395e-05
10848,8.90962379479e-05
10849,8.90735077033e-05
10850,8.90507806066e-05
10851,8.90280566587e-05
10852,8.90053358606e-05
10853,8.89826182132e-05
10854,8.89599037174e-05
10855,8.89371923742e-05
10856,8.89144841845e-05
10857,8.88917791493e-05
10858,8.88690772695e-05
10859,8.8846378546e-05
10860,8.88236829799e-05
10861,8.88009905719e-05
10862,8.87783013232e-05
10863,8.87556152345e-05
10864,8.8732932307e-05
10865,8.87102525414e-05
10866,8.86875759387e-05
10867,8.86649024999e-05
10868,8.8642232226e-05
10869,8.86195651178e-05
10870,8.85969011763e-05
10871,8.85742404024e-05
10872,8.85515827971e-05
10873,8.85289283613e-05
10874,8.8506277096e-05
10875,8.84836290021e-05
10876,8.84609840804e-05
10877,8.84383423321e-05
10878,8.8415703758e-05
10879,8.8393068359e-05
10880,8.83704361361e-05
10881,8.83478070902e-05
10882,8.83251812223e-05
10883,8.83025585333e-05
10884,8.82799390242e-05
10885,8.82573226958e-05
10886,8.82347095491e-05
10887,8.82120995851e-05
10888,8.81894928046e-05
10889,8.81668892087e-05
10890,8.81442887983e-05
10891,8.81216915742e-05
10892,8.80990975375e-05
10893,8.80765066891e-05
10894,8.80539190298e-05
10895,8.80313345608e-05
10896,8.80087532828e-05
10897,8.79861751968e-05
10898,8.79636003038e-05
10899,8.79410286046e-05
10900,8.79184601003e-05
10901,8.78958947918e-05
10902,8.78733326799e-05
10903,8.78507737657e-05
10904,8.78282180501e-05
10905,8.7805665534e-05
10906,8.77831162183e-05
10907,8.7760570104e-05
10908,8.77380271919e-05
10909,8.77154874832e-05
10910,8.76929509786e-05
10911,8.76704176791e-05
10912,8.76478875857e-05
10913,8.76253606992e-05
10914,8.76028370207e-05
10915,8.7580316551e-05
10916,8.75577992911e-05
10917,8.75352852419e-05
10918,8.75127744044e-05
10919,8.74902667794e-05
10920,8.7467762368e-05
10921,8.7445261171e-05
10922,8.74227631894e-05
10923,8.74002684241e-05
10924,8.73777768761e-05
10925,8.73552885462e-05
10926,8.73328034354e-05
10927,8.73103215447e-05
10928,8.7287842875e-05
10929,8.72653674272e-05
10930,8.72428952022e-05
10931,8.7220426201e-05
10932,8.71979604244e-05
10933,8.71754978736e-05
10934,8.71530385493e-05
10935,8.71305824524e-05
10936,8.71081295841e-05
10937,8.7085679945e-05
10938,8.70632335363e-05
10939,8.70407903588e-05
10940,8.70183504134e-05
10941,8.69959137011e-05
10942,8.69734802228e-05
10943,8.69510499795e-05
10944,8.6928622972e-05
10945,8.69061992014e-05
10946,8.68837786684e-05
10947,8.68613613742e-05
10948,8.68389473195e-05
10949,8.68165365053e-05
10950,8.67941289326e-05
10951,8.67717246023e-05
10952,8.67493235153e-05
10953,8.67269256725e-05
10954,8.67045310748e-05
10955,8.66821397233e-05
10956,8.66597516188e-05
10957,8.66373667622e-05
10958,8.66149851545e-05
10959,8.65926067966e-05
10960,8.65702316895e-05
10961,8.6547859834e-05
10962,8.65254912311e-05
10963,8.65031258817e-05
10964,8.64807637867e-05
10965,8.64584049471e-05
10966,8.64360493638e-05
10967,8.64136970378e-05
10968,8.63913479699e-05
10969,8.6369002161e-05
10970,8.63466596122e-05
10971,8.63243203243e-05
10972,8.63019842982e-05
10973,8.6279651535e-05
10974,8.62573220354e-05
10975,8.62349958005e-05
10976,8.62126728311e-05
10977,8.61903531282e-05
10978,8.61680366927e-05
10979,8.61457235256e-05
10980,8.61234136277e-05
10981,8.6101107e-05
10982,8.60788036434e-05
10983,8.60565035589e-05
10984,8.60342067473e-05
10985,8.60119132096e-05
10986,8.59896229467e-05
10987,8.59673359595e-05
10988,8.5945052249e-05
10989,8.5922771816e-05
10990,8.59004946616e-05
10991,8.58782207866e-05
10992,8.58559501919e-05
10993,8.58336828785e-05
10994,8.58114188474e-05
10995,8.57891580993e-05
10996,8.57669006353e-05
10997,8.57446464562e-05
10998,8.5722395563e-05
10999,8.57001479567e-05
11000,8.56779036381e-05
11001,8.56556626081e-05
11002,8.56334248677e-05
11003,8.56111904178e-05
11004,8.55889592593e-05
11005,8.55667313932e-05
11006,8.55445068203e-05
11007,8.55222855417e-05
11008,8.55000675581e-05
11009,8.54778528705e-05
11010,8.54556414799e-05
11011,8.54334333872e-05
11012,8.54112285933e-05
11013,8.53890270991e-05
11014,8.53668289055e-05
11015,8.53446340134e-05
11016,8.53224424239e-05
11017,8.53002541377e-05
11018,8.52780691558e-05
11019,8.52558874792e-05
11020,8.52337091087e-05
11021,8.52115340453e-05
11022,8.51893622899e-05
11023,8.51671938434e-05
11024,8.51450287068e-05
11025,8.51228668808e-05
11026,8.51007083666e-05
11027,8.50785531649e-05
11028,8.50564012767e-05
11029,8.5034252703e-05
11030,8.50121074446e-05
11031,8.49899655024e-05
11032,8.49678268775e-05
11033,8.49456915706e-05
11034,8.49235595827e-05
11035,8.49014309148e-05
11036,8.48793055677e-05
11037,8.48571835424e-05
11038,8.48350648398e-05
11039,8.48129494607e-05
11040,8.47908374062e-05
11041,8.47687286771e-05
11042,8.47466232744e-05
11043,8.47245211989e-05
11044,8.47024224516e-05
11045,8.46803270334e-05
11046,8.46582349453e-05
11047,8.4636146188e-05
11048,8.46140607626e-05
11049,8.459197867e-05
11050,8.4569899911e-05
11051,8.45478244866e-05
11052,8.45257523978e-05
11053,8.45036836453e-05
11054,8.44816182302e-05
11055,8.44595561534e-05
11056,8.44374974157e-05
11057,8.44154420181e-05
11058,8.43933899615e-05
11059,8.43713412468e-05
11060,8.4349295875e-05
11061,8.43272538468e-05
11062,8.43052151634e-05
11063,8.42831798254e-05
11064,8.4261147834e-05
11065,8.423911919e-05
11066,8.42170938943e-05
11067,8.41950719477e-05
11068,8.41730533514e-05
11069,8.4151038106e-05
11070,8.41290262127e-05
11071,8.41070176722e-05
11072,8.40850124855e-05
11073,8.40630106534e-05
11074,8.4041012177e-05
11075,8.40190170571e-05
11076,8.39970252947e-05
11077,8.39750368905e-05
11078,8.39530518457e-05
11079,8.3931070161e-05
11080,8.39090918374e-05
11081,8.38871168758e-05
11082,8.3865145277e-05
11083,8.38431770421e-05
11084,8.38212121719e-05
11085,8.37992506674e-05
11086,8.37772925293e-05
11087,8.37553377588e-05
11088,8.37333863566e-05
11089,8.37114383237e-05
11090,8.36894936609e-05
11091,8.36675523693e-05
11092,8.36456144496e-05
11093,8.36236799029e-05
11094,8.360174873e-05
11095,8.35798209318e-05
11096,8.35578965093e-05
11097,8.35359754633e-05
11098,8.35140577948e-05
11099,8.34921435046e-05
11100,8.34702325937e-05
11101,8.3448325063e-05
11102,8.34264209134e-05
11103,8.34045201458e-05
11104,8.33826227611e-05
11105,8.33607287603e-05
11106,8.33388381441e-05
11107,8.33169509136e-05
11108,8.32950670696e-05
11109,8.32731866131e-05
11110,8.32513095449e-05
11111,8.3229435866e-05
11112,8.32075655772e-05
11113,8.31856986795e-05
11114,8.31638351738e-05
11115,8.3141975061e-05
11116,8.3120118342e-05
11117,8.30982650177e-05
11118,8.3076415089e-05
11119,8.30545685568e-05
11120,8.3032725422e-05
11121,8.30108856855e-05
11122,8.29890493483e-05
11123,8.29672164112e-05
11124,8.29453868751e-05
11125,8.2923560741e-05
11126,8.29017380098e-05
11127,8.28799186823e-05
11128,8.28581027594e-05
11129,8.28362902421e-05
11130,8.28144811313e-05
11131,8.27926754278e-05
11132,8.27708731327e-05
11133,8.27490742467e-05
11134,8.27272787708e-05
11135,8.27054867058e-05
11136,8.26836980528e-05
11137,8.26619128126e-05
11138,8.2640130986e-05
11139,8.26183525741e-05
11140,8.25965775776e-05
11141,8.25748059976e-05
11142,8.25530378349e-05
11143,8.25312730904e-05
11144,8.2509511765e-05
11145,8.24877538596e-05
11146,8.24659993751e-05
11147,8.24442483124e-05
11148,8.24225006725e-05
11149,8.24007564562e-05
11150,8.23790156644e-05
11151,8.23572782981e-05
11152,8.2335544358e-05
11153,8.23138138452e-05
11154,8.22920867606e-05
11155,8.22703631049e-05
11156,8.22486428792e-05
11157,8.22269260843e-05
11158,8.22052127212e-05
11159,8.21835027907e-05
11160,8.21617962937e-05
11161,8.21400932311e-05
11162,8.21183936039e-05
11163,8.20966974129e-05
11164,8.2075004659e-05
11165,8.20533153432e-05
11166,8.20316294663e-05
11167,8.20099470292e-05
11168,8.19882680329e-05
11169,8.19665924782e-05
11170,8.1944920366e-05
11171,8.19232516972e-05
11172,8.19015864727e-05
11173,8.18799246935e-05
11174,8.18582663604e-05
11175,8.18366114743e-05
11176,8.18149600361e-05
11177,8.17933120467e-05
11178,8.1771667507e-05
11179,8.1750026418e-05
11180,8.17283887804e-05
11181,8.17067545953e-05
11182,8.16851238634e-05
11183,8.16634965857e-05
11184,8.16418727632e-05
11185,8.16202523966e-05
11186,8.15986354869e-05
11187,8.15770220349e-05
11188,8.15554120417e-05
11189,8.1533805508e-05
11190,8.15122024348e-05
11191,8.1490602823e-05
11192,8.14690066734e-05
11193,8.14474139869e-05
11194,8.14258247646e-05
11195,8.14042390071e-05
11196,8.13826567155e-05
11197,8.13610778907e-05
11198,8.13395025334e-05
11199,8.13179306447e-05
11200,8.12963622254e-05
11201,8.12747972764e-05
11202,8.12532357986e-05
11203,8.1231677793e-05
11204,8.12101232603e-05
11205,8.11885722015e-05
11206,8.11670246175e-05
11207,8.11454805091e-05
11208,8.11239398774e-05
11209,8.11024027231e-05
11210,8.10808690471e-05
11211,8.10593388504e-05
11212,8.10378121338e-05
11213,8.10162888983e-05
11214,8.09947691446e-05
11215,8.09732528738e-05
11216,8.09517400867e-05
11217,8.09302307842e-05
11218,8.09087249672e-05
11219,8.08872226366e-05
11220,8.08657237933e-05
11221,8.08442284381e-05
11222,8.0822736572e-05
11223,8.08012481958e-05
11224,8.07797633105e-05
11225,8.07582819169e-05
11226,8.07368040159e-05
11227,8.07153296084e-05
11228,8.06938586953e-05
11229,8.06723912775e-05
11230,8.06509273559e-05
11231,8.06294669314e-05
11232,8.06080100048e-05
11233,8.05865565771e-05
11234,8.05651066492e-05
11235,8.05436602218e-05
11236,8.0522217296e-05
11237,8.05007778726e-05
11238,8.04793419524e-05
11239,8.04579095365e-05
11240,8.04364806256e-05
11241,8.04150552207e-05
11242,8.03936333227e-05
11243,8.03722149324e-05
11244,8.03508000507e-05
11245,8.03293886785e-05
11246,8.03079808167e-05
11247,8.02865764662e-05
11248,8.02651756279e-05
11249,8.02437783027e-05
11250,8.02223844914e-05
11251,8.0200994195e-05
11252,8.01796074142e-05
11253,8.01582241501e-05
11254,8.01368444035e-05
11255,8.01154681753e-05
11256,8.00940954663e-05
11257,8.00727262775e-05
11258,8.00513606098e-05
11259,8.0029998464e-05
11260,8.00086398409e-05
11261,7.99872847416e-05
11262,7.99659331669e-05
11263,7.99445851177e-05
11264,7.99232405948e-05
11265,7.99018995991e-05
11266,7.98805621316e-05
11267,7.9859228193e-05
11268,7.98378977844e-05
11269,7.98165709066e-05
11270,7.97952475604e-05
11271,7.97739277467e-05
11272,7.97526114665e-05
11273,7.97312987207e-05
11274,7.970998951e-05
11275,7.96886838354e-05
11276,7.96673816977e-05
11277,7.96460830979e-05
11278,7.96247880368e-05
11279,7.96034965154e-05
11280,7.95822085344e-05
11281,7.95609240949e-05
11282,7.95396431976e-05
11283,7.95183658434e-05
11284,7.94970920333e-05
11285,7.9475821768e-05
11286,7.94545550486e-05
11287,7.94332918758e-05
11288,7.94120322506e-05
11289,7.93907761738e-05
11290,7.93695236464e-05
11291,7.93482746691e-05
11292,7.93270292429e-05
11293,7.93057873687e-05
11294,7.92845490473e-05
11295,7.92633142797e-05
11296,7.92420830666e-05
11297,7.9220855409e-05
11298,7.91996313078e-05
11299,7.91784107638e-05
11300,7.9157193778e-05
11301,7.91359803511e-05
11302,7.91147704841e-05
11303,7.90935641779e-05
11304,7.90723614334e-05
11305,7.90511622513e-05
11306,7.90299666326e-05
11307,7.90087745783e-05
11308,7.8987586089e-05
11309,7.89664011658e-05
11310,7.89452198095e-05
11311,7.8924042021e-05
11312,7.89028678012e-05
11313,7.88816971509e-05
11314,7.88605300711e-05
11315,7.88393665625e-05
11316,7.88182066261e-05
11317,7.87970502628e-05
11318,7.87758974734e-05
11319,7.87547482588e-05
11320,7.87336026199e-05
11321,7.87124605575e-05
11322,7.86913220726e-05
11323,7.86701871661e-05
11324,7.86490558387e-05
11325,7.86279280913e-05
11326,7.8606803925e-05
11327,7.85856833404e-05
11328,7.85645663385e-05
11329,7.85434529202e-05
11330,7.85223430864e-05
11331,7.85012368379e-05
11332,7.84801341755e-05
11333,7.84590351003e-05
11334,7.8437939613e-05
11335,7.84168477145e-05
11336,7.83957594057e-05
11337,7.83746746874e-05
11338,7.83535935607e-05
11339,7.83325160262e-05
11340,7.83114420849e-05
11341,7.82903717377e-05
11342,7.82693049854e-05
11343,7.8248241829e-05
11344,7.82271822692e-05
11345,7.8206126307e-05
11346,7.81850739432e-05
11347,7.81640251787e-05
11348,7.81429800144e-05
11349,7.81219384512e-05
11350,7.81009004899e-05
11351,7.80798661313e-05
11352,7.80588353764e-05
11353,7.80378082261e-05
11354,7.80167846812e-05
11355,7.79957647426e-05
11356,7.79747484111e-05
11357,7.79537356876e-05
11358,7.7932726573e-05
11359,7.79117210682e-05
11360,7.78907191741e-05
11361,7.78697208914e-05
11362,7.78487262212e-05
11363,7.78277351641e-05
11364,7.78067477212e-05
11365,7.77857638933e-05
11366,7.77647836813e-05
11367,7.77438070859e-05
11368,7.77228341082e-05
11369,7.77018647489e-05
11370,7.7680899009e-05
11371,7.76599368893e-05
11372,7.76389783907e-05
11373,7.7618023514e-05
11374,7.75970722601e-05
11375,7.75761246299e-05
11376,7.75551806243e-05
11377,7.75342402441e-05
11378,7.75133034901e-05
11379,7.74923703633e-05
11380,7.74714408646e-05
11381,7.74505149947e-05
11382,7.74295927546e-05
11383,7.74086741451e-05
11384,7.73877591671e-05
11385,7.73668478215e-05
11386,7.73459401091e-05
11387,7.73250360308e-05
11388,7.73041355875e-05
11389,7.728323878e-05
11390,7.72623456091e-05
11391,7.72414560759e-05
11392,7.7220570181e-05
11393,7.71996879255e-05
11394,7.71788093101e-05
11395,7.71579343358e-05
11396,7.71370630033e-05
11397,7.71161953136e-05
11398,7.70953312675e-05
11399,7.70744708659e-05
11400,7.70536141096e-05
11401,7.70327609996e-05
11402,7.70119115366e-05
11403,7.69910657216e-05
11404,7.69702235553e-05
11405,7.69493850388e-05
11406,7.69285501728e-05
11407,7.69077189582e-05
11408,7.68868913958e-05
11409,7.68660674866e-05
11410,7.68452472314e-05
11411,7.6824430631e-05
11412,7.68036176863e-05
11413,7.67828083982e-05
11414,7.67620027676e-05
11415,7.67412007953e-05
11416,7.67204024821e-05
11417,7.66996078289e-05
11418,7.66788168367e-05
11419,7.66580295062e-05
11420,7.66372458383e-05
11421,7.66164658339e-05
11422,7.65956894938e-05
11423,7.6574916819e-05
11424,7.65541478102e-05
11425,7.65333824683e-05
11426,7.65126207942e-05
11427,7.64918627887e-05
11428,7.64711084528e-05
11429,7.64503577872e-05
11430,7.64296107928e-05
11431,7.64088674705e-05
11432,7.63881278212e-05
11433,7.63673918457e-05
11434,7.63466595448e-05
11435,7.63259309194e-05
11436,7.63052059705e-05
11437,7.62844846988e-05
11438,7.62637671052e-05
11439,7.62430531905e-05
11440,7.62223429557e-05
11441,7.62016364015e-05
11442,7.61809335289e-05
11443,7.61602343387e-05
11444,7.61395388317e-05
11445,7.61188470089e-05
11446,7.6098158871e-05
11447,7.60774744189e-05
11448,7.60567936535e-05
11449,7.60361165757e-05
11450,7.60154431863e-05
11451,7.59947734861e-05
11452,7.5974107476e-05
11453,7.59534451569e-05
11454,7.59327865296e-05
11455,7.59121315951e-05
11456,7.5891480354e-05
11457,7.58708328074e-05
11458,7.5850188956e-05
11459,7.58295488007e-05
11460,7.58089123423e-05
11461,7.57882795818e-05
11462,7.576765052e-05
11463,7.57470251577e-05
11464,7.57264034958e-05
11465,7.57057855351e-05
11466,7.56851712765e-05
11467,7.56645607209e-05
11468,7.5643953869e-05
11469,7.56233507219e-05
11470,7.56027512802e-05
11471,7.55821555449e-05
11472,7.55615635168e-05
11473,7.55409751968e-05
11474,7.55203905857e-05
11475,7.54998096844e-05
11476,7.54792324938e-05
11477,7.54586590146e-05
11478,7.54380892478e-05
11479,7.54175231941e-05
11480,7.53969608546e-05
11481,7.53764022299e-05
11482,7.53558473209e-05
11483,7.53352961286e-05
11484,7.53147486537e-05
11485,7.52942048971e-05
11486,7.52736648597e-05
11487,7.52531285423e-05
11488,7.52325959457e-05
11489,7.52120670709e-05
11490,7.51915419186e-05
11491,7.51710204898e-05
11492,7.51505027852e-05
11493,7.51299888057e-05
11494,7.51094785522e-05
11495,7.50889720255e-05
11496,7.50684692265e-05
11497,7.50479701559e-05
11498,7.50274748148e-05
11499,7.50069832039e-05
11500,7.4986495324e-05
11501,7.49660111761e-05
11502,7.49455307609e-05
11503,7.49250540793e-05
11504,7.49045811322e-05
11505,7.48841119205e-05
11506,7.48636464448e-05
11507,7.48431847062e-05
11508,7.48227267055e-05
11509,7.48022724434e-05
11510,7.47818219209e-05
11511,7.47613751388e-05
11512,7.4740932098e-05
11513,7.47204927992e-05
11514,7.47000572434e-05
11515,7.46796254314e-05
11516,7.4659197364e-05
11517,7.46387730421e-05
11518,7.46183524666e-05
11519,7.45979356382e-05
11520,7.45775225578e-05
11521,7.45571132263e-05
11522,7.45367076446e-05
11523,7.45163058134e-05
11524,7.44959077336e-05
11525,7.44755134061e-05
11526,7.44551228316e-05
11527,7.44347360111e-05
11528,7.44143529454e-05
11529,7.43939736354e-05
11530,7.43735980818e-05
11531,7.43532262856e-05
11532,7.43328582475e-05
11533,7.43124939684e-05
11534,7.42921334492e-05
11535,7.42717766907e-05
11536,7.42514236937e-05
11537,7.42310744592e-05
11538,7.42107289879e-05
11539,7.41903872806e-05
11540,7.41700493383e-05
11541,7.41497151617e-05
11542,7.41293847518e-05
11543,7.41090581093e-05
11544,7.40887352351e-05
11545,7.406841613e-05
11546,7.40481007949e-05
11547,7.40277892306e-05
11548,7.4007481438e-05
11549,7.39871774179e-05
11550,7.39668771712e-05
11551,7.39465806986e-05
11552,7.39262880011e-05
11553,7.39059990794e-05
11554,7.38857139345e-05
11555,7.38654325671e-05
11556,7.38451549781e-05
11557,7.38248811683e-05
11558,7.38046111386e-05
11559,7.37843448899e-05
11560,7.37640824228e-05
11561,7.37438237384e-05
11562,7.37235688374e-05
11563,7.37033177207e-05
11564,7.36830703891e-05
11565,7.36628268435e-05
11566,7.36425870847e-05
11567,7.36223511134e-05
11568,7.36021189307e-05
11569,7.35818905373e-05
11570,7.3561665934e-05
11571,7.35414451217e-05
11572,7.35212281013e-05
11573,7.35010148735e-05
11574,7.34808054392e-05
11575,7.34605997993e-05
11576,7.34403979545e-05
11577,7.34201999057e-05
11578,7.34000056538e-05
11579,7.33798151996e-05
11580,7.33596285439e-05
11581,7.33394456876e-05
11582,7.33192666315e-05
11583,7.32990913764e-05
11584,7.32789199232e-05
11585,7.32587522728e-05
11586,7.32385884258e-05
11587,7.32184283833e-05
11588,7.31982721459e-05
11589,7.31781197146e-05
11590,7.31579710902e-05
11591,7.31378262736e-05
11592,7.31176852655e-05
11593,7.30975480668e-05
11594,7.30774146783e-05
11595,7.30572851009e-05
11596,7.30371593354e-05
11597,7.30170373826e-05
11598,7.29969192434e-05
11599,7.29768049186e-05
11600,7.2956694409e-05
11601,7.29365877155e-05
11602,7.29164848389e-05
11603,7.289638578e-05
11604,7.28762905398e-05
11605,7.28561991189e-05
11606,7.28361115182e-05
11607,7.28160277386e-05
11608,7.2795947781e-05
11609,7.2775871646e-05
11610,7.27557993347e-05
11611,7.27357308477e-05
11612,7.27156661859e-05
11613,7.26956053503e-05
11614,7.26755483415e-05
11615,7.26554951604e-05
11616,7.26354458079e-05
11617,7.26154002848e-05
11618,7.25953585919e-05
11619,7.25753207301e-05
11620,7.25552867001e-05
11621,7.25352565029e-05
11622,7.25152301392e-05
11623,7.24952076099e-05
11624,7.24751889158e-05
11625,7.24551740577e-05
11626,7.24351630365e-05
11627,7.24151558529e-05
11628,7.23951525079e-05
11629,7.23751530023e-05
11630,7.23551573368e-05
11631,7.23351655123e-05
11632,7.23151775297e-05
11633,7.22951933897e-05
11634,7.22752130933e-05
11635,7.22552366411e-05
11636,7.22352640341e-05
11637,7.22152952731e-05
11638,7.21953303589e-05
11639,7.21753692924e-05
11640,7.21554120743e-05
11641,7.21354587055e-05
11642,7.21155091868e-05
11643,7.2095563519e-05
11644,7.20756217031e-05
11645,7.20556837397e-05
11646,7.20357496298e-05
11647,7.20158193741e-05
11648,7.19958929734e-05
11649,7.19759704287e-05
11650,7.19560517408e-05
11651,7.19361369103e-05
11652,7.19162259383e-05
11653,7.18963188255e-05
11654,7.18764155727e-05
11655,7.18565161807e-05
11656,7.18366206505e-05
11657,7.18167289827e-05
11658,7.17968411783e-05
11659,7.17769572381e-05
11660,7.17570771628e-05
11661,7.17372009533e-05
11662,7.17173286105e-05
11663,7.16974601351e-05
11664,7.1677595528e-05
11665,7.165773479e-05
11666,7.16378779219e-05
11667,7.16180249246e-05
11668,7.15981757988e-05
11669,7.15783305454e-05
11670,7.15584891653e-05
11671,7.15386516592e-05
11672,7.15188180279e-05
11673,7.14989882724e-05
11674,7.14791623933e-05
11675,7.14593403916e-05
11676,7.1439522268e-05
11677,7.14197080234e-05
11678,7.13998976586e-05
11679,7.13800911744e-05
11680,7.13602885716e-05
11681,7.13404898511e-05
11682,7.13206950137e-05
11683,7.13009040601e-05
11684,7.12811169913e-05
11685,7.12613338081e-05
11686,7.12415545111e-05
11687,7.12217791014e-05
11688,7.12020075797e-05
11689,7.11822399468e-05
11690,7.11624762035e-05
11691,7.11427163507e-05
11692,7.11229603891e-05
11693,7.11032083197e-05
11694,7.10834601431e-05
11695,7.10637158603e-05
11696,7.10439754721e-05
11697,7.10242389792e-05
11698,7.10045063825e-05
11699,7.09847776828e-05
11700,7.0965052881e-05
11701,7.09453319778e-05
11702,7.0925614974e-05
11703,7.09059018706e-05
11704,7.08861926682e-05
11705,7.08664873677e-05
11706,7.084678597e-05
11707,7.08270884758e-05
11708,7.0807394886e-05
11709,7.07877052013e-05
11710,7.07680194227e-05
11711,7.07483375508e-05
11712,7.07286595866e-05
11713,7.07089855309e-05
11714,7.06893153844e-05
11715,7.06696491479e-05
11716,7.06499868224e-05
11717,7.06303284085e-05
11718,7.06106739072e-05
11719,7.05910233193e-05
11720,7.05713766454e-05
11721,7.05517338866e-05
11722,7.05320950435e-05
11723,7.0512460117e-05
11724,7.04928291079e-05
11725,7.0473202017e-05
11726,7.04535788452e-05
11727,7.04339595932e-05
11728,7.04143442619e-05
11729,7.03947328521e-05
11730,7.03751253645e-05
11731,7.03555218e-05
11732,7.03359221595e-05
11733,7.03163264437e-05
11734,7.02967346534e-05
11735,7.02771467895e-05
11736,7.02575628527e-05
11737,7.02379828439e-05
11738,7.02184067639e-05
11739,7.01988346135e-05
11740,7.01792663936e-05
11741,7.01597021048e-05
11742,7.01401417481e-05
11743,7.01205853242e-05
11744,7.01010328339e-05
11745,7.00814842781e-05
11746,7.00619396576e-05
11747,7.00423989732e-05
11748,7.00228622257e-05
11749,7.00033294159e-05
11750,6.99838005446e-05
11751,6.99642756126e-05
11752,6.99447546208e-05
11753,6.99252375699e-05
11754,6.99057244608e-05
11755,6.98862152942e-05
11756,6.9866710071e-05
11757,6.9847208792e-05
11758,6.98277114579e-05
11759,6.98082180697e-05
11760,6.97887286281e-05
11761,6.97692431338e-05
11762,6.97497615878e-05
11763,6.97302839909e-05
11764,6.97108103437e-05
11765,6.96913406472e-05
11766,6.96718749022e-05
11767,6.96524131094e-05
11768,6.96329552697e-05
11769,6.96135013838e-05
11770,6.95940514527e-05
11771,6.9574605477e-05
11772,6.95551634576e-05
11773,6.95357253953e-05
11774,6.95162912909e-05
11775,6.94968611452e-05
11776,6.9477434959e-05
11777,6.94580127331e-05
11778,6.94385944684e-05
11779,6.94191801656e-05
11780,6.93997698255e-05
11781,6.9380363449e-05
11782,6.93609610368e-05
11783,6.93415625898e-05
11784,6.93221681087e-05
11785,6.93027775943e-05
11786,6.92833910476e-05
11787,6.92640084691e-05
11788,6.92446298599e-05
11789,6.92252552206e-05
11790,6.92058845521e-05
11791,6.91865178552e-05
11792,6.91671551307e-05
11793,6.91477963793e-05
11794,6.9128441602e-05
11795,6.91090907994e-05
11796,6.90897439724e-05
11797,6.90704011218e-05
11798,6.90510622484e-05
11799,6.9031727353e-05
11800,6.90123964364e-05
11801,6.89930694993e-05
11802,6.89737465427e-05
11803,6.89544275673e-05
11804,6.89351125739e-05
11805,6.89158015633e-05
11806,6.88964945363e-05
11807,6.88771914937e-05
11808,6.88578924363e-05
11809,6.88385973649e-05
11810,6.88193062803e-05
11811,6.88000191834e-05
11812,6.87807360748e-05
11813,6.87614569554e-05
11814,6.87421818261e-05
11815,6.87229106875e-05
11816,6.87036435405e-05
11817,6.8684380386e-05
11818,6.86651212246e-05
11819,6.86458660572e-05
11820,6.86266148847e-05
11821,6.86073677077e-05
11822,6.85881245271e-05
11823,6.85688853437e-05
11824,6.85496501583e-05
11825,6.85304189717e-05
11826,6.85111917846e-05
11827,6.8491968598e-05
11828,6.84727494125e-05
11829,6.8453534229e-05
11830,6.84343230482e-05
11831,6.8415115871e-05
11832,6.83959126982e-05
11833,6.83767135305e-05
11834,6.83575183688e-05
11835,6.83383272139e-05
11836,6.83191400665e-05
11837,6.82999569274e-05
11838,6.82807777975e-05
11839,6.82616026775e-05
11840,6.82424315682e-05
11841,6.82232644704e-05
11842,6.8204101385e-05
11843,6.81849423127e-05
11844,6.81657872543e-05
11845,6.81466362105e-05
11846,6.81274891823e-05
11847,6.81083461704e-05
11848,6.80892071755e-05
11849,6.80700721985e-05
11850,6.80509412402e-05
11851,6.80318143013e-05
11852,6.80126913827e-05
11853,6.79935724852e-05
11854,6.79744576095e-05
11855,6.79553467564e-05
11856,6.79362399267e-05
11857,6.79171371213e-05
11858,6.78980383408e-05
11859,6.78789435862e-05
11860,6.78598528581e-05
11861,6.78407661575e-05
11862,6.7821683485e-05
11863,6.78026048414e-05
11864,6.77835302277e-05
11865,6.77644596445e-05
11866,6.77453930926e-05
11867,6.77263305728e-05
11868,6.7707272086e-05
11869,6.76882176329e-05
11870,6.76691672142e-05
11871,6.76501208309e-05
11872,6.76310784836e-05
11873,6.76120401732e-05
11874,6.75930059005e-05
11875,6.75739756662e-05
11876,6.75549494712e-05
11877,6.75359273161e-05
11878,6.75169092019e-05
11879,6.74978951293e-05
11880,6.74788850991e-05
11881,6.7459879112e-05
11882,6.7440877169e-05
11883,6.74218792706e-05
11884,6.74028854178e-05
11885,6.73838956114e-05
11886,6.7364909852e-05
11887,6.73459281406e-05
11888,6.73269504779e-05
11889,6.73079768646e-05
11890,6.72890073016e-05
11891,6.72700417896e-05
11892,6.72510803295e-05
11893,6.7232122922e-05
11894,6.72131695679e-05
11895,6.7194220268e-05
11896,6.71752750231e-05
11897,6.71563338339e-05
11898,6.71373967013e-05
11899,6.71184636261e-05
11900,6.70995346089e-05
11901,6.70806096507e-05
11902,6.70616887522e-05
11903,6.70427719141e-05
11904,6.70238591373e-05
11905,6.70049504225e-05
11906,6.69860457706e-05
11907,6.69671451822e-05
11908,6.69482486583e-05
11909,6.69293561995e-05
11910,6.69104678067e-05
11911,6.68915834807e-05
11912,6.68727032221e-05
11913,6.68538270319e-05
11914,6.68349549108e-05
11915,6.68160868595e-05
11916,6.67972228789e-05
11917,6.67783629698e-05
11918,6.67595071328e-05
11919,6.67406553689e-05
11920,6.67218076788e-05
11921,6.67029640632e-05
11922,6.6684124523e-05
11923,6.66652890588e-05
11924,6.66464576717e-05
11925,6.66276303621e-05
11926,6.66088071311e-05
11927,6.65899879793e-05
11928,6.65711729076e-05
11929,6.65523619166e-05
11930,6.65335550073e-05
11931,6.65147521803e-05
11932,6.64959534365e-05
11933,6.64771587766e-05
11934,6.64583682014e-05
11935,6.64395817117e-05
11936,6.64207993082e-05
11937,6.64020209918e-05
11938,6.63832467633e-05
11939,6.63644766233e-05
11940,6.63457105727e-05
11941,6.63269486123e-05
11942,6.63081907428e-05
11943,6.6289436965e-05
11944,6.62706872797e-05
11945,6.62519416877e-05
11946,6.62332001897e-05
11947,6.62144627866e-05
11948,6.61957294791e-05
11949,6.61770002679e-05
11950,6.61582751539e-05
11951,6.61395541378e-05
11952,6.61208372204e-05
11953,6.61021244025e-05
11954,6.60834156849e-05
11955,6.60647110683e-05
11956,6.60460105535e-05
11957,6.60273141413e-05
11958,6.60086218324e-05
11959,6.59899336277e-05
11960,6.59712495279e-05
11961,6.59525695337e-05
11962,6.59338936461e-05
11963,6.59152218656e-05
11964,6.58965541932e-05
11965,6.58778906296e-05
11966,6.58592311755e-05
11967,6.58405758317e-05
11968,6.5821924599e-05
11969,6.58032774782e-05
11970,6.57846344701e-05
11971,6.57659955754e-05
11972,6.57473607948e-05
11973,6.57287301293e-05
11974,6.57101035794e-05
11975,6.56914811461e-05
11976,6.56728628301e-05
11977,6.56542486321e-05
11978,6.5635638553e-05
11979,6.56170325934e-05
11980,6.55984307542e-05
11981,6.55798330362e-05
11982,6.55612394401e-05
11983,6.55426499666e-05
11984,6.55240646166e-05
11985,6.55054833908e-05
11986,6.54869062901e-05
11987,6.5468333315e-05
11988,6.54497644666e-05
11989,6.54311997454e-05
11990,6.54126391523e-05
11991,6.5394082688e-05
11992,6.53755303534e-05
11993,6.53569821491e-05
11994,6.5338438076e-05
11995,6.53198981348e-05
11996,6.53013623263e-05
11997,6.52828306513e-05
11998,6.52643031104e-05
11999,6.52457797046e-05
12000,6.52272604345e-05
12001,6.5208745301e-05
12002,6.51902343048e-05
12003,6.51717274466e-05
12004,6.51532247272e-05
12005,6.51347261475e-05
12006,6.51162317081e-05
12007,6.50977414099e-05
12008,6.50792552535e-05
12009,6.50607732398e-05
12010,6.50422953696e-05
12011,6.50238216435e-05
12012,6.50053520624e-05
12013,6.49868866271e-05
12014,6.49684253382e-05
12015,6.49499681966e-05
12016,6.4931515203e-05
12017,6.49130663582e-05
12018,6.4894621663e-05
12019,6.4876181118e-05
12020,6.48577447242e-05
12021,6.48393124822e-05
12022,6.48208843929e-05
12023,6.48024604569e-05
12024,6.4784040675e-05
12025,6.47656250481e-05
12026,6.47472135768e-05
12027,6.47288062619e-05
12028,6.47104031043e-05
12029,6.46920041046e-05
12030,6.46736092636e-05
12031,6.46552185821e-05
12032,6.46368320609e-05
12033,6.46184497006e-05
12034,6.46000715022e-05
12035,6.45816974662e-05
12036,6.45633275936e-05
12037,6.4544961885e-05
12038,6.45266003412e-05
12039,6.45082429631e-05
12040,6.44898897512e-05
12041,6.44715407065e-05
12042,6.44531958296e-05
12043,6.44348551213e-05
12044,6.44165185824e-05
12045,6.43981862137e-05
12046,6.43798580158e-05
12047,6.43615339896e-05
12048,6.43432141359e-05
12049,6.43248984553e-05
12050,6.43065869487e-05
12051,6.42882796167e-05
12052,6.42699764602e-05
12053,6.425167748e-05
12054,6.42333826767e-05
12055,6.42150920511e-05
12056,6.41968056041e-05
12057,6.41785233363e-05
12058,6.41602452485e-05
12059,6.41419713415e-05
12060,6.41237016159e-05
12061,6.41054360727e-05
12062,6.40871747125e-05
12063,6.40689175362e-05
12064,6.40506645443e-05
12065,6.40324157378e-05
12066,6.40141711173e-05
12067,6.39959306837e-05
12068,6.39776944376e-05
12069,6.39594623799e-05
12070,6.39412345113e-05
12071,6.39230108325e-05
12072,6.39047913443e-05
12073,6.38865760475e-05
12074,6.38683649428e-05
12075,6.3850158031e-05
12076,6.38319553128e-05
12077,6.38137567889e-05
12078,6.37955624602e-05
12079,6.37773723274e-05
12080,6.37591863912e-05
12081,6.37410046524e-05
12082,6.37228271118e-05
12083,6.37046537701e-05
12084,6.3686484628e-05
12085,6.36683196863e-05
12086,6.36501589458e-05
12087,6.36320024072e-05
12088,6.36138500713e-05
12089,6.35957019388e-05
12090,6.35775580105e-05
12091,6.35594182871e-05
12092,6.35412827693e-05
12093,6.3523151458e-05
12094,6.35050243539e-05
12095,6.34869014577e-05
12096,6.34687827702e-05
12097,6.34506682922e-05
12098,6.34325580243e-05
12099,6.34144519673e-05
12100,6.33963501221e-05
12101,6.33782524893e-05
12102,6.33601590696e-05
12103,6.33420698639e-05
12104,6.33239848729e-05
12105,6.33059040974e-05
12106,6.3287827538e-05
12107,6.32697551955e-05
12108,6.32516870708e-05
12109,6.32336231644e-05
12110,6.32155634773e-05
12111,6.31975080101e-05
12112,6.31794567636e-05
12113,6.31614097385e-05
12114,6.31433669356e-05
12115,6.31253283556e-05
12116,6.31072939993e-05
12117,6.30892638674e-05
12118,6.30712379607e-05
12119,6.30532162798e-05
12120,6.30351988257e-05
12121,6.3017185599e-05
12122,6.29991766004e-05
12123,6.29811718307e-05
12124,6.29631712907e-05
12125,6.29451749811e-05
12126,6.29271829026e-05
12127,6.2909195056e-05
12128,6.28912114421e-05
12129,6.28732320615e-05
12130,6.2855256915e-05
12131,6.28372860035e-05
12132,6.28193193275e-05
12133,6.28013568879e-05
12134,6.27833986854e-05
12135,6.27654447208e-05
12136,6.27474949947e-05
12137,6.2729549508e-05
12138,6.27116082614e-05
12139,6.26936712556e-05
12140,6.26757384914e-05
12141,6.26578099694e-05
12142,6.26398856906e-05
12143,6.26219656555e-05
12144,6.2604049865e-05
12145,6.25861383198e-05
12146,6.25682310206e-05
12147,6.25503279682e-05
12148,6.25324291632e-05
12149,6.25145346066e-05
12150,6.24966442989e-05
12151,6.2478758241e-05
12152,6.24608764336e-05
12153,6.24429988773e-05
12154,6.24251255731e-05
12155,6.24072565215e-05
12156,6.23893917234e-05
12157,6.23715311795e-05
12158,6.23536748905e-05
12159,6.23358228572e-05
12160,6.23179750802e-05
12161,6.23001315605e-05
12162,6.22822922986e-05
12163,6.22644572953e-05
12164,6.22466265514e-05
12165,6.22288000676e-05
12166,6.22109778447e-05
12167,6.21931598833e-05
12168,6.21753461843e-05
12169,6.21575367483e-05
12170,6.21397315761e-05
12171,6.21219306684e-05
12172,6.21041340261e-05
12173,6.20863416497e-05
12174,6.20685535401e-05
12175,6.2050769698e-05
12176,6.20329901241e-05
12177,6.20152148191e-05
12178,6.19974437839e-05
12179,6.19796770191e-05
12180,6.19619145255e-05
12181,6.19441563037e-05
12182,6.19264023547e-05
12183,6.1908652679e-05
12184,6.18909072774e-05
12185,6.18731661506e-05
12186,6.18554292995e-05
12187,6.18376967247e-05
12188,6.18199684269e-05
12189,6.1802244407e-05
12190,6.17845246655e-05
12191,6.17668092034e-05
12192,6.17490980212e-05
12193,6.17313911197e-05
12194,6.17136884998e-05
12195,6.1695990162e-05
12196,6.16782961072e-05
12197,6.1660606336e-05
12198,6.16429208492e-05
12199,6.16252396476e-05
12200,6.16075627318e-05
12201,6.15898901026e-05
12202,6.15722217608e-05
12203,6.1554557707e-05
12204,6.1536897942e-05
12205,6.15192424666e-05
12206,6.15015912814e-05
12207,6.14839443872e-05
12208,6.14663017847e-05
12209,6.14486634747e-05
12210,6.14310294579e-05
12211,6.1413399735e-05
12212,6.13957743068e-05
12213,6.13781531739e-05
12214,6.13605363371e-05
12215,6.13429237972e-05
12216,6.13253155549e-05
12217,6.13077116108e-05
12218,6.12901119658e-05
12219,6.12725166205e-05
12220,6.12549255758e-05
12221,6.12373388322e-05
12222,6.12197563906e-05
12223,6.12021782517e-05
12224,6.11846044162e-05
12225,6.11670348848e-05
12226,6.11494696583e-05
12227,6.11319087374e-05
12228,6.11143521228e-05
12229,6.10967998153e-05
12230,6.10792518155e-05
12231,6.10617081242e-05
12232,6.10441687422e-05
12233,6.10266336701e-05
12234,6.10091029087e-05
12235,6.09915764587e-05
12236,6.09740543209e-05
12237,6.09565364959e-05
12238,6.09390229845e-05
12239,6.09215137875e-05
12240,6.09040089054e-05
12241,6.08865083392e-05
12242,6.08690120894e-05
12243,6.08515201569e-05
12244,6.08340325423e-05
12245,6.08165492464e-05
12246,6.07990702698e-05
12247,6.07815956134e-05
12248,6.07641252778e-05
12249,6.07466592638e-05
12250,6.07291975721e-05
12251,6.07117402034e-05
12252,6.06942871585e-05
12253,6.0676838438e-05
12254,6.06593940427e-05
12255,6.06419539733e-05
12256,6.06245182306e-05
12257,6.06070868152e-05
12258,6.05896597278e-05
12259,6.05722369693e-05
12260,6.05548185403e-05
12261,6.05374044416e-05
12262,6.05199946738e-05
12263,6.05025892377e-05
12264,6.0485188134e-05
12265,6.04677913635e-05
12266,6.04503989268e-05
12267,6.04330108247e-05
12268,6.04156270579e-05
12269,6.03982476271e-05
12270,6.0380872533e-05
12271,6.03635017764e-05
12272,6.0346135358e-05
12273,6.03287732784e-05
12274,6.03114155385e-05
12275,6.0294062139e-05
12276,6.02767130804e-05
12277,6.02593683637e-05
12278,6.02420279895e-05
12279,6.02246919584e-05
12280,6.02073602713e-05
12281,6.01900329289e-05
12282,6.01727099318e-05
12283,6.01553912808e-05
12284,6.01380769766e-05
12285,6.012076702e-05
12286,6.01034614116e-05
12287,6.00861601521e-05
12288,6.00688632423e-05
12289,6.00515706829e-05
12290,6.00342824747e-05
12291,6.00169986182e-05
12292,5.99997191143e-05
12293,5.99824439637e-05
12294,5.9965173167e-05
12295,5.9947906725e-05
12296,5.99306446385e-05
12297,5.9913386908e-05
12298,5.98961335344e-05
12299,5.98788845184e-05
12300,5.98616398606e-05
12301,5.98443995618e-05
12302,5.98271636227e-05
12303,5.98099320441e-05
12304,5.97927048265e-05
12305,5.97754819708e-05
12306,5.97582634777e-05
12307,5.97410493478e-05
12308,5.97238395819e-05
12309,5.97066341807e-05
12310,5.96894331449e-05
12311,5.96722364753e-05
12312,5.96550441724e-05
12313,5.96378562372e-05
12314,5.96206726702e-05
12315,5.96034934721e-05
12316,5.95863186438e-05
12317,5.95691481858e-05
12318,5.9551982099e-05
12319,5.9534820384e-05
12320,5.95176630415e-05
12321,5.95005100723e-05
12322,5.9483361477e-05
12323,5.94662172564e-05
12324,5.94490774112e-05
12325,5.94319419421e-05
12326,5.94148108497e-05
12327,5.93976841349e-05
12328,5.93805617983e-05
12329,5.93634438407e-05
12330,5.93463302626e-05
12331,5.93292210649e-05
12332,5.93121162483e-05
12333,5.92950158135e-05
12334,5.92779197611e-05
12335,5.92608280919e-05
12336,5.92437408066e-05
12337,5.92266579059e-05
12338,5.92095793905e-05
12339,5.91925052612e-05
12340,5.91754355185e-05
12341,5.91583701633e-05
12342,5.91413091963e-05
12343,5.91242526181e-05
12344,5.91072004294e-05
12345,5.9090152631e-05
12346,5.90731092236e-05
12347,5.90560702079e-05
12348,5.90390355845e-05
12349,5.90220053542e-05
12350,5.90049795178e-05
12351,5.89879580758e-05
12352,5.8970941029e-05
12353,5.89539283782e-05
12354,5.89369201239e-05
12355,5.8919916267e-05
12356,5.89029168082e-05
12357,5.8885921748e-05
12358,5.88689310873e-05
12359,5.88519448267e-05
12360,5.8834962967e-05
12361,5.88179855089e-05
12362,5.88010124529e-05
12363,5.87840438e-05
12364,5.87670795507e-05
12365,5.87501197058e-05
12366,5.87331642659e-05
12367,5.87162132318e-05
12368,5.86992666042e-05
12369,5.86823243838e-05
12370,5.86653865712e-05
12371,5.86484531672e-05
12372,5.86315241725e-05
12373,5.86145995878e-05
12374,5.85976794138e-05
12375,5.85807636512e-05
12376,5.85638523006e-05
12377,5.85469453629e-05
12378,5.85300428386e-05
12379,5.85131447285e-05
12380,5.84962510333e-05
12381,5.84793617538e-05
12382,5.84624768905e-05
12383,5.84455964442e-05
12384,5.84287204156e-05
12385,5.84118488054e-05
12386,5.83949816142e-05
12387,5.83781188429e-05
12388,5.83612604921e-05
12389,5.83444065624e-05
12390,5.83275570547e-05
12391,5.83107119695e-05
12392,5.82938713076e-05
12393,5.82770350697e-05
12394,5.82602032565e-05
12395,5.82433758687e-05
12396,5.82265529069e-05
12397,5.82097343719e-05
12398,5.81929202644e-05
12399,5.81761105851e-05
12400,5.81593053346e-05
12401,5.81425045137e-05
12402,5.8125708123e-05
12403,5.81089161633e-05
12404,5.80921286353e-05
12405,5.80753455396e-05
12406,5.8058566877e-05
12407,5.8041792648e-05
12408,5.80250228536e-05
12409,5.80082574942e-05
12410,5.79914965707e-05
12411,5.79747400837e-05
12412,5.79579880339e-05
12413,5.7941240422e-05
12414,5.79244972488e-05
12415,5.79077585148e-05
12416,5.78910242208e-05
12417,5.78742943675e-05
12418,5.78575689556e-05
12419,5.78408479857e-05
12420,5.78241314587e-05
12421,5.7807419375e-05
12422,5.77907117356e-05
12423,5.77740085409e-05
12424,5.77573097919e-05
12425,5.7740615489e-05
12426,5.77239256331e-05
12427,5.77072402248e-05
12428,5.76905592647e-05
12429,5.76738827537e-05
12430,5.76572106924e-05
12431,5.76405430814e-05
12432,5.76238799216e-05
12433,5.76072212134e-05
12434,5.75905669578e-05
12435,5.75739171553e-05
12436,5.75572718066e-05
12437,5.75406309124e-05
12438,5.75239944734e-05
12439,5.75073624904e-05
12440,5.74907349639e-05
12441,5.74741118948e-05
12442,5.74574932836e-05
12443,5.7440879131e-05
12444,5.74242694378e-05
12445,5.74076642047e-05
12446,5.73910634322e-05
12447,5.73744671212e-05
12448,5.73578752723e-05
12449,5.73412878862e-05
12450,5.73247049635e-05
12451,5.7308126505e-05
12452,5.72915525114e-05
12453,5.72749829833e-05
12454,5.72584179214e-05
12455,5.72418573265e-05
12456,5.72253011991e-05
12457,5.720874954e-05
12458,5.719220235e-05
12459,5.71756596295e-05
12460,5.71591213794e-05
12461,5.71425876004e-05
12462,5.7126058293e-05
12463,5.71095334581e-05
12464,5.70930130962e-05
12465,5.70764972081e-05
12466,5.70599857945e-05
12467,5.7043478856e-05
12468,5.70269763933e-05
12469,5.70104784072e-05
12470,5.69939848982e-05
12471,5.69774958671e-05
12472,5.69610113146e-05
12473,5.69445312413e-05
12474,5.6928055648e-05
12475,5.69115845352e-05
12476,5.68951179038e-05
12477,5.68786557543e-05
12478,5.68621980875e-05
12479,5.6845744904e-05
12480,5.68292962045e-05
12481,5.68128519898e-05
12482,5.67964122604e-05
12483,5.67799770171e-05
12484,5.67635462606e-05
12485,5.67471199914e-05
12486,5.67306982104e-05
12487,5.67142809182e-05
12488,5.66978681155e-05
12489,5.66814598029e-05
12490,5.66650559811e-05
12491,5.66486566509e-05
12492,5.66322618129e-05
12493,5.66158714677e-05
12494,5.65994856161e-05
12495,5.65831042587e-05
12496,5.65667273962e-05
12497,5.65503550293e-05
12498,5.65339871587e-05
12499,5.6517623785e-05
12500,5.6501264909e-05
12501,5.64849105313e-05
12502,5.64685606525e-05
12503,5.64522152734e-05
12504,5.64358743947e-05
12505,5.64195380169e-05
12506,5.64032061409e-05
12507,5.63868787672e-05
12508,5.63705558966e-05
12509,5.63542375297e-05
12510,5.63379236672e-05
12511,5.63216143097e-05
12512,5.63053094581e-05
12513,5.62890091128e-05
12514,5.62727132747e-05
12515,5.62564219443e-05
12516,5.62401351224e-05
12517,5.62238528096e-05
12518,5.62075750067e-05
12519,5.61913017142e-05
12520,5.61750329328e-05
12521,5.61587686633e-05
12522,5.61425089063e-05
12523,5.61262536625e-05
12524,5.61100029325e-05
12525,5.60937567171e-05
12526,5.60775150169e-05
12527,5.60612778325e-05
12528,5.60450451647e-05
12529,5.60288170141e-05
12530,5.60125933813e-05
12531,5.59963742672e-05
12532,5.59801596723e-05
12533,5.59639495973e-05
12534,5.59477440429e-05
12535,5.59315430097e-05
12536,5.59153464985e-05
12537,5.58991545098e-05
12538,5.58829670444e-05
12539,5.5866784103e-05
12540,5.58506056862e-05
12541,5.58344317946e-05
12542,5.5818262429e-05
12543,5.58020975901e-05
12544,5.57859372784e-05
12545,5.57697814947e-05
12546,5.57536302396e-05
12547,5.57374835138e-05
12548,5.5721341318e-05
12549,5.57052036528e-05
12550,5.56890705189e-05
12551,5.5672941917e-05
12552,5.56568178478e-05
12553,5.56406983119e-05
12554,5.56245833099e-05
12555,5.56084728426e-05
12556,5.55923669106e-05
12557,5.55762655147e-05
12558,5.55601686553e-05
12559,5.55440763333e-05
12560,5.55279885493e-05
12561,5.55119053039e-05
12562,5.54958265979e-05
12563,5.54797524318e-05
12564,5.54636828064e-05
12565,5.54476177224e-05
12566,5.54315571803e-05
12567,5.54155011808e-05
12568,5.53994497247e-05
12569,5.53834028126e-05
12570,5.53673604451e-05
12571,5.5351322623e-05
12572,5.53352893468e-05
12573,5.53192606172e-05
12574,5.5303236435e-05
12575,5.52872168008e-05
12576,5.52712017152e-05
12577,5.52551911788e-05
12578,5.52391851925e-05
12579,5.52231837568e-05
12580,5.52071868724e-05
12581,5.51911945399e-05
12582,5.51752067601e-05
12583,5.51592235335e-05
12584,5.51432448609e-05
12585,5.51272707429e-05
12586,5.51113011801e-05
12587,5.50953361733e-05
12588,5.50793757231e-05
12589,5.50634198301e-05
12590,5.50474684951e-05
12591,5.50315217186e-05
12592,5.50155795014e-05
12593,5.49996418441e-05
12594,5.49837087473e-05
12595,5.49677802118e-05
12596,5.49518562381e-05
12597,5.4935936827e-05
12598,5.49200219791e-05
12599,5.4904111695e-05
12600,5.48882059755e-05
12601,5.48723048212e-05
12602,5.48564082326e-05
12603,5.48405162106e-05
12604,5.48246287558e-05
12605,5.48087458688e-05
12606,5.47928675502e-05
12607,5.47769938008e-05
12608,5.47611246211e-05
12609,5.4745260012e-05
12610,5.47293999739e-05
12611,5.47135445076e-05
12612,5.46976936137e-05
12613,5.46818472929e-05
12614,5.46660055458e-05
12615,5.46501683731e-05
12616,5.46343357755e-05
12617,5.46185077536e-05
12618,5.4602684308e-05
12619,5.45868654395e-05
12620,5.45710511486e-05
12621,5.45552414361e-05
12622,5.45394363025e-05
12623,5.45236357486e-05
12624,5.4507839775e-05
12625,5.44920483824e-05
12626,5.44762615713e-05
12627,5.44604793425e-05
12628,5.44447016967e-05
12629,5.44289286343e-05
12630,5.44131601563e-05
12631,5.4397396263e-05
12632,5.43816369554e-05
12633,5.43658822339e-05
12634,5.43501320992e-05
12635,5.4334386552e-05
12636,5.4318645593e-05
12637,5.43029092228e-05
12638,5.4287177442e-05
12639,5.42714502513e-05
12640,5.42557276514e-05
12641,5.42400096428e-05
12642,5.42242962264e-05
12643,5.42085874026e-05
12644,5.41928831722e-05
12645,5.41771835358e-05
12646,5.4161488494e-05
12647,5.41457980476e-05
12648,5.41301121971e-05
12649,5.41144309433e-05
12650,5.40987542867e-05
12651,5.4083082228e-05
12652,5.40674147678e-05
12653,5.40517519069e-05
12654,5.40360936459e-05
12655,5.40204399853e-05
12656,5.40047909259e-05
12657,5.39891464684e-05
12658,5.39735066132e-05
12659,5.39578713612e-05
12660,5.3942240713e-05
12661,5.39266146691e-05
12662,5.39109932303e-05
12663,5.38953763971e-05
12664,5.38797641704e-05
12665,5.38641565506e-05
12666,5.38485535384e-05
12667,5.38329551346e-05
12668,5.38173613396e-05
12669,5.38017721543e-05
12670,5.37861875791e-05
12671,5.37706076149e-05
12672,5.37550322621e-05
12673,5.37394615216e-05
12674,5.37238953938e-05
12675,5.37083338795e-05
12676,5.36927769792e-05
12677,5.36772246937e-05
12678,5.36616770237e-05
12679,5.36461339696e-05
12680,5.36305955322e-05
12681,5.36150617121e-05
12682,5.35995325101e-05
12683,5.35840079266e-05
12684,5.35684879623e-05
12685,5.3552972618e-05
12686,5.35374618942e-05
12687,5.35219557916e-05
12688,5.35064543108e-05
12689,5.34909574525e-05
12690,5.34754652172e-05
12691,5.34599776058e-05
12692,5.34444946187e-05
12693,5.34290162567e-05
12694,5.34135425203e-05
12695,5.33980734103e-05
12696,5.33826089272e-05
12697,5.33671490718e-05
12698,5.33516938445e-05
12699,5.33362432462e-05
12700,5.33207972774e-05
12701,5.33053559387e-05
12702,5.32899192309e-05
12703,5.32744871545e-05
12704,5.32590597102e-05
12705,5.32436368986e-05
12706,5.32282187204e-05
12707,5.32128051761e-05
12708,5.31973962666e-05
12709,5.31819919923e-05
12710,5.31665923539e-05
12711,5.31511973521e-05
12712,5.31358069875e-05
12713,5.31204212607e-05
12714,5.31050401724e-05
12715,5.30896637232e-05
12716,5.30742919137e-05
12717,5.30589247446e-05
12718,5.30435622166e-05
12719,5.30282043302e-05
12720,5.30128510861e-05
12721,5.29975024849e-05
12722,5.29821585274e-05
12723,5.2966819214e-05
12724,5.29514845454e-05
12725,5.29361545224e-05
12726,5.29208291454e-05
12727,5.29055084152e-05
12728,5.28901923324e-05
12729,5.28748808976e-05
12730,5.28595741114e-05
12731,5.28442719745e-05
12732,5.28289744876e-05
12733,5.28136816512e-05
12734,5.2798393466e-05
12735,5.27831099326e-05
12736,5.27678310517e-05
12737,5.27525568239e-05
12738,5.27372872498e-05
12739,5.272202233e-05
12740,5.27067620653e-05
12741,5.26915064561e-05
12742,5.26762555033e-05
12743,5.26610092073e-05
12744,5.26457675688e-05
12745,5.26305305885e-05
12746,5.2615298267e-05
12747,5.26000706048e-05
12748,5.25848476028e-05
12749,5.25696292614e-05
12750,5.25544155813e-05
12751,5.25392065631e-05
12752,5.25240022076e-05
12753,5.25088025152e-05
12754,5.24936074866e-05
12755,5.24784171225e-05
12756,5.24632314235e-05
12757,5.24480503903e-05
12758,5.24328740233e-05
12759,5.24177023234e-05
12760,5.2402535291e-05
12761,5.23873729269e-05
12762,5.23722152317e-05
12763,5.23570622059e-05
12764,5.23419138503e-05
12765,5.23267701654e-05
12766,5.23116311519e-05
12767,5.22964968104e-05
12768,5.22813671415e-05
12769,5.22662421459e-05
12770,5.22511218242e-05
12771,5.2236006177e-05
12772,5.22208952049e-05
12773,5.22057889086e-05
12774,5.21906872887e-05
12775,5.21755903458e-05
12776,5.21604980806e-05
12777,5.21454104936e-05
12778,5.21303275855e-05
12779,5.2115249357e-05
12780,5.21001758086e-05
12781,5.20851069409e-05
12782,5.20700427547e-05
12783,5.20549832505e-05
12784,5.20399284289e-05
12785,5.20248782906e-05
12786,5.20098328362e-05
12787,5.19947920663e-05
12788,5.19797559815e-05
12789,5.19647245825e-05
12790,5.19496978699e-05
12791,5.19346758444e-05
12792,5.19196585064e-05
12793,5.19046458567e-05
12794,5.18896378959e-05
12795,5.18746346245e-05
12796,5.18596360433e-05
12797,5.18446421529e-05
12798,5.18296529538e-05
12799,5.18146684467e-05
12800,5.17996886322e-05
12801,5.17847135109e-05
12802,5.17697430835e-05
12803,5.17547773506e-05
12804,5.17398163127e-05
12805,5.17248599706e-05
12806,5.17099083248e-05
12807,5.16949613759e-05
12808,5.16800191246e-05
12809,5.16650815715e-05
12810,5.16501487172e-05
12811,5.16352205624e-05
12812,5.16202971076e-05
12813,5.16053783534e-05
12814,5.15904643006e-05
12815,5.15755549496e-05
12816,5.15606503012e-05
12817,5.15457503559e-05
12818,5.15308551144e-05
12819,5.15159645772e-05
12820,5.15010787451e-05
12821,5.14861976185e-05
12822,5.14713211982e-05
12823,5.14564494847e-05
12824,5.14415824787e-05
12825,5.14267201808e-05
12826,5.14118625915e-05
12827,5.13970097116e-05
12828,5.13821615415e-05
12829,5.13673180821e-05
12830,5.13524793337e-05
12831,5.13376452972e-05
12832,5.1322815973e-05
12833,5.13079913619e-05
12834,5.12931714643e-05
12835,5.1278356281e-05
12836,5.12635458125e-05
12837,5.12487400595e-05
12838,5.12339390226e-05
12839,5.12191427023e-05
12840,5.12043510993e-05
12841,5.11895642143e-05
12842,5.11747820478e-05
12843,5.11600046004e-05
12844,5.11452318727e-05
12845,5.11304638655e-05
12846,5.11157005792e-05
12847,5.11009420144e-05
12848,5.10861881719e-05
12849,5.10714390522e-05
12850,5.1056694656e-05
12851,5.10419549837e-05
12852,5.10272200361e-05
12853,5.10124898138e-05
12854,5.09977643173e-05
12855,5.09830435473e-05
12856,5.09683275044e-05
12857,5.09536161892e-05
12858,5.09389096023e-05
12859,5.09242077443e-05
12860,5.09095106158e-05
12861,5.08948182175e-05
12862,5.08801305499e-05
12863,5.08654476137e-05
12864,5.08507694094e-05
12865,5.08360959377e-05
12866,5.08214271992e-05
12867,5.08067631945e-05
12868,5.07921039241e-05
12869,5.07774493888e-05
12870,5.07627995891e-05
12871,5.07481545256e-05
12872,5.07335141989e-05
12873,5.07188786097e-05
12874,5.07042477585e-05
12875,5.06896216459e-05
12876,5.06750002726e-05
12877,5.06603836392e-05
12878,5.06457717462e-05
12879,5.06311645943e-05
12880,5.06165621841e-05
12881,5.06019645161e-05
12882,5.05873715911e-05
12883,5.05727834095e-05
12884,5.0558199972e-05
12885,5.05436212793e-05
12886,5.05290473318e-05
12887,5.05144781302e-05
12888,5.04999136752e-05
12889,5.04853539673e-05
12890,5.04707990071e-05
12891,5.04562487952e-05
12892,5.04417033322e-05
12893,5.04271626188e-05
12894,5.04126266555e-05
12895,5.0398095443e-05
12896,5.03835689818e-05
12897,5.03690472725e-05
12898,5.03545303158e-05
12899,5.03400181122e-05
12900,5.03255106623e-05
12901,5.03110079669e-05
12902,5.02965100263e-05
12903,5.02820168413e-05
12904,5.02675284125e-05
12905,5.02530447404e-05
12906,5.02385658257e-05
12907,5.02240916689e-05
12908,5.02096222707e-05
12909,5.01951576316e-05
12910,5.01806977523e-05
12911,5.01662426333e-05
12912,5.01517922753e-05
12913,5.01373466789e-05
12914,5.01229058446e-05
12915,5.0108469773e-05
12916,5.00940384648e-05
12917,5.00796119205e-05
12918,5.00651901408e-05
12919,5.00507731262e-05
12920,5.00363608773e-05
12921,5.00219533948e-05
12922,5.00075506792e-05
12923,4.99931527312e-05
12924,4.99787595513e-05
12925,4.99643711401e-05
12926,4.99499874982e-05
12927,4.99356086262e-05
12928,4.99212345248e-05
12929,4.99068651945e-05
12930,4.98925006358e-05
12931,4.98781408495e-05
12932,4.98637858361e-05
12933,4.98494355961e-05
12934,4.98350901303e-05
12935,4.98207494391e-05
12936,4.98064135232e-05
12937,4.97920823832e-05
12938,4.97777560196e-05
12939,4.97634344331e-05
12940,4.97491176242e-05
12941,4.97348055936e-05
12942,4.97204983419e-05
12943,4.97061958695e-05
12944,4.96918981772e-05
12945,4.96776052655e-05
12946,4.9663317135e-05
12947,4.96490337863e-05
12948,4.96347552201e-05
12949,4.96204814367e-05
12950,4.9606212437e-05
12951,4.95919482215e-05
12952,4.95776887907e-05
12953,4.95634341452e-05
12954,4.95491842857e-05
12955,4.95349392128e-05
12956,4.95206989269e-05
12957,4.95064634288e-05
12958,4.9492232719e-05
12959,4.94780067981e-05
12960,4.94637856667e-05
12961,4.94495693253e-05
12962,4.94353577746e-05
12963,4.94211510152e-05
12964,4.94069490476e-05
12965,4.93927518724e-05
12966,4.93785594902e-05
12967,4.93643719017e-05
12968,4.93501891074e-05
12969,4.93360111078e-05
12970,4.93218379036e-05
12971,4.93076694954e-05
12972,4.92935058837e-05
12973,4.92793470692e-05
12974,4.92651930524e-05
12975,4.92510438339e-05
12976,4.92368994142e-05
12977,4.92227597941e-05
12978,4.9208624974e-05
12979,4.91944949546e-05
12980,4.91803697364e-05
12981,4.91662493201e-05
12982,4.91521337062e-05
12983,4.91380228952e-05
12984,4.91239168879e-05
12985,4.91098156847e-05
12986,4.90957192862e-05
12987,4.90816276931e-05
12988,4.90675409059e-05
12989,4.90534589252e-05
12990,4.90393817516e-05
12991,4.90253093857e-05
12992,4.9011241828e-05
12993,4.89971790792e-05
12994,4.89831211398e-05
12995,4.89690680104e-05
12996,4.89550196915e-05
12997,4.89409761839e-05
12998,4.8926937488e-05
12999,4.89129036044e-05
13000,4.88988745337e-05
13001,4.88848502766e-05
13002,4.88708308335e-05
13003,4.88568162051e-05
13004,4.88428063919e-05
13005,4.88288013945e-05
13006,4.88148012135e-05
13007,4.88008058495e-05
13008,4.87868153031e-05
13009,4.87728295748e-05
13010,4.87588486653e-05
13011,4.8744872575e-05
13012,4.87309013046e-05
13013,4.87169348547e-05
13014,4.87029732258e-05
13015,4.86890164186e-05
13016,4.86750644335e-05
13017,4.86611172712e-05
13018,4.86471749323e-05
13019,4.86332374173e-05
13020,4.86193047268e-05
13021,4.86053768614e-05
13022,4.85914538216e-05
13023,4.85775356081e-05
13024,4.85636222214e-05
13025,4.85497136621e-05
13026,4.85358099308e-05
13027,4.85219110281e-05
13028,4.85080169544e-05
13029,4.84941277105e-05
13030,4.84802432968e-05
13031,4.8466363714e-05
13032,4.84524889626e-05
13033,4.84386190432e-05
13034,4.84247539564e-05
13035,4.84108937027e-05
13036,4.83970382828e-05
13037,4.83831876972e-05
13038,4.83693419464e-05
13039,4.83555010312e-05
13040,4.83416649519e-05
13041,4.83278337092e-05
13042,4.83140073037e-05
13043,4.83001857359e-05
13044,4.82863690065e-05
13045,4.82725571159e-05
13046,4.82587500648e-05
13047,4.82449478538e-05
13048,4.82311504833e-05
13049,4.82173579541e-05
13050,4.82035702666e-05
13051,4.81897874214e-05
13052,4.81760094191e-05
13053,4.81622362602e-05
13054,4.81484679454e-05
13055,4.81347044752e-05
13056,4.81209458502e-05
13057,4.8107192071e-05
13058,4.8093443138e-05
13059,4.8079699052e-05
13060,4.80659598134e-05
13061,4.80522254228e-05
13062,4.80384958808e-05
13063,4.8024771188e-05
13064,4.8011051345e-05
13065,4.79973363522e-05
13066,4.79836262103e-05
13067,4.79699209199e-05
13068,4.79562204814e-05
13069,4.79425248956e-05
13070,4.79288341628e-05
13071,4.79151482838e-05
13072,4.79014672591e-05
13073,4.78877910893e-05
13074,4.78741197748e-05
13075,4.78604533163e-05
13076,4.78467917144e-05
13077,4.78331349696e-05
13078,4.78194830824e-05
13079,4.78058360536e-05
13080,4.77921938835e-05
13081,4.77785565728e-05
13082,4.7764924122e-05
13083,4.77512965318e-05
13084,4.77376738026e-05
13085,4.77240559351e-05
13086,4.77104429298e-05
13087,4.76968347872e-05
13088,4.7683231508e-05
13089,4.76696330927e-05
13090,4.76560395418e-05
13091,4.7642450856e-05
13092,4.76288670357e-05
13093,4.76152880816e-05
13094,4.76017139942e-05
13095,4.75881447741e-05
13096,4.75745804218e-05
13097,4.75610209379e-05
13098,4.7547466323e-05
13099,4.75339165776e-05
13100,4.75203717023e-05
13101,4.75068316976e-05
13102,4.74932965642e-05
13103,4.74797663025e-05
13104,4.74662409132e-05
13105,4.74527203967e-05
13106,4.74392047537e-05
13107,4.74256939847e-05
13108,4.74121880903e-05
13109,4.7398687071e-05
13110,4.73851909274e-05
13111,4.73716996601e-05
13112,4.73582132696e-05
13113,4.73447317564e-05
13114,4.73312551212e-05
13115,4.73177833645e-05
13116,4.73043164868e-05
13117,4.72908544887e-05
13118,4.72773973708e-05
13119,4.72639451336e-05
13120,4.72504977777e-05
13121,4.72370553036e-05
13122,4.72236177119e-05
13123,4.72101850032e-05
13124,4.71967571779e-05
13125,4.71833342368e-05
13126,4.71699161802e-05
13127,4.71565030089e-05
13128,4.71430947232e-05
13129,4.71296913239e-05
13130,4.71162928114e-05
13131,4.71028991863e-05
13132,4.70895104492e-05
13133,4.70761266006e-05
13134,4.7062747641e-05
13135,4.70493735711e-05
13136,4.70360043913e-05
13137,4.70226401023e-05
13138,4.70092807045e-05
13139,4.69959261986e-05
13140,4.69825765851e-05
13141,4.69692318645e-05
13142,4.69558920374e-05
13143,4.69425571044e-05
13144,4.6929227066e-05
13145,4.69159019227e-05
13146,4.69025816752e-05
13147,4.68892663239e-05
13148,4.68759558694e-05
13149,4.68626503123e-05
13150,4.68493496531e-05
13151,4.68360538923e-05
13152,4.68227630306e-05
13153,4.68094770685e-05
13154,4.67961960065e-05
13155,4.67829198451e-05
13156,4.6769648585e-05
13157,4.67563822266e-05
13158,4.67431207706e-05
13159,4.67298642175e-05
13160,4.67166125677e-05
13161,4.6703365822e-05
13162,4.66901239807e-05
13163,4.66768870445e-05
13164,4.6663655014e-05
13165,4.66504278896e-05
13166,4.66372056719e-05
13167,4.66239883615e-05
13168,4.66107759589e-05
13169,4.65975684647e-05
13170,4.65843658794e-05
13171,4.65711682035e-05
13172,4.65579754376e-05
13173,4.65447875823e-05
13174,4.6531604638e-05
13175,4.65184266055e-05
13176,4.65052534851e-05
13177,4.64920852774e-05
13178,4.6478921983e-05
13179,4.64657636024e-05
13180,4.64526101363e-05
13181,4.6439461585e-05
13182,4.64263179492e-05
13183,4.64131792294e-05
13184,4.64000454261e-05
13185,4.638691654e-05
13186,4.63737925715e-05
13187,4.63606735211e-05
13188,4.63475593895e-05
13189,4.63344501772e-05
13190,4.63213458847e-05
13191,4.63082465125e-05
13192,4.62951520613e-05
13193,4.62820625315e-05
13194,4.62689779237e-05
13195,4.62558982384e-05
13196,4.62428234762e-05
13197,4.62297536376e-05
13198,4.62166887231e-05
13199,4.62036287334e-05
13200,4.61905736689e-05
13201,4.61775235301e-05
13202,4.61644783177e-05
13203,4.61514380322e-05
13204,4.61384026741e-05
13205,4.61253722439e-05
13206,4.61123467421e-05
13207,4.60993261695e-05
13208,4.60863105263e-05
13209,4.60732998133e-05
13210,4.60602940309e-05
13211,4.60472931798e-05
13212,4.60342972603e-05
13213,4.60213062731e-05
13214,4.60083202187e-05
13215,4.59953390976e-05
13216,4.59823629104e-05
13217,4.59693916576e-05
13218,4.59564253398e-05
13219,4.59434639574e-05
13220,4.59305075111e-05
13221,4.59175560013e-05
13222,4.59046094287e-05
13223,4.58916677936e-05
13224,4.58787310968e-05
13225,4.58657993386e-05
13226,4.58528725198e-05
13227,4.58399506406e-05
13228,4.58270337018e-05
13229,4.58141217039e-05
13230,4.58012146474e-05
13231,4.57883125327e-05
13232,4.57754153605e-05
13233,4.57625231314e-05
13234,4.57496358457e-05
13235,4.57367535041e-05
13236,4.57238761071e-05
13237,4.57110036553e-05
13238,4.56981361491e-05
13239,4.56852735891e-05
13240,4.56724159758e-05
13241,4.56595633098e-05
13242,4.56467155916e-05
13243,4.56338728217e-05
13244,4.56210350007e-05
13245,4.5608202129e-05
13246,4.55953742073e-05
13247,4.55825512361e-05
13248,4.55697332158e-05
13249,4.55569201471e-05
13250,4.55441120304e-05
13251,4.55313088663e-05
13252,4.55185106553e-05
13253,4.5505717398e-05
13254,4.54929290948e-05
13255,4.54801457464e-05
13256,4.54673673531e-05
13257,4.54545939157e-05
13258,4.54418254345e-05
13259,4.54290619101e-05
13260,4.54163033431e-05
13261,4.5403549734e-05
13262,4.53908010833e-05
13263,4.53780573916e-05
13264,4.53653186593e-05
13265,4.5352584887e-05
13266,4.53398560752e-05
13267,4.53271322245e-05
13268,4.53144133353e-05
13269,4.53016994083e-05
13270,4.52889904439e-05
13271,4.52762864426e-05
13272,4.52635874051e-05
13273,4.52508933317e-05
13274,4.52382042231e-05
13275,4.52255200798e-05
13276,4.52128409022e-05
13277,4.5200166691e-05
13278,4.51874974466e-05
13279,4.51748331696e-05
13280,4.51621738604e-05
13281,4.51495195197e-05
13282,4.5136870148e-05
13283,4.51242257457e-05
13284,4.51115863134e-05
13285,4.50989518516e-05
13286,4.50863223608e-05
13287,4.50736978416e-05
13288,4.50610782945e-05
13289,4.504846372e-05
13290,4.50358541186e-05
13291,4.50232494909e-05
13292,4.50106498374e-05
13293,4.49980551585e-05
13294,4.49854654549e-05
13295,4.49728807271e-05
13296,4.49603009755e-05
13297,4.49477262006e-05
13298,4.49351564031e-05
13299,4.49225915835e-05
13300,4.49100317421e-05
13301,4.48974768797e-05
13302,4.48849269966e-05
13303,4.48723820935e-05
13304,4.48598421707e-05
13305,4.4847307229e-05
13306,4.48347772687e-05
13307,4.48222522904e-05
13308,4.48097322946e-05
13309,4.47972172818e-05
13310,4.47847072526e-05
13311,4.47722022075e-05
13312,4.47597021469e-05
13313,4.47472070714e-05
13314,4.47347169816e-05
13315,4.47222318779e-05
13316,4.47097517609e-05
13317,4.4697276631e-05
13318,4.46848064888e-05
13319,4.46723413349e-05
13320,4.46598811696e-05
13321,4.46474259937e-05
13322,4.46349758074e-05
13323,4.46225306115e-05
13324,4.46100904063e-05
13325,4.45976551924e-05
13326,4.45852249704e-05
13327,4.45727997407e-05
13328,4.45603795039e-05
13329,4.45479642604e-05
13330,4.45355540108e-05
13331,4.45231487556e-05
13332,4.45107484953e-05
13333,4.44983532304e-05
13334,4.44859629615e-05
13335,4.4473577689e-05
13336,4.44611974135e-05
13337,4.44488221355e-05
13338,4.44364518555e-05
13339,4.4424086574e-05
13340,4.44117262915e-05
13341,4.43993710085e-05
13342,4.43870207256e-05
13343,4.43746754432e-05
13344,4.43623351619e-05
13345,4.43499998821e-05
13346,4.43376696045e-05
13347,4.43253443295e-05
13348,4.43130240575e-05
13349,4.43007087892e-05
13350,4.42883985251e-05
13351,4.42760932655e-05
13352,4.42637930112e-05
13353,4.42514977625e-05
13354,4.42392075199e-05
13355,4.42269222841e-05
13356,4.42146420554e-05
13357,4.42023668345e-05
13358,4.41900966217e-05
13359,4.41778314177e-05
13360,4.41655712229e-05
13361,4.41533160378e-05
13362,4.4141065863e-05
13363,4.4128820699e-05
13364,4.41165805462e-05
13365,4.41043454051e-05
13366,4.40921152764e-05
13367,4.40798901604e-05
13368,4.40676700577e-05
13369,4.40554549688e-05
13370,4.40432448942e-05
13371,4.40310398344e-05
13372,4.401883979e-05
13373,4.40066447613e-05
13374,4.3994454749e-05
13375,4.39822697535e-05
13376,4.39700897753e-05
13377,4.3957914815e-05
13378,4.3945744873e-05
13379,4.39335799499e-05
13380,4.39214200462e-05
13381,4.39092651623e-05
13382,4.38971152987e-05
13383,4.3884970456e-05
13384,4.38728306347e-05
13385,4.38606958353e-05
13386,4.38485660582e-05
13387,4.38364413041e-05
13388,4.38243215733e-05
13389,4.38122068663e-05
13390,4.38000971838e-05
13391,4.37879925262e-05
13392,4.37758928939e-05
13393,4.37637982876e-05
13394,4.37517087076e-05
13395,4.37396241546e-05
13396,4.37275446289e-05
13397,4.37154701311e-05
13398,4.37034006617e-05
13399,4.36913362213e-05
13400,4.36792768102e-05
13401,4.3667222429e-05
13402,4.36551730782e-05
13403,4.36431287583e-05
13404,4.36310894699e-05
13405,4.36190552133e-05
13406,4.36070259891e-05
13407,4.35950017978e-05
13408,4.35829826398e-05
13409,4.35709685158e-05
13410,4.35589594262e-05
13411,4.35469553714e-05
13412,4.35349563521e-05
13413,4.35229623686e-05
13414,4.35109734215e-05
13415,4.34989895113e-05
13416,4.34870106384e-05
13417,4.34750368034e-05
13418,4.34630680068e-05
13419,4.3451104249e-05
13420,4.34391455306e-05
13421,4.34271918521e-05
13422,4.34152432139e-05
13423,4.34032996165e-05
13424,4.33913610605e-05
13425,4.33794275463e-05
13426,4.33674990745e-05
13427,4.33555756455e-05
13428,4.33436572598e-05
13429,4.33317439179e-05
13430,4.33198356203e-05
13431,4.33079323675e-05
13432,4.329603416e-05
13433,4.32841409983e-05
13434,4.32722528829e-05
13435,4.32603698142e-05
13436,4.32484917928e-05
13437,4.32366188192e-05
13438,4.32247508938e-05
13439,4.32128880172e-05
13440,4.32010301898e-05
13441,4.31891774121e-05
13442,4.31773296847e-05
13443,4.31654870079e-05
13444,4.31536493823e-05
13445,4.31418168085e-05
13446,4.31299892868e-05
13447,4.31181668178e-05
13448,4.3106349402e-05
13449,4.30945370398e-05
13450,4.30827297317e-05
13451,4.30709274783e-05
13452,4.305913028e-05
13453,4.30473381373e-05
13454,4.30355510507e-05
13455,4.30237690207e-05
13456,4.30119920477e-05
13457,4.30002201324e-05
13458,4.2988453275e-05
13459,4.29766914762e-05
13460,4.29649347365e-05
13461,4.29531830562e-05
13462,4.2941436436e-05
13463,4.29296948763e-05
13464,4.29179583775e-05
13465,4.29062269402e-05
13466,4.28945005648e-05
13467,4.28827792519e-05
13468,4.28710630019e-05
13469,4.28593518152e-05
13470,4.28476456925e-05
13471,4.28359446342e-05
13472,4.28242486407e-05
13473,4.28125577126e-05
13474,4.28008718503e-05
13475,4.27891910543e-05
13476,4.27775153251e-05
13477,4.27658446632e-05
13478,4.27541790691e-05
13479,4.27425185432e-05
13480,4.27308630861e-05
13481,4.27192126982e-05
13482,4.270756738e-05
13483,4.26959271319e-05
13484,4.26842919546e-05
13485,4.26726618484e-05
13486,4.26610368138e-05
13487,4.26494168513e-05
13488,4.26378019614e-05
13489,4.26261921446e-05
13490,4.26145874014e-05
13491,4.26029877322e-05
13492,4.25913931375e-05
13493,4.25798036178e-05
13494,4.25682191736e-05
13495,4.25566398054e-05
13496,4.25450655136e-05
13497,4.25334962987e-05
13498,4.25219321612e-05
13499,4.25103731017e-05
13500,4.24988191204e-05
13501,4.2487270218e-05
13502,4.2475726395e-05
13503,4.24641876517e-05
13504,4.24526539887e-05
13505,4.24411254064e-05
13506,4.24296019054e-05
13507,4.24180834861e-05
13508,4.2406570149e-05
13509,4.23950618945e-05
13510,4.23835587232e-05
13511,4.23720606355e-05
13512,4.23605676319e-05
13513,4.23490797129e-05
13514,4.23375968789e-05
13515,4.23261191304e-05
13516,4.2314646468e-05
13517,4.2303178892e-05
13518,4.22917164029e-05
13519,4.22802590013e-05
13520,4.22688066876e-05
13521,4.22573594623e-05
13522,4.22459173258e-05
13523,4.22344802786e-05
13524,4.22230483213e-05
13525,4.22116214542e-05
13526,4.22001996778e-05
13527,4.21887829927e-05
13528,4.21773713993e-05
13529,4.2165964898e-05
13530,4.21545634894e-05
13531,4.21431671739e-05
13532,4.21317759519e-05
13533,4.21203898241e-05
13534,4.21090087907e-05
13535,4.20976328524e-05
13536,4.20862620095e-05
13537,4.20748962626e-05
13538,4.2063535612e-05
13539,4.20521800584e-05
13540,4.20408296021e-05
13541,4.20294842437e-05
13542,4.20181439836e-05
13543,4.20068088222e-05
13544,4.199547876e-05
13545,4.19841537976e-05
13546,4.19728339353e-05
13547,4.19615191737e-05
13548,4.19502095132e-05
13549,4.19389049543e-05
13550,4.19276054975e-05
13551,4.19163111431e-05
13552,4.19050218918e-05
13553,4.18937377439e-05
13554,4.18824586999e-05
13555,4.18711847604e-05
13556,4.18599159256e-05
13557,4.18486521963e-05
13558,4.18373935727e-05
13559,4.18261400554e-05
13560,4.18148916448e-05
13561,4.18036483413e-05
13562,4.17924101456e-05
13563,4.1781177058e-05
13564,4.1769949079e-05
13565,4.1758726209e-05
13566,4.17475084486e-05
13567,4.17362957981e-05
13568,4.17250882581e-05
13569,4.1713885829e-05
13570,4.17026885113e-05
13571,4.16914963055e-05
13572,4.16803092119e-05
13573,4.16691272311e-05
13574,4.16579503636e-05
13575,4.16467786098e-05
13576,4.16356119701e-05
13577,4.16244504451e-05
13578,4.16132940351e-05
13579,4.16021427407e-05
13580,4.15909965623e-05
13581,4.15798555004e-05
13582,4.15687195555e-05
13583,4.15575887279e-05
13584,4.15464630182e-05
13585,4.15353424268e-05
13586,4.15242269542e-05
13587,4.15131166009e-05
13588,4.15020113672e-05
13589,4.14909112537e-05
13590,4.14798162609e-05
13591,4.14687263891e-05
13592,4.14576416389e-05
13593,4.14465620107e-05
13594,4.14354875049e-05
13595,4.14244181221e-05
13596,4.14133538627e-05
13597,4.14022947271e-05
13598,4.13912407158e-05
13599,4.13801918292e-05
13600,4.13691480679e-05
13601,4.13581094323e-05
13602,4.13470759227e-05
13603,4.13360475398e-05
13604,4.13250242839e-05
13605,4.13140061556e-05
13606,4.13029931552e-05
13607,4.12919852832e-05
13608,4.128098254e-05
13609,4.12699849263e-05
13610,4.12589924422e-05
13611,4.12480050885e-05
13612,4.12370228654e-05
13613,4.12260457735e-05
13614,4.12150738132e-05
13615,4.1204106985e-05
13616,4.11931452892e-05
13617,4.11821887265e-05
13618,4.11712372971e-05
13619,4.11602910017e-05
13620,4.11493498406e-05
13621,4.11384138143e-05
13622,4.11274829232e-05
13623,4.11165571678e-05
13624,4.11056365485e-05
13625,4.10947210659e-05
13626,4.10838107203e-05
13627,4.10729055122e-05
13628,4.10620054421e-05
13629,4.10511105104e-05
13630,4.10402207175e-05
13631,4.10293360639e-05
13632,4.10184565502e-05
13633,4.10075821766e-05
13634,4.09967129437e-05
13635,4.09858488519e-05
13636,4.09749899017e-05
13637,4.09641360935e-05
13638,4.09532874277e-05
13639,4.09424439049e-05
13640,4.09316055254e-05
13641,4.09207722898e-05
13642,4.09099441984e-05
13643,4.08991212517e-05
13644,4.08883034502e-05
13645,4.08774907943e-05
13646,4.08666832845e-05
13647,4.08558809212e-05
13648,4.08450837048e-05
13649,4.08342916358e-05
13650,4.08235047147e-05
13651,4.08127229419e-05
13652,4.08019463178e-05
13653,4.07911748429e-05
13654,4.07804085176e-05
13655,4.07696473425e-05
13656,4.07588913178e-05
13657,4.07481404442e-05
13658,4.07373947219e-05
13659,4.07266541515e-05
13660,4.07159187335e-05
13661,4.07051884682e-05
13662,4.06944633561e-05
13663,4.06837433976e-05
13664,4.06730285932e-05
13665,4.06623189434e-05
13666,4.06516144485e-05
13667,4.06409151091e-05
13668,4.06302209256e-05
13669,4.06195318983e-05
13670,4.06088480278e-05
13671,4.05981693145e-05
13672,4.05874957588e-05
13673,4.05768273613e-05
13674,4.05661641222e-05
13675,4.05555060421e-05
13676,4.05448531214e-05
13677,4.05342053606e-05
13678,4.05235627601e-05
13679,4.05129253202e-05
13680,4.05022930416e-05
13681,4.04916659246e-05
13682,4.04810439696e-05
13683,4.04704271772e-05
13684,4.04598155476e-05
13685,4.04492090815e-05
13686,4.04386077791e-05
13687,4.0428011641e-05
13688,4.04174206676e-05
13689,4.04068348594e-05
13690,4.03962542167e-05
13691,4.038567874e-05
13692,4.03751084297e-05
13693,4.03645432864e-05
13694,4.03539833104e-05
13695,4.03434285021e-05
13696,4.03328788621e-05
13697,4.03223343906e-05
13698,4.03117950883e-05
13699,4.03012609555e-05
13700,4.02907319926e-05
13701,4.02802082001e-05
13702,4.02696895784e-05
13703,4.0259176128e-05
13704,4.02486678493e-05
13705,4.02381647427e-05
13706,4.02276668086e-05
13707,4.02171740476e-05
13708,4.020668646e-05
13709,4.01962040463e-05
13710,4.01857268069e-05
13711,4.01752547422e-05
13712,4.01647878527e-05
13713,4.01543261388e-05
13714,4.01438696009e-05
13715,4.01334182395e-05
13716,4.0122972055e-05
13717,4.01125310479e-05
13718,4.01020952185e-05
13719,4.00916645674e-05
13720,4.00812390949e-05
13721,4.00708188014e-05
13722,4.00604036875e-05
13723,4.00499937534e-05
13724,4.00395889998e-05
13725,4.0029189427e-05
13726,4.00187950353e-05
13727,4.00084058254e-05
13728,3.99980217975e-05
13729,3.99876429522e-05
13730,3.99772692898e-05
13731,3.99669008107e-05
13732,3.99565375155e-05
13733,3.99461794046e-05
13734,3.99358264783e-05
13735,3.99254787371e-05
13736,3.99151361814e-05
13737,3.99047988117e-05
13738,3.98944666284e-05
13739,3.98841396319e-05
13740,3.98738178226e-05
13741,3.9863501201e-05
13742,3.98531897675e-05
13743,3.98428835226e-05
13744,3.98325824665e-05
13745,3.98222865999e-05
13746,3.98119959231e-05
13747,3.98017104365e-05
13748,3.97914301405e-05
13749,3.97811550357e-05
13750,3.97708851224e-05
13751,3.9760620401e-05
13752,3.97503608719e-05
13753,3.97401065357e-05
13754,3.97298573926e-05
13755,3.97196134432e-05
13756,3.97093746879e-05
13757,3.96991411271e-05
13758,3.96889127611e-05
13759,3.96786895905e-05
13760,3.96684716157e-05
13761,3.96582588371e-05
13762,3.9648051255e-05
13763,3.963784887e-05
13764,3.96276516824e-05
13765,3.96174596928e-05
13766,3.96072729014e-05
13767,3.95970913087e-05
13768,3.95869149152e-05
13769,3.95767437212e-05
13770,3.95665777273e-05
13771,3.95564169337e-05
13772,3.9546261341e-05
13773,3.95361109495e-05
13774,3.95259657597e-05
13775,3.9515825772e-05
13776,3.95056909868e-05
13777,3.94955614045e-05
13778,3.94854370256e-05
13779,3.94753178505e-05
13780,3.94652038795e-05
13781,3.94550951132e-05
13782,3.94449915519e-05
13783,3.9434893196e-05
13784,3.9424800046e-05
13785,3.94147121023e-05
13786,3.94046293653e-05
13787,3.93945518354e-05
13788,3.93844795131e-05
13789,3.93744123987e-05
13790,3.93643504927e-05
13791,3.93542937955e-05
13792,3.93442423075e-05
13793,3.93341960291e-05
13794,3.93241549608e-05
13795,3.93141191029e-05
13796,3.93040884559e-05
13797,3.92940630202e-05
13798,3.92840427962e-05
13799,3.92740277844e-05
13800,3.9264017985e-05
13801,3.92540133986e-05
13802,3.92440140256e-05
13803,3.92340198664e-05
13804,3.92240309213e-05
13805,3.92140471909e-05
13806,3.92040686755e-05
13807,3.91940953755e-05
13808,3.91841272914e-05
13809,3.91741644236e-05
13810,3.91642067724e-05
13811,3.91542543383e-05
13812,3.91443071217e-05
13813,3.91343651231e-05
13814,3.91244283427e-05
13815,3.91144967811e-05
13816,3.91045704387e-05
13817,3.90946493158e-05
13818,3.90847334129e-05
13819,3.90748227304e-05
13820,3.90649172686e-05
13821,3.90550170281e-05
13822,3.90451220092e-05
13823,3.90352322123e-05
13824,3.90253476379e-05
13825,3.90154682863e-05
13826,3.9005594158e-05
13827,3.89957252533e-05
13828,3.89858615727e-05
13829,3.89760031166e-05
13830,3.89661498854e-05
13831,3.89563018795e-05
13832,3.89464590993e-05
13833,3.89366215452e-05
13834,3.89267892177e-05
13835,3.8916962117e-05
13836,3.89071402438e-05
13837,3.88973235982e-05
13838,3.88875121809e-05
13839,3.8877705992e-05
13840,3.88679050322e-05
13841,3.88581093017e-05
13842,3.8848318801e-05
13843,3.88385335305e-05
13844,3.88287534906e-05
13845,3.88189786817e-05
13846,3.88092091042e-05
13847,3.87994447585e-05
13848,3.8789685645e-05
13849,3.87799317642e-05
13850,3.87701831163e-05
13851,3.87604397019e-05
13852,3.87507015213e-05
13853,3.8740968575e-05
13854,3.87312408632e-05
13855,3.87215183866e-05
13856,3.87118011453e-05
13857,3.870208914e-05
13858,3.86923823708e-05
13859,3.86826808383e-05
13860,3.86729845429e-05
13861,3.8663293485e-05
13862,3.86536076648e-05
13863,3.8643927083e-05
13864,3.86342517398e-05
13865,3.86245816357e-05
13866,3.8614916771e-05
13867,3.86052571462e-05
13868,3.85956027617e-05
13869,3.85859536178e-05
13870,3.8576309715e-05
13871,3.85666710536e-05
13872,3.85570376342e-05
13873,3.85474094569e-05
13874,3.85377865224e-05
13875,3.85281688309e-05
13876,3.85185563829e-05
13877,3.85089491787e-05
13878,3.84993472188e-05
13879,3.84897505035e-05
13880,3.84801590333e-05
13881,3.84705728086e-05
13882,3.84609918297e-05
13883,3.8451416097e-05
13884,3.8441845611e-05
13885,3.8432280372e-05
13886,3.84227203805e-05
13887,3.84131656367e-05
13888,3.84036161413e-05
13889,3.83940718944e-05
13890,3.83845328966e-05
13891,3.83749991481e-05
13892,3.83654706495e-05
13893,3.83559474011e-05
13894,3.83464294033e-05
13895,3.83369166565e-05
13896,3.83274091611e-05
13897,3.83179069174e-05
13898,3.8308409926e-05
13899,3.82989181871e-05
13900,3.82894317012e-05
13901,3.82799504686e-05
13902,3.82704744898e-05
13903,3.82610037651e-05
13904,3.8251538295e-05
13905,3.82420780798e-05
13906,3.82326231199e-05
13907,3.82231734157e-05
13908,3.82137289677e-05
13909,3.82042897761e-05
13910,3.81948558414e-05
13911,3.8185427164e-05
13912,3.81760037443e-05
13913,3.81665855826e-05
13914,3.81571726794e-05
13915,3.8147765035e-05
13916,3.81383626499e-05
13917,3.81289655244e-05
13918,3.81195736589e-05
13919,3.81101870538e-05
13920,3.81008057094e-05
13921,3.80914296263e-05
13922,3.80820588047e-05
13923,3.80726932451e-05
13924,3.80633329478e-05
13925,3.80539779133e-05
13926,3.80446281419e-05
13927,3.8035283634e-05
13928,3.802594439e-05
13929,3.80166104102e-05
13930,3.80072816952e-05
13931,3.79979582451e-05
13932,3.79886400606e-05
13933,3.79793271418e-05
13934,3.79700194893e-05
13935,3.79607171034e-05
13936,3.79514199845e-05
13937,3.79421281329e-05
13938,3.79328415491e-05
13939,3.79235602334e-05
13940,3.79142841863e-05
13941,3.79050134081e-05
13942,3.78957478991e-05
13943,3.78864876599e-05
13944,3.78772326907e-05
13945,3.7867982992e-05
13946,3.78587385641e-05
13947,3.78494994074e-05
13948,3.78402655223e-05
13949,3.78310369092e-05
13950,3.78218135684e-05
13951,3.78125955004e-05
13952,3.78033827056e-05
13953,3.77941751842e-05
13954,3.77849729367e-05
13955,3.77757759635e-05
13956,3.7766584265e-05
13957,3.77573978415e-05
13958,3.77482166934e-05
13959,3.77390408211e-05
13960,3.77298702249e-05
13961,3.77207049054e-05
13962,3.77115448628e-05
13963,3.77023900974e-05
13964,3.76932406098e-05
13965,3.76840964003e-05
13966,3.76749574692e-05
13967,3.7665823817e-05
13968,3.76566954439e-05
13969,3.76475723505e-05
13970,3.7638454537e-05
13971,3.76293420039e-05
13972,3.76202347515e-05
13973,3.76111327802e-05
13974,3.76020360904e-05
13975,3.75929446824e-05
13976,3.75838585567e-05
13977,3.75747777136e-05
13978,3.75657021535e-05
13979,3.75566318767e-05
13980,3.75475668837e-05
13981,3.75385071748e-05
13982,3.75294527503e-05
13983,3.75204036108e-05
13984,3.75113597565e-05
13985,3.75023211878e-05
13986,3.74932879051e-05
13987,3.74842599088e-05
13988,3.74752371992e-05
13989,3.74662197767e-05
13990,3.74572076417e-05
13991,3.74482007946e-05
13992,3.74391992357e-05
13993,3.74302029654e-05
13994,3.74212119841e-05
13995,3.74122262921e-05
13996,3.74032458899e-05
13997,3.73942707778e-05
13998,3.73853009562e-05
13999,3.73763364253e-05
14000,3.73673771858e-05
14001,3.73584232377e-05
14002,3.73494745817e-05
14003,3.7340531218e-05
14004,3.7331593147e-05
14005,3.7322660369e-05
14006,3.73137328845e-05
14007,3.73048106938e-05
14008,3.72958937973e-05
14009,3.72869821953e-05
14010,3.72780758882e-05
14011,3.72691748765e-05
14012,3.72602791604e-05
14013,3.72513887403e-05
14014,3.72425036166e-05
14015,3.72336237897e-05
14016,3.72247492599e-05
14017,3.72158800276e-05
14018,3.72070160932e-05
14019,3.7198157457e-05
14020,3.71893041194e-05
14021,3.71804560808e-05
14022,3.71716133415e-05
14023,3.71627759019e-05
14024,3.71539437624e-05
14025,3.71451169234e-05
14026,3.71362953851e-05
14027,3.7127479148e-05
14028,3.71186682124e-05
14029,3.71098625787e-05
14030,3.71010622473e-05
14031,3.70922672185e-05
14032,3.70834774927e-05
14033,3.70746930703e-05
14034,3.70659139516e-05
14035,3.7057140137e-05
14036,3.70483716268e-05
14037,3.70396084214e-05
14038,3.70308505212e-05
14039,3.70220979266e-05
14040,3.70133506378e-05
14041,3.70046086553e-05
14042,3.69958719794e-05
14043,3.69871406106e-05
14044,3.6978414549e-05
14045,3.69696937952e-05
14046,3.69609783495e-05
14047,3.69522682122e-05
14048,3.69435633837e-05
14049,3.69348638643e-05
14050,3.69261696545e-05
14051,3.69174807545e-05
14052,3.69087971648e-05
14053,3.69001188857e-05
14054,3.68914459176e-05
14055,3.68827782607e-05
14056,3.68741159155e-05
14057,3.68654588824e-05
14058,3.68568071617e-05
14059,3.68481607537e-05
14060,3.68395196589e-05
14061,3.68308838775e-05
14062,3.68222534099e-05
14063,3.68136282565e-05
14064,3.68050084177e-05
14065,3.67963938938e-05
14066,3.67877846851e-05
14067,3.6779180792e-05
14068,3.6770582215e-05
14069,3.67619889542e-05
14070,3.67534010101e-05
14071,3.67448183831e-05
14072,3.67362410735e-05
14073,3.67276690816e-05
14074,3.67191024078e-05
14075,3.67105410525e-05
14076,3.6701985016e-05
14077,3.66934342987e-05
14078,3.66848889009e-05
14079,3.6676348823e-05
14080,3.66678140654e-05
14081,3.66592846283e-05
14082,3.66507605122e-05
14083,3.66422417173e-05
14084,3.66337282441e-05
14085,3.6625220093e-05
14086,3.66167172641e-05
14087,3.6608219758e-05
14088,3.65997275749e-05
14089,3.65912407153e-05
14090,3.65827591794e-05
14091,3.65742829676e-05
14092,3.65658120803e-05
14093,3.65573465179e-05
14094,3.65488862806e-05
14095,3.65404313688e-05
14096,3.65319817828e-05
14097,3.65235375231e-05
14098,3.651509859e-05
14099,3.65066649838e-05
14100,3.64982367049e-05
14101,3.64898137536e-05
14102,3.64813961302e-05
14103,3.64729838352e-05
14104,3.64645768688e-05
14105,3.64561752315e-05
14106,3.64477789235e-05
14107,3.64393879453e-05
14108,3.6431002297e-05
14109,3.64226219793e-05
14110,3.64142469922e-05
14111,3.64058773363e-05
14112,3.63975130118e-05
14113,3.63891540191e-05
14114,3.63808003585e-05
14115,3.63724520305e-05
14116,3.63641090352e-05
14117,3.63557713732e-05
14118,3.63474390447e-05
14119,3.633911205e-05
14120,3.63307903896e-05
14121,3.63224740637e-05
14122,3.63141630728e-05
14123,3.63058574171e-05
14124,3.6297557097e-05
14125,3.62892621128e-05
14126,3.62809724649e-05
14127,3.62726881537e-05
14128,3.62644091794e-05
14129,3.62561355424e-05
14130,3.62478672431e-05
14131,3.62396042818e-05
14132,3.62313466588e-05
14133,3.62230943745e-05
14134,3.62148474293e-05
14135,3.62066058234e-05
14136,3.61983695572e-05
14137,3.61901386311e-05
14138,3.61819130454e-05
14139,3.61736928004e-05
14140,3.61654778964e-05
14141,3.61572683339e-05
14142,3.61490641132e-05
14143,3.61408652346e-05
14144,3.61326716983e-05
14145,3.61244835049e-05
14146,3.61163006546e-05
14147,3.61081231477e-05
14148,3.60999509847e-05
14149,3.60917841657e-05
14150,3.60836226913e-05
14151,3.60754665616e-05
14152,3.60673157771e-05
14153,3.60591703381e-05
14154,3.60510302449e-05
14155,3.60428954979e-05
14156,3.60347660973e-05
14157,3.60266420436e-05
14158,3.60185233371e-05
14159,3.60104099781e-05
14160,3.60023019669e-05
14161,3.59941993039e-05
14162,3.59861019894e-05
14163,3.59780100238e-05
14164,3.59699234074e-05
14165,3.59618421405e-05
14166,3.59537662234e-05
14167,3.59456956566e-05
14168,3.59376304403e-05
14169,3.59295705748e-05
14170,3.59215160605e-05
14171,3.59134668978e-05
14172,3.59054230869e-05
14173,3.58973846283e-05
14174,3.58893515221e-05
14175,3.58813237688e-05
14176,3.58733013688e-05
14177,3.58652843222e-05
14178,3.58572726295e-05
14179,3.5849266291e-05
14180,3.58412653071e-05
14181,3.5833269678e-05
14182,3.5825279404e-05
14183,3.58172944856e-05
14184,3.58093149231e-05
14185,3.58013407167e-05
14186,3.57933718669e-05
14187,3.57854083739e-05
14188,3.5777450238e-05
14189,3.57694974597e-05
14190,3.57615500392e-05
14191,3.57536079769e-05
14192,3.57456712731e-05
14193,3.5737739928e-05
14194,3.57298139422e-05
14195,3.57218933158e-05
14196,3.57139780492e-05
14197,3.57060681428e-05
14198,3.56981635968e-05
14199,3.56902644116e-05
14200,3.56823705875e-05
14201,3.56744821249e-05
14202,3.5666599024e-05
14203,3.56587212853e-05
14204,3.56508489089e-05
14205,3.56429818954e-05
14206,3.56351202449e-05
14207,3.56272639578e-05
14208,3.56194130344e-05
14209,3.56115674751e-05
14210,3.56037272802e-05
14211,3.559589245e-05
14212,3.55880629848e-05
14213,3.5580238885e-05
14214,3.55724201508e-05
14215,3.55646067827e-05
14216,3.55567987808e-05
14217,3.55489961457e-05
14218,3.55411988775e-05
14219,3.55334069766e-05
14220,3.55256204433e-05
14221,3.5517839278e-05
14222,3.55100634809e-05
14223,3.55022930525e-05
14224,3.54945279929e-05
14225,3.54867683026e-05
14226,3.54790139818e-05
14227,3.54712650309e-05
14228,3.54635214502e-05
14229,3.54557832401e-05
14230,3.54480504007e-05
14231,3.54403229326e-05
14232,3.54326008359e-05
14233,3.5424884111e-05
14234,3.54171727582e-05
14235,3.54094667779e-05
14236,3.54017661703e-05
14237,3.53940709358e-05
14238,3.53863810747e-05
14239,3.53786965873e-05
14240,3.5371017474e-05
14241,3.5363343735e-05
14242,3.53556753707e-05
14243,3.53480123814e-05
14244,3.53403547674e-05
14245,3.5332702529e-05
14246,3.53250556666e-05
14247,3.53174141804e-05
14248,3.53097780708e-05
14249,3.53021473381e-05
14250,3.52945219825e-05
14251,3.52869020046e-05
14252,3.52792874044e-05
14253,3.52716781825e-05
14254,3.52640743389e-05
14255,3.52564758742e-05
14256,3.52488827886e-05
14257,3.52412950824e-05
14258,3.5233712756e-05
14259,3.52261358095e-05
14260,3.52185642435e-05
14261,3.52109980581e-05
14262,3.52034372537e-05
14263,3.51958818306e-05
14264,3.51883317891e-05
14265,3.51807871296e-05
14266,3.51732478523e-05
14267,3.51657139575e-05
14268,3.51581854457e-05
14269,3.51506623169e-05
14270,3.51431445717e-05
14271,3.51356322103e-05
14272,3.5128125233e-05
14273,3.51206236401e-05
14274,3.5113127432e-05
14275,3.51056366089e-05
14276,3.50981511712e-05
14277,3.50906711191e-05
14278,3.5083196453e-05
14279,3.50757271732e-05
14280,3.506826328e-05
14281,3.50608047737e-05
14282,3.50533516546e-05
14283,3.5045903923e-05
14284,3.50384615793e-05
14285,3.50310246237e-05
14286,3.50235930566e-05
14287,3.50161668782e-05
14288,3.50087460889e-05
14289,3.50013306889e-05
14290,3.49939206787e-05
14291,3.49865160584e-05
14292,3.49791168284e-05
14293,3.49717229891e-05
14294,3.49643345406e-05
14295,3.49569514834e-05
14296,3.49495738176e-05
14297,3.49422015437e-05
14298,3.4934834662e-05
14299,3.49274731726e-05
14300,3.49201170761e-05
14301,3.49127663725e-05
14302,3.49054210623e-05
14303,3.48980811458e-05
14304,3.48907466233e-05
14305,3.4883417495e-05
14306,3.48760937612e-05
14307,3.48687754224e-05
14308,3.48614624787e-05
14309,3.48541549305e-05
14310,3.48468527781e-05
14311,3.48395560218e-05
14312,3.48322646618e-05
14313,3.48249786986e-05
14314,3.48176981323e-05
14315,3.48104229634e-05
14316,3.4803153192e-05
14317,3.47958888186e-05
14318,3.47886298433e-05
14319,3.47813762665e-05
14320,3.47741280886e-05
14321,3.47668853097e-05
14322,3.47596479302e-05
14323,3.47524159505e-05
14324,3.47451893707e-05
14325,3.47379681913e-05
14326,3.47307524124e-05
14327,3.47235420344e-05
14328,3.47163370577e-05
14329,3.47091374824e-05
14330,3.47019433089e-05
14331,3.46947545376e-05
14332,3.46875711686e-05
14333,3.46803932023e-05
14334,3.4673220639e-05
14335,3.4666053479e-05
14336,3.46588917225e-05
14337,3.465173537e-05
14338,3.46445844216e-05
14339,3.46374388777e-05
14340,3.46302987385e-05
14341,3.46231640044e-05
14342,3.46160346757e-05
14343,3.46089107527e-05
14344,3.46017922355e-05
14345,3.45946791247e-05
14346,3.45875714203e-05
14347,3.45804691229e-05
14348,3.45733722325e-05
14349,3.45662807496e-05
14350,3.45591946743e-05
14351,3.45521140071e-05
14352,3.45450387482e-05
14353,3.45379688979e-05
14354,3.45309044565e-05
14355,3.45238454243e-05
14356,3.45167918015e-05
14357,3.45097435886e-05
14358,3.45027007857e-05
14359,3.44956633931e-05
14360,3.44886314112e-05
14361,3.44816048402e-05
14362,3.44745836805e-05
14363,3.44675679322e-05
14364,3.44605575958e-05
14365,3.44535526715e-05
14366,3.44465531596e-05
14367,3.44395590603e-05
14368,3.44325703741e-05
14369,3.44255871011e-05
14370,3.44186092416e-05
14371,3.4411636796e-05
14372,3.44046697645e-05
14373,3.43977081474e-05
14374,3.43907519451e-05
14375,3.43838011577e-05
14376,3.43768557856e-05
14377,3.43699158291e-05
14378,3.43629812885e-05
14379,3.4356052164e-05
14380,3.43491284559e-05
14381,3.43422101646e-05
14382,3.43352972902e-05
14383,3.43283898332e-05
14384,3.43214877937e-05
14385,3.43145911721e-05
14386,3.43076999687e-05
14387,3.43008141837e-05
14388,3.42939338174e-05
14389,3.42870588701e-05
14390,3.42801893422e-05
14391,3.42733252338e-05
14392,3.42664665453e-05
14393,3.42596132769e-05
14394,3.42527654289e-05
14395,3.42459230017e-05
14396,3.42390859955e-05
14397,3.42322544105e-05
14398,3.42254282471e-05
14399,3.42186075056e-05
14400,3.42117921862e-05
14401,3.42049822892e-05
14402,3.41981778149e-05
14403,3.41913787636e-05
14404,3.41845851356e-05
14405,3.41777969311e-05
14406,3.41710141504e-05
14407,3.41642367938e-05
14408,3.41574648617e-05
14409,3.41506983541e-05
14410,3.41439372716e-05
14411,3.41371816142e-05
14412,3.41304313824e-05
14413,3.41236865764e-05
14414,3.41169471964e-05
14415,3.41102132428e-05
14416,3.41034847158e-05
14417,3.40967616157e-05
14418,3.40900439428e-05
14419,3.40833316973e-05
14420,3.40766248796e-05
14421,3.40699234899e-05
14422,3.40632275285e-05
14423,3.40565369957e-05
14424,3.40498518918e-05
14425,3.40431722169e-05
14426,3.40364979715e-05
14427,3.40298291558e-05
14428,3.402316577e-05
14429,3.40165078144e-05
14430,3.40098552894e-05
14431,3.40032081952e-05
14432,3.3996566532e-05
14433,3.39899303001e-05
14434,3.39832994999e-05
14435,3.39766741315e-05
14436,3.39700541954e-05
14437,3.39634396916e-05
14438,3.39568306206e-05
14439,3.39502269825e-05
14440,3.39436287777e-05
14441,3.39370360065e-05
14442,3.3930448669e-05
14443,3.39238667657e-05
14444,3.39172902967e-05
14445,3.39107192623e-05
14446,3.39041536628e-05
14447,3.38975934984e-05
14448,3.38910387696e-05
14449,3.38844894764e-05
14450,3.38779456192e-05
14451,3.38714071983e-05
14452,3.38648742139e-05
14453,3.38583466663e-05
14454,3.38518245558e-05
14455,3.38453078826e-05
14456,3.3838796647e-05
14457,3.38322908493e-05
14458,3.38257904897e-05
14459,3.38192955686e-05
14460,3.38128060861e-05
14461,3.38063220426e-05
14462,3.37998434384e-05
14463,3.37933702736e-05
14464,3.37869025486e-05
14465,3.37804402636e-05
14466,3.3773983419e-05
14467,3.37675320148e-05
14468,3.37610860516e-05
14469,3.37546455294e-05
14470,3.37482104486e-05
14471,3.37417808094e-05
14472,3.37353566121e-05
14473,3.3728937857e-05
14474,3.37225245444e-05
14475,3.37161166744e-05
14476,3.37097142474e-05
14477,3.37033172636e-05
14478,3.36969257234e-05
14479,3.36905396268e-05
14480,3.36841589744e-05
14481,3.36777837662e-05
14482,3.36714140025e-05
14483,3.36650496837e-05
14484,3.365869081e-05
14485,3.36523373816e-05
14486,3.36459893988e-05
14487,3.36396468619e-05
14488,3.36333097711e-05
14489,3.36269781267e-05
14490,3.3620651929e-05
14491,3.36143311782e-05
14492,3.36080158746e-05
14493,3.36017060185e-05
14494,3.359540161e-05
14495,3.35891026495e-05
14496,3.35828091373e-05
14497,3.35765210735e-05
14498,3.35702384585e-05
14499,3.35639612926e-05
14500,3.35576895758e-05
14501,3.35514233087e-05
14502,3.35451624913e-05
14503,3.3538907124e-05
14504,3.35326572069e-05
14505,3.35264127405e-05
14506,3.35201737249e-05
14507,3.35139401604e-05
14508,3.35077120472e-05
14509,3.35014893856e-05
14510,3.34952721759e-05
14511,3.34890604183e-05
14512,3.34828541131e-05
14513,3.34766532605e-05
14514,3.34704578609e-05
14515,3.34642679143e-05
14516,3.34580834212e-05
14517,3.34519043818e-05
14518,3.34457307962e-05
14519,3.34395626649e-05
14520,3.34333999879e-05
14521,3.34272427657e-05
14522,3.34210909984e-05
14523,3.34149446863e-05
14524,3.34088038297e-05
14525,3.34026684287e-05
14526,3.33965384837e-05
14527,3.3390413995e-05
14528,3.33842949627e-05
14529,3.33781813871e-05
14530,3.33720732685e-05
14531,3.33659706071e-05
14532,3.33598734033e-05
14533,3.33537816571e-05
14534,3.3347695369e-05
14535,3.3341614539e-05
14536,3.33355391676e-05
14537,3.33294692549e-05
14538,3.33234048012e-05
14539,3.33173458068e-05
14540,3.33112922718e-05
14541,3.33052441967e-05
14542,3.32992015815e-05
14543,3.32931644265e-05
14544,3.32871327321e-05
14545,3.32811064984e-05
14546,3.32750857257e-05
14547,3.32690704143e-05
14548,3.32630605643e-05
14549,3.32570561761e-05
14550,3.325105725e-05
14551,3.3245063786e-05
14552,3.32390757846e-05
14553,3.32330932459e-05
14554,3.32271161702e-05
14555,3.32211445577e-05
14556,3.32151784087e-05
14557,3.32092177234e-05
14558,3.32032625022e-05
14559,3.31973127451e-05
14560,3.31913684526e-05
14561,3.31854296247e-05
14562,3.31794962618e-05
14563,3.31735683642e-05
14564,3.3167645932e-05
14565,3.31617289655e-05
14566,3.31558174649e-05
14567,3.31499114306e-05
14568,3.31440108627e-05
14569,3.31381157614e-05
14570,3.31322261271e-05
14571,3.312634196e-05
14572,3.31204632603e-05
14573,3.31145900283e-05
14574,3.31087222641e-05
14575,3.31028599681e-05
14576,3.30970031405e-05
14577,3.30911517816e-05
14578,3.30853058915e-05
14579,3.30794654705e-05
14580,3.30736305189e-05
14581,3.30678010369e-05
14582,3.30619770247e-05
14583,3.30561584826e-05
14584,3.30503454109e-05
14585,3.30445378097e-05
14586,3.30387356793e-05
14587,3.303293902e-05
14588,3.3027147832e-05
14589,3.30213621155e-05
14590,3.30155818707e-05
14591,3.3009807098e-05
14592,3.30040377975e-05
14593,3.29982739695e-05
14594,3.29925156143e-05
14595,3.2986762732e-05
14596,3.29810153229e-05
14597,3.29752733873e-05
14598,3.29695369253e-05
14599,3.29638059372e-05
14600,3.29580804234e-05
14601,3.29523603839e-05
14602,3.2946645819e-05
14603,3.2940936729e-05
14604,3.29352331141e-05
14605,3.29295349745e-05
14606,3.29238423106e-05
14607,3.29181551224e-05
14608,3.29124734103e-05
14609,3.29067971744e-05
14610,3.29011264151e-05
14611,3.28954611326e-05
14612,3.2889801327e-05
14613,3.28841469987e-05
14614,3.28784981478e-05
14615,3.28728547746e-05
14616,3.28672168793e-05
14617,3.28615844622e-05
14618,3.28559575235e-05
14619,3.28503360634e-05
14620,3.28447200822e-05
14621,3.28391095801e-05
14622,3.28335045573e-05
14623,3.2827905014e-05
14624,3.28223109506e-05
14625,3.28167223672e-05
14626,3.2811139264e-05
14627,3.28055616413e-05
14628,3.27999894993e-05
14629,3.27944228383e-05
14630,3.27888616584e-05
14631,3.278330596e-05
14632,3.27777557432e-05
14633,3.27722110083e-05
14634,3.27666717555e-05
14635,3.2761137985e-05
14636,3.2755609697e-05
14637,3.27500868919e-05
14638,3.27445695697e-05
14639,3.27390577308e-05
14640,3.27335513754e-05
14641,3.27280505037e-05
14642,3.27225551159e-05
14643,3.27170652123e-05
14644,3.27115807931e-05
14645,3.27061018584e-05
14646,3.27006284086e-05
14647,3.26951604439e-05
14648,3.26896979645e-05
14649,3.26842409706e-05
14650,3.26787894624e-05
14651,3.26733434403e-05
14652,3.26679029043e-05
14653,3.26624678547e-05
14654,3.26570382918e-05
14655,3.26516142158e-05
14656,3.26461956268e-05
14657,3.26407825252e-05
14658,3.26353749112e-05
14659,3.26299727849e-05
14660,3.26245761466e-05
14661,3.26191849965e-05
14662,3.26137993349e-05
14663,3.26084191619e-05
14664,3.26030444778e-05
14665,3.25976752829e-05
14666,3.25923115772e-05
14667,3.25869533612e-05
14668,3.25816006349e-05
14669,3.25762533986e-05
14670,3.25709116526e-05
14671,3.25655753969e-05
14672,3.2560244632e-05
14673,3.25549193579e-05
14674,3.2549599575e-05
14675,3.25442852834e-05
14676,3.25389764833e-05
14677,3.2533673175e-05
14678,3.25283753587e-05
14679,3.25230830346e-05
14680,3.25177962029e-05
14681,3.25125148639e-05
14682,3.25072390177e-05
14683,3.25019686646e-05
14684,3.24967038048e-05
14685,3.24914444386e-05
14686,3.24861905661e-05
14687,3.24809421875e-05
14688,3.24756993031e-05
14689,3.24704619132e-05
14690,3.24652300178e-05
14691,3.24600036172e-05
14692,3.24547827117e-05
14693,3.24495673015e-05
14694,3.24443573867e-05
14695,3.24391529676e-05
14696,3.24339540445e-05
14697,3.24287606174e-05
14698,3.24235726867e-05
14699,3.24183902526e-05
14700,3.24132133152e-05
14701,3.24080418748e-05
14702,3.24028759316e-05
14703,3.23977154858e-05
14704,3.23925605376e-05
14705,3.23874110873e-05
14706,3.2382267135e-05
14707,3.2377128681e-05
14708,3.23719957255e-05
14709,3.23668682687e-05
14710,3.23617463107e-05
14711,3.23566298519e-05
14712,3.23515188924e-05
14713,3.23464134325e-05
14714,3.23413134723e-05
14715,3.23362190121e-05
14716,3.2331130052e-05
14717,3.23260465924e-05
14718,3.23209686333e-05
14719,3.23158961751e-05
14720,3.23108292178e-05
14721,3.23057677618e-05
14722,3.23007118072e-05
14723,3.22956613543e-05
14724,3.22906164032e-05
14725,3.22855769542e-05
14726,3.22805430075e-05
14727,3.22755145633e-05
14728,3.22704916217e-05
14729,3.22654741831e-05
14730,3.22604622475e-05
14731,3.22554558153e-05
14732,3.22504548866e-05
14733,3.22454594617e-05
14734,3.22404695406e-05
14735,3.22354851237e-05
14736,3.22305062112e-05
14737,3.22255328032e-05
14738,3.22205649e-05
14739,3.22156025018e-05
14740,3.22106456087e-05
14741,3.22056942211e-05
14742,3.2200748339e-05
14743,3.21958079627e-05
14744,3.21908730924e-05
14745,3.21859437283e-05
14746,3.21810198706e-05
14747,3.21761015195e-05
14748,3.21711886752e-05
14749,3.2166281338e-05
14750,3.21613795079e-05
14751,3.21564831853e-05
14752,3.21515923703e-05
14753,3.21467070632e-05
14754,3.21418272641e-05
14755,3.21369529732e-05
14756,3.21320841907e-05
14757,3.21272209169e-05
14758,3.2122363152e-05
14759,3.2117510896e-05
14760,3.21126641494e-05
14761,3.21078229121e-05
14762,3.21029871845e-05
14763,3.20981569668e-05
14764,3.20933322591e-05
14765,3.20885130616e-05
14766,3.20836993746e-05
14767,3.20788911982e-05
14768,3.20740885327e-05
14769,3.20692913782e-05
14770,3.2064499735e-05
14771,3.20597136032e-05
14772,3.20549329831e-05
14773,3.20501578747e-05
14774,3.20453882785e-05
14775,3.20406241944e-05
14776,3.20358656228e-05
14777,3.20311125638e-05
14778,3.20263650176e-05
14779,3.20216229845e-05
14780,3.20168864646e-05
14781,3.20121554581e-05
14782,3.20074299652e-05
14783,3.20027099861e-05
14784,3.1997995521e-05
14785,3.19932865701e-05
14786,3.19885831336e-05
14787,3.19838852117e-05
14788,3.19791928046e-05
14789,3.19745059124e-05
14790,3.19698245354e-05
14791,3.19651486738e-05
14792,3.19604783278e-05
14793,3.19558134975e-05
14794,3.19511541831e-05
14795,3.19465003849e-05
14796,3.19418521031e-05
14797,3.19372093377e-05
14798,3.19325720891e-05
14799,3.19279403574e-05
14800,3.19233141427e-05
14801,3.19186934454e-05
14802,3.19140782656e-05
14803,3.19094686034e-05
14804,3.19048644591e-05
14805,3.19002658329e-05
14806,3.18956727249e-05
14807,3.18910851354e-05
14808,3.18865030645e-05
14809,3.18819265124e-05
14810,3.18773554793e-05
14811,3.18727899654e-05
14812,3.18682299709e-05
14813,3.1863675496e-05
14814,3.18591265409e-05
14815,3.18545831057e-05
14816,3.18500451906e-05
14817,3.18455127959e-05
14818,3.18409859217e-05
14819,3.18364645682e-05
14820,3.18319487357e-05
14821,3.18274384241e-05
14822,3.18229336339e-05
14823,3.18184343651e-05
14824,3.1813940618e-05
14825,3.18094523927e-05
14826,3.18049696894e-05
14827,3.18004925083e-05
14828,3.17960208496e-05
14829,3.17915547134e-05
14830,3.17870941001e-05
14831,3.17826390096e-05
14832,3.17781894423e-05
14833,3.17737453983e-05
14834,3.17693068778e-05
14835,3.1764873881e-05
14836,3.1760446408e-05
14837,3.17560244591e-05
14838,3.17516080344e-05
14839,3.17471971342e-05
14840,3.17427917585e-05
14841,3.17383919076e-05
14842,3.17339975817e-05
14843,3.17296087809e-05
14844,3.17252255054e-05
14845,3.17208477554e-05
14846,3.17164755312e-05
14847,3.17121088328e-05
14848,3.17077476604e-05
14849,3.17033920143e-05
14850,3.16990418946e-05
14851,3.16946973015e-05
14852,3.16903582352e-05
14853,3.16860246958e-05
14854,3.16816966835e-05
14855,3.16773741986e-05
14856,3.16730572411e-05
14857,3.16687458113e-05
14858,3.16644399094e-05
14859,3.16601395355e-05
14860,3.16558446898e-05
14861,3.16515553725e-05
14862,3.16472715837e-05
14863,3.16429933237e-05
14864,3.16387205926e-05
14865,3.16344533906e-05
14866,3.16301917179e-05
14867,3.16259355746e-05
14868,3.16216849609e-05
14869,3.16174398771e-05
14870,3.16132003232e-05
14871,3.16089662994e-05
14872,3.1604737806e-05
14873,3.16005148431e-05
14874,3.15962974109e-05
14875,3.15920855095e-05
14876,3.15878791392e-05
14877,3.15836783e-05
14878,3.15794829922e-05
14879,3.1575293216e-05
14880,3.15711089715e-05
14881,3.15669302589e-05
14882,3.15627570784e-05
14883,3.15585894301e-05
14884,3.15544273142e-05
14885,3.15502707309e-05
14886,3.15461196804e-05
14887,3.15419741628e-05
14888,3.15378341783e-05
14889,3.15336997271e-05
14890,3.15295708093e-05
14891,3.15254474252e-05
14892,3.15213295748e-05
14893,3.15172172584e-05
14894,3.15131104762e-05
14895,3.15090092282e-05
14896,3.15049135147e-05
14897,3.15008233359e-05
14898,3.14967386918e-05
14899,3.14926595828e-05
14900,3.14885860089e-05
14901,3.14845179703e-05
14902,3.14804554672e-05
14903,3.14763984997e-05
14904,3.14723470681e-05
14905,3.14683011724e-05
14906,3.1464260813e-05
14907,3.14602259898e-05
14908,3.14561967032e-05
14909,3.14521729532e-05
14910,3.144815474e-05
14911,3.14441420638e-05
14912,3.14401349248e-05
14913,3.14361333231e-05
14914,3.14321372589e-05
14915,3.14281467324e-05
14916,3.14241617437e-05
14917,3.1420182293e-05
14918,3.14162083804e-05
14919,3.14122400061e-05
14920,3.14082771704e-05
14921,3.14043198733e-05
14922,3.1400368115e-05
14923,3.13964218956e-05
14924,3.13924812154e-05
14925,3.13885460745e-05
14926,3.13846164731e-05
14927,3.13806924113e-05
14928,3.13767738893e-05
14929,3.13728609073e-05
14930,3.13689534653e-05
14931,3.13650515637e-05
14932,3.13611552025e-05
14933,3.13572643818e-05
14934,3.1353379102e-05
14935,3.13494993631e-05
14936,3.13456251652e-05
14937,3.13417565086e-05
14938,3.13378933934e-05
14939,3.13340358198e-05
14940,3.13301837879e-05
14941,3.13263372979e-05
14942,3.13224963499e-05
14943,3.13186609441e-05
14944,3.13148310807e-05
14945,3.13110067598e-05
14946,3.13071879816e-05
14947,3.13033747463e-05
14948,3.12995670539e-05
14949,3.12957649047e-05
14950,3.12919682988e-05
14951,3.12881772364e-05
14952,3.12843917176e-05
14953,3.12806117425e-05
14954,3.12768373115e-05
14955,3.12730684245e-05
14956,3.12693050818e-05
14957,3.12655472834e-05
14958,3.12617950297e-05
14959,3.12580483207e-05
14960,3.12543071565e-05
14961,3.12505715374e-05
14962,3.12468414634e-05
14963,3.12431169348e-05
14964,3.12393979517e-05
14965,3.12356845143e-05
14966,3.12319766226e-05
14967,3.12282742769e-05
14968,3.12245774773e-05
14969,3.1220886224e-05
14970,3.12172005171e-05
14971,3.12135203568e-05
14972,3.12098457432e-05
14973,3.12061766764e-05
14974,3.12025131567e-05
14975,3.11988551842e-05
14976,3.1195202759e-05
14977,3.11915558813e-05
14978,3.11879145512e-05
14979,3.11842787689e-05
14980,3.11806485345e-05
14981,3.11770238482e-05
14982,3.11734047102e-05
14983,3.11697911205e-05
14984,3.11661830794e-05
14985,3.11625805869e-05
14986,3.11589836433e-05
14987,3.11553922487e-05
14988,3.11518064032e-05
14989,3.1148226107e-05
14990,3.11446513602e-05
14991,3.1141082163e-05
14992,3.11375185155e-05
14993,3.11339604179e-05
14994,3.11304078703e-05
14995,3.11268608729e-05
14996,3.11233194258e-05
14997,3.11197835291e-05
14998,3.11162531831e-05
14999,3.11127283878e-05
15000,3.11092091435e-05
15001,3.11056954501e-05
15002,3.1102187308e-05
15003,3.10986847172e-05
15004,3.10951876779e-05
15005,3.10916961902e-05
15006,3.10882102543e-05
15007,3.10847298703e-05
15008,3.10812550383e-05
15009,3.10777857586e-05
15010,3.10743220312e-05
15011,3.10708638563e-05
15012,3.10674112341e-05
15013,3.10639641646e-05
15014,3.1060522648e-05
15015,3.10570866845e-05
15016,3.10536562743e-05
15017,3.10502314173e-05
15018,3.10468121139e-05
15019,3.10433983641e-05
15020,3.10399901681e-05
15021,3.1036587526e-05
15022,3.10331904379e-05
15023,3.10297989041e-05
15024,3.10264129246e-05
15025,3.10230324995e-05
15026,3.10196576291e-05
15027,3.10162883134e-05
15028,3.10129245527e-05
15029,3.1009566347e-05
15030,3.10062136964e-05
15031,3.10028666012e-05
15032,3.09995250614e-05
15033,3.09961890773e-05
15034,3.09928586488e-05
15035,3.09895337763e-05
15036,3.09862144597e-05
15037,3.09829006993e-05
15038,3.09795924952e-05
15039,3.09762898475e-05
15040,3.09729927563e-05
15041,3.09697012218e-05
15042,3.09664152442e-05
15043,3.09631348236e-05
15044,3.095985996e-05
15045,3.09565906537e-05
15046,3.09533269047e-05
15047,3.09500687133e-05
15048,3.09468160795e-05
15049,3.09435690035e-05
15050,3.09403274854e-05
15051,3.09370915254e-05
15052,3.09338611235e-05
15053,3.09306362799e-05
15054,3.09274169948e-05
15055,3.09242032683e-05
15056,3.09209951005e-05
15057,3.09177924916e-05
15058,3.09145954416e-05
15059,3.09114039508e-05
15060,3.09082180192e-05
15061,3.0905037647e-05
15062,3.09018628343e-05
15063,3.08986935812e-05
15064,3.08955298879e-05
15065,3.08923717545e-05
15066,3.08892191812e-05
15067,3.0886072168e-05
15068,3.08829307151e-05
15069,3.08797948226e-05
15070,3.08766644907e-05
15071,3.08735397195e-05
15072,3.08704205092e-05
15073,3.08673068597e-05
15074,3.08641987713e-05
15075,3.08610962442e-05
15076,3.08579992783e-05
15077,3.0854907874e-05
15078,3.08518220312e-05
15079,3.08487417501e-05
15080,3.08456670309e-05
15081,3.08425978737e-05
15082,3.08395342786e-05
15083,3.08364762456e-05
15084,3.08334237751e-05
15085,3.0830376867e-05
15086,3.08273355215e-05
15087,3.08242997388e-05
15088,3.08212695189e-05
15089,3.0818244862e-05
15090,3.08152257682e-05
15091,3.08122122377e-05
15092,3.08092042705e-05
15093,3.08062018668e-05
15094,3.08032050267e-05
15095,3.08002137504e-05
15096,3.07972280378e-05
15097,3.07942478893e-05
15098,3.07912733049e-05
15099,3.07883042847e-05
15100,3.07853408289e-05
15101,3.07823829375e-05
15102,3.07794306108e-05
15103,3.07764838487e-05
15104,3.07735426515e-05
15105,3.07706070193e-05
15106,3.07676769521e-05
15107,3.07647524502e-05
15108,3.07618335135e-05
15109,3.07589201424e-05
15110,3.07560123368e-05
15111,3.07531100969e-05
15112,3.07502134228e-05
15113,3.07473223146e-05
15114,3.07444367725e-05
15115,3.07415567965e-05
15116,3.07386823869e-05
15117,3.07358135436e-05
15118,3.07329502669e-05
15119,3.07300925568e-05
15120,3.07272404135e-05
15121,3.07243938371e-05
15122,3.07215528276e-05
15123,3.07187173853e-05
15124,3.07158875102e-05
15125,3.07130632025e-05
15126,3.07102444623e-05
15127,3.07074312896e-05
15128,3.07046236847e-05
15129,3.07018216475e-05
15130,3.06990251783e-05
15131,3.06962342772e-05
15132,3.06934489442e-05
15133,3.06906691795e-05
15134,3.06878949832e-05
15135,3.06851263554e-05
15136,3.06823632963e-05
15137,3.06796058059e-05
15138,3.06768538843e-05
15139,3.06741075317e-05
15140,3.06713667482e-05
15141,3.0668631534e-05
15142,3.0665901889e-05
15143,3.06631778134e-05
15144,3.06604593074e-05
15145,3.0657746371e-05
15146,3.06550390044e-05
15147,3.06523372077e-05
15148,3.0649640981e-05
15149,3.06469503244e-05
15150,3.06442652379e-05
15151,3.06415857218e-05
15152,3.06389117762e-05
15153,3.06362434011e-05
15154,3.06335805966e-05
15155,3.06309233629e-05
15156,3.06282717001e-05
15157,3.06256256083e-05
15158,3.06229850875e-05
15159,3.0620350138e-05
15160,3.06177207598e-05
15161,3.0615096953e-05
15162,3.06124787177e-05
15163,3.06098660541e-05
15164,3.06072589622e-05
15165,3.06046574422e-05
15166,3.06020614942e-05
15167,3.05994711182e-05
15168,3.05968863144e-05
15169,3.05943070829e-05
15170,3.05917334238e-05
15171,3.05891653372e-05
15172,3.05866028232e-05
15173,3.05840458819e-05
15174,3.05814945134e-05
15175,3.05789487179e-05
15176,3.05764084953e-05
15177,3.0573873846e-05
15178,3.05713447698e-05
15179,3.0568821267e-05
15180,3.05663033377e-05
15181,3.05637909819e-05
15182,3.05612841998e-05
15183,3.05587829914e-05
15184,3.05562873569e-05
15185,3.05537972964e-05
15186,3.055131281e-05
15187,3.05488338977e-05
15188,3.05463605597e-05
15189,3.05438927961e-05
15190,3.0541430607e-05
15191,3.05389739925e-05
15192,3.05365229526e-05
15193,3.05340774875e-05
15194,3.05316375974e-05
15195,3.05292032822e-05
15196,3.05267745421e-05
15197,3.05243513772e-05
15198,3.05219337876e-05
15199,3.05195217735e-05
15200,3.05171153347e-05
15201,3.05147144716e-05
15202,3.05123191842e-05
15203,3.05099294726e-05
15204,3.05075453369e-05
15205,3.05051667772e-05
15206,3.05027937935e-05
15207,3.05004263861e-05
15208,3.04980645549e-05
15209,3.04957083001e-05
15210,3.04933576218e-05
15211,3.04910125201e-05
15212,3.0488672995e-05
15213,3.04863390468e-05
15214,3.04840106754e-05
15215,3.04816878809e-05
15216,3.04793706636e-05
15217,3.04770590233e-05
15218,3.04747529604e-05
15219,3.04724524748e-05
15220,3.04701575666e-05
15221,3.0467868236e-05
15222,3.0465584483e-05
15223,3.04633063078e-05
15224,3.04610337104e-05
15225,3.04587666909e-05
15226,3.04565052494e-05
15227,3.0454249386e-05
15228,3.04519991008e-05
15229,3.04497543939e-05
15230,3.04475152654e-05
15231,3.04452817154e-05
15232,3.0443053744e-05
15233,3.04408313512e-05
15234,3.04386145372e-05
15235,3.0436403302e-05
15236,3.04341976458e-05
15237,3.04319975686e-05
15238,3.04298030705e-05
15239,3.04276141516e-05
15240,3.04254308121e-05
15241,3.04232530519e-05
15242,3.04210808712e-05
15243,3.04189142702e-05
15244,3.04167532487e-05
15245,3.0414597807e-05
15246,3.04124479452e-05
15247,3.04103036633e-05
15248,3.04081649615e-05
15249,3.04060318397e-05
15250,3.04039042981e-05
15251,3.04017823369e-05
15252,3.0399665956e-05
15253,3.03975551555e-05
15254,3.03954499357e-05
15255,3.03933502964e-05
15256,3.03912562379e-05
15257,3.03891677602e-05
15258,3.03870848634e-05
15259,3.03850075476e-05
15260,3.03829358128e-05
15261,3.03808696593e-05
15262,3.03788090869e-05
15263,3.03767540959e-05
15264,3.03747046863e-05
15265,3.03726608582e-05
15266,3.03706226117e-05
15267,3.03685899468e-05
15268,3.03665628637e-05
15269,3.03645413625e-05
15270,3.03625254431e-05
15271,3.03605151058e-05
15272,3.03585103506e-05
15273,3.03565111775e-05
15274,3.03545175867e-05
15275,3.03525295782e-05
15276,3.03505471521e-05
15277,3.03485703085e-05
15278,3.03465990475e-05
15279,3.03446333692e-05
15280,3.03426732736e-05
15281,3.03407187609e-05
15282,3.0338769831e-05
15283,3.03368264842e-05
15284,3.03348887204e-05
15285,3.03329565398e-05
15286,3.03310299424e-05
15287,3.03291089283e-05
15288,3.03271934976e-05
15289,3.03252836503e-05
15290,3.03233793867e-05
15291,3.03214807066e-05
15292,3.03195876102e-05
15293,3.03177000977e-05
15294,3.0315818169e-05
15295,3.03139418242e-05
15296,3.03120710634e-05
15297,3.03102058868e-05
15298,3.03083462943e-05
15299,3.03064922861e-05
15300,3.03046438622e-05
15301,3.03028010227e-05
15302,3.03009637677e-05
15303,3.02991320972e-05
15304,3.02973060114e-05
15305,3.02954855102e-05
15306,3.02936705939e-05
15307,3.02918612624e-05
15308,3.02900575159e-05
15309,3.02882593543e-05
15310,3.02864667779e-05
15311,3.02846797866e-05
15312,3.02828983805e-05
15313,3.02811225598e-05
15314,3.02793523244e-05
15315,3.02775876744e-05
15316,3.027582861e-05
15317,3.02740751312e-05
15318,3.02723272381e-05
15319,3.02705849307e-05
15320,3.02688482091e-05
15321,3.02671170734e-05
15322,3.02653915237e-05
15323,3.026367156e-05
15324,3.02619571824e-05
15325,3.0260248391e-05
15326,3.02585451858e-05
15327,3.0256847567e-05
15328,3.02551555345e-05
15329,3.02534690885e-05
15330,3.0251788229e-05
15331,3.02501129561e-05
15332,3.02484432698e-05
15333,3.02467791703e-05
15334,3.02451206576e-05
15335,3.02434677318e-05
15336,3.02418203929e-05
15337,3.0240178641e-05
15338,3.02385424762e-05
15339,3.02369118986e-05
15340,3.02352869081e-05
15341,3.0233667505e-05
15342,3.02320536891e-05
15343,3.02304454607e-05
15344,3.02288428198e-05
15345,3.02272457664e-05
15346,3.02256543006e-05
15347,3.02240684226e-05
15348,3.02224881322e-05
15349,3.02209134297e-05
15350,3.0219344315e-05
15351,3.02177807883e-05
15352,3.02162228496e-05
15353,3.02146704989e-05
15354,3.02131237364e-05
15355,3.02115825621e-05
15356,3.02100469761e-05
15357,3.02085169783e-05
15358,3.0206992569e-05
15359,3.02054737481e-05
15360,3.02039605157e-05
15361,3.02024528719e-05
15362,3.02009508168e-05
15363,3.01994543503e-05
15364,3.01979634727e-05
15365,3.01964781838e-05
15366,3.01949984838e-05
15367,3.01935243728e-05
15368,3.01920558508e-05
15369,3.01905929179e-05
15370,3.01891355741e-05
15371,3.01876838195e-05
15372,3.01862376541e-05
15373,3.0184797078e-05
15374,3.01833620914e-05
15375,3.01819326941e-05
15376,3.01805088864e-05
15377,3.01790906682e-05
15378,3.01776780396e-05
15379,3.01762710007e-05
15380,3.01748695515e-05
15381,3.01734736921e-05
15382,3.01720834225e-05
15383,3.01706987428e-05
15384,3.01693196531e-05
15385,3.01679461534e-05
15386,3.01665782438e-05
15387,3.01652159243e-05
15388,3.01638591949e-05
15389,3.01625080559e-05
15390,3.01611625071e-05
15391,3.01598225487e-05
15392,3.01584881806e-05
15393,3.01571594031e-05
15394,3.0155836216e-05
15395,3.01545186196e-05
15396,3.01532066137e-05
15397,3.01519001986e-05
15398,3.01505993742e-05
15399,3.01493041405e-05
15400,3.01480144978e-05
15401,3.01467304459e-05
15402,3.01454519849e-05
15403,3.0144179115e-05
15404,3.01429118361e-05
15405,3.01416501484e-05
15406,3.01403940518e-05
15407,3.01391435464e-05
15408,3.01378986322e-05
15409,3.01366593094e-05
15410,3.0135425578e-05
15411,3.0134197438e-05
15412,3.01329748894e-05
15413,3.01317579324e-05
15414,3.01305465669e-05
15415,3.01293407931e-05
15416,3.01281406109e-05
15417,3.01269460205e-05
15418,3.01257570218e-05
15419,3.0124573615e-05
15420,3.01233958e-05
15421,3.01222235769e-05
15422,3.01210569458e-05
15423,3.01198959067e-05
15424,3.01187404597e-05
15425,3.01175906048e-05
15426,3.01164463421e-05
15427,3.01153076715e-05
15428,3.01141745932e-05
15429,3.01130471072e-05
15430,3.01119252136e-05
15431,3.01108089123e-05
15432,3.01096982035e-05
15433,3.01085930872e-05
15434,3.01074935634e-05
15435,3.01063996322e-05
15436,3.01053112936e-05
15437,3.01042285477e-05
15438,3.01031513945e-05
15439,3.0102079834e-05
15440,3.01010138664e-05
15441,3.00999534916e-05
15442,3.00988987097e-05
15443,3.00978495207e-05
15444,3.00968059247e-05
15445,3.00957679217e-05
15446,3.00947355118e-05
15447,3.0093708695e-05
15448,3.00926874713e-05
15449,3.00916718408e-05
15450,3.00906618036e-05
15451,3.00896573596e-05
15452,3.0088658509e-05
15453,3.00876652517e-05
15454,3.00866775878e-05
15455,3.00856955174e-05
15456,3.00847190404e-05
15457,3.0083748157e-05
15458,3.00827828671e-05
15459,3.00818231708e-05
15460,3.00808690682e-05
15461,3.00799205592e-05
15462,3.0078977644e-05
15463,3.00780403225e-05
15464,3.00771085948e-05
15465,3.0076182461e-05
15466,3.0075261921e-05
15467,3.0074346975e-05
15468,3.00734376229e-05
15469,3.00725338648e-05
15470,3.00716357007e-05
15471,3.00707431307e-05
15472,3.00698561547e-05
15473,3.0068974773e-05
15474,3.00680989853e-05
15475,3.0067228792e-05
15476,3.00663641928e-05
15477,3.00655051879e-05
15478,3.00646517774e-05
15479,3.00638039612e-05
15480,3.00629617394e-05
15481,3.0062125112e-05
15482,3.00612940791e-05
15483,3.00604686407e-05
15484,3.00596487968e-05
15485,3.00588345474e-05
15486,3.00580258927e-05
15487,3.00572228326e-05
15488,3.00564253671e-05
15489,3.00556334963e-05
15490,3.00548472203e-05
15491,3.0054066539e-05
15492,3.00532914525e-05
15493,3.00525219609e-05
15494,3.00517580641e-05
15495,3.00509997622e-05
15496,3.00502470552e-05
15497,3.00494999431e-05
15498,3.00487584261e-05
15499,3.0048022504e-05
15500,3.0047292177e-05
15501,3.00465674451e-05
15502,3.00458483083e-05
15503,3.00451347666e-05
15504,3.00444268201e-05
15505,3.00437244687e-05
15506,3.00430277126e-05
15507,3.00423365517e-05
15508,3.00416509861e-05
15509,3.00409710159e-05
15510,3.00402966409e-05
15511,3.00396278613e-05
15512,3.00389646771e-05
15513,3.00383070884e-05
15514,3.0037655095e-05
15515,3.00370086972e-05
15516,3.00363678948e-05
15517,3.0035732688e-05
15518,3.00351030767e-05
15519,3.0034479061e-05
15520,3.0033860641e-05
15521,3.00332478165e-05
15522,3.00326405877e-05
15523,3.00320389546e-05
15524,3.00314429171e-05
15525,3.00308524755e-05
15526,3.00302676295e-05
15527,3.00296883794e-05
15528,3.0029114725e-05
15529,3.00285466665e-05
15530,3.00279842038e-05
15531,3.0027427337e-05
15532,3.00268760661e-05
15533,3.00263303911e-05
15534,3.00257903121e-05
15535,3.0025255829e-05
15536,3.00247269419e-05
15537,3.00242036509e-05
15538,3.00236859558e-05
15539,3.00231738568e-05
15540,3.00226673539e-05
15541,3.00221664471e-05
15542,3.00216711364e-05
15543,3.00211814218e-05
15544,3.00206973034e-05
15545,3.00202187811e-05
15546,3.00197458551e-05
15547,3.00192785252e-05
15548,3.00188167916e-05
15549,3.00183606543e-05
15550,3.00179101132e-05
15551,3.00174651684e-05
15552,3.001702582e-05
15553,3.00165920678e-05
15554,3.0016163912e-05
15555,3.00157413526e-05
15556,3.00153243895e-05
15557,3.00149130229e-05
15558,3.00145072527e-05
15559,3.00141070788e-05
15560,3.00137125015e-05
15561,3.00133235206e-05
15562,3.00129401362e-05
15563,3.00125623483e-05
15564,3.00121901569e-05
15565,3.0011823562e-05
15566,3.00114625637e-05
15567,3.00111071619e-05
15568,3.00107573567e-05
15569,3.00104131481e-05
15570,3.00100745361e-05
15571,3.00097415208e-05
15572,3.0009414102e-05
15573,3.00090922799e-05
15574,3.00087760544e-05
15575,3.00084654257e-05
15576,3.00081603936e-05
15577,3.00078609582e-05
15578,3.00075671195e-05
15579,3.00072788775e-05
15580,3.00069962322e-05
15581,3.00067191837e-05
15582,3.0006447732e-05
15583,3.0006181877e-05
15584,3.00059216188e-05
15585,3.00056669574e-05
15586,3.00054178928e-05
15587,3.0005174425e-05
15588,3.0004936554e-05
15589,3.00047042799e-05
15590,3.00044776026e-05
15591,3.00042565221e-05
15592,3.00040410385e-05
15593,3.00038311517e-05
15594,3.00036268619e-05
15595,3.00034281689e-05
15596,3.00032350728e-05
15597,3.00030475736e-05
15598,3.00028656713e-05
15599,3.0002689366e-05
15600,3.00025186575e-05
15601,3.0002353546e-05
15602,3.00021940314e-05
15603,3.00020401138e-05
15604,3.00018917931e-05
15605,3.00017490694e-05
15606,3.00016119426e-05
15607,3.00014804128e-05
15608,3.000135448e-05
15609,3.00012341441e-05
15610,3.00011194053e-05
15611,3.00010102634e-05
15612,3.00009067185e-05
15613,3.00008087706e-05
15614,3.00007164197e-05
15615,3.00006296659e-05
15616,3.0000548509e-05
15617,3.00004729491e-05
15618,3.00004029863e-05
15619,3.00003386204e-05
15620,3.00002798516e-05
15621,3.00002266798e-05
15622,3.00001791051e-05
15623,3.00001371273e-05
15624,3.00001007466e-05
15625,3.00000699629e-05
15626,3.00000447763e-05
15627,3.00000251867e-05
15628,3.00000111941e-05
15629,3.00000027985e-05
15630,3e-05
15631,3e-05
15632,3e-05
15633,3e-05
15634,3e-05
15635,3e-05
15636,3e-05
15637,3e-05
15638,3e-05
15639,3e-05
15640,3e-05
15641,3e-05
15642,3e-05
15643,3e-05
15644,3e-05
15645,3e-05
15646,3e-05
15647,3e-05
15648,3e-05
15649,3e-05
15650,3e-05
15651,3e-05
15652,3e-05
15653,3e-05
15654,3e-05
15655,3e-05
15656,3e-05
15657,3e-05
15658,3e-05
15659,3e-05
15660,3e-05
15661,3e-05
15662,3e-05
15663,3e-05
15664,3e-05
15665,3e-05
15666,3e-05
15667,3e-05
15668,3e-05
15669,3e-05
15670,3e-05
15671,3e-05
15672,3e-05
15673,3e-05
15674,3e-05
15675,3e-05
15676,3e-05
15677,3e-05
15678,3e-05
15679,3e-05
15680,3e-05
15681,3e-05
15682,3e-05
15683,3e-05
15684,3e-05
15685,3e-05
15686,3e-05
15687,3e-05
15688,3e-05
15689,3e-05
15690,3e-05
15691,3e-05
15692,3e-05
15693,3e-05
15694,3e-05
15695,3e-05
15696,3e-05
15697,3e-05
15698,3e-05
15699,3e-05
15700,3e-05
15701,3e-05
15702,3e-05
15703,3e-05
15704,3e-05
15705,3e-05
15706,3e-05
15707,3e-05
15708,3e-05
15709,3e-05
15710,3e-05
15711,3e-05
15712,3e-05
15713,3e-05
15714,3e-05
15715,3e-05
15716,3e-05
15717,3e-05
15718,3e-05
15719,3e-05
15720,3e-05
15721,3e-05
15722,3e-05
15723,3e-05
15724,3e-05
15725,3e-05
15726,3e-05
15727,3e-05
15728,3e-05
15729,3e-05
15730,3e-05
15731,3e-05
15732,3e-05
15733,3e-05
15734,3e-05
15735,3e-05
15736,3e-05
15737,3e-05
15738,3e-05
15739,3e-05
15740,3e-05
15741,3e-05
15742,3e-05
15743,3e-05
15744,3e-05
15745,3e-05
15746,3e-05
15747,3e-05
15748,3e-05
15749,3e-05
15750,3e-05
15751,3e-05
15752,3e-05
15753,3e-05
15754,3e-05
15755,3e-05
15756,3e-05
15757,3e-05
15758,3e-05
15759,3e-05
15760,3e-05
15761,3e-05
15762,3e-05
15763,3e-05
15764,3e-05
15765,3e-05
15766,3e-05
15767,3e-05
15768,3e-05
15769,3e-05
15770,3e-05
15771,3e-05
15772,3e-05
15773,3e-05
15774,3e-05
15775,3e-05
15776,3e-05
15777,3e-05
15778,3e-05
15779,3e-05
15780,3e-05
15781,3e-05
15782,3e-05
15783,3e-05
15784,3e-05
15785,3e-05
15786,3e-05
15787,3e-05
15788,3e-05
15789,3e-05
15790,3e-05
15791,3e-05
15792,3e-05
15793,3e-05
15794,3e-05
15795,3e-05
15796,3e-05
15797,3e-05
15798,3e-05
15799,3e-05
15800,3e-05
15801,3e-05
15802,3e-05
15803,3e-05
15804,3e-05
15805,3e-05
15806,3e-05
15807,3e-05
15808,3e-05
15809,3e-05
15810,3e-05
15811,3e-05
15812,3e-05
15813,3e-05
15814,3e-05
15815,3e-05
15816,3e-05
15817,3e-05
15818,3e-05
15819,3e-05
15820,3e-05
15821,3e-05
15822,3e-05
15823,3e-05
15824,3e-05
15825,3e-05
15826,3e-05
15827,3e-05
15828,3e-05
15829,3e-05
15830,3e-05
15831,3e-05
15832,3e-05
15833,3e-05
15834,3e-05
15835,3e-05
15836,3e-05
15837,3e-05
15838,3e-05
15839,3e-05
15840,3e-05
15841,3e-05
15842,3e-05
15843,3e-05
15844,3e-05
15845,3e-05
15846,3e-05
15847,3e-05
15848,3e-05
15849,3e-05
15850,3e-05
15851,3e-05
15852,3e-05
15853,3e-05
15854,3e-05
15855,3e-05
15856,3e-05
15857,3e-05
15858,3e-05
15859,3e-05
15860,3e-05
15861,3e-05
15862,3e-05
15863,3e-05
15864,3e-05
15865,3e-05
15866,3e-05
15867,3e-05
15868,3e-05
15869,3e-05
15870,3e-05
15871,3e-05
15872,3e-05
15873,3e-05
15874,3e-05
15875,3e-05
15876,3e-05
15877,3e-05
15878,3e-05
15879,3e-05
15880,3e-05
15881,3e-05
15882,3e-05
15883,3e-05
15884,3e-05
15885,3e-05
15886,3e-05
15887,3e-05
15888,3e-05
15889,3e-05
15890,3e-05
15891,3e-05
15892,3e-05
15893,3e-05
15894,3e-05
15895,3e-05
15896,3e-05
15897,3e-05
15898,3e-05
15899,3e-05
15900,3e-05
15901,3e-05
15902,3e-05
15903,3e-05
15904,3e-05
15905,3e-05
15906,3e-05
15907,3e-05
15908,3e-05
15909,3e-05
15910,3e-05
15911,3e-05
15912,3e-05
15913,3e-05
15914,3e-05
15915,3e-05
15916,3e-05
15917,3e-05
15918,3e-05
15919,3e-05
15920,3e-05
15921,3e-05
15922,3e-05
15923,3e-05
15924,3e-05
15925,3e-05
15926,3e-05
15927,3e-05
15928,3e-05
15929,3e-05
15930,3e-05
15931,3e-05
15932,3e-05
15933,3e-05
15934,3e-05
15935,3e-05
15936,3e-05
15937,3e-05
15938,3e-05
15939,3e-05
15940,3e-05
15941,3e-05
15942,3e-05
15943,3e-05
15944,3e-05
15945,3e-05
15946,3e-05
15947,3e-05
15948,3e-05
15949,3e-05
15950,3e-05
15951,3e-05
15952,3e-05
15953,3e-05
15954,3e-05
15955,3e-05
15956,3e-05
15957,3e-05
15958,3e-05
15959,3e-05
15960,3e-05
15961,3e-05
15962,3e-05
15963,3e-05
15964,3e-05
15965,3e-05
15966,3e-05
15967,3e-05
15968,3e-05
15969,3e-05
15970,3e-05
15971,3e-05
15972,3e-05
15973,3e-05
15974,3e-05
15975,3e-05
15976,3e-05
15977,3e-05
15978,3e-05
15979,3e-05
15980,3e-05
15981,3e-05
15982,3e-05
15983,3e-05
15984,3e-05
15985,3e-05
15986,3e-05
15987,3e-05
15988,3e-05
15989,3e-05
15990,3e-05
15991,3e-05
15992,3e-05
15993,3e-05
15994,3e-05
15995,3e-05
15996,3e-05
15997,3e-05
15998,3e-05
15999,3e-05
16000,3e-05
16001,3e-05
16002,3e-05
16003,3e-05
16004,3e-05
16005,3e-05
16006,3e-05
16007,3e-05
16008,3e-05
16009,3e-05
16010,3e-05
16011,3e-05
16012,3e-05
16013,3e-05
16014,3e-05
16015,3e-05
16016,3e-05
16017,3e-05
16018,3e-05
16019,3e-05
16020,3e-05
16021,3e-05
16022,3e-05
16023,3e-05
16024,3e-05
16025,3e-05
16026,3e-05
16027,3e-05
16028,3e-05
16029,3e-05
16030,3e-05
16031,3e-05
16032,3e-05
16033,3e-05
16034,3e-05
16035,3e-05
16036,3e-05
16037,3e-05
16038,3e-05
16039,3e-05
16040,3e-05
16041,3e-05
16042,3e-05
16043,3e-05
16044,3e-05
16045,3e-05
16046,3e-05
16047,3e-05
16048,3e-05
16049,3e-05
16050,3e-05
16051,3e-05
16052,3e-05
16053,3e-05
16054,3e-05
16055,3e-05
16056,3e-05
16057,3e-05
16058,3e-05
16059,3e-05
16060,3e-05
16061,3e-05
16062,3e-05
16063,3e-05
16064,3e-05
16065,3e-05
16066,3e-05
16067,3e-05
16068,3e-05
16069,3e-05
16070,3e-05
16071,3e-05
16072,3e-05
16073,3e-05
16074,3e-05
16075,3e-05
16076,3e-05
16077,3e-05
16078,3e-05
16079,3e-05
16080,3e-05
16081,3e-05
16082,3e-05
16083,3e-05
16084,3e-05
16085,3e-05
16086,3e-05
16087,3e-05
16088,3e-05
16089,3e-05
16090,3e-05
16091,3e-05
16092,3e-05
16093,3e-05
16094,3e-05
16095,3e-05
16096,3e-05
16097,3e-05
16098,3e-05
16099,3e-05
16100,3e-05
16101,3e-05
16102,3e-05
16103,3e-05
16104,3e-05
16105,3e-05
16106,3e-05
16107,3e-05
16108,3e-05
16109,3e-05
16110,3e-05
16111,3e-05
16112,3e-05
16113,3e-05
16114,3e-05
16115,3e-05
16116,3e-05
16117,3e-05
16118,3e-05
16119,3e-05
16120,3e-05
16121,3e-05
16122,3e-05
16123,3e-05
16124,3e-05
16125,3e-05
16126,3e-05
16127,3e-05
16128,3e-05
16129,3e-05
16130,3e-05
16131,3e-05
16132,3e-05
16133,3e-05
16134,3e-05
16135,3e-05
16136,3e-05
16137,3e-05
16138,3e-05
16139,3e-05
16140,3e-05
16141,3e-05
16142,3e-05
16143,3e-05
16144,3e-05
16145,3e-05
16146,3e-05
16147,3e-05
16148,3e-05
16149,3e-05
16150,3e-05
16151,3e-05
16152,3e-05
16153,3e-05
16154,3e-05
16155,3e-05
16156,3e-05
16157,3e-05
16158,3e-05
16159,3e-05
16160,3e-05
16161,3e-05
16162,3e-05
16163,3e-05
16164,3e-05
16165,3e-05
16166,3e-05
16167,3e-05
16168,3e-05
16169,3e-05
16170,3e-05
16171,3e-05
16172,3e-05
16173,3e-05
16174,3e-05
16175,3e-05
16176,3e-05
16177,3e-05
16178,3e-05
16179,3e-05
16180,3e-05
16181,3e-05
16182,3e-05
16183,3e-05
16184,3e-05
16185,3e-05
16186,3e-05
16187,3e-05
16188,3e-05
16189,3e-05
16190,3e-05
16191,3e-05
16192,3e-05
16193,3e-05
16194,3e-05
16195,3e-05
16196,3e-05
16197,3e-05
16198,3e-05
16199,3e-05
16200,3e-05
16201,3e-05
16202,3e-05
16203,3e-05
16204,3e-05
16205,3e-05
16206,3e-05
16207,3e-05
16208,3e-05
16209,3e-05
16210,3e-05
16211,3e-05
16212,3e-05
16213,3e-05
16214,3e-05
16215,3e-05
16216,3e-05
16217,3e-05
16218,3e-05
16219,3e-05
16220,3e-05
16221,3e-05
16222,3e-05
16223,3e-05
16224,3e-05
16225,3e-05
16226,3e-05
16227,3e-05
16228,3e-05
16229,3e-05
16230,3e-05
16231,3e-05
16232,3e-05
16233,3e-05
16234,3e-05
16235,3e-05
16236,3e-05
16237,3e-05
16238,3e-05
16239,3e-05
16240,3e-05
16241,3e-05
16242,3e-05
16243,3e-05
16244,3e-05
16245,3e-05
16246,3e-05
16247,3e-05
16248,3e-05
16249,3e-05
16250,3e-05
16251,3e-05
16252,3e-05
16253,3e-05
16254,3e-05
16255,3e-05
16256,3e-05
16257,3e-05
16258,3e-05
16259,3e-05
16260,3e-05
16261,3e-05
16262,3e-05
16263,3e-05
16264,3e-05
16265,3e-05
16266,3e-05
16267,3e-05
16268,3e-05
16269,3e-05
16270,3e-05
16271,3e-05
16272,3e-05
16273,3e-05
16274,3e-05
16275,3e-05
16276,3e-05
16277,3e-05
16278,3e-05
16279,3e-05
16280,3e-05
16281,3e-05
16282,3e-05
16283,3e-05
16284,3e-05
16285,3e-05
16286,3e-05
16287,3e-05
16288,3e-05
16289,3e-05
16290,3e-05
16291,3e-05
16292,3e-05
16293,3e-05
16294,3e-05
16295,3e-05
16296,3e-05
16297,3e-05
16298,3e-05
16299,3e-05
16300,3e-05
16301,3e-05
16302,3e-05
16303,3e-05
16304,3e-05
16305,3e-05
16306,3e-05
16307,3e-05
16308,3e-05
16309,3e-05
16310,3e-05
16311,3e-05
16312,3e-05
16313,3e-05
16314,3e-05
16315,3e-05
16316,3e-05
16317,3e-05
16318,3e-05
16319,3e-05
16320,3e-05
16321,3e-05
16322,3e-05
16323,3e-05
16324,3e-05
16325,3e-05
16326,3e-05
16327,3e-05
16328,3e-05
16329,3e-05
16330,3e-05
16331,3e-05
16332,3e-05
16333,3e-05
16334,3e-05
16335,3e-05
16336,3e-05
16337,3e-05
16338,3e-05
16339,3e-05
16340,3e-05
16341,3e-05
16342,3e-05
16343,3e-05
16344,3e-05
16345,3e-05
16346,3e-05
16347,3e-05
16348,3e-05
16349,3e-05
16350,3e-05
16351,3e-05
16352,3e-05
16353,3e-05
16354,3e-05
16355,3e-05
16356,3e-05
16357,3e-05
16358,3e-05
16359,3e-05
16360,3e-05
16361,3e-05
16362,3e-05
16363,3e-05
16364,3e-05
16365,3e-05
16366,3e-05
16367,3e-05
16368,3e-05
16369,3e-05
16370,3e-05
16371,3e-05
16372,3e-05
16373,3e-05
16374,3e-05
16375,3e-05
16376,3e-05
16377,3e-05
16378,3e-05
16379,3e-05
16380,3e-05
16381,3e-05
16382,3e-05
16383,3e-05
16384,3e-05
16385,3e-05
16386,3e-05
16387,3e-05
16388,3e-05
16389,3e-05
16390,3e-05
16391,3e-05
16392,3e-05
16393,3e-05
16394,3e-05
16395,3e-05
16396,3e-05
16397,3e-05
16398,3e-05
16399,3e-05
16400,3e-05
16401,3e-05
16402,3e-05
16403,3e-05
16404,3e-05
16405,3e-05
16406,3e-05
16407,3e-05
16408,3e-05
16409,3e-05
16410,3e-05
16411,3e-05
16412,3e-05
16413,3e-05
16414,3e-05
16415,3e-05
16416,3e-05
16417,3e-05
16418,3e-05
16419,3e-05
16420,3e-05
16421,3e-05
16422,3e-05
16423,3e-05
16424,3e-05
16425,3e-05
16426,3e-05
16427,3e-05
16428,3e-05
16429,3e-05
16430,3e-05
16431,3e-05
16432,3e-05
16433,3e-05
16434,3e-05
16435,3e-05
16436,3e-05
16437,3e-05
16438,3e-05
16439,3e-05
16440,3e-05
16441,3e-05
16442,3e-05
16443,3e-05
16444,3e-05
16445,3e-05
16446,3e-05
16447,3e-05
16448,3e-05
16449,3e-05
16450,3e-05
16451,3e-05
16452,3e-05
16453,3e-05
16454,3e-05
16455,3e-05
16456,3e-05
16457,3e-05
16458,3e-05
16459,3e-05
16460,3e-05
16461,3e-05
16462,3e-05
16463,3e-05
16464,3e-05
16465,3e-05
16466,3e-05
16467,3e-05
16468,3e-05
16469,3e-05
16470,3e-05
16471,3e-05
16472,3e-05
16473,3e-05
16474,3e-05
16475,3e-05
16476,3e-05
16477,3e-05
16478,3e-05
16479,3e-05
16480,3e-05
16481,3e-05
16482,3e-05
16483,3e-05
16484,3e-05
16485,3e-05
16486,3e-05
16487,3e-05
16488,3e-05
16489,3e-05
16490,3e-05
16491,3e-05
16492,3e-05
16493,3e-05
16494,3e-05
16495,3e-05
16496,3e-05
16497,3e-05
16498,3e-05
16499,3e-05
16500,3e-05
16501,3e-05
16502,3e-05
16503,3e-05
16504,3e-05
16505,3e-05
16506,3e-05
16507,3e-05
16508,3e-05
16509,3e-05
16510,3e-05
16511,3e-05
16512,3e-05
16513,3e-05
16514,3e-05
16515,3e-05
16516,3e-05
16517,3e-05
16518,3e-05
16519,3e-05
16520,3e-05
16521,3e-05
16522,3e-05
16523,3e-05
16524,3e-05
16525,3e-05
16526,3e-05
16527,3e-05
16528,3e-05
16529,3e-05
16530,3e-05
16531,3e-05
16532,3e-05
16533,3e-05
16534,3e-05
16535,3e-05
16536,3e-05
16537,3e-05
16538,3e-05
16539,3e-05
16540,3e-05
16541,3e-05
16542,3e-05
16543,3e-05
16544,3e-05
16545,3e-05
16546,3e-05
16547,3e-05
16548,3e-05
16549,3e-05
16550,3e-05
16551,3e-05
16552,3e-05
16553,3e-05
16554,3e-05
16555,3e-05
16556,3e-05
16557,3e-05
16558,3e-05
16559,3e-05
16560,3e-05
16561,3e-05
16562,3e-05
16563,3e-05
16564,3e-05
16565,3e-05
16566,3e-05
16567,3e-05
16568,3e-05
16569,3e-05
16570,3e-05
16571,3e-05
16572,3e-05
16573,3e-05
16574,3e-05
16575,3e-05
16576,3e-05
16577,3e-05
16578,3e-05
16579,3e-05
16580,3e-05
16581,3e-05
16582,3e-05
16583,3e-05
16584,3e-05
16585,3e-05
16586,3e-05
16587,3e-05
16588,3e-05
16589,3e-05
16590,3e-05
16591,3e-05
16592,3e-05
16593,3e-05
16594,3e-05
16595,3e-05
16596,3e-05
16597,3e-05
16598,3e-05
16599,3e-05
16600,3e-05
16601,3e-05
16602,3e-05
16603,3e-05
16604,3e-05
16605,3e-05
16606,3e-05
16607,3e-05
16608,3e-05
16609,3e-05
16610,3e-05
16611,3e-05
16612,3e-05
16613,3e-05
16614,3e-05
16615,3e-05
16616,3e-05
16617,3e-05
16618,3e-05
16619,3e-05
16620,3e-05
16621,3e-05
16622,3e-05
16623,3e-05
16624,3e-05
16625,3e-05
16626,3e-05
16627,3e-05
16628,3e-05
16629,3e-05
16630,3e-05
16631,3e-05
16632,3e-05
16633,3e-05
16634,3e-05
16635,3e-05
16636,3e-05
16637,3e-05
16638,3e-05
16639,3e-05
16640,3e-05
16641,3e-05
16642,3e-05
16643,3e-05
16644,3e-05
16645,3e-05
16646,3e-05
16647,3e-05
16648,3e-05
16649,3e-05
16650,3e-05
16651,3e-05
16652,3e-05
16653,3e-05
16654,3e-05
16655,3e-05
16656,3e-05
16657,3e-05
16658,3e-05
16659,3e-05
16660,3e-05
16661,3e-05
16662,3e-05
16663,3e-05
16664,3e-05
16665,3e-05
16666,3e-05
16667,3e-05
16668,3e-05
16669,3e-05
16670,3e-05
16671,3e-05
16672,3e-05
16673,3e-05
16674,3e-05
16675,3e-05
16676,3e-05
16677,3e-05
16678,3e-05
16679,3e-05
16680,3e-05
16681,3e-05
16682,3e-05
16683,3e-05
16684,3e-05
16685,3e-05
16686,3e-05
16687,3e-05
16688,3e-05
16689,3e-05
16690,3e-05
16691,3e-05
16692,3e-05
16693,3e-05
16694,3e-05
16695,3e-05
16696,3e-05
16697,3e-05
16698,3e-05
16699,3e-05
16700,3e-05
16701,3e-05
16702,3e-05
16703,3e-05
16704,3e-05
16705,3e-05
16706,3e-05
16707,3e-05
16708,3e-05
16709,3e-05
16710,3e-05
16711,3e-05
16712,3e-05
16713,3e-05
16714,3e-05
16715,3e-05
16716,3e-05
16717,3e-05
16718,3e-05
16719,3e-05
16720,3e-05
16721,3e-05
16722,3e-05
16723,3e-05
16724,3e-05
16725,3e-05
16726,3e-05
16727,3e-05
16728,3e-05
16729,3e-05
16730,3e-05
16731,3e-05
16732,3e-05
16733,3e-05
16734,3e-05
16735,3e-05
16736,3e-05
16737,3e-05
16738,3e-05
16739,3e-05
16740,3e-05
16741,3e-05
16742,3e-05
16743,3e-05
16744,3e-05
16745,3e-05
16746,3e-05
16747,3e-05
16748,3e-05
16749,3e-05
16750,3e-05
16751,3e-05
16752,3e-05
16753,3e-05
16754,3e-05
16755,3e-05
16756,3e-05
16757,3e-05
16758,3e-05
16759,3e-05
16760,3e-05
16761,3e-05
16762,3e-05
16763,3e-05
16764,3e-05
16765,3e-05
16766,3e-05
16767,3e-05
16768,3e-05
16769,3e-05
16770,3e-05
16771,3e-05
16772,3e-05
16773,3e-05
16774,3e-05
16775,3e-05
16776,3e-05
16777,3e-05
16778,3e-05
16779,3e-05
16780,3e-05
16781,3e-05
16782,3e-05
16783,3e-05
16784,3e-05
16785,3e-05
16786,3e-05
16787,3e-05
16788,3e-05
16789,3e-05
16790,3e-05
16791,3e-05
16792,3e-05
16793,3e-05
16794,3e-05
16795,3e-05
16796,3e-05
16797,3e-05
16798,3e-05
16799,3e-05
16800,3e-05
16801,3e-05
16802,3e-05
16803,3e-05
16804,3e-05
16805,3e-05
16806,3e-05
16807,3e-05
16808,3e-05
16809,3e-05
16810,3e-05
16811,3e-05
16812,3e-05
16813,3e-05
16814,3e-05
16815,3e-05
16816,3e-05
16817,3e-05
16818,3e-05
16819,3e-05
16820,3e-05
16821,3e-05
16822,3e-05
16823,3e-05
16824,3e-05
16825,3e-05
16826,3e-05
16827,3e-05
16828,3e-05
16829,3e-05
16830,3e-05
16831,3e-05
16832,3e-05
16833,3e-05
16834,3e-05
16835,3e-05
16836,3e-05
16837,3e-05
16838,3e-05
16839,3e-05
16840,3e-05
16841,3e-05
16842,3e-05
16843,3e-05
16844,3e-05
16845,3e-05
16846,3e-05
16847,3e-05
16848,3e-05
16849,3e-05
16850,3e-05
16851,3e-05
16852,3e-05
16853,3e-05
16854,3e-05
16855,3e-05
16856,3e-05
16857,3e-05
16858,3e-05
16859,3e-05
16860,3e-05
16861,3e-05
16862,3e-05
16863,3e-05
16864,3e-05
16865,3e-05
16866,3e-05
16867,3e-05
16868,3e-05
16869,3e-05
16870,3e-05
16871,3e-05
16872,3e-05
16873,3e-05
16874,3e-05
16875,3e-05
16876,3e-05
16877,3e-05
16878,3e-05
16879,3e-05
16880,3e-05
16881,3e-05
16882,3e-05
16883,3e-05
16884,3e-05
16885,3e-05
16886,3e-05
16887,3e-05
16888,3e-05
16889,3e-05
16890,3e-05
16891,3e-05
16892,3e-05
16893,3e-05
16894,3e-05
16895,3e-05
16896,3e-05
16897,3e-05
16898,3e-05
16899,3e-05
16900,3e-05
16901,3e-05
16902,3e-05
16903,3e-05
16904,3e-05
16905,3e-05
16906,3e-05
16907,3e-05
16908,3e-05
16909,3e-05
16910,3e-05
16911,3e-05
16912,3e-05
16913,3e-05
16914,3e-05
16915,3e-05
16916,3e-05
16917,3e-05
16918,3e-05
16919,3e-05
16920,3e-05
16921,3e-05
16922,3e-05
16923,3e-05
16924,3e-05
16925,3e-05
16926,3e-05
16927,3e-05
16928,3e-05
16929,3e-05
16930,3e-05
16931,3e-05
16932,3e-05
16933,3e-05
16934,3e-05
16935,3e-05
16936,3e-05
16937,3e-05
16938,3e-05
16939,3e-05
16940,3e-05
16941,3e-05
16942,3e-05
16943,3e-05
16944,3e-05
16945,3e-05
16946,3e-05
16947,3e-05
16948,3e-05
16949,3e-05
16950,3e-05
16951,3e-05
16952,3e-05
16953,3e-05
16954,3e-05
16955,3e-05
16956,3e-05
16957,3e-05
16958,3e-05
16959,3e-05
16960,3e-05
16961,3e-05
16962,3e-05
16963,3e-05
16964,3e-05
16965,3e-05
16966,3e-05
16967,3e-05
16968,3e-05
16969,3e-05
16970,3e-05
16971,3e-05
16972,3e-05
16973,3e-05
16974,3e-05
16975,3e-05
16976,3e-05
16977,3e-05
16978,3e-05
16979,3e-05
16980,3e-05
16981,3e-05
16982,3e-05
16983,3e-05
16984,3e-05
16985,3e-05
16986,3e-05
16987,3e-05
16988,3e-05
16989,3e-05
16990,3e-05
16991,3e-05
16992,3e-05
16993,3e-05
16994,3e-05
16995,3e-05
16996,3e-05
16997,3e-05
16998,3e-05
16999,3e-05
17000,3e-05
17001,3e-05
17002,3e-05
17003,3e-05
17004,3e-05
17005,3e-05
17006,3e-05
17007,3e-05
17008,3e-05
17009,3e-05
17010,3e-05
17011,3e-05
17012,3e-05
17013,3e-05
17014,3e-05
17015,3e-05
17016,3e-05
17017,3e-05
17018,3e-05
17019,3e-05
17020,3e-05
17021,3e-05
17022,3e-05
17023,3e-05
17024,3e-05
17025,3e-05
17026,3e-05
17027,3e-05
17028,3e-05
17029,3e-05
17030,3e-05
17031,3e-05
17032,3e-05
17033,3e-05
17034,3e-05
17035,3e-05
17036,3e-05
17037,3e-05
17038,3e-05
17039,3e-05
17040,3e-05
17041,3e-05
17042,3e-05
17043,3e-05
17044,3e-05
17045,3e-05
17046,3e-05
17047,3e-05
17048,3e-05
17049,3e-05
17050,3e-05
17051,3e-05
17052,3e-05
17053,3e-05
17054,3e-05
17055,3e-05
17056,3e-05
17057,3e-05
17058,3e-05
17059,3e-05
17060,3e-05
17061,3e-05
17062,3e-05
17063,3e-05
17064,3e-05
17065,3e-05
17066,3e-05
17067,3e-05
17068,3e-05
17069,3e-05
17070,3e-05
17071,3e-05
17072,3e-05
17073,3e-05
17074,3e-05
17075,3e-05
17076,3e-05
17077,3e-05
17078,3e-05
17079,3e-05
17080,3e-05
17081,3e-05
17082,3e-05
17083,3e-05
17084,3e-05
17085,3e-05
17086,3e-05
17087,3e-05
17088,3e-05
17089,3e-05
17090,3e-05
17091,3e-05
17092,3e-05
17093,3e-05
17094,3e-05
17095,3e-05
17096,3e-05
17097,3e-05
17098,3e-05
17099,3e-05
17100,3e-05
17101,3e-05
17102,3e-05
17103,3e-05
17104,3e-05
17105,3e-05
17106,3e-05
17107,3e-05
17108,3e-05
17109,3e-05
17110,3e-05
17111,3e-05
17112,3e-05
17113,3e-05
17114,3e-05
17115,3e-05
17116,3e-05
17117,3e-05
17118,3e-05
17119,3e-05
17120,3e-05
17121,3e-05
17122,3e-05
17123,3e-05
17124,3e-05
17125,3e-05
17126,3e-05
17127,3e-05
17128,3e-05
17129,3e-05
17130,3e-05
17131,3e-05
17132,3e-05
17133,3e-05
17134,3e-05
17135,3e-05
17136,3e-05
17137,3e-05
17138,3e-05
17139,3e-05
17140,3e-05
17141,3e-05
17142,3e-05
17143,3e-05
17144,3e-05
17145,3e-05
17146,3e-05
17147,3e-05
17148,3e-05
17149,3e-05
17150,3e-05
17151,3e-05
17152,3e-05
17153,3e-05
17154,3e-05
17155,3e-05
17156,3e-05
17157,3e-05
17158,3e-05
17159,3e-05
17160,3e-05
17161,3e-05
17162,3e-05
17163,3e-05
17164,3e-05
17165,3e-05
17166,3e-05
17167,3e-05
17168,3e-05
17169,3e-05
17170,3e-05
17171,3e-05
17172,3e-05
17173,3e-05
17174,3e-05
17175,3e-05
17176,3e-05
17177,3e-05
17178,3e-05
17179,3e-05
17180,3e-05
17181,3e-05
17182,3e-05
17183,3e-05
17184,3e-05
17185,3e-05
17186,3e-05
17187,3e-05
17188,3e-05
17189,3e-05
17190,3e-05
17191,3e-05
17192,3e-05
17193,3e-05
17194,3e-05
17195,3e-05
17196,3e-05
17197,3e-05
17198,3e-05
17199,3e-05
17200,3e-05
17201,3e-05
17202,3e-05
17203,3e-05
17204,3e-05
17205,3e-05
17206,3e-05
17207,3e-05
17208,3e-05
17209,3e-05
17210,3e-05
17211,3e-05
17212,3e-05
17213,3e-05
17214,3e-05
17215,3e-05
17216,3e-05
17217,3e-05
17218,3e-05
17219,3e-05
17220,3e-05
17221,3e-05
17222,3e-05
17223,3e-05
17224,3e-05
17225,3e-05
17226,3e-05
17227,3e-05
17228,3e-05
17229,3e-05
17230,3e-05
17231,3e-05
17232,3e-05
17233,3e-05
17234,3e-05
17235,3e-05
17236,3e-05
17237,3e-05
17238,3e-05
17239,3e-05
17240,3e-05
17241,3e-05
17242,3e-05
17243,3e-05
17244,3e-05
17245,3e-05
17246,3e-05
17247,3e-05
17248,3e-05
17249,3e-05
17250,3e-05
17251,3e-05
17252,3e-05
17253,3e-05
17254,3e-05
17255,3e-05
17256,3e-05
17257,3e-05
17258,3e-05
17259,3e-05
17260,3e-05
17261,3e-05
17262,3e-05
17263,3e-05
17264,3e-05
17265,3e-05
17266,3e-05
17267,3e-05
17268,3e-05
17269,3e-05
17270,3e-05
17271,3e-05
17272,3e-05
17273,3e-05
17274,3e-05
17275,3e-05
17276,3e-05
17277,3e-05
17278,3e-05
17279,3e-05
17280,3e-05
17281,3e-05
17282,3e-05
17283,3e-05
17284,3e-05
17285,3e-05
17286,3e-05
17287,3e-05
17288,3e-05
17289,3e-05
17290,3e-05
17291,3e-05
17292,3e-05
17293,3e-05
17294,3e-05
17295,3e-05
17296,3e-05
17297,3e-05
17298,3e-05
17299,3e-05
17300,3e-05
17301,3e-05
17302,3e-05
17303,3e-05
17304,3e-05
17305,3e-05
17306,3e-05
17307,3e-05
17308,3e-05
17309,3e-05
17310,3e-05
17311,3e-05
17312,3e-05
17313,3e-05
17314,3e-05
17315,3e-05
17316,3e-05
17317,3e-05
17318,3e-05
17319,3e-05
17320,3e-05
17321,3e-05
17322,3e-05
17323,3e-05
17324,3e-05
17325,3e-05
17326,3e-05
17327,3e-05
17328,3e-05
17329,3e-05
17330,3e-05
17331,3e-05
17332,3e-05
17333,3e-05
17334,3e-05
17335,3e-05
17336,3e-05
17337,3e-05
17338,3e-05
17339,3e-05
17340,3e-05
17341,3e-05
17342,3e-05
17343,3e-05
17344,3e-05
17345,3e-05
17346,3e-05
17347,3e-05
17348,3e-05
17349,3e-05
17350,3e-05
17351,3e-05
17352,3e-05
17353,3e-05
17354,3e-05
17355,3e-05
17356,3e-05
17357,3e-05
17358,3e-05
17359,3e-05
17360,3e-05
17361,3e-05
17362,3e-05
17363,3e-05
17364,3e-05
17365,3e-05
17366,3e-05
17367,3e-05
17368,3e-05
17369,3e-05
17370,3e-05
17371,3e-05
17372,3e-05
17373,3e-05
17374,3e-05
17375,3e-05
17376,3e-05
17377,3e-05
17378,3e-05
17379,3e-05
17380,3e-05
17381,3e-05
17382,3e-05
17383,3e-05
17384,3e-05
17385,3e-05
17386,3e-05
17387,3e-05
17388,3e-05
17389,3e-05
17390,3e-05
17391,3e-05
17392,3e-05
17393,3e-05
17394,3e-05
17395,3e-05
17396,3e-05
17397,3e-05
17398,3e-05
17399,3e-05
17400,3e-05
17401,3e-05
17402,3e-05
17403,3e-05
17404,3e-05
17405,3e-05
17406,3e-05
17407,3e-05
17408,3e-05
17409,3e-05
17410,3e-05
17411,3e-05
17412,3e-05
17413,3e-05
17414,3e-05
17415,3e-05
17416,3e-05
17417,3e-05
17418,3e-05
17419,3e-05
17420,3e-05
17421,3e-05
17422,3e-05
17423,3e-05
17424,3e-05
17425,3e-05
17426,3e-05
17427,3e-05
17428,3e-05
17429,3e-05
17430,3e-05
17431,3e-05
17432,3e-05
17433,3e-05
17434,3e-05
17435,3e-05
17436,3e-05
17437,3e-05
17438,3e-05
17439,3e-05
17440,3e-05
17441,3e-05
17442,3e-05
17443,3e-05
17444,3e-05
17445,3e-05
17446,3e-05
17447,3e-05
17448,3e-05
17449,3e-05
17450,3e-05
17451,3e-05
17452,3e-05
17453,3e-05
17454,3e-05
17455,3e-05
17456,3e-05
17457,3e-05
17458,3e-05
17459,3e-05
17460,3e-05
17461,3e-05
17462,3e-05
17463,3e-05
17464,3e-05
17465,3e-05
17466,3e-05
17467,3e-05
17468,3e-05
17469,3e-05
17470,3e-05
17471,3e-05
17472,3e-05
17473,3e-05
17474,3e-05
17475,3e-05
17476,3e-05
17477,3e-05
17478,3e-05
17479,3e-05
17480,3e-05
17481,3e-05
17482,3e-05
17483,3e-05
17484,3e-05
17485,3e-05
17486,3e-05
17487,3e-05
17488,3e-05
17489,3e-05
17490,3e-05
17491,3e-05
17492,3e-05
17493,3e-05
17494,3e-05
17495,3e-05
17496,3e-05
17497,3e-05
17498,3e-05
17499,3e-05
17500,3e-05
17501,3e-05
17502,3e-05
17503,3e-05
17504,3e-05
17505,3e-05
17506,3e-05
17507,3e-05
17508,3e-05
17509,3e-05
17510,3e-05
17511,3e-05
17512,3e-05
17513,3e-05
17514,3e-05
17515,3e-05
17516,3e-05
17517,3e-05
17518,3e-05
17519,3e-05
17520,3e-05
17521,3e-05
17522,3e-05
17523,3e-05
17524,3e-05
17525,3e-05
17526,3e-05
17527,3e-05
17528,3e-05
17529,3e-05
17530,3e-05
17531,3e-05
17532,3e-05
17533,3e-05
17534,3e-05
17535,3e-05
17536,3e-05
17537,3e-05
17538,3e-05
17539,3e-05
17540,3e-05
17541,3e-05
17542,3e-05
17543,3e-05
17544,3e-05
17545,3e-05
17546,3e-05
17547,3e-05
17548,3e-05
17549,3e-05
17550,3e-05
17551,3e-05
17552,3e-05
17553,3e-05
17554,3e-05
17555,3e-05
17556,3e-05
17557,3e-05
17558,3e-05
17559,3e-05
17560,3e-05
17561,3e-05
17562,3e-05
17563,3e-05
17564,3e-05
17565,3e-05
17566,3e-05
17567,3e-05
17568,3e-05
17569,3e-05
17570,3e-05
17571,3e-05
17572,3e-05
17573,3e-05
17574,3e-05
17575,3e-05
17576,3e-05
17577,3e-05
17578,3e-05
17579,3e-05
17580,3e-05
17581,3e-05
17582,3e-05
17583,3e-05
17584,3e-05
17585,3e-05
17586,3e-05
17587,3e-05
17588,3e-05
17589,3e-05
17590,3e-05
17591,3e-05
17592,3e-05
17593,3e-05
17594,3e-05
17595,3e-05
17596,3e-05
17597,3e-05
17598,3e-05
17599,3e-05
17600,3e-05
17601,3e-05
17602,3e-05
17603,3e-05
17604,3e-05
17605,3e-05
17606,3e-05
17607,3e-05
17608,3e-05
17609,3e-05
17610,3e-05
17611,3e-05
17612,3e-05
17613,3e-05
17614,3e-05
17615,3e-05
17616,3e-05
17617,3e-05
17618,3e-05
17619,3e-05
17620,3e-05
17621,3e-05
17622,3e-05
17623,3e-05
17624,3e-05
17625,3e-05
17626,3e-05
17627,3e-05
17628,3e-05
17629,3e-05
17630,3e-05
17631,3e-05
17632,3e-05
17633,3e-05
17634,3e-05
17635,3e-05
17636,3e-05
17637,3e-05
17638,3e-05
17639,3e-05
17640,3e-05
17641,3e-05
17642,3e-05
17643,3e-05
17644,3e-05
17645,3e-05
17646,3e-05
17647,3e-05
17648,3e-05
17649,3e-05
17650,3e-05
17651,3e-05
17652,3e-05
17653,3e-05
17654,3e-05
17655,3e-05
17656,3e-05
17657,3e-05
17658,3e-05
17659,3e-05
17660,3e-05
17661,3e-05
17662,3e-05
17663,3e-05
17664,3e-05
17665,3e-05
17666,3e-05
17667,3e-05
17668,3e-05
17669,3e-05
17670,3e-05
17671,3e-05
17672,3e-05
17673,3e-05
17674,3e-05
17675,3e-05
17676,3e-05
17677,3e-05
17678,3e-05
17679,3e-05
17680,3e-05
17681,3e-05
17682,3e-05
17683,3e-05
17684,3e-05
17685,3e-05
17686,3e-05
17687,3e-05
17688,3e-05
17689,3e-05
17690,3e-05
17691,3e-05
17692,3e-05
17693,3e-05
17694,3e-05
17695,3e-05
17696,3e-05
17697,3e-05
17698,3e-05
17699,3e-05
17700,3e-05
17701,3e-05
17702,3e-05
17703,3e-05
17704,3e-05
17705,3e-05
17706,3e-05
17707,3e-05
17708,3e-05
17709,3e-05
17710,3e-05
17711,3e-05
17712,3e-05
17713,3e-05
17714,3e-05
17715,3e-05
17716,3e-05
17717,3e-05
17718,3e-05
17719,3e-05
17720,3e-05
17721,3e-05
17722,3e-05
17723,3e-05
17724,3e-05
17725,3e-05
17726,3e-05
17727,3e-05
17728,3e-05
17729,3e-05
17730,3e-05
17731,3e-05
17732,3e-05
17733,3e-05
17734,3e-05
17735,3e-05
17736,3e-05
17737,3e-05
17738,3e-05
17739,3e-05
17740,3e-05
17741,3e-05
17742,3e-05
17743,3e-05
17744,3e-05
17745,3e-05
17746,3e-05
17747,3e-05
17748,3e-05
17749,3e-05
17750,3e-05
17751,3e-05
17752,3e-05
17753,3e-05
17754,3e-05
17755,3e-05
17756,3e-05
17757,3e-05
17758,3e-05
17759,3e-05
17760,3e-05
17761,3e-05
17762,3e-05
17763,3e-05
17764,3e-05
17765,3e-05
17766,3e-05
17767,3e-05
17768,3e-05
17769,3e-05
17770,3e-05
17771,3e-05
17772,3e-05
17773,3e-05
17774,3e-05
17775,3e-05
17776,3e-05
17777,3e-05
17778,3e-05
17779,3e-05
17780,3e-05
17781,3e-05
17782,3e-05
17783,3e-05
17784,3e-05
17785,3e-05
17786,3e-05
17787,3e-05
17788,3e-05
17789,3e-05
17790,3e-05
17791,3e-05
17792,3e-05
17793,3e-05
17794,3e-05
17795,3e-05
17796,3e-05
17797,3e-05
17798,3e-05
17799,3e-05
17800,3e-05
17801,3e-05
17802,3e-05
17803,3e-05
17804,3e-05
17805,3e-05
17806,3e-05
17807,3e-05
17808,3e-05
17809,3e-05
17810,3e-05
17811,3e-05
17812,3e-05
17813,3e-05
17814,3e-05
17815,3e-05
17816,3e-05
17817,3e-05
17818,3e-05
17819,3e-05
17820,3e-05
17821,3e-05
17822,3e-05
17823,3e-05
17824,3e-05
17825,3e-05
17826,3e-05
17827,3e-05
17828,3e-05
17829,3e-05
17830,3e-05
17831,3e-05
17832,3e-05
17833,3e-05
17834,3e-05
17835,3e-05
17836,3e-05
17837,3e-05
17838,3e-05
17839,3e-05
17840,3e-05
17841,3e-05
17842,3e-05
17843,3e-05
17844,3e-05
17845,3e-05
17846,3e-05
17847,3e-05
17848,3e-05
17849,3e-05
17850,3e-05
17851,3e-05
17852,3e-05
17853,3e-05
17854,3e-05
17855,3e-05
17856,3e-05
17857,3e-05
17858,3e-05
17859,3e-05
17860,3e-05
17861,3e-05
17862,3e-05
17863,3e-05
17864,3e-05
17865,3e-05
17866,3e-05
17867,3e-05
17868,3e-05
17869,3e-05
17870,3e-05
17871,3e-05
17872,3e-05
17873,3e-05
17874,3e-05
17875,3e-05
17876,3e-05
17877,3e-05
17878,3e-05
17879,3e-05
17880,3e-05
17881,3e-05
17882,3e-05
17883,3e-05
17884,3e-05
17885,3e-05
17886,3e-05
17887,3e-05
17888,3e-05
17889,3e-05
17890,3e-05
17891,3e-05
17892,3e-05
17893,3e-05
17894,3e-05
17895,3e-05
17896,3e-05
17897,3e-05
17898,3e-05
17899,3e-05
17900,3e-05
17901,3e-05
17902,3e-05
17903,3e-05
17904,3e-05
17905,3e-05
17906,3e-05
17907,3e-05
17908,3e-05
17909,3e-05
17910,3e-05
17911,3e-05
17912,3e-05
17913,3e-05
17914,3e-05
17915,3e-05
17916,3e-05
17917,3e-05
17918,3e-05
17919,3e-05
17920,3e-05
17921,3e-05
17922,3e-05
17923,3e-05
17924,3e-05
17925,3e-05
17926,3e-05
17927,3e-05
17928,3e-05
17929,3e-05
17930,3e-05
17931,3e-05
17932,3e-05
17933,3e-05
17934,3e-05
17935,3e-05
17936,3e-05
17937,3e-05
17938,3e-05
17939,3e-05
17940,3e-05
17941,3e-05
17942,3e-05
17943,3e-05
17944,3e-05
17945,3e-05
17946,3e-05
17947,3e-05
17948,3e-05
17949,3e-05
17950,3e-05
17951,3e-05
17952,3e-05
17953,3e-05
17954,3e-05
17955,3e-05
17956,3e-05
17957,3e-05
17958,3e-05
17959,3e-05
17960,3e-05
17961,3e-05
17962,3e-05
17963,3e-05
17964,3e-05
17965,3e-05
17966,3e-05
17967,3e-05
17968,3e-05
17969,3e-05
17970,3e-05
17971,3e-05
17972,3e-05
17973,3e-05
17974,3e-05
17975,3e-05
17976,3e-05
17977,3e-05
17978,3e-05
17979,3e-05
17980,3e-05
17981,3e-05
17982,3e-05
17983,3e-05
17984,3e-05
17985,3e-05
17986,3e-05
17987,3e-05
17988,3e-05
17989,3e-05
17990,3e-05
17991,3e-05
17992,3e-05
17993,3e-05
17994,3e-05
17995,3e-05
17996,3e-05
17997,3e-05
17998,3e-05
17999,3e-05
18000,3e-05
18001,3e-05
18002,3e-05
18003,3e-05
18004,3e-05
18005,3e-05
18006,3e-05
18007,3e-05
18008,3e-05
18009,3e-05
18010,3e-05
18011,3e-05
18012,3e-05
18013,3e-05
18014,3e-05
18015,3e-05
18016,3e-05
18017,3e-05
18018,3e-05
18019,3e-05
18020,3e-05
18021,3e-05
18022,3e-05
18023,3e-05
18024,3e-05
18025,3e-05
18026,3e-05
18027,3e-05
18028,3e-05
18029,3e-05
18030,3e-05
18031,3e-05
18032,3e-05
18033,3e-05
18034,3e-05
18035,3e-05
18036,3e-05
18037,3e-05
18038,3e-05
18039,3e-05
18040,3e-05
18041,3e-05
18042,3e-05
18043,3e-05
18044,3e-05
18045,3e-05
18046,3e-05
18047,3e-05
18048,3e-05
18049,3e-05
18050,3e-05
18051,3e-05
18052,3e-05
18053,3e-05
18054,3e-05
18055,3e-05
18056,3e-05
18057,3e-05
18058,3e-05
18059,3e-05
18060,3e-05
18061,3e-05
18062,3e-05
18063,3e-05
18064,3e-05
18065,3e-05
18066,3e-05
18067,3e-05
18068,3e-05
18069,3e-05
18070,3e-05
18071,3e-05
18072,3e-05
18073,3e-05
18074,3e-05
18075,3e-05
18076,3e-05
18077,3e-05
18078,3e-05
18079,3e-05
18080,3e-05
18081,3e-05
18082,3e-05
18083,3e-05
18084,3e-05
18085,3e-05
18086,3e-05
18087,3e-05
18088,3e-05
18089,3e-05
18090,3e-05
18091,3e-05
18092,3e-05
18093,3e-05
18094,3e-05
18095,3e-05
18096,3e-05
18097,3e-05
18098,3e-05
18099,3e-05
18100,3e-05
18101,3e-05
18102,3e-05
18103,3e-05
18104,3e-05
18105,3e-05
18106,3e-05
18107,3e-05
18108,3e-05
18109,3e-05
18110,3e-05
18111,3e-05
18112,3e-05
18113,3e-05
18114,3e-05
18115,3e-05
18116,3e-05
18117,3e-05
18118,3e-05
18119,3e-05
18120,3e-05
18121,3e-05
18122,3e-05
18123,3e-05
18124,3e-05
18125,3e-05
18126,3e-05
18127,3e-05
18128,3e-05
18129,3e-05
18130,3e-05
18131,3e-05
18132,3e-05
18133,3e-05
18134,3e-05
18135,3e-05
18136,3e-05
18137,3e-05
18138,3e-05
18139,3e-05
18140,3e-05
18141,3e-05
18142,3e-05
18143,3e-05
18144,3e-05
18145,3e-05
18146,3e-05
18147,3e-05
18148,3e-05
18149,3e-05
18150,3e-05
18151,3e-05
18152,3e-05
18153,3e-05
18154,3e-05
18155,3e-05
18156,3e-05
18157,3e-05
18158,3e-05
18159,3e-05
18160,3e-05
18161,3e-05
18162,3e-05
18163,3e-05
18164,3e-05
18165,3e-05
18166,3e-05
18167,3e-05
18168,3e-05
18169,3e-05
18170,3e-05
18171,3e-05
18172,3e-05
18173,3e-05
18174,3e-05
18175,3e-05
18176,3e-05
18177,3e-05
18178,3e-05
18179,3e-05
18180,3e-05
18181,3e-05
18182,3e-05
18183,3e-05
18184,3e-05
18185,3e-05
18186,3e-05
18187,3e-05
18188,3e-05
18189,3e-05
18190,3e-05
18191,3e-05
18192,3e-05
18193,3e-05
18194,3e-05
18195,3e-05
18196,3e-05
18197,3e-05
18198,3e-05
18199,3e-05
18200,3e-05
18201,3e-05
18202,3e-05
18203,3e-05
18204,3e-05
18205,3e-05
18206,3e-05
18207,3e-05
18208,3e-05
18209,3e-05
18210,3e-05
18211,3e-05
18212,3e-05
18213,3e-05
18214,3e-05
18215,3e-05
18216,3e-05
18217,3e-05
18218,3e-05
18219,3e-05
18220,3e-05
18221,3e-05
18222,3e-05
18223,3e-05
18224,3e-05
18225,3e-05
18226,3e-05
18227,3e-05
18228,3e-05
18229,3e-05
18230,3e-05
18231,3e-05
18232,3e-05
18233,3e-05
18234,3e-05
18235,3e-05
18236,3e-05
18237,3e-05
18238,3e-05
18239,3e-05
18240,3e-05
18241,3e-05
18242,3e-05
18243,3e-05
18244,3e-05
18245,3e-05
18246,3e-05
18247,3e-05
18248,3e-05
18249,3e-05
18250,3e-05
18251,3e-05
18252,3e-05
18253,3e-05
18254,3e-05
18255,3e-05
18256,3e-05
18257,3e-05
18258,3e-05
18259,3e-05
18260,3e-05
18261,3e-05
18262,3e-05
18263,3e-05
18264,3e-05
18265,3e-05
18266,3e-05
18267,3e-05
18268,3e-05
18269,3e-05
18270,3e-05
18271,3e-05
18272,3e-05
18273,3e-05
18274,3e-05
18275,3e-05
18276,3e-05
18277,3e-05
18278,3e-05
18279,3e-05
18280,3e-05
18281,3e-05
18282,3e-05
18283,3e-05
18284,3e-05
18285,3e-05
18286,3e-05
18287,3e-05
18288,3e-05
18289,3e-05
18290,3e-05
18291,3e-05
18292,3e-05
18293,3e-05
18294,3e-05
18295,3e-05
18296,3e-05
18297,3e-05
18298,3e-05
18299,3e-05
18300,3e-05
18301,3e-05
18302,3e-05
18303,3e-05
18304,3e-05
18305,3e-05
18306,3e-05
18307,3e-05
18308,3e-05
18309,3e-05
18310,3e-05
18311,3e-05
18312,3e-05
18313,3e-05
18314,3e-05
18315,3e-05
18316,3e-05
18317,3e-05
18318,3e-05
18319,3e-05
18320,3e-05
18321,3e-05
18322,3e-05
18323,3e-05
18324,3e-05
18325,3e-05
18326,3e-05
18327,3e-05
18328,3e-05
18329,3e-05
18330,3e-05
18331,3e-05
18332,3e-05
18333,3e-05
18334,3e-05
18335,3e-05
18336,3e-05
18337,3e-05
18338,3e-05
18339,3e-05
18340,3e-05
18341,3e-05
18342,3e-05
18343,3e-05
18344,3e-05
18345,3e-05
18346,3e-05
18347,3e-05
18348,3e-05
18349,3e-05
18350,3e-05
18351,3e-05
18352,3e-05
18353,3e-05
18354,3e-05
18355,3e-05
18356,3e-05
18357,3e-05
18358,3e-05
18359,3e-05
18360,3e-05
18361,3e-05
18362,3e-05
18363,3e-05
18364,3e-05
18365,3e-05
18366,3e-05
18367,3e-05
18368,3e-05
18369,3e-05
18370,3e-05
18371,3e-05
18372,3e-05
18373,3e-05
18374,3e-05
18375,3e-05
18376,3e-05
18377,3e-05
18378,3e-05
18379,3e-05
18380,3e-05
18381,3e-05
18382,3e-05
18383,3e-05
18384,3e-05
18385,3e-05
18386,3e-05
18387,3e-05
18388,3e-05
18389,3e-05
18390,3e-05
18391,3e-05
18392,3e-05
18393,3e-05
18394,3e-05
18395,3e-05
18396,3e-05
18397,3e-05
18398,3e-05
18399,3e-05
18400,3e-05
18401,3e-05
18402,3e-05
18403,3e-05
18404,3e-05
18405,3e-05
18406,3e-05
18407,3e-05
18408,3e-05
18409,3e-05
18410,3e-05
18411,3e-05
18412,3e-05
18413,3e-05
18414,3e-05
18415,3e-05
18416,3e-05
18417,3e-05
18418,3e-05
18419,3e-05
18420,3e-05
18421,3e-05
18422,3e-05
18423,3e-05
18424,3e-05
18425,3e-05
18426,3e-05
18427,3e-05
18428,3e-05
18429,3e-05
18430,3e-05
18431,3e-05
18432,3e-05
18433,3e-05
18434,3e-05
18435,3e-05
18436,3e-05
18437,3e-05
18438,3e-05
18439,3e-05
18440,3e-05
18441,3e-05
18442,3e-05
18443,3e-05
18444,3e-05
18445,3e-05
18446,3e-05
18447,3e-05
18448,3e-05
18449,3e-05
18450,3e-05
18451,3e-05
18452,3e-05
18453,3e-05
18454,3e-05
18455,3e-05
18456,3e-05
18457,3e-05
18458,3e-05
18459,3e-05
18460,3e-05
18461,3e-05
18462,3e-05
18463,3e-05
18464,3e-05
18465,3e-05
18466,3e-05
18467,3e-05
18468,3e-05
18469,3e-05
18470,3e-05
18471,3e-05
18472,3e-05
18473,3e-05
18474,3e-05
18475,3e-05
18476,3e-05
18477,3e-05
18478,3e-05
18479,3e-05
18480,3e-05
18481,3e-05
18482,3e-05
18483,3e-05
18484,3e-05
18485,3e-05
18486,3e-05
18487,3e-05
18488,3e-05
18489,3e-05
18490,3e-05
18491,3e-05
18492,3e-05
18493,3e-05
18494,3e-05
18495,3e-05
18496,3e-05
18497,3e-05
18498,3e-05
18499,3e-05
18500,3e-05
18501,3e-05
18502,3e-05
18503,3e-05
18504,3e-05
18505,3e-05
18506,3e-05
18507,3e-05
18508,3e-05
18509,3e-05
18510,3e-05
18511,3e-05
18512,3e-05
18513,3e-05
18514,3e-05
18515,3e-05
18516,3e-05
18517,3e-05
18518,3e-05
18519,3e-05
18520,3e-05
18521,3e-05
18522,3e-05
18523,3e-05
18524,3e-05
18525,3e-05
18526,3e-05
18527,3e-05
18528,3e-05
18529,3e-05
18530,3e-05
18531,3e-05
18532,3e-05
18533,3e-05
18534,3e-05
18535,3e-05
18536,3e-05
18537,3e-05
18538,3e-05
18539,3e-05
18540,3e-05
18541,3e-05
18542,3e-05
18543,3e-05
18544,3e-05
18545,3e-05
18546,3e-05
18547,3e-05
18548,3e-05
18549,3e-05
18550,3e-05
18551,3e-05
18552,3e-05
18553,3e-05
18554,3e-05
18555,3e-05
18556,3e-05
18557,3e-05
18558,3e-05
18559,3e-05
18560,3e-05
18561,3e-05
18562,3e-05
18563,3e-05
18564,3e-05
18565,3e-05
18566,3e-05
18567,3e-05
18568,3e-05
18569,3e-05
18570,3e-05
18571,3e-05
18572,3e-05
18573,3e-05
18574,3e-05
18575,3e-05
18576,3e-05
18577,3e-05
18578,3e-05
18579,3e-05
18580,3e-05
18581,3e-05
18582,3e-05
18583,3e-05
18584,3e-05
18585,3e-05
18586,3e-05
18587,3e-05
18588,3e-05
18589,3e-05
18590,3e-05
18591,3e-05
18592,3e-05
18593,3e-05
18594,3e-05
18595,3e-05
18596,3e-05
18597,3e-05
18598,3e-05
18599,3e-05
18600,3e-05
18601,3e-05
18602,3e-05
18603,3e-05
18604,3e-05
18605,3e-05
18606,3e-05
18607,3e-05
18608,3e-05
18609,3e-05
18610,3e-05
18611,3e-05
18612,3e-05
18613,3e-05
18614,3e-05
18615,3e-05
18616,3e-05
18617,3e-05
18618,3e-05
18619,3e-05
18620,3e-05
18621,3e-05
18622,3e-05
18623,3e-05
18624,3e-05
18625,3e-05
18626,3e-05
18627,3e-05
18628,3e-05
18629,3e-05
18630,3e-05
18631,3e-05
18632,3e-05
18633,3e-05
18634,3e-05
18635,3e-05
18636,3e-05
18637,3e-05
18638,3e-05
18639,3e-05
18640,3e-05
18641,3e-05
18642,3e-05
18643,3e-05
18644,3e-05
18645,3e-05
18646,3e-05
18647,3e-05
18648,3e-05
18649,3e-05
18650,3e-05
18651,3e-05
18652,3e-05
18653,3e-05
18654,3e-05
18655,3e-05
18656,3e-05
18657,3e-05
18658,3e-05
18659,3e-05
18660,3e-05
18661,3e-05
18662,3e-05
18663,3e-05
18664,3e-05
18665,3e-05
18666,3e-05
18667,3e-05
18668,3e-05
18669,3e-05
18670,3e-05
18671,3e-05
18672,3e-05
18673,3e-05
18674,3e-05
18675,3e-05
18676,3e-05
18677,3e-05
18678,3e-05
18679,3e-05
18680,3e-05
18681,3e-05
18682,3e-05
18683,3e-05
18684,3e-05
18685,3e-05
18686,3e-05
18687,3e-05
18688,3e-05
18689,3e-05
18690,3e-05
18691,3e-05
18692,3e-05
18693,3e-05
18694,3e-05
18695,3e-05
18696,3e-05
18697,3e-05
18698,3e-05
18699,3e-05
18700,3e-05
18701,3e-05
18702,3e-05
18703,3e-05
18704,3e-05
18705,3e-05
18706,3e-05
18707,3e-05
18708,3e-05
18709,3e-05
18710,3e-05
18711,3e-05
18712,3e-05
18713,3e-05
18714,3e-05
18715,3e-05
18716,3e-05
18717,3e-05
18718,3e-05
18719,3e-05
18720,3e-05
18721,3e-05
18722,3e-05
18723,3e-05
18724,3e-05
18725,3e-05
18726,3e-05
18727,3e-05
18728,3e-05
18729,3e-05
18730,3e-05
18731,3e-05
18732,3e-05
18733,3e-05
18734,3e-05
18735,3e-05
18736,3e-05
18737,3e-05
18738,3e-05
18739,3e-05
18740,3e-05
18741,3e-05
18742,3e-05
18743,3e-05
18744,3e-05
18745,3e-05
18746,3e-05
18747,3e-05
18748,3e-05
18749,3e-05
18750,3e-05
18751,3e-05
18752,3e-05
18753,3e-05
18754,3e-05
18755,3e-05
18756,3e-05
18757,3e-05
18758,3e-05
18759,3e-05
18760,3e-05
18761,3e-05
18762,3e-05
18763,3e-05
18764,3e-05
18765,3e-05
18766,3e-05
18767,3e-05
18768,3e-05
18769,3e-05
18770,3e-05
18771,3e-05
18772,3e-05
18773,3e-05
18774,3e-05
18775,3e-05
18776,3e-05
18777,3e-05
18778,3e-05
18779,3e-05
18780,3e-05
18781,3e-05
18782,3e-05
18783,3e-05
18784,3e-05
18785,3e-05
18786,3e-05
18787,3e-05
18788,3e-05
18789,3e-05
18790,3e-05
18791,3e-05
18792,3e-05
18793,3e-05
18794,3e-05
18795,3e-05
18796,3e-05
18797,3e-05
18798,3e-05
18799,3e-05
18800,3e-05
18801,3e-05
18802,3e-05
18803,3e-05
18804,3e-05
18805,3e-05
18806,3e-05
18807,3e-05
18808,3e-05
18809,3e-05
18810,3e-05
18811,3e-05
18812,3e-05
18813,3e-05
18814,3e-05
18815,3e-05
18816,3e-05
18817,3e-05
18818,3e-05
18819,3e-05
18820,3e-05
18821,3e-05
18822,3e-05
18823,3e-05
18824,3e-05
18825,3e-05
18826,3e-05
18827,3e-05
18828,3e-05
18829,3e-05
18830,3e-05
18831,3e-05
18832,3e-05
18833,3e-05
18834,3e-05
18835,3e-05
18836,3e-05
18837,3e-05
18838,3e-05
18839,3e-05
18840,3e-05
18841,3e-05
18842,3e-05
18843,3e-05
18844,3e-05
18845,3e-05
18846,3e-05
18847,3e-05
18848,3e-05
18849,3e-05
18850,3e-05
18851,3e-05
18852,3e-05
18853,3e-05
18854,3e-05
18855,3e-05
18856,3e-05
18857,3e-05
18858,3e-05
18859,3e-05
18860,3e-05
18861,3e-05
18862,3e-05
18863,3e-05
18864,3e-05
18865,3e-05
18866,3e-05
18867,3e-05
18868,3e-05
18869,3e-05
18870,3e-05
18871,3e-05
18872,3e-05
18873,3e-05
18874,3e-05
18875,3e-05
18876,3e-05
18877,3e-05
18878,3e-05
18879,3e-05
18880,3e-05
18881,3e-05
18882,3e-05
18883,3e-05
18884,3e-05
18885,3e-05
18886,3e-05
18887,3e-05
18888,3e-05
18889,3e-05
18890,3e-05
18891,3e-05
18892,3e-05
18893,3e-05
18894,3e-05
18895,3e-05
18896,3e-05
18897,3e-05
18898,3e-05
18899,3e-05
18900,3e-05
18901,3e-05
18902,3e-05
18903,3e-05
18904,3e-05
18905,3e-05
18906,3e-05
18907,3e-05
18908,3e-05
18909,3e-05
18910,3e-05
18911,3e-05
18912,3e-05
18913,3e-05
18914,3e-05
18915,3e-05
18916,3e-05
18917,3e-05
18918,3e-05
18919,3e-05
18920,3e-05
18921,3e-05
18922,3e-05
18923,3e-05
18924,3e-05
18925,3e-05
18926,3e-05
18927,3e-05
18928,3e-05
18929,3e-05
18930,3e-05
18931,3e-05
18932,3e-05
18933,3e-05
18934,3e-05
18935,3e-05
18936,3e-05
18937,3e-05
18938,3e-05
18939,3e-05
18940,3e-05
18941,3e-05
18942,3e-05
18943,3e-05
18944,3e-05
18945,3e-05
18946,3e-05
18947,3e-05
18948,3e-05
18949,3e-05
18950,3e-05
18951,3e-05
18952,3e-05
18953,3e-05
18954,3e-05
18955,3e-05
18956,3e-05
18957,3e-05
18958,3e-05
18959,3e-05
18960,3e-05
18961,3e-05
18962,3e-05
18963,3e-05
18964,3e-05
18965,3e-05
18966,3e-05
18967,3e-05
18968,3e-05
18969,3e-05
18970,3e-05
18971,3e-05
18972,3e-05
18973,3e-05
18974,3e-05
18975,3e-05
18976,3e-05
18977,3e-05
18978,3e-05
18979,3e-05
18980,3e-05
18981,3e-05
18982,3e-05
18983,3e-05
18984,3e-05
18985,3e-05
18986,3e-05
18987,3e-05
18988,3e-05
18989,3e-05
18990,3e-05
18991,3e-05
18992,3e-05
18993,3e-05
18994,3e-05
18995,3e-05
18996,3e-05
18997,3e-05
18998,3e-05
18999,3e-05
19000,3e-05
19001,3e-05
19002,3e-05
19003,3e-05
19004,3e-05
19005,3e-05
19006,3e-05
19007,3e-05
19008,3e-05
19009,3e-05
19010,3e-05
19011,3e-05
19012,3e-05
19013,3e-05
19014,3e-05
19015,3e-05
19016,3e-05
19017,3e-05
19018,3e-05
19019,3e-05
19020,3e-05
19021,3e-05
19022,3e-05
19023,3e-05
19024,3e-05
19025,3e-05
19026,3e-05
19027,3e-05
19028,3e-05
19029,3e-05
19030,3e-05
19031,3e-05
19032,3e-05
19033,3e-05
19034,3e-05
19035,3e-05
19036,3e-05
19037,3e-05
19038,3e-05
19039,3e-05
19040,3e-05
19041,3e-05
19042,3e-05
19043,3e-05
19044,3e-05
19045,3e-05
19046,3e-05
19047,3e-05
19048,3e-05
19049,3e-05
19050,3e-05
19051,3e-05
19052,3e-05
19053,3e-05
19054,3e-05
19055,3e-05
19056,3e-05
19057,3e-05
19058,3e-05
19059,3e-05
19060,3e-05
19061,3e-05
19062,3e-05
19063,3e-05
19064,3e-05
19065,3e-05
19066,3e-05
19067,3e-05
19068,3e-05
19069,3e-05
19070,3e-05
19071,3e-05
19072,3e-05
19073,3e-05
19074,3e-05
19075,3e-05
19076,3e-05
19077,3e-05
19078,3e-05
19079,3e-05
19080,3e-05
19081,3e-05
19082,3e-05
19083,3e-05
19084,3e-05
19085,3e-05
19086,3e-05
19087,3e-05
19088,3e-05
19089,3e-05
19090,3e-05
19091,3e-05
19092,3e-05
19093,3e-05
19094,3e-05
19095,3e-05
19096,3e-05
19097,3e-05
19098,3e-05
19099,3e-05
19100,3e-05
19101,3e-05
19102,3e-05
19103,3e-05
19104,3e-05
19105,3e-05
19106,3e-05
19107,3e-05
19108,3e-05
19109,3e-05
19110,3e-05
19111,3e-05
19112,3e-05
19113,3e-05
19114,3e-05
19115,3e-05
19116,3e-05
19117,3e-05
19118,3e-05
19119,3e-05
19120,3e-05
19121,3e-05
19122,3e-05
19123,3e-05
19124,3e-05
19125,3e-05
19126,3e-05
19127,3e-05
19128,3e-05
19129,3e-05
19130,3e-05
19131,3e-05
19132,3e-05
19133,3e-05
19134,3e-05
19135,3e-05
19136,3e-05
19137,3e-05
19138,3e-05
19139,3e-05
19140,3e-05
19141,3e-05
19142,3e-05
19143,3e-05
19144,3e-05
19145,3e-05
19146,3e-05
19147,3e-05
19148,3e-05
19149,3e-05
19150,3e-05
19151,3e-05
19152,3e-05
19153,3e-05
19154,3e-05
19155,3e-05
19156,3e-05
19157,3e-05
19158,3e-05
19159,3e-05
19160,3e-05
19161,3e-05
19162,3e-05
19163,3e-05
19164,3e-05
19165,3e-05
19166,3e-05
19167,3e-05
19168,3e-05
19169,3e-05
19170,3e-05
19171,3e-05
19172,3e-05
19173,3e-05
19174,3e-05
19175,3e-05
19176,3e-05
19177,3e-05
19178,3e-05
19179,3e-05
19180,3e-05
19181,3e-05
19182,3e-05
19183,3e-05
19184,3e-05
19185,3e-05
19186,3e-05
19187,3e-05
19188,3e-05
19189,3e-05
19190,3e-05
19191,3e-05
19192,3e-05
19193,3e-05
19194,3e-05
19195,3e-05
19196,3e-05
19197,3e-05
19198,3e-05
19199,3e-05
19200,3e-05
19201,3e-05
19202,3e-05
19203,3e-05
19204,3e-05
19205,3e-05
19206,3e-05
19207,3e-05
19208,3e-05
19209,3e-05
19210,3e-05
19211,3e-05
19212,3e-05
19213,3e-05
19214,3e-05
19215,3e-05
19216,3e-05
19217,3e-05
19218,3e-05
19219,3e-05
19220,3e-05
19221,3e-05
19222,3e-05
19223,3e-05
19224,3e-05
19225,3e-05
19226,3e-05
19227,3e-05
19228,3e-05
19229,3e-05
19230,3e-05
19231,3e-05
19232,3e-05
19233,3e-05
19234,3e-05
19235,3e-05
19236,3e-05
19237,3e-05
19238,3e-05
19239,3e-05
19240,3e-05
19241,3e-05
19242,3e-05
19243,3e-05
19244,3e-05
19245,3e-05
19246,3e-05
19247,3e-05
19248,3e-05
19249,3e-05
19250,3e-05
19251,3e-05
19252,3e-05
19253,3e-05
19254,3e-05
19255,3e-05
19256,3e-05
19257,3e-05
19258,3e-05
19259,3e-05
19260,3e-05
19261,3e-05
19262,3e-05
19263,3e-05
19264,3e-05
19265,3e-05
19266,3e-05
19267,3e-05
19268,3e-05
19269,3e-05
19270,3e-05
19271,3e-05
19272,3e-05
19273,3e-05
19274,3e-05
19275,3e-05
19276,3e-05
19277,3e-05
19278,3e-05
19279,3e-05
19280,3e-05
19281,3e-05
19282,3e-05
19283,3e-05
19284,3e-05
19285,3e-05
19286,3e-05
19287,3e-05
19288,3e-05
19289,3e-05
19290,3e-05
19291,3e-05
19292,3e-05
19293,3e-05
19294,3e-05
19295,3e-05
19296,3e-05
19297,3e-05
19298,3e-05
19299,3e-05
19300,3e-05
19301,3e-05
19302,3e-05
19303,3e-05
19304,3e-05
19305,3e-05
19306,3e-05
19307,3e-05
19308,3e-05
19309,3e-05
19310,3e-05
19311,3e-05
19312,3e-05
19313,3e-05
19314,3e-05
19315,3e-05
19316,3e-05
19317,3e-05
19318,3e-05
19319,3e-05
19320,3e-05
19321,3e-05
19322,3e-05
19323,3e-05
19324,3e-05
19325,3e-05
19326,3e-05
19327,3e-05
19328,3e-05
19329,3e-05
19330,3e-05
19331,3e-05
19332,3e-05
19333,3e-05
19334,3e-05
19335,3e-05
19336,3e-05
19337,3e-05
19338,3e-05
19339,3e-05
19340,3e-05
19341,3e-05
19342,3e-05
19343,3e-05
19344,3e-05
19345,3e-05
19346,3e-05
19347,3e-05
19348,3e-05
19349,3e-05
19350,3e-05
19351,3e-05
19352,3e-05
19353,3e-05
19354,3e-05
19355,3e-05
19356,3e-05
19357,3e-05
19358,3e-05
19359,3e-05
19360,3e-05
19361,3e-05
19362,3e-05
19363,3e-05
19364,3e-05
19365,3e-05
19366,3e-05
19367,3e-05
19368,3e-05
19369,3e-05
19370,3e-05
19371,3e-05
19372,3e-05
19373,3e-05
19374,3e-05
19375,3e-05
19376,3e-05
19377,3e-05
19378,3e-05
19379,3e-05
19380,3e-05
19381,3e-05
19382,3e-05
19383,3e-05
19384,3e-05
19385,3e-05
19386,3e-05
19387,3e-05
19388,3e-05
19389,3e-05
19390,3e-05
19391,3e-05
19392,3e-05
19393,3e-05
19394,3e-05
19395,3e-05
19396,3e-05
19397,3e-05
19398,3e-05
19399,3e-05
19400,3e-05
19401,3e-05
19402,3e-05
19403,3e-05
19404,3e-05
19405,3e-05
19406,3e-05
19407,3e-05
19408,3e-05
19409,3e-05
19410,3e-05
19411,3e-05
19412,3e-05
19413,3e-05
19414,3e-05
19415,3e-05
19416,3e-05
19417,3e-05
19418,3e-05
19419,3e-05
19420,3e-05
19421,3e-05
19422,3e-05
19423,3e-05
19424,3e-05
19425,3e-05
19426,3e-05
19427,3e-05
19428,3e-05
19429,3e-05
19430,3e-05
19431,3e-05
19432,3e-05
19433,3e-05
19434,3e-05
19435,3e-05
19436,3e-05
19437,3e-05
19438,3e-05
19439,3e-05
19440,3e-05
19441,3e-05
19442,3e-05
19443,3e-05
19444,3e-05
19445,3e-05
19446,3e-05
19447,3e-05
19448,3e-05
19449,3e-05
19450,3e-05
19451,3e-05
19452,3e-05
19453,3e-05
19454,3e-05
19455,3e-05
19456,3e-05
19457,3e-05
19458,3e-05
19459,3e-05
19460,3e-05
19461,3e-05
19462,3e-05
19463,3e-05
19464,3e-05
19465,3e-05
19466,3e-05
19467,3e-05
19468,3e-05
19469,3e-05
19470,3e-05
19471,3e-05
19472,3e-05
19473,3e-05
19474,3e-05
19475,3e-05
19476,3e-05
19477,3e-05
19478,3e-05
19479,3e-05
19480,3e-05
19481,3e-05
19482,3e-05
19483,3e-05
19484,3e-05
19485,3e-05
19486,3e-05
19487,3e-05
19488,3e-05
19489,3e-05
19490,3e-05
19491,3e-05
19492,3e-05
19493,3e-05
19494,3e-05
19495,3e-05
19496,3e-05
19497,3e-05
19498,3e-05
19499,3e-05
19500,3e-05
19501,3e-05
19502,3e-05
19503,3e-05
19504,3e-05
19505,3e-05
19506,3e-05
19507,3e-05
19508,3e-05
19509,3e-05
19510,3e-05
19511,3e-05
19512,3e-05
19513,3e-05
19514,3e-05
19515,3e-05
19516,3e-05
19517,3e-05
19518,3e-05
19519,3e-05
19520,3e-05
19521,3e-05
19522,3e-05
19523,3e-05
19524,3e-05
19525,3e-05
19526,3e-05
19527,3e-05
19528,3e-05
19529,3e-05
19530,3e-05
19531,3e-05
19532,3e-05
19533,3e-05
19534,3e-05
19535,3e-05
19536,3e-05
19537,3e-05
19538,3e-05
19539,3e-05
19540,3e-05
19541,3e-05
19542,3e-05
19543,3e-05
19544,3e-05
19545,3e-05
19546,3e-05
19547,3e-05
19548,3e-05
19549,3e-05
19550,3e-05
19551,3e-05
19552,3e-05
19553,3e-05
19554,3e-05
19555,3e-05
19556,3e-05
19557,3e-05
19558,3e-05
19559,3e-05
19560,3e-05
19561,3e-05
19562,3e-05
19563,3e-05
19564,3e-05
19565,3e-05
19566,3e-05
19567,3e-05
19568,3e-05
19569,3e-05
19570,3e-05
19571,3e-05
19572,3e-05
19573,3e-05
19574,3e-05
19575,3e-05
19576,3e-05
19577,3e-05
19578,3e-05
19579,3e-05
19580,3e-05
19581,3e-05
19582,3e-05
19583,3e-05
19584,3e-05
19585,3e-05
19586,3e-05
19587,3e-05
19588,3e-05
19589,3e-05
19590,3e-05
19591,3e-05
19592,3e-05
19593,3e-05
19594,3e-05
19595,3e-05
19596,3e-05
19597,3e-05
19598,3e-05
19599,3e-05
19600,3e-05
19601,3e-05
19602,3e-05
19603,3e-05
19604,3e-05
19605,3e-05
19606,3e-05
19607,3e-05
19608,3e-05
19609,3e-05
19610,3e-05
19611,3e-05
19612,3e-05
19613,3e-05
19614,3e-05
19615,3e-05
19616,3e-05
19617,3e-05
19618,3e-05
19619,3e-05
19620,3e-05
19621,3e-05
19622,3e-05
19623,3e-05
19624,3e-05
19625,3e-05
19626,3e-05
19627,3e-05
19628,3e-05
19629,3e-05
19630,3e-05
19631,3e-05
19632,3e-05
19633,3e-05
19634,3e-05
19635,3e-05
19636,3e-05
19637,3e-05
19638,3e-05
19639,3e-05
19640,3e-05
19641,3e-05
19642,3e-05
19643,3e-05
19644,3e-05
19645,3e-05
19646,3e-05
19647,3e-05
19648,3e-05
19649,3e-05
19650,3e-05
19651,3e-05
19652,3e-05
19653,3e-05
19654,3e-05
19655,3e-05
19656,3e-05
19657,3e-05
19658,3e-05
19659,3e-05
19660,3e-05
19661,3e-05
19662,3e-05
19663,3e-05
19664,3e-05
19665,3e-05
19666,3e-05
19667,3e-05
19668,3e-05
19669,3e-05
19670,3e-05
19671,3e-05
19672,3e-05
19673,3e-05
19674,3e-05
19675,3e-05
19676,3e-05
19677,3e-05
19678,3e-05
19679,3e-05
19680,3e-05
19681,3e-05
19682,3e-05
19683,3e-05
19684,3e-05
19685,3e-05
19686,3e-05
19687,3e-05
19688,3e-05
19689,3e-05
19690,3e-05
19691,3e-05
19692,3e-05
19693,3e-05
19694,3e-05
19695,3e-05
19696,3e-05
19697,3e-05
19698,3e-05
19699,3e-05
19700,3e-05
19701,3e-05
19702,3e-05
19703,3e-05
19704,3e-05
19705,3e-05
19706,3e-05
19707,3e-05
19708,3e-05
19709,3e-05
19710,3e-05
19711,3e-05
19712,3e-05
19713,3e-05
19714,3e-05
19715,3e-05
19716,3e-05
19717,3e-05
19718,3e-05
19719,3e-05
19720,3e-05
19721,3e-05
19722,3e-05
19723,3e-05
19724,3e-05
19725,3e-05
19726,3e-05
19727,3e-05
19728,3e-05
19729,3e-05
19730,3e-05
19731,3e-05
19732,3e-05
19733,3e-05
19734,3e-05
19735,3e-05
19736,3e-05
19737,3e-05
19738,3e-05
19739,3e-05
19740,3e-05
19741,3e-05
19742,3e-05
19743,3e-05
19744,3e-05
19745,3e-05
19746,3e-05
19747,3e-05
19748,3e-05
19749,3e-05
19750,3e-05
19751,3e-05
19752,3e-05
19753,3e-05
19754,3e-05
19755,3e-05
19756,3e-05
19757,3e-05
19758,3e-05
19759,3e-05
19760,3e-05
19761,3e-05
19762,3e-05
19763,3e-05
19764,3e-05
19765,3e-05
19766,3e-05
19767,3e-05
19768,3e-05
19769,3e-05
19770,3e-05
19771,3e-05
19772,3e-05
19773,3e-05
19774,3e-05
19775,3e-05
19776,3e-05
19777,3e-05
19778,3e-05
19779,3e-05
19780,3e-05
19781,3e-05
19782,3e-05
19783,3e-05
19784,3e-05
19785,3e-05
19786,3e-05
19787,3e-05
19788,3e-05
19789,3e-05
19790,3e-05
19791,3e-05
19792,3e-05
19793,3e-05
19794,3e-05
19795,3e-05
19796,3e-05
19797,3e-05
19798,3e-05
19799,3e-05
19800,3e-05
19801,3e-05
19802,3e-05
19803,3e-05
19804,3e-05
19805,3e-05
19806,3e-05
19807,3e-05
19808,3e-05
19809,3e-05
19810,3e-05
19811,3e-05
19812,3e-05
19813,3e-05
19814,3e-05
19815,3e-05
19816,3e-05
19817,3e-05
19818,3e-05
19819,3e-05
19820,3e-05
19821,3e-05
19822,3e-05
19823,3e-05
19824,3e-05
19825,3e-05
19826,3e-05
19827,3e-05
19828,3e-05
19829,3e-05
19830,3e-05
19831,3e-05
19832,3e-05
19833,3e-05
19834,3e-05
19835,3e-05
19836,3e-05
19837,3e-05
19838,3e-05
19839,3e-05
19840,3e-05
19841,3e-05
19842,3e-05
19843,3e-05
19844,3e-05
19845,3e-05
19846,3e-05
19847,3e-05
19848,3e-05
19849,3e-05
19850,3e-05
19851,3e-05
19852,3e-05
19853,3e-05
19854,3e-05
19855,3e-05
19856,3e-05
19857,3e-05
19858,3e-05
19859,3e-05
19860,3e-05
19861,3e-05
19862,3e-05
19863,3e-05
19864,3e-05
19865,3e-05
19866,3e-05
19867,3e-05
19868,3e-05
19869,3e-05
19870,3e-05
19871,3e-05
19872,3e-05
19873,3e-05
19874,3e-05
19875,3e-05
19876,3e-05
19877,3e-05
19878,3e-05
19879,3e-05
19880,3e-05
19881,3e-05
19882,3e-05
19883,3e-05
19884,3e-05
19885,3e-05
19886,3e-05
19887,3e-05
19888,3e-05
19889,3e-05
19890,3e-05
19891,3e-05
19892,3e-05
19893,3e-05
19894,3e-05
19895,3e-05
19896,3e-05
19897,3e-05
19898,3e-05
19899,3e-05
19900,3e-05
19901,3e-05
19902,3e-05
19903,3e-05
19904,3e-05
19905,3e-05
19906,3e-05
19907,3e-05
19908,3e-05
19909,3e-05
19910,3e-05
19911,3e-05
19912,3e-05
19913,3e-05
19914,3e-05
19915,3e-05
19916,3e-05
19917,3e-05
19918,3e-05
19919,3e-05
19920,3e-05
19921,3e-05
19922,3e-05
19923,3e-05
19924,3e-05
19925,3e-05
19926,3e-05
19927,3e-05
19928,3e-05
19929,3e-05
19930,3e-05
19931,3e-05
19932,3e-05
19933,3e-05
19934,3e-05
19935,3e-05
19936,3e-05
19937,3e-05
19938,3e-05
19939,3e-05
19940,3e-05
19941,3e-05
19942,3e-05
19943,3e-05
19944,3e-05
19945,3e-05
19946,3e-05
19947,3e-05
19948,3e-05
19949,3e-05
19950,3e-05
19951,3e-05
19952,3e-05
19953,3e-05
19954,3e-05
19955,3e-05
19956,3e-05
19957,3e-05
19958,3e-05
19959,3e-05
19960,3e-05
19961,3e-05
19962,3e-05
19963,3e-05
19964,3e-05
19965,3e-05
19966,3e-05
19967,3e-05
19968,3e-05
19969,3e-05
19970,3e-05
19971,3e-05
19972,3e-05
19973,3e-05
19974,3e-05
19975,3e-05
19976,3e-05
19977,3e-05
19978,3e-05
19979,3e-05
19980,3e-05
19981,3e-05
19982,3e-05
19983,3e-05
19984,3e-05
19985,3e-05
19986,3e-05
19987,3e-05
19988,3e-05
19989,3e-05
19990,3e-05
19991,3e-05
19992,3e-05
19993,3e-05
19994,3e-05
19995,3e-05
19996,3e-05
19997,3e-05
19998,3e-05
19999,3e-05
20000,3e-05
20001,3e-05
20002,3e-05
20003,3e-05
20004,3e-05
20005,3e-05
20006,3e-05
20007,3e-05
20008,3e-05
20009,3e-05
20010,3e-05
20011,3e-05
20012,3e-05
20013,3e-05
20014,3e-05
20015,3e-05
20016,3e-05
20017,3e-05
20018,3e-05
20019,3e-05
20020,3e-05
20021,3e-05
20022,3e-05
20023,3e-05
20024,3e-05
20025,3e-05
20026,3e-05
20027,3e-05
20028,3e-05
20029,3e-05
20030,3e-05
20031,3e-05
20032,3e-05
20033,3e-05
20034,3e-05
20035,3e-05
20036,3e-05
20037,3e-05
20038,3e-05
20039,3e-05
20040,3e-05
20041,3e-05
20042,3e-05
20043,3e-05
20044,3e-05
20045,3e-05
20046,3e-05
20047,3e-05
20048,3e-05
20049,3e-05
20050,3e-05
20051,3e-05
20052,3e-05
20053,3e-05
20054,3e-05
20055,3e-05
20056,3e-05
20057,3e-05
20058,3e-05
20059,3e-05
20060,3e-05
20061,3e-05
20062,3e-05
20063,3e-05
20064,3e-05
20065,3e-05
20066,3e-05
20067,3e-05
20068,3e-05
20069,3e-05
20070,3e-05
20071,3e-05
20072,3e-05
20073,3e-05
20074,3e-05
20075,3e-05
20076,3e-05
20077,3e-05
20078,3e-05
20079,3e-05
20080,3e-05
20081,3e-05
20082,3e-05
20083,3e-05
20084,3e-05
20085,3e-05
20086,3e-05
20087,3e-05
20088,3e-05
20089,3e-05
20090,3e-05
20091,3e-05
20092,3e-05
20093,3e-05
20094,3e-05
20095,3e-05
20096,3e-05
20097,3e-05
20098,3e-05
20099,3e-05
20100,3e-05
20101,3e-05
20102,3e-05
20103,3e-05
20104,3e-05
20105,3e-05
20106,3e-05
20107,3e-05
20108,3e-05
20109,3e-05
20110,3e-05
20111,3e-05
20112,3e-05
20113,3e-05
20114,3e-05
20115,3e-05
20116,3e-05
20117,3e-05
20118,3e-05
20119,3e-05
20120,3e-05
20121,3e-05
20122,3e-05
20123,3e-05
20124,3e-05
20125,3e-05
20126,3e-05
20127,3e-05
20128,3e-05
20129,3e-05
20130,3e-05
20131,3e-05
20132,3e-05
20133,3e-05
20134,3e-05
20135,3e-05
20136,3e-05
20137,3e-05
20138,3e-05
20139,3e-05
20140,3e-05
20141,3e-05
20142,3e-05
20143,3e-05
20144,3e-05
20145,3e-05
20146,3e-05
20147,3e-05
20148,3e-05
20149,3e-05
20150,3e-05
20151,3e-05
20152,3e-05
20153,3e-05
20154,3e-05
20155,3e-05
20156,3e-05
20157,3e-05
20158,3e-05
20159,3e-05
20160,3e-05
20161,3e-05
20162,3e-05
20163,3e-05
20164,3e-05
20165,3e-05
20166,3e-05
20167,3e-05
20168,3e-05
20169,3e-05
20170,3e-05
20171,3e-05
20172,3e-05
20173,3e-05
20174,3e-05
20175,3e-05
20176,3e-05
20177,3e-05
20178,3e-05
20179,3e-05
20180,3e-05
20181,3e-05
20182,3e-05
20183,3e-05
20184,3e-05
20185,3e-05
20186,3e-05
20187,3e-05
20188,3e-05
20189,3e-05
20190,3e-05
20191,3e-05
20192,3e-05
20193,3e-05
20194,3e-05
20195,3e-05
20196,3e-05
20197,3e-05
20198,3e-05
20199,3e-05
20200,3e-05
20201,3e-05
20202,3e-05
20203,3e-05
20204,3e-05
20205,3e-05
20206,3e-05
20207,3e-05
20208,3e-05
20209,3e-05
20210,3e-05
20211,3e-05
20212,3e-05
20213,3e-05
20214,3e-05
20215,3e-05
20216,3e-05
20217,3e-05
20218,3e-05
20219,3e-05
20220,3e-05
20221,3e-05
20222,3e-05
20223,3e-05
20224,3e-05
20225,3e-05
20226,3e-05
20227,3e-05
20228,3e-05
20229,3e-05
20230,3e-05
20231,3e-05
20232,3e-05
20233,3e-05
20234,3e-05
20235,3e-05
20236,3e-05
20237,3e-05
20238,3e-05
20239,3e-05
20240,3e-05
20241,3e-05
20242,3e-05
20243,3e-05
20244,3e-05
20245,3e-05
20246,3e-05
20247,3e-05
20248,3e-05
20249,3e-05
20250,3e-05
20251,3e-05
20252,3e-05
20253,3e-05
20254,3e-05
20255,3e-05
20256,3e-05
20257,3e-05
20258,3e-05
20259,3e-05
20260,3e-05
20261,3e-05
20262,3e-05
20263,3e-05
20264,3e-05
20265,3e-05
20266,3e-05
20267,3e-05
20268,3e-05
20269,3e-05
20270,3e-05
20271,3e-05
20272,3e-05
20273,3e-05
20274,3e-05
20275,3e-05
20276,3e-05
20277,3e-05
20278,3e-05
20279,3e-05
20280,3e-05
20281,3e-05
20282,3e-05
20283,3e-05
20284,3e-05
20285,3e-05
20286,3e-05
20287,3e-05
20288,3e-05
20289,3e-05
20290,3e-05
20291,3e-05
20292,3e-05
20293,3e-05
20294,3e-05
20295,3e-05
20296,3e-05
20297,3e-05
20298,3e-05
20299,3e-05
20300,3e-05
20301,3e-05
20302,3e-05
20303,3e-05
20304,3e-05
20305,3e-05
20306,3e-05
20307,3e-05
20308,3e-05
20309,3e-05
20310,3e-05
20311,3e-05
20312,3e-05
20313,3e-05
20314,3e-05
20315,3e-05
20316,3e-05
20317,3e-05
20318,3e-05
20319,3e-05
20320,3e-05
20321,3e-05
20322,3e-05
20323,3e-05
20324,3e-05
20325,3e-05
20326,3e-05
20327,3e-05
20328,3e-05
20329,3e-05
20330,3e-05
20331,3e-05
20332,3e-05
20333,3e-05
20334,3e-05
20335,3e-05
20336,3e-05
20337,3e-05
20338,3e-05
20339,3e-05
20340,3e-05
20341,3e-05
20342,3e-05
20343,3e-05
20344,3e-05
20345,3e-05
20346,3e-05
20347,3e-05
20348,3e-05
20349,3e-05
20350,3e-05
20351,3e-05
20352,3e-05
20353,3e-05
20354,3e-05
20355,3e-05
20356,3e-05
20357,3e-05
20358,3e-05
20359,3e-05
20360,3e-05
20361,3e-05
20362,3e-05
20363,3e-05
20364,3e-05
20365,3e-05
20366,3e-05
20367,3e-05
20368,3e-05
20369,3e-05
20370,3e-05
20371,3e-05
20372,3e-05
20373,3e-05
20374,3e-05
20375,3e-05
20376,3e-05
20377,3e-05
20378,3e-05
20379,3e-05
20380,3e-05
20381,3e-05
20382,3e-05
20383,3e-05
20384,3e-05
20385,3e-05
20386,3e-05
20387,3e-05
20388,3e-05
20389,3e-05
20390,3e-05
20391,3e-05
20392,3e-05
20393,3e-05
20394,3e-05
20395,3e-05
20396,3e-05
20397,3e-05
20398,3e-05
20399,3e-05
20400,3e-05
20401,3e-05
20402,3e-05
20403,3e-05
20404,3e-05
20405,3e-05
20406,3e-05
20407,3e-05
20408,3e-05
20409,3e-05
20410,3e-05
20411,3e-05
20412,3e-05
20413,3e-05
20414,3e-05
20415,3e-05
20416,3e-05
20417,3e-05
20418,3e-05
20419,3e-05
20420,3e-05
20421,3e-05
20422,3e-05
20423,3e-05
20424,3e-05
20425,3e-05
20426,3e-05
20427,3e-05
20428,3e-05
20429,3e-05
20430,3e-05
20431,3e-05
20432,3e-05
20433,3e-05
20434,3e-05
20435,3e-05
20436,3e-05
20437,3e-05
20438,3e-05
20439,3e-05
20440,3e-05
20441,3e-05
20442,3e-05
20443,3e-05
20444,3e-05
20445,3e-05
20446,3e-05
20447,3e-05
20448,3e-05
20449,3e-05
20450,3e-05
20451,3e-05
20452,3e-05
20453,3e-05
20454,3e-05
20455,3e-05
20456,3e-05
20457,3e-05
20458,3e-05
20459,3e-05
20460,3e-05
20461,3e-05
20462,3e-05
20463,3e-05
20464,3e-05
20465,3e-05
20466,3e-05
20467,3e-05
20468,3e-05
20469,3e-05
20470,3e-05
20471,3e-05
20472,3e-05
20473,3e-05
20474,3e-05
20475,3e-05
20476,3e-05
20477,3e-05
20478,3e-05
20479,3e-05
20480,3e-05
20481,3e-05
20482,3e-05
20483,3e-05
20484,3e-05
20485,3e-05
20486,3e-05
20487,3e-05
20488,3e-05
20489,3e-05
20490,3e-05
20491,3e-05
20492,3e-05
20493,3e-05
20494,3e-05
20495,3e-05
20496,3e-05
20497,3e-05
20498,3e-05
20499,3e-05
20500,3e-05
20501,3e-05
20502,3e-05
20503,3e-05
20504,3e-05
20505,3e-05
20506,3e-05
20507,3e-05
20508,3e-05
20509,3e-05
20510,3e-05
20511,3e-05
20512,3e-05
20513,3e-05
20514,3e-05
20515,3e-05
20516,3e-05
20517,3e-05
20518,3e-05
20519,3e-05
20520,3e-05
20521,3e-05
20522,3e-05
20523,3e-05
20524,3e-05
20525,3e-05
20526,3e-05
20527,3e-05
20528,3e-05
20529,3e-05
20530,3e-05
20531,3e-05
20532,3e-05
20533,3e-05
20534,3e-05
20535,3e-05
20536,3e-05
20537,3e-05
20538,3e-05
20539,3e-05
20540,3e-05
20541,3e-05
20542,3e-05
20543,3e-05
20544,3e-05
20545,3e-05
20546,3e-05
20547,3e-05
20548,3e-05
20549,3e-05
20550,3e-05
20551,3e-05
20552,3e-05
20553,3e-05
20554,3e-05
20555,3e-05
20556,3e-05
20557,3e-05
20558,3e-05
20559,3e-05
20560,3e-05
20561,3e-05
20562,3e-05
20563,3e-05
20564,3e-05
20565,3e-05
20566,3e-05
20567,3e-05
20568,3e-05
20569,3e-05
20570,3e-05
20571,3e-05
20572,3e-05
20573,3e-05
20574,3e-05
20575,3e-05
20576,3e-05
20577,3e-05
20578,3e-05
20579,3e-05
20580,3e-05
20581,3e-05
20582,3e-05
20583,3e-05
20584,3e-05
20585,3e-05
20586,3e-05
20587,3e-05
20588,3e-05
20589,3e-05
20590,3e-05
20591,3e-05
20592,3e-05
20593,3e-05
20594,3e-05
20595,3e-05
20596,3e-05
20597,3e-05
20598,3e-05
20599,3e-05
20600,3e-05
20601,3e-05
20602,3e-05
20603,3e-05
20604,3e-05
20605,3e-05
20606,3e-05
20607,3e-05
20608,3e-05
20609,3e-05
20610,3e-05
20611,3e-05
20612,3e-05
20613,3e-05
20614,3e-05
20615,3e-05
20616,3e-05
20617,3e-05
20618,3e-05
20619,3e-05
20620,3e-05
20621,3e-05
20622,3e-05
20623,3e-05
20624,3e-05
20625,3e-05
20626,3e-05
20627,3e-05
20628,3e-05
20629,3e-05
20630,3e-05
20631,3e-05
20632,3e-05
20633,3e-05
20634,3e-05
20635,3e-05
20636,3e-05
20637,3e-05
20638,3e-05
20639,3e-05
20640,3e-05
20641,3e-05
20642,3e-05
20643,3e-05
20644,3e-05
20645,3e-05
20646,3e-05
20647,3e-05
20648,3e-05
20649,3e-05
20650,3e-05
20651,3e-05
20652,3e-05
20653,3e-05
20654,3e-05
20655,3e-05
20656,3e-05
20657,3e-05
20658,3e-05
20659,3e-05
20660,3e-05
20661,3e-05
20662,3e-05
20663,3e-05
20664,3e-05
20665,3e-05
20666,3e-05
20667,3e-05
20668,3e-05
20669,3e-05
20670,3e-05
20671,3e-05
20672,3e-05
20673,3e-05
20674,3e-05
20675,3e-05
20676,3e-05
20677,3e-05
20678,3e-05
20679,3e-05
20680,3e-05
20681,3e-05
20682,3e-05
20683,3e-05
20684,3e-05
20685,3e-05
20686,3e-05
20687,3e-05
20688,3e-05
20689,3e-05
20690,3e-05
20691,3e-05
20692,3e-05
20693,3e-05
20694,3e-05
20695,3e-05
20696,3e-05
20697,3e-05
20698,3e-05
20699,3e-05
20700,3e-05
20701,3e-05
20702,3e-05
20703,3e-05
20704,3e-05
20705,3e-05
20706,3e-05
20707,3e-05
20708,3e-05
20709,3e-05
20710,3e-05
20711,3e-05
20712,3e-05
20713,3e-05
20714,3e-05
20715,3e-05
20716,3e-05
20717,3e-05
20718,3e-05
20719,3e-05
20720,3e-05
20721,3e-05
20722,3e-05
20723,3e-05
20724,3e-05
20725,3e-05
20726,3e-05
20727,3e-05
20728,3e-05
20729,3e-05
20730,3e-05
20731,3e-05
20732,3e-05
20733,3e-05
20734,3e-05
20735,3e-05
20736,3e-05
20737,3e-05
20738,3e-05
20739,3e-05
20740,3e-05
20741,3e-05
20742,3e-05
20743,3e-05
20744,3e-05
20745,3e-05
20746,3e-05
20747,3e-05
20748,3e-05
20749,3e-05
20750,3e-05
20751,3e-05
20752,3e-05
20753,3e-05
20754,3e-05
20755,3e-05
20756,3e-05
20757,3e-05
20758,3e-05
20759,3e-05
20760,3e-05
20761,3e-05
20762,3e-05
20763,3e-05
20764,3e-05
20765,3e-05
20766,3e-05
20767,3e-05
20768,3e-05
20769,3e-05
20770,3e-05
20771,3e-05
20772,3e-05
20773,3e-05
20774,3e-05
20775,3e-05
20776,3e-05
20777,3e-05
20778,3e-05
20779,3e-05
20780,3e-05
20781,3e-05
20782,3e-05
20783,3e-05
20784,3e-05
20785,3e-05
20786,3e-05
20787,3e-05
20788,3e-05
20789,3e-05
20790,3e-05
20791,3e-05
20792,3e-05
20793,3e-05
20794,3e-05
20795,3e-05
20796,3e-05
20797,3e-05
20798,3e-05
20799,3e-05
20800,3e-05
20801,3e-05
20802,3e-05
20803,3e-05
20804,3e-05
20805,3e-05
20806,3e-05
20807,3e-05
20808,3e-05
20809,3e-05
20810,3e-05
20811,3e-05
20812,3e-05
20813,3e-05
20814,3e-05
20815,3e-05
20816,3e-05
20817,3e-05
20818,3e-05
20819,3e-05
20820,3e-05
20821,3e-05
20822,3e-05
20823,3e-05
20824,3e-05
20825,3e-05
20826,3e-05
20827,3e-05
20828,3e-05
20829,3e-05
20830,3e-05
20831,3e-05
20832,3e-05
20833,3e-05
20834,3e-05
20835,3e-05
20836,3e-05
20837,3e-05
20838,3e-05
20839,3e-05
20840,3e-05
20841,3e-05
20842,3e-05
20843,3e-05
20844,3e-05
20845,3e-05
20846,3e-05
20847,3e-05
20848,3e-05
20849,3e-05
20850,3e-05
20851,3e-05
20852,3e-05
20853,3e-05
20854,3e-05
20855,3e-05
20856,3e-05
20857,3e-05
20858,3e-05
20859,3e-05
20860,3e-05
20861,3e-05
20862,3e-05
20863,3e-05
20864,3e-05
20865,3e-05
20866,3e-05
20867,3e-05
20868,3e-05
20869,3e-05
20870,3e-05
20871,3e-05
20872,3e-05
20873,3e-05
20874,3e-05
20875,3e-05
20876,3e-05
20877,3e-05
20878,3e-05
20879,3e-05
20880,3e-05
20881,3e-05
20882,3e-05
20883,3e-05
20884,3e-05
20885,3e-05
20886,3e-05
20887,3e-05
20888,3e-05
20889,3e-05
20890,3e-05
20891,3e-05
20892,3e-05
20893,3e-05
20894,3e-05
20895,3e-05
20896,3e-05
20897,3e-05
20898,3e-05
20899,3e-05
20900,3e-05
20901,3e-05
20902,3e-05
20903,3e-05
20904,3e-05
20905,3e-05
20906,3e-05
20907,3e-05
20908,3e-05
20909,3e-05
20910,3e-05
20911,3e-05
20912,3e-05
20913,3e-05
20914,3e-05
20915,3e-05
20916,3e-05
20917,3e-05
20918,3e-05
20919,3e-05
20920,3e-05
20921,3e-05
20922,3e-05
20923,3e-05
20924,3e-05
20925,3e-05
20926,3e-05
20927,3e-05
20928,3e-05
20929,3e-05
20930,3e-05
20931,3e-05
20932,3e-05
20933,3e-05
20934,3e-05
20935,3e-05
20936,3e-05
20937,3e-05
20938,3e-05
20939,3e-05
20940,3e-05
20941,3e-05
20942,3e-05
20943,3e-05
20944,3e-05
20945,3e-05
20946,3e-05
20947,3e-05
20948,3e-05
20949,3e-05
20950,3e-05
20951,3e-05
20952,3e-05
20953,3e-05
20954,3e-05
20955,3e-05
20956,3e-05
20957,3e-05
20958,3e-05
20959,3e-05
20960,3e-05
20961,3e-05
20962,3e-05
20963,3e-05
20964,3e-05
20965,3e-05
20966,3e-05
20967,3e-05
20968,3e-05
20969,3e-05
20970,3e-05
20971,3e-05
20972,3e-05
20973,3e-05
20974,3e-05
20975,3e-05
20976,3e-05
20977,3e-05
20978,3e-05
20979,3e-05
20980,3e-05
20981,3e-05
20982,3e-05
20983,3e-05
20984,3e-05
20985,3e-05
20986,3e-05
20987,3e-05
20988,3e-05
20989,3e-05
20990,3e-05
20991,3e-05
20992,3e-05
20993,3e-05
20994,3e-05
20995,3e-05
20996,3e-05
20997,3e-05
20998,3e-05
20999,3e-05
21000,3e-05
21001,3e-05
21002,3e-05
21003,3e-05
21004,3e-05
21005,3e-05
21006,3e-05
21007,3e-05
21008,3e-05
21009,3e-05
21010,3e-05
21011,3e-05
21012,3e-05
21013,3e-05
21014,3e-05
21015,3e-05
21016,3e-05
21017,3e-05
21018,3e-05
21019,3e-05
21020,3e-05
21021,3e-05
21022,3e-05
21023,3e-05
21024,3e-05
21025,3e-05
21026,3e-05
21027,3e-05
21028,3e-05
21029,3e-05
21030,3e-05
21031,3e-05
21032,3e-05
21033,3e-05
21034,3e-05
21035,3e-05
21036,3e-05
21037,3e-05
21038,3e-05
21039,3e-05
21040,3e-05
21041,3e-05
21042,3e-05
21043,3e-05
21044,3e-05
21045,3e-05
21046,3e-05
21047,3e-05
21048,3e-05
21049,3e-05
21050,3e-05
21051,3e-05
21052,3e-05
21053,3e-05
21054,3e-05
21055,3e-05
21056,3e-05
21057,3e-05
21058,3e-05
21059,3e-05
21060,3e-05
21061,3e-05
21062,3e-05
21063,3e-05
21064,3e-05
21065,3e-05
21066,3e-05
21067,3e-05
21068,3e-05
21069,3e-05
21070,3e-05
21071,3e-05
21072,3e-05
21073,3e-05
21074,3e-05
21075,3e-05
21076,3e-05
21077,3e-05
21078,3e-05
21079,3e-05
21080,3e-05
21081,3e-05
21082,3e-05
21083,3e-05
21084,3e-05
21085,3e-05
21086,3e-05
21087,3e-05
21088,3e-05
21089,3e-05
21090,3e-05
21091,3e-05
21092,3e-05
21093,3e-05
21094,3e-05
21095,3e-05
21096,3e-05
21097,3e-05
21098,3e-05
21099,3e-05
21100,3e-05
21101,3e-05
21102,3e-05
21103,3e-05
21104,3e-05
21105,3e-05
21106,3e-05
21107,3e-05
21108,3e-05
21109,3e-05
21110,3e-05
21111,3e-05
21112,3e-05
21113,3e-05
21114,3e-05
21115,3e-05
21116,3e-05
21117,3e-05
21118,3e-05
21119,3e-05
21120,3e-05
21121,3e-05
21122,3e-05
21123,3e-05
21124,3e-05
21125,3e-05
21126,3e-05
21127,3e-05
21128,3e-05
21129,3e-05
21130,3e-05
21131,3e-05
21132,3e-05
21133,3e-05
21134,3e-05
21135,3e-05
21136,3e-05
21137,3e-05
21138,3e-05
21139,3e-05
21140,3e-05
21141,3e-05
21142,3e-05
21143,3e-05
21144,3e-05
21145,3e-05
21146,3e-05
21147,3e-05
21148,3e-05
21149,3e-05
21150,3e-05
21151,3e-05
21152,3e-05
21153,3e-05
21154,3e-05
21155,3e-05
21156,3e-05
21157,3e-05
21158,3e-05
21159,3e-05
21160,3e-05
21161,3e-05
21162,3e-05
21163,3e-05
21164,3e-05
21165,3e-05
21166,3e-05
21167,3e-05
21168,3e-05
21169,3e-05
21170,3e-05
21171,3e-05
21172,3e-05
21173,3e-05
21174,3e-05
21175,3e-05
21176,3e-05
21177,3e-05
21178,3e-05
21179,3e-05
21180,3e-05
21181,3e-05
21182,3e-05
21183,3e-05
21184,3e-05
21185,3e-05
21186,3e-05
21187,3e-05
21188,3e-05
21189,3e-05
21190,3e-05
21191,3e-05
21192,3e-05
21193,3e-05
21194,3e-05
21195,3e-05
21196,3e-05
21197,3e-05
21198,3e-05
21199,3e-05
21200,3e-05
21201,3e-05
21202,3e-05
21203,3e-05
21204,3e-05
21205,3e-05
21206,3e-05
21207,3e-05
21208,3e-05
21209,3e-05
21210,3e-05
21211,3e-05
21212,3e-05
21213,3e-05
21214,3e-05
21215,3e-05
21216,3e-05
21217,3e-05
21218,3e-05
21219,3e-05
21220,3e-05
21221,3e-05
21222,3e-05
21223,3e-05
21224,3e-05
21225,3e-05
21226,3e-05
21227,3e-05
21228,3e-05
21229,3e-05
21230,3e-05
21231,3e-05
21232,3e-05
21233,3e-05
21234,3e-05
21235,3e-05
21236,3e-05
21237,3e-05
21238,3e-05
21239,3e-05
21240,3e-05
21241,3e-05
21242,3e-05
21243,3e-05
21244,3e-05
21245,3e-05
21246,3e-05
21247,3e-05
21248,3e-05
21249,3e-05
21250,3e-05
21251,3e-05
21252,3e-05
21253,3e-05
21254,3e-05
21255,3e-05
21256,3e-05
21257,3e-05
21258,3e-05
21259,3e-05
21260,3e-05
21261,3e-05
21262,3e-05
21263,3e-05
21264,3e-05
21265,3e-05
21266,3e-05
21267,3e-05
21268,3e-05
21269,3e-05
21270,3e-05
21271,3e-05
21272,3e-05
21273,3e-05
21274,3e-05
21275,3e-05
21276,3e-05
21277,3e-05
21278,3e-05
21279,3e-05
21280,3e-05
21281,3e-05
21282,3e-05
21283,3e-05
21284,3e-05
21285,3e-05
21286,3e-05
21287,3e-05
21288,3e-05
21289,3e-05
21290,3e-05
21291,3e-05
21292,3e-05
21293,3e-05
21294,3e-05
21295,3e-05
21296,3e-05
21297,3e-05
21298,3e-05
21299,3e-05
21300,3e-05
21301,3e-05
21302,3e-05
21303,3e-05
21304,3e-05
21305,3e-05
21306,3e-05
21307,3e-05
21308,3e-05
21309,3e-05
21310,3e-05
21311,3e-05
21312,3e-05
21313,3e-05
21314,3e-05
21315,3e-05
21316,3e-05
21317,3e-05
21318,3e-05
21319,3e-05
21320,3e-05
21321,3e-05
21322,3e-05
21323,3e-05
21324,3e-05
21325,3e-05
21326,3e-05
21327,3e-05
21328,3e-05
21329,3e-05
21330,3e-05
21331,3e-05
21332,3e-05
21333,3e-05
21334,3e-05
21335,3e-05
21336,3e-05
21337,3e-05
21338,3e-05
21339,3e-05
21340,3e-05
21341,3e-05
21342,3e-05
21343,3e-05
21344,3e-05
21345,3e-05
21346,3e-05
21347,3e-05
21348,3e-05
21349,3e-05
21350,3e-05
21351,3e-05
21352,3e-05
21353,3e-05
21354,3e-05
21355,3e-05
21356,3e-05
21357,3e-05
21358,3e-05
21359,3e-05
21360,3e-05
21361,3e-05
21362,3e-05
21363,3e-05
21364,3e-05
21365,3e-05
21366,3e-05
21367,3e-05
21368,3e-05
21369,3e-05
21370,3e-05
21371,3e-05
21372,3e-05
21373,3e-05
21374,3e-05
21375,3e-05
21376,3e-05
21377,3e-05
21378,3e-05
21379,3e-05
21380,3e-05
21381,3e-05
21382,3e-05
21383,3e-05
21384,3e-05
21385,3e-05
21386,3e-05
21387,3e-05
21388,3e-05
21389,3e-05
21390,3e-05
21391,3e-05
21392,3e-05
21393,3e-05
21394,3e-05
21395,3e-05
21396,3e-05
21397,3e-05
21398,3e-05
21399,3e-05
21400,3e-05
21401,3e-05
21402,3e-05
21403,3e-05
21404,3e-05
21405,3e-05
21406,3e-05
21407,3e-05
21408,3e-05
21409,3e-05
21410,3e-05
21411,3e-05
21412,3e-05
21413,3e-05
21414,3e-05
21415,3e-05
21416,3e-05
21417,3e-05
21418,3e-05
21419,3e-05
21420,3e-05
21421,3e-05
21422,3e-05
21423,3e-05
21424,3e-05
21425,3e-05
21426,3e-05
21427,3e-05
21428,3e-05
21429,3e-05
21430,3e-05
21431,3e-05
21432,3e-05
21433,3e-05
21434,3e-05
21435,3e-05
21436,3e-05
21437,3e-05
21438,3e-05
21439,3e-05
21440,3e-05
21441,3e-05
21442,3e-05
21443,3e-05
21444,3e-05
21445,3e-05
21446,3e-05
21447,3e-05
21448,3e-05
21449,3e-05
21450,3e-05
21451,3e-05
21452,3e-05
21453,3e-05
21454,3e-05
21455,3e-05
21456,3e-05
21457,3e-05
21458,3e-05
21459,3e-05
21460,3e-05
21461,3e-05
21462,3e-05
21463,3e-05
21464,3e-05
21465,3e-05
21466,3e-05
21467,3e-05
21468,3e-05
21469,3e-05
21470,3e-05
21471,3e-05
21472,3e-05
21473,3e-05
21474,3e-05
21475,3e-05
21476,3e-05
21477,3e-05
21478,3e-05
21479,3e-05
21480,3e-05
21481,3e-05
21482,3e-05
21483,3e-05
21484,3e-05
21485,3e-05
21486,3e-05
21487,3e-05
21488,3e-05
21489,3e-05
21490,3e-05
21491,3e-05
21492,3e-05
21493,3e-05
21494,3e-05
21495,3e-05
21496,3e-05
21497,3e-05
21498,3e-05
21499,3e-05
21500,3e-05
21501,3e-05
21502,3e-05
21503,3e-05
21504,3e-05
21505,3e-05
21506,3e-05
21507,3e-05
21508,3e-05
21509,3e-05
21510,3e-05
21511,3e-05
21512,3e-05
21513,3e-05
21514,3e-05
21515,3e-05
21516,3e-05
21517,3e-05
21518,3e-05
21519,3e-05
21520,3e-05
21521,3e-05
21522,3e-05
21523,3e-05
21524,3e-05
21525,3e-05
21526,3e-05
21527,3e-05
21528,3e-05
21529,3e-05
21530,3e-05
21531,3e-05
21532,3e-05
21533,3e-05
21534,3e-05
21535,3e-05
21536,3e-05
21537,3e-05
21538,3e-05
21539,3e-05
21540,3e-05
21541,3e-05
21542,3e-05
21543,3e-05
21544,3e-05
21545,3e-05
21546,3e-05
21547,3e-05
21548,3e-05
21549,3e-05
21550,3e-05
21551,3e-05
21552,3e-05
21553,3e-05
21554,3e-05
21555,3e-05
21556,3e-05
21557,3e-05
21558,3e-05
21559,3e-05
21560,3e-05
21561,3e-05
21562,3e-05
21563,3e-05
21564,3e-05
21565,3e-05
21566,3e-05
21567,3e-05
21568,3e-05
21569,3e-05
21570,3e-05
21571,3e-05
21572,3e-05
21573,3e-05
21574,3e-05
21575,3e-05
21576,3e-05
21577,3e-05
21578,3e-05
21579,3e-05
21580,3e-05
21581,3e-05
21582,3e-05
21583,3e-05
21584,3e-05
21585,3e-05
21586,3e-05
21587,3e-05
21588,3e-05
21589,3e-05
21590,3e-05
21591,3e-05
21592,3e-05
21593,3e-05
21594,3e-05
21595,3e-05
21596,3e-05
21597,3e-05
21598,3e-05
21599,3e-05
21600,3e-05
21601,3e-05
21602,3e-05
21603,3e-05
21604,3e-05
21605,3e-05
21606,3e-05
21607,3e-05
21608,3e-05
21609,3e-05
21610,3e-05
21611,3e-05
21612,3e-05
21613,3e-05
21614,3e-05
21615,3e-05
21616,3e-05
21617,3e-05
21618,3e-05
21619,3e-05
21620,3e-05
21621,3e-05
21622,3e-05
21623,3e-05
21624,3e-05
21625,3e-05
21626,3e-05
21627,3e-05
21628,3e-05
21629,3e-05
21630,3e-05
21631,3e-05
21632,3e-05
21633,3e-05
21634,3e-05
21635,3e-05
21636,3e-05
21637,3e-05
21638,3e-05
21639,3e-05
21640,3e-05
21641,3e-05
21642,3e-05
21643,3e-05
21644,3e-05
21645,3e-05
21646,3e-05
21647,3e-05
21648,3e-05
21649,3e-05
21650,3e-05
21651,3e-05
21652,3e-05
21653,3e-05
21654,3e-05
21655,3e-05
21656,3e-05
21657,3e-05
21658,3e-05
21659,3e-05
21660,3e-05
21661,3e-05
21662,3e-05
21663,3e-05
21664,3e-05
21665,3e-05
21666,3e-05
21667,3e-05
21668,3e-05
21669,3e-05
21670,3e-05
21671,3e-05
21672,3e-05
21673,3e-05
21674,3e-05
21675,3e-05
21676,3e-05
21677,3e-05
21678,3e-05
21679,3e-05
21680,3e-05
21681,3e-05
21682,3e-05
21683,3e-05
21684,3e-05
21685,3e-05
21686,3e-05
21687,3e-05
21688,3e-05
21689,3e-05
21690,3e-05
21691,3e-05
21692,3e-05
21693,3e-05
21694,3e-05
21695,3e-05
21696,3e-05
21697,3e-05
21698,3e-05
21699,3e-05
21700,3e-05
21701,3e-05
21702,3e-05
21703,3e-05
21704,3e-05
21705,3e-05
21706,3e-05
21707,3e-05
21708,3e-05
21709,3e-05
21710,3e-05
21711,3e-05
21712,3e-05
21713,3e-05
21714,3e-05
21715,3e-05
21716,3e-05
21717,3e-05
21718,3e-05
21719,3e-05
21720,3e-05
21721,3e-05
21722,3e-05
21723,3e-05
21724,3e-05
21725,3e-05
21726,3e-05
21727,3e-05
21728,3e-05
21729,3e-05
21730,3e-05
21731,3e-05
21732,3e-05
21733,3e-05
21734,3e-05
21735,3e-05
21736,3e-05
21737,3e-05
21738,3e-05
21739,3e-05
21740,3e-05
21741,3e-05
21742,3e-05
21743,3e-05
21744,3e-05
21745,3e-05
21746,3e-05
21747,3e-05
21748,3e-05
21749,3e-05
21750,3e-05
21751,3e-05
21752,3e-05
21753,3e-05
21754,3e-05
21755,3e-05
21756,3e-05
21757,3e-05
21758,3e-05
21759,3e-05
21760,3e-05
21761,3e-05
21762,3e-05
21763,3e-05
21764,3e-05
21765,3e-05
21766,3e-05
21767,3e-05
21768,3e-05
21769,3e-05
21770,3e-05
21771,3e-05
21772,3e-05
21773,3e-05
21774,3e-05
21775,3e-05
21776,3e-05
21777,3e-05
21778,3e-05
21779,3e-05
21780,3e-05
21781,3e-05
21782,3e-05
21783,3e-05
21784,3e-05
21785,3e-05
21786,3e-05
21787,3e-05
21788,3e-05
21789,3e-05
21790,3e-05
21791,3e-05
21792,3e-05
21793,3e-05
21794,3e-05
21795,3e-05
21796,3e-05
21797,3e-05
21798,3e-05
21799,3e-05
21800,3e-05
21801,3e-05
21802,3e-05
21803,3e-05
21804,3e-05
21805,3e-05
21806,3e-05
21807,3e-05
21808,3e-05
21809,3e-05
21810,3e-05
21811,3e-05
21812,3e-05
21813,3e-05
21814,3e-05
21815,3e-05
21816,3e-05
21817,3e-05
21818,3e-05
21819,3e-05
21820,3e-05
21821,3e-05
21822,3e-05
21823,3e-05
21824,3e-05
21825,3e-05
21826,3e-05
21827,3e-05
21828,3e-05
21829,3e-05
21830,3e-05
21831,3e-05
21832,3e-05
21833,3e-05
21834,3e-05
21835,3e-05
21836,3e-05
21837,3e-05
21838,3e-05
21839,3e-05
21840,3e-05
21841,3e-05
21842,3e-05
21843,3e-05
21844,3e-05
21845,3e-05
21846,3e-05
21847,3e-05
21848,3e-05
21849,3e-05
21850,3e-05
21851,3e-05
21852,3e-05
21853,3e-05
21854,3e-05
21855,3e-05
21856,3e-05
21857,3e-05
21858,3e-05
21859,3e-05
21860,3e-05
21861,3e-05
21862,3e-05
21863,3e-05
21864,3e-05
21865,3e-05
21866,3e-05
21867,3e-05
21868,3e-05
21869,3e-05
21870,3e-05
21871,3e-05
21872,3e-05
21873,3e-05
21874,3e-05
21875,3e-05
21876,3e-05
21877,3e-05
21878,3e-05
21879,3e-05
21880,3e-05
21881,3e-05
21882,3e-05
21883,3e-05
21884,3e-05
21885,3e-05
21886,3e-05
21887,3e-05
21888,3e-05
21889,3e-05
21890,3e-05
21891,3e-05
21892,3e-05
21893,3e-05
21894,3e-05
21895,3e-05
21896,3e-05
21897,3e-05
21898,3e-05
21899,3e-05
21900,3e-05
21901,3e-05
21902,3e-05
21903,3e-05
21904,3e-05
21905,3e-05
21906,3e-05
21907,3e-05
21908,3e-05
21909,3e-05
21910,3e-05
21911,3e-05
21912,3e-05
21913,3e-05
21914,3e-05
21915,3e-05
21916,3e-05
21917,3e-05
21918,3e-05
21919,3e-05
21920,3e-05
21921,3e-05
21922,3e-05
21923,3e-05
21924,3e-05
21925,3e-05
21926,3e-05
21927,3e-05
21928,3e-05
21929,3e-05
21930,3e-05
21931,3e-05
21932,3e-05
21933,3e-05
21934,3e-05
21935,3e-05
21936,3e-05
21937,3e-05
21938,3e-05
21939,3e-05
21940,3e-05
21941,3e-05
21942,3e-05
21943,3e-05
21944,3e-05
21945,3e-05
21946,3e-05
21947,3e-05
21948,3e-05
21949,3e-05
21950,3e-05
21951,3e-05
21952,3e-05
21953,3e-05
21954,3e-05
21955,3e-05
21956,3e-05
21957,3e-05
21958,3e-05
21959,3e-05
21960,3e-05
21961,3e-05
21962,3e-05
21963,3e-05
21964,3e-05
21965,3e-05
21966,3e-05
21967,3e-05
21968,3e-05
21969,3e-05
21970,3e-05
21971,3e-05
21972,3e-05
21973,3e-05
21974,3e-05
21975,3e-05
21976,3e-05
21977,3e-05
21978,3e-05
21979,3e-05
21980,3e-05
21981,3e-05
21982,3e-05
21983,3e-05
21984,3e-05
21985,3e-05
21986,3e-05
21987,3e-05
21988,3e-05
21989,3e-05
21990,3e-05
21991,3e-05
21992,3e-05
21993,3e-05
21994,3e-05
21995,3e-05
21996,3e-05
21997,3e-05
21998,3e-05
21999,3e-05
22000,3e-05
22001,3e-05
22002,3e-05
22003,3e-05
22004,3e-05
22005,3e-05
22006,3e-05
22007,3e-05
22008,3e-05
22009,3e-05
22010,3e-05
22011,3e-05
22012,3e-05
22013,3e-05
22014,3e-05
22015,3e-05
22016,3e-05
22017,3e-05
22018,3e-05
22019,3e-05
22020,3e-05
22021,3e-05
22022,3e-05
22023,3e-05
22024,3e-05
22025,3e-05
22026,3e-05
22027,3e-05
22028,3e-05
22029,3e-05
22030,3e-05
22031,3e-05
22032,3e-05
22033,3e-05
22034,3e-05
22035,3e-05
22036,3e-05
22037,3e-05
22038,3e-05
22039,3e-05
22040,3e-05
22041,3e-05
22042,3e-05
22043,3e-05
22044,3e-05
22045,3e-05
22046,3e-05
22047,3e-05
22048,3e-05
22049,3e-05
22050,3e-05
22051,3e-05
22052,3e-05
22053,3e-05
22054,3e-05
22055,3e-05
22056,3e-05
22057,3e-05
22058,3e-05
22059,3e-05
22060,3e-05
22061,3e-05
22062,3e-05
22063,3e-05
22064,3e-05
22065,3e-05
22066,3e-05
22067,3e-05
22068,3e-05
22069,3e-05
22070,3e-05
22071,3e-05
22072,3e-05
22073,3e-05
22074,3e-05
22075,3e-05
22076,3e-05
22077,3e-05
22078,3e-05
22079,3e-05
22080,3e-05
22081,3e-05
22082,3e-05
22083,3e-05
22084,3e-05
22085,3e-05
22086,3e-05
22087,3e-05
22088,3e-05
22089,3e-05
22090,3e-05
22091,3e-05
22092,3e-05
22093,3e-05
22094,3e-05
22095,3e-05
22096,3e-05
22097,3e-05
22098,3e-05
22099,3e-05
22100,3e-05
22101,3e-05
22102,3e-05
22103,3e-05
22104,3e-05
22105,3e-05
22106,3e-05
22107,3e-05
22108,3e-05
22109,3e-05
22110,3e-05
22111,3e-05
22112,3e-05
22113,3e-05
22114,3e-05
22115,3e-05
22116,3e-05
22117,3e-05
22118,3e-05
22119,3e-05
22120,3e-05
22121,3e-05
22122,3e-05
22123,3e-05
22124,3e-05
22125,3e-05
22126,3e-05
22127,3e-05
22128,3e-05
22129,3e-05
22130,3e-05
22131,3e-05
22132,3e-05
22133,3e-05
22134,3e-05
22135,3e-05
22136,3e-05
22137,3e-05
22138,3e-05
22139,3e-05
22140,3e-05
22141,3e-05
22142,3e-05
22143,3e-05
22144,3e-05
22145,3e-05
22146,3e-05
22147,3e-05
22148,3e-05
22149,3e-05
22150,3e-05
22151,3e-05
22152,3e-05
22153,3e-05
22154,3e-05
22155,3e-05
22156,3e-05
22157,3e-05
22158,3e-05
22159,3e-05
22160,3e-05
22161,3e-05
22162,3e-05
22163,3e-05
22164,3e-05
22165,3e-05
22166,3e-05
22167,3e-05
22168,3e-05
22169,3e-05
22170,3e-05
22171,3e-05
22172,3e-05
22173,3e-05
22174,3e-05
22175,3e-05
22176,3e-05
22177,3e-05
22178,3e-05
22179,3e-05
22180,3e-05
22181,3e-05
22182,3e-05
22183,3e-05
22184,3e-05
22185,3e-05
22186,3e-05
22187,3e-05
22188,3e-05
22189,3e-05
22190,3e-05
22191,3e-05
22192,3e-05
22193,3e-05
22194,3e-05
22195,3e-05
22196,3e-05
22197,3e-05
22198,3e-05
22199,3e-05
22200,3e-05
22201,3e-05
22202,3e-05
22203,3e-05
22204,3e-05
22205,3e-05
22206,3e-05
22207,3e-05
22208,3e-05
22209,3e-05
22210,3e-05
22211,3e-05
22212,3e-05
22213,3e-05
22214,3e-05
22215,3e-05
22216,3e-05
22217,3e-05
22218,3e-05
22219,3e-05
22220,3e-05
22221,3e-05
22222,3e-05
22223,3e-05
22224,3e-05
22225,3e-05
22226,3e-05
22227,3e-05
22228,3e-05
22229,3e-05
22230,3e-05
22231,3e-05
22232,3e-05
22233,3e-05
22234,3e-05
22235,3e-05
22236,3e-05
22237,3e-05
22238,3e-05
22239,3e-05
22240,3e-05
22241,3e-05
22242,3e-05
22243,3e-05
22244,3e-05
22245,3e-05
22246,3e-05
22247,3e-05
22248,3e-05
22249,3e-05
22250,3e-05
22251,3e-05
22252,3e-05
22253,3e-05
22254,3e-05
22255,3e-05
22256,3e-05
22257,3e-05
22258,3e-05
22259,3e-05
22260,3e-05
22261,3e-05
22262,3e-05
22263,3e-05
22264,3e-05
22265,3e-05
22266,3e-05
22267,3e-05
22268,3e-05
22269,3e-05
22270,3e-05
22271,3e-05
22272,3e-05
22273,3e-05
22274,3e-05
22275,3e-05
22276,3e-05
22277,3e-05
22278,3e-05
22279,3e-05
22280,3e-05
22281,3e-05
22282,3e-05
22283,3e-05
22284,3e-05
22285,3e-05
22286,3e-05
22287,3e-05
22288,3e-05
22289,3e-05
22290,3e-05
22291,3e-05
22292,3e-05
22293,3e-05
22294,3e-05
22295,3e-05
22296,3e-05
22297,3e-05
22298,3e-05
22299,3e-05
22300,3e-05
22301,3e-05
22302,3e-05
22303,3e-05
22304,3e-05
22305,3e-05
22306,3e-05
22307,3e-05
22308,3e-05
22309,3e-05
22310,3e-05
22311,3e-05
22312,3e-05
22313,3e-05
22314,3e-05
22315,3e-05
22316,3e-05
22317,3e-05
22318,3e-05
22319,3e-05
22320,3e-05
22321,3e-05
22322,3e-05
22323,3e-05
22324,3e-05
22325,3e-05
22326,3e-05
22327,3e-05
22328,3e-05
22329,3e-05
22330,3e-05
22331,3e-05
22332,3e-05
22333,3e-05
22334,3e-05
22335,3e-05
22336,3e-05
22337,3e-05
22338,3e-05
22339,3e-05
22340,3e-05
22341,3e-05
22342,3e-05
22343,3e-05
22344,3e-05
22345,3e-05
22346,3e-05
22347,3e-05
22348,3e-05
22349,3e-05
22350,3e-05
22351,3e-05
22352,3e-05
22353,3e-05
22354,3e-05
22355,3e-05
22356,3e-05
22357,3e-05
22358,3e-05
22359,3e-05
22360,3e-05
22361,3e-05
22362,3e-05
22363,3e-05
22364,3e-05
22365,3e-05
22366,3e-05
22367,3e-05
22368,3e-05
22369,3e-05
22370,3e-05
22371,3e-05
22372,3e-05
22373,3e-05
22374,3e-05
22375,3e-05
22376,3e-05
22377,3e-05
22378,3e-05
22379,3e-05
22380,3e-05
22381,3e-05
22382,3e-05
22383,3e-05
22384,3e-05
22385,3e-05
22386,3e-05
22387,3e-05
22388,3e-05
22389,3e-05
22390,3e-05
22391,3e-05
22392,3e-05
22393,3e-05
22394,3e-05
22395,3e-05
22396,3e-05
22397,3e-05
22398,3e-05
22399,3e-05
22400,3e-05
22401,3e-05
22402,3e-05
22403,3e-05
22404,3e-05
22405,3e-05
22406,3e-05
22407,3e-05
22408,3e-05
22409,3e-05
22410,3e-05
22411,3e-05
22412,3e-05
22413,3e-05
22414,3e-05
22415,3e-05
22416,3e-05
22417,3e-05
22418,3e-05
22419,3e-05
22420,3e-05
22421,3e-05
22422,3e-05
22423,3e-05
22424,3e-05
22425,3e-05
22426,3e-05
22427,3e-05
22428,3e-05
22429,3e-05
22430,3e-05
22431,3e-05
22432,3e-05
22433,3e-05
22434,3e-05
22435,3e-05
22436,3e-05
22437,3e-05
22438,3e-05
22439,3e-05
22440,3e-05
22441,3e-05
22442,3e-05
22443,3e-05
22444,3e-05
22445,3e-05
22446,3e-05
22447,3e-05
22448,3e-05
22449,3e-05
22450,3e-05
22451,3e-05
22452,3e-05
22453,3e-05
22454,3e-05
22455,3e-05
22456,3e-05
22457,3e-05
22458,3e-05
22459,3e-05
22460,3e-05
22461,3e-05
22462,3e-05
22463,3e-05
22464,3e-05
22465,3e-05
22466,3e-05
22467,3e-05
22468,3e-05
22469,3e-05
22470,3e-05
22471,3e-05
22472,3e-05
22473,3e-05
22474,3e-05
22475,3e-05
22476,3e-05
22477,3e-05
22478,3e-05
22479,3e-05
22480,3e-05
22481,3e-05
22482,3e-05
22483,3e-05
22484,3e-05
22485,3e-05
22486,3e-05
22487,3e-05
22488,3e-05
22489,3e-05
22490,3e-05
22491,3e-05
22492,3e-05
22493,3e-05
22494,3e-05
22495,3e-05
22496,3e-05
22497,3e-05
22498,3e-05
22499,3e-05
22500,3e-05
22501,3e-05
22502,3e-05
22503,3e-05
22504,3e-05
22505,3e-05
22506,3e-05
22507,3e-05
22508,3e-05
22509,3e-05
22510,3e-05
22511,3e-05
22512,3e-05
22513,3e-05
22514,3e-05
22515,3e-05
22516,3e-05
22517,3e-05
22518,3e-05
22519,3e-05
22520,3e-05
22521,3e-05
22522,3e-05
22523,3e-05
22524,3e-05
22525,3e-05
22526,3e-05
22527,3e-05
22528,3e-05
22529,3e-05
22530,3e-05
22531,3e-05
22532,3e-05
22533,3e-05
22534,3e-05
22535,3e-05
22536,3e-05
22537,3e-05
22538,3e-05
22539,3e-05
22540,3e-05
22541,3e-05
22542,3e-05
22543,3e-05
22544,3e-05
22545,3e-05
22546,3e-05
22547,3e-05
22548,3e-05
22549,3e-05
22550,3e-05
22551,3e-05
22552,3e-05
22553,3e-05
22554,3e-05
22555,3e-05
22556,3e-05
22557,3e-05
22558,3e-05
22559,3e-05
22560,3e-05
22561,3e-05
22562,3e-05
22563,3e-05
22564,3e-05
22565,3e-05
22566,3e-05
22567,3e-05
22568,3e-05
22569,3e-05
22570,3e-05
22571,3e-05
22572,3e-05
22573,3e-05
22574,3e-05
22575,3e-05
22576,3e-05
22577,3e-05
22578,3e-05
22579,3e-05
22580,3e-05
22581,3e-05
22582,3e-05
22583,3e-05
22584,3e-05
22585,3e-05
22586,3e-05
22587,3e-05
22588,3e-05
22589,3e-05
22590,3e-05
22591,3e-05
22592,3e-05
22593,3e-05
22594,3e-05
22595,3e-05
22596,3e-05
22597,3e-05
22598,3e-05
22599,3e-05
22600,3e-05
22601,3e-05
22602,3e-05
22603,3e-05
22604,3e-05
22605,3e-05
22606,3e-05
22607,3e-05
22608,3e-05
22609,3e-05
22610,3e-05
22611,3e-05
22612,3e-05
22613,3e-05
22614,3e-05
22615,3e-05
22616,3e-05
22617,3e-05
22618,3e-05
22619,3e-05
22620,3e-05
22621,3e-05
22622,3e-05
22623,3e-05
22624,3e-05
22625,3e-05
22626,3e-05
22627,3e-05
22628,3e-05
22629,3e-05
22630,3e-05
22631,3e-05
22632,3e-05
22633,3e-05
22634,3e-05
22635,3e-05
22636,3e-05
22637,3e-05
22638,3e-05
22639,3e-05
22640,3e-05
22641,3e-05
22642,3e-05
22643,3e-05
22644,3e-05
22645,3e-05
22646,3e-05
22647,3e-05
22648,3e-05
22649,3e-05
22650,3e-05
22651,3e-05
22652,3e-05
22653,3e-05
22654,3e-05
22655,3e-05
22656,3e-05
22657,3e-05
22658,3e-05
22659,3e-05
22660,3e-05
22661,3e-05
22662,3e-05
22663,3e-05
22664,3e-05
22665,3e-05
22666,3e-05
22667,3e-05
22668,3e-05
22669,3e-05
22670,3e-05
22671,3e-05
22672,3e-05
22673,3e-05
22674,3e-05
22675,3e-05
22676,3e-05
22677,3e-05
22678,3e-05
22679,3e-05
22680,3e-05
22681,3e-05
22682,3e-05
22683,3e-05
22684,3e-05
22685,3e-05
22686,3e-05
22687,3e-05
22688,3e-05
22689,3e-05
22690,3e-05
22691,3e-05
22692,3e-05
22693,3e-05
22694,3e-05
22695,3e-05
22696,3e-05
22697,3e-05
22698,3e-05
22699,3e-05
22700,3e-05
22701,3e-05
22702,3e-05
22703,3e-05
22704,3e-05
22705,3e-05
22706,3e-05
22707,3e-05
22708,3e-05
22709,3e-05
22710,3e-05
22711,3e-05
22712,3e-05
22713,3e-05
22714,3e-05
22715,3e-05
22716,3e-05
22717,3e-05
22718,3e-05
22719,3e-05
22720,3e-05
22721,3e-05
22722,3e-05
22723,3e-05
22724,3e-05
22725,3e-05
22726,3e-05
22727,3e-05
22728,3e-05
22729,3e-05
22730,3e-05
22731,3e-05
22732,3e-05
22733,3e-05
22734,3e-05
22735,3e-05
22736,3e-05
22737,3e-05
22738,3e-05
22739,3e-05
22740,3e-05
22741,3e-05
22742,3e-05
22743,3e-05
22744,3e-05
22745,3e-05
22746,3e-05
22747,3e-05
22748,3e-05
22749,3e-05
22750,3e-05
22751,3e-05
22752,3e-05
22753,3e-05
22754,3e-05
22755,3e-05
22756,3e-05
22757,3e-05
22758,3e-05
22759,3e-05
22760,3e-05
22761,3e-05
22762,3e-05
22763,3e-05
22764,3e-05
22765,3e-05
22766,3e-05
22767,3e-05
22768,3e-05
22769,3e-05
22770,3e-05
22771,3e-05
22772,3e-05
22773,3e-05
22774,3e-05
22775,3e-05
22776,3e-05
22777,3e-05
22778,3e-05
22779,3e-05
22780,3e-05
22781,3e-05
22782,3e-05
22783,3e-05
22784,3e-05
22785,3e-05
22786,3e-05
22787,3e-05
22788,3e-05
22789,3e-05
22790,3e-05
22791,3e-05
22792,3e-05
22793,3e-05
22794,3e-05
22795,3e-05
22796,3e-05
22797,3e-05
22798,3e-05
22799,3e-05
22800,3e-05
22801,3e-05
22802,3e-05
22803,3e-05
22804,3e-05
22805,3e-05
22806,3e-05
22807,3e-05
22808,3e-05
22809,3e-05
22810,3e-05
22811,3e-05
22812,3e-05
22813,3e-05
22814,3e-05
22815,3e-05
22816,3e-05
22817,3e-05
22818,3e-05
22819,3e-05
22820,3e-05
22821,3e-05
22822,3e-05
22823,3e-05
22824,3e-05
22825,3e-05
22826,3e-05
22827,3e-05
22828,3e-05
22829,3e-05
22830,3e-05
22831,3e-05
22832,3e-05
22833,3e-05
22834,3e-05
22835,3e-05
22836,3e-05
22837,3e-05
22838,3e-05
22839,3e-05
22840,3e-05
22841,3e-05
22842,3e-05
22843,3e-05
22844,3e-05
22845,3e-05
22846,3e-05
22847,3e-05
22848,3e-05
22849,3e-05
22850,3e-05
22851,3e-05
22852,3e-05
22853,3e-05
22854,3e-05
22855,3e-05
22856,3e-05
22857,3e-05
22858,3e-05
22859,3e-05
22860,3e-05
22861,3e-05
22862,3e-05
22863,3e-05
22864,3e-05
22865,3e-05
22866,3e-05
22867,3e-05
22868,3e-05
22869,3e-05
22870,3e-05
22871,3e-05
22872,3e-05
22873,3e-05
22874,3e-05
22875,3e-05
22876,3e-05
22877,3e-05
22878,3e-05
22879,3e-05
22880,3e-05
22881,3e-05
22882,3e-05
22883,3e-05
22884,3e-05
22885,3e-05
22886,3e-05
22887,3e-05
22888,3e-05
22889,3e-05
22890,3e-05
22891,3e-05
22892,3e-05
22893,3e-05
22894,3e-05
22895,3e-05
22896,3e-05
22897,3e-05
22898,3e-05
22899,3e-05
22900,3e-05
22901,3e-05
22902,3e-05
22903,3e-05
22904,3e-05
22905,3e-05
22906,3e-05
22907,3e-05
22908,3e-05
22909,3e-05
22910,3e-05
22911,3e-05
22912,3e-05
22913,3e-05
22914,3e-05
22915,3e-05
22916,3e-05
22917,3e-05
22918,3e-05
22919,3e-05
22920,3e-05
22921,3e-05
22922,3e-05
22923,3e-05
22924,3e-05
22925,3e-05
22926,3e-05
22927,3e-05
22928,3e-05
22929,3e-05
22930,3e-05
22931,3e-05
22932,3e-05
22933,3e-05
22934,3e-05
22935,3e-05
22936,3e-05
22937,3e-05
22938,3e-05
22939,3e-05
22940,3e-05
22941,3e-05
22942,3e-05
22943,3e-05
22944,3e-05
22945,3e-05
22946,3e-05
22947,3e-05
22948,3e-05
22949,3e-05
22950,3e-05
22951,3e-05
22952,3e-05
22953,3e-05
22954,3e-05
22955,3e-05
22956,3e-05
22957,3e-05
22958,3e-05
22959,3e-05
22960,3e-05
22961,3e-05
22962,3e-05
22963,3e-05
22964,3e-05
22965,3e-05
22966,3e-05
22967,3e-05
22968,3e-05
22969,3e-05
22970,3e-05
22971,3e-05
22972,3e-05
22973,3e-05
22974,3e-05
22975,3e-05
22976,3e-05
22977,3e-05
22978,3e-05
22979,3e-05
22980,3e-05
22981,3e-05
22982,3e-05
22983,3e-05
22984,3e-05
22985,3e-05
22986,3e-05
22987,3e-05
22988,3e-05
22989,3e-05
22990,3e-05
22991,3e-05
22992,3e-05
22993,3e-05
22994,3e-05
22995,3e-05
22996,3e-05
22997,3e-05
22998,3e-05
22999,3e-05
23000,3e-05
23001,3e-05
23002,3e-05
23003,3e-05
23004,3e-05
23005,3e-05
23006,3e-05
23007,3e-05
23008,3e-05
23009,3e-05
23010,3e-05
23011,3e-05
23012,3e-05
23013,3e-05
23014,3e-05
23015,3e-05
23016,3e-05
23017,3e-05
23018,3e-05
23019,3e-05
23020,3e-05
23021,3e-05
23022,3e-05
23023,3e-05
23024,3e-05
23025,3e-05
23026,3e-05
23027,3e-05
23028,3e-05
23029,3e-05
23030,3e-05
23031,3e-05
23032,3e-05
23033,3e-05
23034,3e-05
23035,3e-05
23036,3e-05
23037,3e-05
23038,3e-05
23039,3e-05
23040,3e-05
23041,3e-05
23042,3e-05
23043,3e-05
23044,3e-05
23045,3e-05
23046,3e-05
23047,3e-05
23048,3e-05
23049,3e-05
23050,3e-05
23051,3e-05
23052,3e-05
23053,3e-05
23054,3e-05
23055,3e-05
23056,3e-05
23057,3e-05
23058,3e-05
23059,3e-05
23060,3e-05
23061,3e-05
23062,3e-05
23063,3e-05
23064,3e-05
23065,3e-05
23066,3e-05
23067,3e-05
23068,3e-05
23069,3e-05
23070,3e-05
23071,3e-05
23072,3e-05
23073,3e-05
23074,3e-05
23075,3e-05
23076,3e-05
23077,3e-05
23078,3e-05
23079,3e-05
23080,3e-05
23081,3e-05
23082,3e-05
23083,3e-05
23084,3e-05
23085,3e-05
23086,3e-05
23087,3e-05
23088,3e-05
23089,3e-05
23090,3e-05
23091,3e-05
23092,3e-05
23093,3e-05
23094,3e-05
23095,3e-05
23096,3e-05
23097,3e-05
23098,3e-05
23099,3e-05
23100,3e-05
23101,3e-05
23102,3e-05
23103,3e-05
23104,3e-05
23105,3e-05
23106,3e-05
23107,3e-05
23108,3e-05
23109,3e-05
23110,3e-05
23111,3e-05
23112,3e-05
23113,3e-05
23114,3e-05
23115,3e-05
23116,3e-05
23117,3e-05
23118,3e-05
23119,3e-05
23120,3e-05
23121,3e-05
23122,3e-05
23123,3e-05
23124,3e-05
23125,3e-05
23126,3e-05
23127,3e-05
23128,3e-05
23129,3e-05
23130,3e-05
23131,3e-05
23132,3e-05
23133,3e-05
23134,3e-05
23135,3e-05
23136,3e-05
23137,3e-05
23138,3e-05
23139,3e-05
23140,3e-05
23141,3e-05
23142,3e-05
23143,3e-05
23144,3e-05
23145,3e-05
23146,3e-05
23147,3e-05
23148,3e-05
23149,3e-05
23150,3e-05
23151,3e-05
23152,3e-05
23153,3e-05
23154,3e-05
23155,3e-05
23156,3e-05
23157,3e-05
23158,3e-05
23159,3e-05
23160,3e-05
23161,3e-05
23162,3e-05
23163,3e-05
23164,3e-05
23165,3e-05
23166,3e-05
23167,3e-05
23168,3e-05
23169,3e-05
23170,3e-05
23171,3e-05
23172,3e-05
23173,3e-05
23174,3e-05
23175,3e-05
23176,3e-05
23177,3e-05
23178,3e-05
23179,3e-05
23180,3e-05
23181,3e-05
23182,3e-05
23183,3e-05
23184,3e-05
23185,3e-05
23186,3e-05
23187,3e-05
23188,3e-05
23189,3e-05
23190,3e-05
23191,3e-05
23192,3e-05
23193,3e-05
23194,3e-05
23195,3e-05
23196,3e-05
23197,3e-05
23198,3e-05
23199,3e-05
23200,3e-05
23201,3e-05
23202,3e-05
23203,3e-05
23204,3e-05
23205,3e-05
23206,3e-05
23207,3e-05
23208,3e-05
23209,3e-05
23210,3e-05
23211,3e-05
23212,3e-05
23213,3e-05
23214,3e-05
23215,3e-05
23216,3e-05
23217,3e-05
23218,3e-05
23219,3e-05
23220,3e-05
23221,3e-05
23222,3e-05
23223,3e-05
23224,3e-05
23225,3e-05
23226,3e-05
23227,3e-05
23228,3e-05
23229,3e-05
23230,3e-05
23231,3e-05
23232,3e-05
23233,3e-05
23234,3e-05
23235,3e-05
23236,3e-05
23237,3e-05
23238,3e-05
23239,3e-05
23240,3e-05
23241,3e-05
23242,3e-05
23243,3e-05
23244,3e-05
23245,3e-05
23246,3e-05
23247,3e-05
23248,3e-05
23249,3e-05
23250,3e-05
23251,3e-05
23252,3e-05
23253,3e-05
23254,3e-05
23255,3e-05
23256,3e-05
23257,3e-05
23258,3e-05
23259,3e-05
23260,3e-05
23261,3e-05
23262,3e-05
23263,3e-05
23264,3e-05
23265,3e-05
23266,3e-05
23267,3e-05
23268,3e-05
23269,3e-05
23270,3e-05
23271,3e-05
23272,3e-05
23273,3e-05
23274,3e-05
23275,3e-05
23276,3e-05
23277,3e-05
23278,3e-05
23279,3e-05
23280,3e-05
23281,3e-05
23282,3e-05
23283,3e-05
23284,3e-05
23285,3e-05
23286,3e-05
23287,3e-05
23288,3e-05
23289,3e-05
23290,3e-05
23291,3e-05
23292,3e-05
23293,3e-05
23294,3e-05
23295,3e-05
23296,3e-05
23297,3e-05
23298,3e-05
23299,3e-05
23300,3e-05
23301,3e-05
23302,3e-05
23303,3e-05
23304,3e-05
23305,3e-05
23306,3e-05
23307,3e-05
23308,3e-05
23309,3e-05
23310,3e-05
23311,3e-05
23312,3e-05
23313,3e-05
23314,3e-05
23315,3e-05
23316,3e-05
23317,3e-05
23318,3e-05
23319,3e-05
23320,3e-05
23321,3e-05
23322,3e-05
23323,3e-05
23324,3e-05
23325,3e-05
23326,3e-05
23327,3e-05
23328,3e-05
23329,3e-05
23330,3e-05
23331,3e-05
23332,3e-05
23333,3e-05
23334,3e-05
23335,3e-05
23336,3e-05
23337,3e-05
23338,3e-05
23339,3e-05
23340,3e-05
23341,3e-05
23342,3e-05
23343,3e-05
23344,3e-05
23345,3e-05
23346,3e-05
23347,3e-05
23348,3e-05
23349,3e-05
23350,3e-05
23351,3e-05
23352,3e-05
23353,3e-05
23354,3e-05
23355,3e-05
23356,3e-05
23357,3e-05
23358,3e-05
23359,3e-05
23360,3e-05
23361,3e-05
23362,3e-05
23363,3e-05
23364,3e-05
23365,3e-05
23366,3e-05
23367,3e-05
23368,3e-05
23369,3e-05
23370,3e-05
23371,3e-05
23372,3e-05
23373,3e-05
23374,3e-05
23375,3e-05
23376,3e-05
23377,3e-05
23378,3e-05
23379,3e-05
23380,3e-05
23381,3e-05
23382,3e-05
23383,3e-05
23384,3e-05
23385,3e-05
23386,3e-05
23387,3e-05
23388,3e-05
23389,3e-05
23390,3e-05
23391,3e-05
23392,3e-05
23393,3e-05
23394,3e-05
23395,3e-05
23396,3e-05
23397,3e-05
23398,3e-05
23399,3e-05
23400,3e-05
23401,3e-05
23402,3e-05
23403,3e-05
23404,3e-05
23405,3e-05
23406,3e-05
23407,3e-05
23408,3e-05
23409,3e-05
23410,3e-05
23411,3e-05
23412,3e-05
23413,3e-05
23414,3e-05
23415,3e-05
23416,3e-05
23417,3e-05
23418,3e-05
23419,3e-05
23420,3e-05
23421,3e-05
23422,3e-05
23423,3e-05
23424,3e-05
23425,3e-05
23426,3e-05
23427,3e-05
23428,3e-05
23429,3e-05
23430,3e-05
23431,3e-05
23432,3e-05
23433,3e-05
23434,3e-05
23435,3e-05
23436,3e-05
23437,3e-05
23438,3e-05
23439,3e-05
23440,3e-05
23441,3e-05
23442,3e-05
23443,3e-05
23444,3e-05
23445,3e-05
23446,3e-05
23447,3e-05
23448,3e-05
23449,3e-05
23450,3e-05
23451,3e-05
23452,3e-05
23453,3e-05
23454,3e-05
23455,3e-05
23456,3e-05
23457,3e-05
23458,3e-05
23459,3e-05
23460,3e-05
23461,3e-05
23462,3e-05
23463,3e-05
23464,3e-05
23465,3e-05
23466,3e-05
23467,3e-05
23468,3e-05
23469,3e-05
23470,3e-05
23471,3e-05
23472,3e-05
23473,3e-05
23474,3e-05
23475,3e-05
23476,3e-05
23477,3e-05
23478,3e-05
23479,3e-05
23480,3e-05
23481,3e-05
23482,3e-05
23483,3e-05
23484,3e-05
23485,3e-05
23486,3e-05
23487,3e-05
23488,3e-05
23489,3e-05
23490,3e-05
23491,3e-05
23492,3e-05
23493,3e-05
23494,3e-05
23495,3e-05
23496,3e-05
23497,3e-05
23498,3e-05
23499,3e-05
23500,3e-05
23501,3e-05
23502,3e-05
23503,3e-05
23504,3e-05
23505,3e-05
23506,3e-05
23507,3e-05
23508,3e-05
23509,3e-05
23510,3e-05
23511,3e-05
23512,3e-05
23513,3e-05
23514,3e-05
23515,3e-05
23516,3e-05
23517,3e-05
23518,3e-05
23519,3e-05
23520,3e-05
23521,3e-05
23522,3e-05
23523,3e-05
23524,3e-05
23525,3e-05
23526,3e-05
23527,3e-05
23528,3e-05
23529,3e-05
23530,3e-05
23531,3e-05
23532,3e-05
23533,3e-05
23534,3e-05
23535,3e-05
23536,3e-05
23537,3e-05
23538,3e-05
23539,3e-05
23540,3e-05
23541,3e-05
23542,3e-05
23543,3e-05
23544,3e-05
23545,3e-05
23546,3e-05
23547,3e-05
23548,3e-05
23549,3e-05
23550,3e-05
23551,3e-05
23552,3e-05
23553,3e-05
23554,3e-05
23555,3e-05
23556,3e-05
23557,3e-05
23558,3e-05
23559,3e-05
23560,3e-05
23561,3e-05
23562,3e-05
23563,3e-05
23564,3e-05
23565,3e-05
23566,3e-05
23567,3e-05
23568,3e-05
23569,3e-05
23570,3e-05
23571,3e-05
23572,3e-05
23573,3e-05
23574,3e-05
23575,3e-05
23576,3e-05
23577,3e-05
23578,3e-05
23579,3e-05
23580,3e-05
23581,3e-05
23582,3e-05
23583,3e-05
23584,3e-05
23585,3e-05
23586,3e-05
23587,3e-05
23588,3e-05
23589,3e-05
23590,3e-05
23591,3e-05
23592,3e-05
23593,3e-05
23594,3e-05
23595,3e-05
23596,3e-05
23597,3e-05
23598,3e-05
23599,3e-05
23600,3e-05
23601,3e-05
23602,3e-05
23603,3e-05
23604,3e-05
23605,3e-05
23606,3e-05
23607,3e-05
23608,3e-05
23609,3e-05
23610,3e-05
23611,3e-05
23612,3e-05
23613,3e-05
23614,3e-05
23615,3e-05
23616,3e-05
23617,3e-05
23618,3e-05
23619,3e-05
23620,3e-05
23621,3e-05
23622,3e-05
23623,3e-05
23624,3e-05
23625,3e-05
23626,3e-05
23627,3e-05
23628,3e-05
23629,3e-05
23630,3e-05
23631,3e-05
23632,3e-05
23633,3e-05
23634,3e-05
23635,3e-05
23636,3e-05
23637,3e-05
23638,3e-05
23639,3e-05
23640,3e-05
23641,3e-05
23642,3e-05
23643,3e-05
23644,3e-05
23645,3e-05
23646,3e-05
23647,3e-05
23648,3e-05
23649,3e-05
23650,3e-05
23651,3e-05
23652,3e-05
23653,3e-05
23654,3e-05
23655,3e-05
23656,3e-05
23657,3e-05
23658,3e-05
23659,3e-05
23660,3e-05
23661,3e-05
23662,3e-05
23663,3e-05
23664,3e-05
23665,3e-05
23666,3e-05
23667,3e-05
23668,3e-05
23669,3e-05
23670,3e-05
23671,3e-05
23672,3e-05
23673,3e-05
23674,3e-05
23675,3e-05
23676,3e-05
23677,3e-05
23678,3e-05
23679,3e-05
23680,3e-05
23681,3e-05
23682,3e-05
23683,3e-05
23684,3e-05
23685,3e-05
23686,3e-05
23687,3e-05
23688,3e-05
23689,3e-05
23690,3e-05
23691,3e-05
23692,3e-05
23693,3e-05
23694,3e-05
23695,3e-05
23696,3e-05
23697,3e-05
23698,3e-05
23699,3e-05
23700,3e-05
23701,3e-05
23702,3e-05
23703,3e-05
23704,3e-05
23705,3e-05
23706,3e-05
23707,3e-05
23708,3e-05
23709,3e-05
23710,3e-05
23711,3e-05
23712,3e-05
23713,3e-05
23714,3e-05
23715,3e-05
23716,3e-05
23717,3e-05
23718,3e-05
23719,3e-05
23720,3e-05
23721,3e-05
23722,3e-05
23723,3e-05
23724,3e-05
23725,3e-05
23726,3e-05
23727,3e-05
23728,3e-05
23729,3e-05
23730,3e-05
23731,3e-05
23732,3e-05
23733,3e-05
23734,3e-05
23735,3e-05
23736,3e-05
23737,3e-05
23738,3e-05
23739,3e-05
23740,3e-05
23741,3e-05
23742,3e-05
23743,3e-05
23744,3e-05
23745,3e-05
23746,3e-05
23747,3e-05
23748,3e-05
23749,3e-05
23750,3e-05
23751,3e-05
23752,3e-05
23753,3e-05
23754,3e-05
23755,3e-05
23756,3e-05
23757,3e-05
23758,3e-05
23759,3e-05
23760,3e-05
23761,3e-05
23762,3e-05
23763,3e-05
23764,3e-05
23765,3e-05
23766,3e-05
23767,3e-05
23768,3e-05
23769,3e-05
23770,3e-05
23771,3e-05
23772,3e-05
23773,3e-05
23774,3e-05
23775,3e-05
23776,3e-05
23777,3e-05
23778,3e-05
23779,3e-05
23780,3e-05
23781,3e-05
23782,3e-05
23783,3e-05
23784,3e-05
23785,3e-05
23786,3e-05
23787,3e-05
23788,3e-05
23789,3e-05
23790,3e-05
23791,3e-05
23792,3e-05
23793,3e-05
23794,3e-05
23795,3e-05
23796,3e-05
23797,3e-05
23798,3e-05
23799,3e-05
23800,3e-05
23801,3e-05
23802,3e-05
23803,3e-05
23804,3e-05
23805,3e-05
23806,3e-05
23807,3e-05
23808,3e-05
23809,3e-05
23810,3e-05
23811,3e-05
23812,3e-05
23813,3e-05
23814,3e-05
23815,3e-05
23816,3e-05
23817,3e-05
23818,3e-05
23819,3e-05
23820,3e-05
23821,3e-05
23822,3e-05
23823,3e-05
23824,3e-05
23825,3e-05
23826,3e-05
23827,3e-05
23828,3e-05
23829,3e-05
23830,3e-05
23831,3e-05
23832,3e-05
23833,3e-05
23834,3e-05
23835,3e-05
23836,3e-05
23837,3e-05
23838,3e-05
23839,3e-05
23840,3e-05
23841,3e-05
23842,3e-05
23843,3e-05
23844,3e-05
23845,3e-05
23846,3e-05
23847,3e-05
23848,3e-05
23849,3e-05
23850,3e-05
23851,3e-05
23852,3e-05
23853,3e-05
23854,3e-05
23855,3e-05
23856,3e-05
23857,3e-05
23858,3e-05
23859,3e-05
23860,3e-05
23861,3e-05
23862,3e-05
23863,3e-05
23864,3e-05
23865,3e-05
23866,3e-05
23867,3e-05
23868,3e-05
23869,3e-05
23870,3e-05
23871,3e-05
23872,3e-05
23873,3e-05
23874,3e-05
23875,3e-05
23876,3e-05
23877,3e-05
23878,3e-05
23879,3e-05
23880,3e-05
23881,3e-05
23882,3e-05
23883,3e-05
23884,3e-05
23885,3e-05
23886,3e-05
23887,3e-05
23888,3e-05
23889,3e-05
23890,3e-05
23891,3e-05
23892,3e-05
23893,3e-05
23894,3e-05
23895,3e-05
23896,3e-05
23897,3e-05
23898,3e-05
23899,3e-05
23900,3e-05
23901,3e-05
23902,3e-05
23903,3e-05
23904,3e-05
23905,3e-05
23906,3e-05
23907,3e-05
23908,3e-05
23909,3e-05
23910,3e-05
23911,3e-05
23912,3e-05
23913,3e-05
23914,3e-05
23915,3e-05
23916,3e-05
23917,3e-05
23918,3e-05
23919,3e-05
23920,3e-05
23921,3e-05
23922,3e-05
23923,3e-05
23924,3e-05
23925,3e-05
23926,3e-05
23927,3e-05
23928,3e-05
23929,3e-05
23930,3e-05
23931,3e-05
23932,3e-05
23933,3e-05
23934,3e-05
23935,3e-05
23936,3e-05
23937,3e-05
23938,3e-05
23939,3e-05
23940,3e-05
23941,3e-05
23942,3e-05
23943,3e-05
23944,3e-05
23945,3e-05
23946,3e-05
23947,3e-05
23948,3e-05
23949,3e-05
23950,3e-05
23951,3e-05
23952,3e-05
23953,3e-05
23954,3e-05
23955,3e-05
23956,3e-05
23957,3e-05
23958,3e-05
23959,3e-05
23960,3e-05
23961,3e-05
23962,3e-05
23963,3e-05
23964,3e-05
23965,3e-05
23966,3e-05
23967,3e-05
23968,3e-05
23969,3e-05
23970,3e-05
23971,3e-05
23972,3e-05
23973,3e-05
23974,3e-05
23975,3e-05
23976,3e-05
23977,3e-05
23978,3e-05
23979,3e-05
23980,3e-05
23981,3e-05
23982,3e-05
23983,3e-05
23984,3e-05
23985,3e-05
23986,3e-05
23987,3e-05
23988,3e-05
23989,3e-05
23990,3e-05
23991,3e-05
23992,3e-05
23993,3e-05
23994,3e-05
23995,3e-05
23996,3e-05
23997,3e-05
23998,3e-05
23999,3e-05
24000,3e-05
24001,3e-05
24002,3e-05
24003,3e-05
24004,3e-05
24005,3e-05
24006,3e-05
24007,3e-05
24008,3e-05
24009,3e-05
24010,3e-05
24011,3e-05
24012,3e-05
24013,3e-05
24014,3e-05
24015,3e-05
24016,3e-05
24017,3e-05
24018,3e-05
24019,3e-05
24020,3e-05
24021,3e-05
24022,3e-05
24023,3e-05
24024,3e-05
24025,3e-05
24026,3e-05
24027,3e-05
24028,3e-05
24029,3e-05
24030,3e-05
24031,3e-05
24032,3e-05
24033,3e-05
24034,3e-05
24035,3e-05
24036,3e-05
24037,3e-05
24038,3e-05
24039,3e-05
24040,3e-05
24041,3e-05
24042,3e-05
24043,3e-05
24044,3e-05
24045,3e-05
24046,3e-05
24047,3e-05
24048,3e-05
24049,3e-05
24050,3e-05
24051,3e-05
24052,3e-05
24053,3e-05
24054,3e-05
24055,3e-05
24056,3e-05
24057,3e-05
24058,3e-05
24059,3e-05
24060,3e-05
24061,3e-05
24062,3e-05
24063,3e-05
24064,3e-05
24065,3e-05
24066,3e-05
24067,3e-05
24068,3e-05
24069,3e-05
24070,3e-05
24071,3e-05
24072,3e-05
24073,3e-05
24074,3e-05
24075,3e-05
24076,3e-05
24077,3e-05
24078,3e-05
24079,3e-05
24080,3e-05
24081,3e-05
24082,3e-05
24083,3e-05
24084,3e-05
24085,3e-05
24086,3e-05
24087,3e-05
24088,3e-05
24089,3e-05
24090,3e-05
24091,3e-05
24092,3e-05
24093,3e-05
24094,3e-05
24095,3e-05
24096,3e-05
24097,3e-05
24098,3e-05
24099,3e-05
24100,3e-05
24101,3e-05
24102,3e-05
24103,3e-05
24104,3e-05
24105,3e-05
24106,3e-05
24107,3e-05
24108,3e-05
24109,3e-05
24110,3e-05
24111,3e-05
24112,3e-05
24113,3e-05
24114,3e-05
24115,3e-05
24116,3e-05
24117,3e-05
24118,3e-05
24119,3e-05
24120,3e-05
24121,3e-05
24122,3e-05
24123,3e-05
24124,3e-05
24125,3e-05
24126,3e-05
24127,3e-05
24128,3e-05
24129,3e-05
24130,3e-05
24131,3e-05
24132,3e-05
24133,3e-05
24134,3e-05
24135,3e-05
24136,3e-05
24137,3e-05
24138,3e-05
24139,3e-05
24140,3e-05
24141,3e-05
24142,3e-05
24143,3e-05
24144,3e-05
24145,3e-05
24146,3e-05
24147,3e-05
24148,3e-05
24149,3e-05
24150,3e-05
24151,3e-05
24152,3e-05
24153,3e-05
24154,3e-05
24155,3e-05
24156,3e-05
24157,3e-05
24158,3e-05
24159,3e-05
24160,3e-05
24161,3e-05
24162,3e-05
24163,3e-05
24164,3e-05
24165,3e-05
24166,3e-05
24167,3e-05
24168,3e-05
24169,3e-05
24170,3e-05
24171,3e-05
24172,3e-05
24173,3e-05
24174,3e-05
24175,3e-05
24176,3e-05
24177,3e-05
24178,3e-05
24179,3e-05
24180,3e-05
24181,3e-05
24182,3e-05
24183,3e-05
24184,3e-05
24185,3e-05
24186,3e-05
24187,3e-05
24188,3e-05
24189,3e-05
24190,3e-05
24191,3e-05
24192,3e-05
24193,3e-05
24194,3e-05
24195,3e-05
24196,3e-05
24197,3e-05
24198,3e-05
24199,3e-05
24200,3e-05
24201,3e-05
24202,3e-05
24203,3e-05
24204,3e-05
24205,3e-05
24206,3e-05
24207,3e-05
24208,3e-05
24209,3e-05
24210,3e-05
24211,3e-05
24212,3e-05
24213,3e-05
24214,3e-05
24215,3e-05
24216,3e-05
24217,3e-05
24218,3e-05
24219,3e-05
24220,3e-05
24221,3e-05
24222,3e-05
24223,3e-05
24224,3e-05
24225,3e-05
24226,3e-05
24227,3e-05
24228,3e-05
24229,3e-05
24230,3e-05
24231,3e-05
24232,3e-05
24233,3e-05
24234,3e-05
24235,3e-05
24236,3e-05
24237,3e-05
24238,3e-05
24239,3e-05
24240,3e-05
24241,3e-05
24242,3e-05
24243,3e-05
24244,3e-05
24245,3e-05
24246,3e-05
24247,3e-05
24248,3e-05
24249,3e-05
24250,3e-05
24251,3e-05
24252,3e-05
24253,3e-05
24254,3e-05
24255,3e-05
24256,3e-05
24257,3e-05
24258,3e-05
24259,3e-05
24260,3e-05
24261,3e-05
24262,3e-05
24263,3e-05
24264,3e-05
24265,3e-05
24266,3e-05
24267,3e-05
24268,3e-05
24269,3e-05
24270,3e-05
24271,3e-05
24272,3e-05
24273,3e-05
24274,3e-05
24275,3e-05
24276,3e-05
24277,3e-05
24278,3e-05
24279,3e-05
24280,3e-05
24281,3e-05
24282,3e-05
24283,3e-05
24284,3e-05
24285,3e-05
24286,3e-05
24287,3e-05
24288,3e-05
24289,3e-05
24290,3e-05
24291,3e-05
24292,3e-05
24293,3e-05
24294,3e-05
24295,3e-05
24296,3e-05
24297,3e-05
24298,3e-05
24299,3e-05
24300,3e-05
24301,3e-05
24302,3e-05
24303,3e-05
24304,3e-05
24305,3e-05
24306,3e-05
24307,3e-05
24308,3e-05
24309,3e-05
24310,3e-05
24311,3e-05
24312,3e-05
24313,3e-05
24314,3e-05
24315,3e-05
24316,3e-05
24317,3e-05
24318,3e-05
24319,3e-05
24320,3e-05
24321,3e-05
24322,3e-05
24323,3e-05
24324,3e-05
24325,3e-05
24326,3e-05
24327,3e-05
24328,3e-05
24329,3e-05
24330,3e-05
24331,3e-05
24332,3e-05
24333,3e-05
24334,3e-05
24335,3e-05
24336,3e-05
24337,3e-05
24338,3e-05
24339,3e-05
24340,3e-05
24341,3e-05
24342,3e-05
24343,3e-05
24344,3e-05
24345,3e-05
24346,3e-05
24347,3e-05
24348,3e-05
24349,3e-05
24350,3e-05
24351,3e-05
24352,3e-05
24353,3e-05
24354,3e-05
24355,3e-05
24356,3e-05
24357,3e-05
24358,3e-05
24359,3e-05
24360,3e-05
24361,3e-05
24362,3e-05
24363,3e-05
24364,3e-05
24365,3e-05
24366,3e-05
24367,3e-05
24368,3e-05
24369,3e-05
24370,3e-05
24371,3e-05
24372,3e-05
24373,3e-05
24374,3e-05
24375,3e-05
24376,3e-05
24377,3e-05
24378,3e-05
24379,3e-05
24380,3e-05
24381,3e-05
24382,3e-05
24383,3e-05
24384,3e-05
24385,3e-05
24386,3e-05
24387,3e-05
24388,3e-05
24389,3e-05
24390,3e-05
24391,3e-05
24392,3e-05
24393,3e-05
24394,3e-05
24395,3e-05
24396,3e-05
24397,3e-05
24398,3e-05
24399,3e-05
24400,3e-05
24401,3e-05
24402,3e-05
24403,3e-05
24404,3e-05
24405,3e-05
24406,3e-05
24407,3e-05
24408,3e-05
24409,3e-05
24410,3e-05
24411,3e-05
24412,3e-05
24413,3e-05
24414,3e-05
24415,3e-05
24416,3e-05
24417,3e-05
24418,3e-05
24419,3e-05
24420,3e-05
24421,3e-05
24422,3e-05
24423,3e-05
24424,3e-05
24425,3e-05
24426,3e-05
24427,3e-05
24428,3e-05
24429,3e-05
24430,3e-05
24431,3e-05
24432,3e-05
24433,3e-05
24434,3e-05
24435,3e-05
24436,3e-05
24437,3e-05
24438,3e-05
24439,3e-05
24440,3e-05
24441,3e-05
24442,3e-05
24443,3e-05
24444,3e-05
24445,3e-05
24446,3e-05
24447,3e-05
24448,3e-05
24449,3e-05
24450,3e-05
24451,3e-05
24452,3e-05
24453,3e-05
24454,3e-05
24455,3e-05
24456,3e-05
24457,3e-05
24458,3e-05
24459,3e-05
24460,3e-05
24461,3e-05
24462,3e-05
24463,3e-05
24464,3e-05
24465,3e-05
24466,3e-05
24467,3e-05
24468,3e-05
24469,3e-05
24470,3e-05
24471,3e-05
24472,3e-05
24473,3e-05
24474,3e-05
24475,3e-05
24476,3e-05
24477,3e-05
24478,3e-05
24479,3e-05
24480,3e-05
24481,3e-05
24482,3e-05
24483,3e-05
24484,3e-05
24485,3e-05
24486,3e-05
24487,3e-05
24488,3e-05
24489,3e-05
24490,3e-05
24491,3e-05
24492,3e-05
24493,3e-05
24494,3e-05
24495,3e-05
24496,3e-05
24497,3e-05
24498,3e-05
24499,3e-05
24500,3e-05
24501,3e-05
24502,3e-05
24503,3e-05
24504,3e-05
24505,3e-05
24506,3e-05
24507,3e-05
24508,3e-05
24509,3e-05
24510,3e-05
24511,3e-05
24512,3e-05
24513,3e-05
24514,3e-05
24515,3e-05
24516,3e-05
24517,3e-05
24518,3e-05
24519,3e-05
24520,3e-05
24521,3e-05
24522,3e-05
24523,3e-05
24524,3e-05
24525,3e-05
24526,3e-05
24527,3e-05
24528,3e-05
24529,3e-05
24530,3e-05
24531,3e-05
24532,3e-05
24533,3e-05
24534,3e-05
24535,3e-05
24536,3e-05
24537,3e-05
24538,3e-05
24539,3e-05
24540,3e-05
24541,3e-05
24542,3e-05
24543,3e-05
24544,3e-05
24545,3e-05
24546,3e-05
24547,3e-05
24548,3e-05
24549,3e-05
24550,3e-05
24551,3e-05
24552,3e-05
24553,3e-05
24554,3e-05
24555,3e-05
24556,3e-05
24557,3e-05
24558,3e-05
24559,3e-05
24560,3e-05
24561,3e-05
24562,3e-05
24563,3e-05
24564,3e-05
24565,3e-05
24566,3e-05
24567,3e-05
24568,3e-05
24569,3e-05
24570,3e-05
24571,3e-05
24572,3e-05
24573,3e-05
24574,3e-05
24575,3e-05
24576,3e-05
24577,3e-05
24578,3e-05
24579,3e-05
24580,3e-05
24581,3e-05
24582,3e-05
24583,3e-05
24584,3e-05
24585,3e-05
24586,3e-05
24587,3e-05
24588,3e-05
24589,3e-05
24590,3e-05
24591,3e-05
24592,3e-05
24593,3e-05
24594,3e-05
24595,3e-05
24596,3e-05
24597,3e-05
24598,3e-05
24599,3e-05
24600,3e-05
24601,3e-05
24602,3e-05
24603,3e-05
24604,3e-05
24605,3e-05
24606,3e-05
24607,3e-05
24608,3e-05
24609,3e-05
24610,3e-05
24611,3e-05
24612,3e-05
24613,3e-05
24614,3e-05
24615,3e-05
24616,3e-05
24617,3e-05
24618,3e-05
24619,3e-05
24620,3e-05
24621,3e-05
24622,3e-05
24623,3e-05
24624,3e-05
24625,3e-05
24626,3e-05
24627,3e-05
24628,3e-05
24629,3e-05
24630,3e-05
24631,3e-05
24632,3e-05
24633,3e-05
24634,3e-05
24635,3e-05
24636,3e-05
24637,3e-05
24638,3e-05
24639,3e-05
24640,3e-05
24641,3e-05
24642,3e-05
24643,3e-05
24644,3e-05
24645,3e-05
24646,3e-05
24647,3e-05
24648,3e-05
24649,3e-05
24650,3e-05
24651,3e-05
24652,3e-05
24653,3e-05
24654,3e-05
24655,3e-05
24656,3e-05
24657,3e-05
24658,3e-05
24659,3e-05
24660,3e-05
24661,3e-05
24662,3e-05
24663,3e-05
24664,3e-05
24665,3e-05
24666,3e-05
24667,3e-05
24668,3e-05
24669,3e-05
24670,3e-05
24671,3e-05
24672,3e-05
24673,3e-05
24674,3e-05
24675,3e-05
24676,3e-05
24677,3e-05
24678,3e-05
24679,3e-05
24680,3e-05
24681,3e-05
24682,3e-05
24683,3e-05
24684,3e-05
24685,3e-05
24686,3e-05
24687,3e-05
24688,3e-05
24689,3e-05
24690,3e-05
24691,3e-05
24692,3e-05
24693,3e-05
24694,3e-05
24695,3e-05
24696,3e-05
24697,3e-05
24698,3e-05
24699,3e-05
24700,3e-05
24701,3e-05
24702,3e-05
24703,3e-05
24704,3e-05
24705,3e-05
24706,3e-05
24707,3e-05
24708,3e-05
24709,3e-05
24710,3e-05
24711,3e-05
24712,3e-05
24713,3e-05
24714,3e-05
24715,3e-05
24716,3e-05
24717,3e-05
24718,3e-05
24719,3e-05
24720,3e-05
24721,3e-05
24722,3e-05
24723,3e-05
24724,3e-05
24725,3e-05
24726,3e-05
24727,3e-05
24728,3e-05
24729,3e-05
24730,3e-05
24731,3e-05
24732,3e-05
24733,3e-05
24734,3e-05
24735,3e-05
24736,3e-05
24737,3e-05
24738,3e-05
24739,3e-05
24740,3e-05
24741,3e-05
24742,3e-05
24743,3e-05
24744,3e-05
24745,3e-05
24746,3e-05
24747,3e-05
24748,3e-05
24749,3e-05
24750,3e-05
24751,3e-05
24752,3e-05
24753,3e-05
24754,3e-05
24755,3e-05
24756,3e-05
24757,3e-05
24758,3e-05
24759,3e-05
24760,3e-05
24761,3e-05
24762,3e-05
24763,3e-05
24764,3e-05
24765,3e-05
24766,3e-05
24767,3e-05
24768,3e-05
24769,3e-05
24770,3e-05
24771,3e-05
24772,3e-05
24773,3e-05
24774,3e-05
24775,3e-05
24776,3e-05
24777,3e-05
24778,3e-05
24779,3e-05
24780,3e-05
24781,3e-05
24782,3e-05
24783,3e-05
24784,3e-05
24785,3e-05
24786,3e-05
24787,3e-05
24788,3e-05
24789,3e-05
24790,3e-05
24791,3e-05
24792,3e-05
24793,3e-05
24794,3e-05
24795,3e-05
24796,3e-05
24797,3e-05
24798,3e-05
24799,3e-05
24800,3e-05
24801,3e-05
24802,3e-05
24803,3e-05
24804,3e-05
24805,3e-05
24806,3e-05
24807,3e-05
24808,3e-05
24809,3e-05
24810,3e-05
24811,3e-05
24812,3e-05
24813,3e-05
24814,3e-05
24815,3e-05
24816,3e-05
24817,3e-05
24818,3e-05
24819,3e-05
24820,3e-05
24821,3e-05
24822,3e-05
24823,3e-05
24824,3e-05
24825,3e-05
24826,3e-05
24827,3e-05
24828,3e-05
24829,3e-05
24830,3e-05
24831,3e-05
24832,3e-05
24833,3e-05
24834,3e-05
24835,3e-05
24836,3e-05
24837,3e-05
24838,3e-05
24839,3e-05
24840,3e-05
24841,3e-05
24842,3e-05
24843,3e-05
24844,3e-05
24845,3e-05
24846,3e-05
24847,3e-05
24848,3e-05
24849,3e-05
24850,3e-05
24851,3e-05
24852,3e-05
24853,3e-05
24854,3e-05
24855,3e-05
24856,3e-05
24857,3e-05
24858,3e-05
24859,3e-05
24860,3e-05
24861,3e-05
24862,3e-05
24863,3e-05
24864,3e-05
24865,3e-05
24866,3e-05
24867,3e-05
24868,3e-05
24869,3e-05
24870,3e-05
24871,3e-05
24872,3e-05
24873,3e-05
24874,3e-05
24875,3e-05
24876,3e-05
24877,3e-05
24878,3e-05
24879,3e-05
24880,3e-05
24881,3e-05
24882,3e-05
24883,3e-05
24884,3e-05
24885,3e-05
24886,3e-05
24887,3e-05
24888,3e-05
24889,3e-05
24890,3e-05
24891,3e-05
24892,3e-05
24893,3e-05
24894,3e-05
24895,3e-05
24896,3e-05
24897,3e-05
24898,3e-05
24899,3e-05
24900,3e-05
24901,3e-05
24902,3e-05
24903,3e-05
24904,3e-05
24905,3e-05
24906,3e-05
24907,3e-05
24908,3e-05
24909,3e-05
24910,3e-05
24911,3e-05
24912,3e-05
24913,3e-05
24914,3e-05
24915,3e-05
24916,3e-05
24917,3e-05
24918,3e-05
24919,3e-05
24920,3e-05
24921,3e-05
24922,3e-05
24923,3e-05
24924,3e-05
24925,3e-05
24926,3e-05
24927,3e-05
24928,3e-05
24929,3e-05
24930,3e-05
24931,3e-05
24932,3e-05
24933,3e-05
24934,3e-05
24935,3e-05
24936,3e-05
24937,3e-05
24938,3e-05
24939,3e-05
24940,3e-05
24941,3e-05
24942,3e-05
24943,3e-05
24944,3e-05
24945,3e-05
24946,3e-05
24947,3e-05
24948,3e-05
24949,3e-05
24950,3e-05
24951,3e-05
24952,3e-05
24953,3e-05
24954,3e-05
24955,3e-05
24956,3e-05
24957,3e-05
24958,3e-05
24959,3e-05
24960,3e-05
24961,3e-05
24962,3e-05
24963,3e-05
24964,3e-05
24965,3e-05
24966,3e-05
24967,3e-05
24968,3e-05
24969,3e-05
24970,3e-05
24971,3e-05
24972,3e-05
24973,3e-05
24974,3e-05
24975,3e-05
24976,3e-05
24977,3e-05
24978,3e-05
24979,3e-05
24980,3e-05
24981,3e-05
24982,3e-05
24983,3e-05
24984,3e-05
24985,3e-05
24986,3e-05
24987,3e-05
24988,3e-05
24989,3e-05
24990,3e-05
24991,3e-05
24992,3e-05
24993,3e-05
24994,3e-05
24995,3e-05
24996,3e-05
24997,3e-05
24998,3e-05
24999,3e-05
25000,3e-05
25001,3e-05
25002,3e-05
25003,3e-05
25004,3e-05
25005,3e-05
25006,3e-05
25007,3e-05
25008,3e-05
25009,3e-05
25010,3e-05
25011,3e-05
25012,3e-05
25013,3e-05
25014,3e-05
25015,3e-05
25016,3e-05
25017,3e-05
25018,3e-05
25019,3e-05
25020,3e-05
25021,3e-05
25022,3e-05
25023,3e-05
25024,3e-05
25025,3e-05
25026,3e-05
25027,3e-05
25028,3e-05
25029,3e-05
25030,3e-05
25031,3e-05
25032,3e-05
25033,3e-05
25034,3e-05
25035,3e-05
25036,3e-05
25037,3e-05
25038,3e-05
25039,3e-05
25040,3e-05
25041,3e-05
25042,3e-05
25043,3e-05
25044,3e-05
25045,3e-05
25046,3e-05
25047,3e-05
25048,3e-05
25049,3e-05
25050,3e-05
25051,3e-05
25052,3e-05
25053,3e-05
25054,3e-05
25055,3e-05
25056,3e-05
25057,3e-05
25058,3e-05
25059,3e-05
25060,3e-05
25061,3e-05
25062,3e-05
25063,3e-05
25064,3e-05
25065,3e-05
25066,3e-05
25067,3e-05
25068,3e-05
25069,3e-05
25070,3e-05
25071,3e-05
25072,3e-05
25073,3e-05
25074,3e-05
25075,3e-05
25076,3e-05
25077,3e-05
25078,3e-05
25079,3e-05
25080,3e-05
25081,3e-05
25082,3e-05
25083,3e-05
25084,3e-05
25085,3e-05
25086,3e-05
25087,3e-05
25088,3e-05
25089,3e-05
25090,3e-05
25091,3e-05
25092,3e-05
25093,3e-05
25094,3e-05
25095,3e-05
25096,3e-05
25097,3e-05
25098,3e-05
25099,3e-05
25100,3e-05
25101,3e-05
25102,3e-05
25103,3e-05
25104,3e-05
25105,3e-05
25106,3e-05
25107,3e-05
25108,3e-05
25109,3e-05
25110,3e-05
25111,3e-05
25112,3e-05
25113,3e-05
25114,3e-05
25115,3e-05
25116,3e-05
25117,3e-05
25118,3e-05
25119,3e-05
25120,3e-05
25121,3e-05
25122,3e-05
25123,3e-05
25124,3e-05
25125,3e-05
25126,3e-05
25127,3e-05
25128,3e-05
25129,3e-05
25130,3e-05
25131,3e-05
25132,3e-05
25133,3e-05
25134,3e-05
25135,3e-05
25136,3e-05
25137,3e-05
25138,3e-05
25139,3e-05
25140,3e-05
25141,3e-05
25142,3e-05
25143,3e-05
25144,3e-05
25145,3e-05
25146,3e-05
25147,3e-05
25148,3e-05
25149,3e-05
25150,3e-05
25151,3e-05
25152,3e-05
25153,3e-05
25154,3e-05
25155,3e-05
25156,3e-05
25157,3e-05
25158,3e-05
25159,3e-05
25160,3e-05
25161,3e-05
25162,3e-05
25163,3e-05
25164,3e-05
25165,3e-05
25166,3e-05
25167,3e-05
25168,3e-05
25169,3e-05
25170,3e-05
25171,3e-05
25172,3e-05
25173,3e-05
25174,3e-05
25175,3e-05
25176,3e-05
25177,3e-05
25178,3e-05
25179,3e-05
25180,3e-05
25181,3e-05
25182,3e-05
25183,3e-05
25184,3e-05
25185,3e-05
25186,3e-05
25187,3e-05
25188,3e-05
25189,3e-05
25190,3e-05
25191,3e-05
25192,3e-05
25193,3e-05
25194,3e-05
25195,3e-05
25196,3e-05
25197,3e-05
25198,3e-05
25199,3e-05
25200,3e-05
25201,3e-05
25202,3e-05
25203,3e-05
25204,3e-05
25205,3e-05
25206,3e-05
25207,3e-05
25208,3e-05
25209,3e-05
25210,3e-05
25211,3e-05
25212,3e-05
25213,3e-05
25214,3e-05
25215,3e-05
25216,3e-05
25217,3e-05
25218,3e-05
25219,3e-05
25220,3e-05
25221,3e-05
25222,3e-05
25223,3e-05
25224,3e-05
25225,3e-05
25226,3e-05
25227,3e-05
25228,3e-05
25229,3e-05
25230,3e-05
25231,3e-05
25232,3e-05
25233,3e-05
25234,3e-05
25235,3e-05
25236,3e-05
25237,3e-05
25238,3e-05
25239,3e-05
25240,3e-05
25241,3e-05
25242,3e-05
25243,3e-05
25244,3e-05
25245,3e-05
25246,3e-05
25247,3e-05
25248,3e-05
25249,3e-05
25250,3e-05
25251,3e-05
25252,3e-05
25253,3e-05
25254,3e-05
25255,3e-05
25256,3e-05
25257,3e-05
25258,3e-05
25259,3e-05
25260,3e-05
25261,3e-05
25262,3e-05
25263,3e-05
25264,3e-05
25265,3e-05
25266,3e-05
25267,3e-05
25268,3e-05
25269,3e-05
25270,3e-05
25271,3e-05
25272,3e-05
25273,3e-05
25274,3e-05
25275,3e-05
25276,3e-05
25277,3e-05
25278,3e-05
25279,3e-05
25280,3e-05
25281,3e-05
25282,3e-05
25283,3e-05
25284,3e-05
25285,3e-05
25286,3e-05
25287,3e-05
25288,3e-05
25289,3e-05
25290,3e-05
25291,3e-05
25292,3e-05
25293,3e-05
25294,3e-05
25295,3e-05
25296,3e-05
25297,3e-05
25298,3e-05
25299,3e-05
25300,3e-05
25301,3e-05
25302,3e-05
25303,3e-05
25304,3e-05
25305,3e-05
25306,3e-05
25307,3e-05
25308,3e-05
25309,3e-05
25310,3e-05
25311,3e-05
25312,3e-05
25313,3e-05
25314,3e-05
25315,3e-05
25316,3e-05
25317,3e-05
25318,3e-05
25319,3e-05
25320,3e-05
25321,3e-05
25322,3e-05
25323,3e-05
25324,3e-05
25325,3e-05
25326,3e-05
25327,3e-05
25328,3e-05
25329,3e-05
25330,3e-05
25331,3e-05
25332,3e-05
25333,3e-05
25334,3e-05
25335,3e-05
25336,3e-05
25337,3e-05
25338,3e-05
25339,3e-05
25340,3e-05
25341,3e-05
25342,3e-05
25343,3e-05
25344,3e-05
25345,3e-05
25346,3e-05
25347,3e-05
25348,3e-05
25349,3e-05
25350,3e-05
25351,3e-05
25352,3e-05
25353,3e-05
25354,3e-05
25355,3e-05
25356,3e-05
25357,3e-05
25358,3e-05
25359,3e-05
25360,3e-05
25361,3e-05
25362,3e-05
25363,3e-05
25364,3e-05
25365,3e-05
25366,3e-05
25367,3e-05
25368,3e-05
25369,3e-05
25370,3e-05
25371,3e-05
25372,3e-05
25373,3e-05
25374,3e-05
25375,3e-05
25376,3e-05
25377,3e-05
25378,3e-05
25379,3e-05
25380,3e-05
25381,3e-05
25382,3e-05
25383,3e-05
25384,3e-05
25385,3e-05
25386,3e-05
25387,3e-05
25388,3e-05
25389,3e-05
25390,3e-05
25391,3e-05
25392,3e-05
25393,3e-05
25394,3e-05
25395,3e-05
25396,3e-05
25397,3e-05
25398,3e-05
25399,3e-05
25400,3e-05
25401,3e-05
25402,3e-05
25403,3e-05
25404,3e-05
25405,3e-05
25406,3e-05
25407,3e-05
25408,3e-05
25409,3e-05
25410,3e-05
25411,3e-05
25412,3e-05
25413,3e-05
25414,3e-05
25415,3e-05
25416,3e-05
25417,3e-05
25418,3e-05
25419,3e-05
25420,3e-05
25421,3e-05
25422,3e-05
25423,3e-05
25424,3e-05
25425,3e-05
25426,3e-05
25427,3e-05
25428,3e-05
25429,3e-05
25430,3e-05
25431,3e-05
25432,3e-05
25433,3e-05
25434,3e-05
25435,3e-05
25436,3e-05
25437,3e-05
25438,3e-05
25439,3e-05
25440,3e-05
25441,3e-05
25442,3e-05
25443,3e-05
25444,3e-05
25445,3e-05
25446,3e-05
25447,3e-05
25448,3e-05
25449,3e-05
25450,3e-05
25451,3e-05
25452,3e-05
25453,3e-05
25454,3e-05
25455,3e-05
25456,3e-05
25457,3e-05
25458,3e-05
25459,3e-05
25460,3e-05
25461,3e-05
25462,3e-05
25463,3e-05
25464,3e-05
25465,3e-05
25466,3e-05
25467,3e-05
25468,3e-05
25469,3e-05
25470,3e-05
25471,3e-05
25472,3e-05
25473,3e-05
25474,3e-05
25475,3e-05
25476,3e-05
25477,3e-05
25478,3e-05
25479,3e-05
25480,3e-05
25481,3e-05
25482,3e-05
25483,3e-05
25484,3e-05
25485,3e-05
25486,3e-05
25487,3e-05
25488,3e-05
25489,3e-05
25490,3e-05
25491,3e-05
25492,3e-05
25493,3e-05
25494,3e-05
25495,3e-05
25496,3e-05
25497,3e-05
25498,3e-05
25499,3e-05
25500,3e-05
25501,3e-05
25502,3e-05
25503,3e-05
25504,3e-05
25505,3e-05
25506,3e-05
25507,3e-05
25508,3e-05
25509,3e-05
25510,3e-05
25511,3e-05
25512,3e-05
25513,3e-05
25514,3e-05
25515,3e-05
25516,3e-05
25517,3e-05
25518,3e-05
25519,3e-05
25520,3e-05
25521,3e-05
25522,3e-05
25523,3e-05
25524,3e-05
25525,3e-05
25526,3e-05
25527,3e-05
25528,3e-05
25529,3e-05
25530,3e-05
25531,3e-05
25532,3e-05
25533,3e-05
25534,3e-05
25535,3e-05
25536,3e-05
25537,3e-05
25538,3e-05
25539,3e-05
25540,3e-05
25541,3e-05
25542,3e-05
25543,3e-05
25544,3e-05
25545,3e-05
25546,3e-05
25547,3e-05
25548,3e-05
25549,3e-05
25550,3e-05
25551,3e-05
25552,3e-05
25553,3e-05
25554,3e-05
25555,3e-05
25556,3e-05
25557,3e-05
25558,3e-05
25559,3e-05
25560,3e-05
25561,3e-05
25562,3e-05
25563,3e-05
25564,3e-05
25565,3e-05
25566,3e-05
25567,3e-05
25568,3e-05
25569,3e-05
25570,3e-05
25571,3e-05
25572,3e-05
25573,3e-05
25574,3e-05
25575,3e-05
25576,3e-05
25577,3e-05
25578,3e-05
25579,3e-05
25580,3e-05
25581,3e-05
25582,3e-05
25583,3e-05
25584,3e-05
25585,3e-05
25586,3e-05
25587,3e-05
25588,3e-05
25589,3e-05
25590,3e-05
25591,3e-05
25592,3e-05
25593,3e-05
25594,3e-05
25595,3e-05
25596,3e-05
25597,3e-05
25598,3e-05
25599,3e-05
25600,3e-05
25601,3e-05
25602,3e-05
25603,3e-05
25604,3e-05
25605,3e-05
25606,3e-05
25607,3e-05
25608,3e-05
25609,3e-05
25610,3e-05
25611,3e-05
25612,3e-05
25613,3e-05
25614,3e-05
25615,3e-05
25616,3e-05
25617,3e-05
25618,3e-05
25619,3e-05
25620,3e-05
25621,3e-05
25622,3e-05
25623,3e-05
25624,3e-05
25625,3e-05
25626,3e-05
25627,3e-05
25628,3e-05
25629,3e-05
25630,3e-05
25631,3e-05
25632,3e-05
25633,3e-05
25634,3e-05
25635,3e-05
25636,3e-05
25637,3e-05
25638,3e-05
25639,3e-05
25640,3e-05
25641,3e-05
25642,3e-05
25643,3e-05
25644,3e-05
25645,3e-05
25646,3e-05
25647,3e-05
25648,3e-05
25649,3e-05
25650,3e-05
25651,3e-05
25652,3e-05
25653,3e-05
25654,3e-05
25655,3e-05
25656,3e-05
25657,3e-05
25658,3e-05
25659,3e-05
25660,3e-05
25661,3e-05
25662,3e-05
25663,3e-05
25664,3e-05
25665,3e-05
25666,3e-05
25667,3e-05
25668,3e-05
25669,3e-05
25670,3e-05
25671,3e-05
25672,3e-05
25673,3e-05
25674,3e-05
25675,3e-05
25676,3e-05
25677,3e-05
25678,3e-05
25679,3e-05
25680,3e-05
25681,3e-05
25682,3e-05
25683,3e-05
25684,3e-05
25685,3e-05
25686,3e-05
25687,3e-05
25688,3e-05
25689,3e-05
25690,3e-05
25691,3e-05
25692,3e-05
25693,3e-05
25694,3e-05
25695,3e-05
25696,3e-05
25697,3e-05
25698,3e-05
25699,3e-05
25700,3e-05
25701,3e-05
25702,3e-05
25703,3e-05
25704,3e-05
25705,3e-05
25706,3e-05
25707,3e-05
25708,3e-05
25709,3e-05
25710,3e-05
25711,3e-05
25712,3e-05
25713,3e-05
25714,3e-05
25715,3e-05
25716,3e-05
25717,3e-05
25718,3e-05
25719,3e-05
25720,3e-05
25721,3e-05
25722,3e-05
25723,3e-05
25724,3e-05
25725,3e-05
25726,3e-05
25727,3e-05
25728,3e-05
25729,3e-05
25730,3e-05
25731,3e-05
25732,3e-05
25733,3e-05
25734,3e-05
25735,3e-05
25736,3e-05
25737,3e-05
25738,3e-05
25739,3e-05
25740,3e-05
25741,3e-05
25742,3e-05
25743,3e-05
25744,3e-05
25745,3e-05
25746,3e-05
25747,3e-05
25748,3e-05
25749,3e-05
25750,3e-05
25751,3e-05
25752,3e-05
25753,3e-05
25754,3e-05
25755,3e-05
25756,3e-05
25757,3e-05
25758,3e-05
25759,3e-05
25760,3e-05
25761,3e-05
25762,3e-05
25763,3e-05
25764,3e-05
25765,3e-05
25766,3e-05
25767,3e-05
25768,3e-05
25769,3e-05
25770,3e-05
25771,3e-05
25772,3e-05
25773,3e-05
25774,3e-05
25775,3e-05
25776,3e-05
25777,3e-05
25778,3e-05
25779,3e-05
25780,3e-05
25781,3e-05
25782,3e-05
25783,3e-05
25784,3e-05
25785,3e-05
25786,3e-05
25787,3e-05
25788,3e-05
25789,3e-05
25790,3e-05
25791,3e-05
25792,3e-05
25793,3e-05
25794,3e-05
25795,3e-05
25796,3e-05
25797,3e-05
25798,3e-05
25799,3e-05
25800,3e-05
25801,3e-05
25802,3e-05
25803,3e-05
25804,3e-05
25805,3e-05
25806,3e-05
25807,3e-05
25808,3e-05
25809,3e-05
25810,3e-05
25811,3e-05
25812,3e-05
25813,3e-05
25814,3e-05
25815,3e-05
25816,3e-05
25817,3e-05
25818,3e-05
25819,3e-05
25820,3e-05
25821,3e-05
25822,3e-05
25823,3e-05
25824,3e-05
25825,3e-05
25826,3e-05
25827,3e-05
25828,3e-05
25829,3e-05
25830,3e-05
25831,3e-05
25832,3e-05
25833,3e-05
25834,3e-05
25835,3e-05
25836,3e-05
25837,3e-05
25838,3e-05
25839,3e-05
25840,3e-05
25841,3e-05
25842,3e-05
25843,3e-05
25844,3e-05
25845,3e-05
25846,3e-05
25847,3e-05
25848,3e-05
25849,3e-05
25850,3e-05
25851,3e-05
25852,3e-05
25853,3e-05
25854,3e-05
25855,3e-05
25856,3e-05
25857,3e-05
25858,3e-05
25859,3e-05
25860,3e-05
25861,3e-05
25862,3e-05
25863,3e-05
25864,3e-05
25865,3e-05
25866,3e-05
25867,3e-05
25868,3e-05
25869,3e-05
25870,3e-05
25871,3e-05
25872,3e-05
25873,3e-05
25874,3e-05
25875,3e-05
25876,3e-05
25877,3e-05
25878,3e-05
25879,3e-05
25880,3e-05
25881,3e-05
25882,3e-05
25883,3e-05
25884,3e-05
25885,3e-05
25886,3e-05
25887,3e-05
25888,3e-05
25889,3e-05
25890,3e-05
25891,3e-05
25892,3e-05
25893,3e-05
25894,3e-05
25895,3e-05
25896,3e-05
25897,3e-05
25898,3e-05
25899,3e-05
25900,3e-05
25901,3e-05
25902,3e-05
25903,3e-05
25904,3e-05
25905,3e-05
25906,3e-05
25907,3e-05
25908,3e-05
25909,3e-05
25910,3e-05
25911,3e-05
25912,3e-05
25913,3e-05
25914,3e-05
25915,3e-05
25916,3e-05
25917,3e-05
25918,3e-05
25919,3e-05
25920,3e-05
25921,3e-05
25922,3e-05
25923,3e-05
25924,3e-05
25925,3e-05
25926,3e-05
25927,3e-05
25928,3e-05
25929,3e-05
25930,3e-05
25931,3e-05
25932,3e-05
25933,3e-05
25934,3e-05
25935,3e-05
25936,3e-05
25937,3e-05
25938,3e-05
25939,3e-05
25940,3e-05
25941,3e-05
25942,3e-05
25943,3e-05
25944,3e-05
25945,3e-05
25946,3e-05
25947,3e-05
25948,3e-05
25949,3e-05
25950,3e-05
25951,3e-05
25952,3e-05
25953,3e-05
25954,3e-05
25955,3e-05
25956,3e-05
25957,3e-05
25958,3e-05
25959,3e-05
25960,3e-05
25961,3e-05
25962,3e-05
25963,3e-05
25964,3e-05
25965,3e-05
25966,3e-05
25967,3e-05
25968,3e-05
25969,3e-05
25970,3e-05
25971,3e-05
25972,3e-05
25973,3e-05
25974,3e-05
25975,3e-05
25976,3e-05
25977,3e-05
25978,3e-05
25979,3e-05
25980,3e-05
25981,3e-05
25982,3e-05
25983,3e-05
25984,3e-05
25985,3e-05
25986,3e-05
25987,3e-05
25988,3e-05
25989,3e-05
25990,3e-05
25991,3e-05
25992,3e-05
25993,3e-05
25994,3e-05
25995,3e-05
25996,3e-05
25997,3e-05
25998,3e-05
25999,3e-05
26000,3e-05
26001,3e-05
26002,3e-05
26003,3e-05
26004,3e-05
26005,3e-05
26006,3e-05
26007,3e-05
26008,3e-05
26009,3e-05
26010,3e-05
26011,3e-05
26012,3e-05
26013,3e-05
26014,3e-05
26015,3e-05
26016,3e-05
26017,3e-05
26018,3e-05
26019,3e-05
26020,3e-05
26021,3e-05
26022,3e-05
26023,3e-05
26024,3e-05
26025,3e-05
26026,3e-05
26027,3e-05
26028,3e-05
26029,3e-05
26030,3e-05
26031,3e-05
26032,3e-05
26033,3e-05
26034,3e-05
26035,3e-05
26036,3e-05
26037,3e-05
26038,3e-05
26039,3e-05
26040,3e-05
26041,3e-05
26042,3e-05
26043,3e-05
26044,3e-05
26045,3e-05
26046,3e-05
26047,3e-05
26048,3e-05
26049,3e-05
26050,3e-05
26051,3e-05
26052,3e-05
26053,3e-05
26054,3e-05
26055,3e-05
26056,3e-05
26057,3e-05
26058,3e-05
26059,3e-05
26060,3e-05
26061,3e-05
26062,3e-05
26063,3e-05
26064,3e-05
26065,3e-05
26066,3e-05
26067,3e-05
26068,3e-05
26069,3e-05
26070,3e-05
26071,3e-05
26072,3e-05
26073,3e-05
26074,3e-05
26075,3e-05
26076,3e-05
26077,3e-05
26078,3e-05
26079,3e-05
26080,3e-05
26081,3e-05
26082,3e-05
26083,3e-05
26084,3e-05
26085,3e-05
26086,3e-05
26087,3e-05
26088,3e-05
26089,3e-05
26090,3e-05
26091,3e-05
26092,3e-05
26093,3e-05
26094,3e-05
26095,3e-05
26096,3e-05
26097,3e-05
26098,3e-05
26099,3e-05
26100,3e-05
26101,3e-05
26102,3e-05
26103,3e-05
26104,3e-05
26105,3e-05
26106,3e-05
26107,3e-05
26108,3e-05
26109,3e-05
26110,3e-05
26111,3e-05
26112,3e-05
26113,3e-05
26114,3e-05
26115,3e-05
26116,3e-05
26117,3e-05
26118,3e-05
26119,3e-05
26120,3e-05
26121,3e-05
26122,3e-05
26123,3e-05
26124,3e-05
26125,3e-05
26126,3e-05
26127,3e-05
26128,3e-05
26129,3e-05
26130,3e-05
26131,3e-05
26132,3e-05
26133,3e-05
26134,3e-05
26135,3e-05
26136,3e-05
26137,3e-05
26138,3e-05
26139,3e-05
26140,3e-05
26141,3e-05
26142,3e-05
26143,3e-05
26144,3e-05
26145,3e-05
26146,3e-05
26147,3e-05
26148,3e-05
26149,3e-05
26150,3e-05
26151,3e-05
26152,3e-05
26153,3e-05
26154,3e-05
26155,3e-05
26156,3e-05
26157,3e-05
26158,3e-05
26159,3e-05
26160,3e-05
26161,3e-05
26162,3e-05
26163,3e-05
26164,3e-05
26165,3e-05
26166,3e-05
26167,3e-05
26168,3e-05
26169,3e-05
26170,3e-05
26171,3e-05
26172,3e-05
26173,3e-05
26174,3e-05
26175,3e-05
26176,3e-05
26177,3e-05
26178,3e-05
26179,3e-05
26180,3e-05
26181,3e-05
26182,3e-05
26183,3e-05
26184,3e-05
26185,3e-05
26186,3e-05
26187,3e-05
26188,3e-05
26189,3e-05
26190,3e-05
26191,3e-05
26192,3e-05
26193,3e-05
26194,3e-05
26195,3e-05
26196,3e-05
26197,3e-05
26198,3e-05
26199,3e-05
26200,3e-05
26201,3e-05
26202,3e-05
26203,3e-05
26204,3e-05
26205,3e-05
26206,3e-05
26207,3e-05
26208,3e-05
26209,3e-05
26210,3e-05
26211,3e-05
26212,3e-05
26213,3e-05
26214,3e-05
26215,3e-05
26216,3e-05
26217,3e-05
26218,3e-05
26219,3e-05
26220,3e-05
26221,3e-05
26222,3e-05
26223,3e-05
26224,3e-05
26225,3e-05
26226,3e-05
26227,3e-05
26228,3e-05
26229,3e-05
26230,3e-05
26231,3e-05
26232,3e-05
26233,3e-05
26234,3e-05
26235,3e-05
26236,3e-05
26237,3e-05
26238,3e-05
26239,3e-05
26240,3e-05
26241,3e-05
26242,3e-05
26243,3e-05
26244,3e-05
26245,3e-05
26246,3e-05
26247,3e-05
26248,3e-05
26249,3e-05
26250,3e-05
26251,3e-05
26252,3e-05
26253,3e-05
26254,3e-05
26255,3e-05
26256,3e-05
26257,3e-05
26258,3e-05
26259,3e-05
26260,3e-05
26261,3e-05
26262,3e-05
26263,3e-05
26264,3e-05
26265,3e-05
26266,3e-05
26267,3e-05
26268,3e-05
26269,3e-05
26270,3e-05
26271,3e-05
26272,3e-05
26273,3e-05
26274,3e-05
26275,3e-05
26276,3e-05
26277,3e-05
26278,3e-05
26279,3e-05
26280,3e-05
26281,3e-05
26282,3e-05
26283,3e-05
26284,3e-05
26285,3e-05
26286,3e-05
26287,3e-05
26288,3e-05
26289,3e-05
26290,3e-05
26291,3e-05
26292,3e-05
26293,3e-05
26294,3e-05
26295,3e-05
26296,3e-05
26297,3e-05
26298,3e-05
26299,3e-05
26300,3e-05
26301,3e-05
26302,3e-05
26303,3e-05
26304,3e-05
26305,3e-05
26306,3e-05
26307,3e-05
26308,3e-05
26309,3e-05
26310,3e-05
26311,3e-05
26312,3e-05
26313,3e-05
26314,3e-05
26315,3e-05
26316,3e-05
26317,3e-05
26318,3e-05
26319,3e-05
26320,3e-05
26321,3e-05
26322,3e-05
26323,3e-05
26324,3e-05
26325,3e-05
26326,3e-05
26327,3e-05
26328,3e-05
26329,3e-05
26330,3e-05
26331,3e-05
26332,3e-05
26333,3e-05
26334,3e-05
26335,3e-05
26336,3e-05
26337,3e-05
26338,3e-05
26339,3e-05
26340,3e-05
26341,3e-05
26342,3e-05
26343,3e-05
26344,3e-05
26345,3e-05
26346,3e-05
26347,3e-05
26348,3e-05
26349,3e-05
26350,3e-05
26351,3e-05
26352,3e-05
26353,3e-05
26354,3e-05
26355,3e-05
26356,3e-05
26357,3e-05
26358,3e-05
26359,3e-05
26360,3e-05
26361,3e-05
26362,3e-05
26363,3e-05
26364,3e-05
26365,3e-05
26366,3e-05
26367,3e-05
26368,3e-05
26369,3e-05
26370,3e-05
26371,3e-05
26372,3e-05
26373,3e-05
26374,3e-05
26375,3e-05
26376,3e-05
26377,3e-05
26378,3e-05
26379,3e-05
26380,3e-05
26381,3e-05
26382,3e-05
26383,3e-05
26384,3e-05
26385,3e-05
26386,3e-05
26387,3e-05
26388,3e-05
26389,3e-05
26390,3e-05
26391,3e-05
26392,3e-05
26393,3e-05
26394,3e-05
26395,3e-05
26396,3e-05
26397,3e-05
26398,3e-05
26399,3e-05
26400,3e-05
26401,3e-05
26402,3e-05
26403,3e-05
26404,3e-05
26405,3e-05
26406,3e-05
26407,3e-05
26408,3e-05
26409,3e-05
26410,3e-05
26411,3e-05
26412,3e-05
26413,3e-05
26414,3e-05
26415,3e-05
26416,3e-05
26417,3e-05
26418,3e-05
26419,3e-05
26420,3e-05
26421,3e-05
26422,3e-05
26423,3e-05
26424,3e-05
26425,3e-05
26426,3e-05
26427,3e-05
26428,3e-05
26429,3e-05
26430,3e-05
26431,3e-05
26432,3e-05
26433,3e-05
26434,3e-05
26435,3e-05
26436,3e-05
26437,3e-05
26438,3e-05
26439,3e-05
26440,3e-05
26441,3e-05
26442,3e-05
26443,3e-05
26444,3e-05
26445,3e-05
26446,3e-05
26447,3e-05
26448,3e-05
26449,3e-05
26450,3e-05
26451,3e-05
26452,3e-05
26453,3e-05
26454,3e-05
26455,3e-05
26456,3e-05
26457,3e-05
26458,3e-05
26459,3e-05
26460,3e-05
26461,3e-05
26462,3e-05
26463,3e-05
26464,3e-05
26465,3e-05
26466,3e-05
26467,3e-05
26468,3e-05
26469,3e-05
26470,3e-05
26471,3e-05
26472,3e-05
26473,3e-05
26474,3e-05
26475,3e-05
26476,3e-05
26477,3e-05
26478,3e-05
26479,3e-05
26480,3e-05
26481,3e-05
26482,3e-05
26483,3e-05
26484,3e-05
26485,3e-05
26486,3e-05
26487,3e-05
26488,3e-05
26489,3e-05
26490,3e-05
26491,3e-05
26492,3e-05
26493,3e-05
26494,3e-05
26495,3e-05
26496,3e-05
26497,3e-05
26498,3e-05
26499,3e-05
26500,3e-05
26501,3e-05
26502,3e-05
26503,3e-05
26504,3e-05
26505,3e-05
26506,3e-05
26507,3e-05
26508,3e-05
26509,3e-05
26510,3e-05
26511,3e-05
26512,3e-05
26513,3e-05
26514,3e-05
26515,3e-05
26516,3e-05
26517,3e-05
26518,3e-05
26519,3e-05
26520,3e-05
26521,3e-05
26522,3e-05
26523,3e-05
26524,3e-05
26525,3e-05
26526,3e-05
26527,3e-05
26528,3e-05
26529,3e-05
26530,3e-05
26531,3e-05
26532,3e-05
26533,3e-05
26534,3e-05
26535,3e-05
26536,3e-05
26537,3e-05
26538,3e-05
26539,3e-05
26540,3e-05
26541,3e-05
26542,3e-05
26543,3e-05
26544,3e-05
26545,3e-05
26546,3e-05
26547,3e-05
26548,3e-05
26549,3e-05
26550,3e-05
26551,3e-05
26552,3e-05
26553,3e-05
26554,3e-05
26555,3e-05
26556,3e-05
26557,3e-05
26558,3e-05
26559,3e-05
26560,3e-05
26561,3e-05
26562,3e-05
26563,3e-05
26564,3e-05
26565,3e-05
26566,3e-05
26567,3e-05
26568,3e-05
26569,3e-05
26570,3e-05
26571,3e-05
26572,3e-05
26573,3e-05
26574,3e-05
26575,3e-05
26576,3e-05
26577,3e-05
26578,3e-05
26579,3e-05
26580,3e-05
26581,3e-05
26582,3e-05
26583,3e-05
26584,3e-05
26585,3e-05
26586,3e-05
26587,3e-05
26588,3e-05
26589,3e-05
26590,3e-05
26591,3e-05
26592,3e-05
26593,3e-05
26594,3e-05
26595,3e-05
26596,3e-05
26597,3e-05
26598,3e-05
26599,3e-05
26600,3e-05
26601,3e-05
26602,3e-05
26603,3e-05
26604,3e-05
26605,3e-05
26606,3e-05
26607,3e-05
26608,3e-05
26609,3e-05
26610,3e-05
26611,3e-05
26612,3e-05
26613,3e-05
26614,3e-05
26615,3e-05
26616,3e-05
26617,3e-05
26618,3e-05
26619,3e-05
26620,3e-05
26621,3e-05
26622,3e-05
26623,3e-05
26624,3e-05
26625,3e-05
26626,3e-05
26627,3e-05
26628,3e-05
26629,3e-05
26630,3e-05
26631,3e-05
26632,3e-05
26633,3e-05
26634,3e-05
26635,3e-05
26636,3e-05
26637,3e-05
26638,3e-05
26639,3e-05
26640,3e-05
26641,3e-05
26642,3e-05
26643,3e-05
26644,3e-05
26645,3e-05
26646,3e-05
26647,3e-05
26648,3e-05
26649,3e-05
26650,3e-05
26651,3e-05
26652,3e-05
26653,3e-05
26654,3e-05
26655,3e-05
26656,3e-05
26657,3e-05
26658,3e-05
26659,3e-05
26660,3e-05
26661,3e-05
26662,3e-05
26663,3e-05
26664,3e-05
26665,3e-05
26666,3e-05
26667,3e-05
26668,3e-05
26669,3e-05
26670,3e-05
26671,3e-05
26672,3e-05
26673,3e-05
26674,3e-05
26675,3e-05
26676,3e-05
26677,3e-05
26678,3e-05
26679,3e-05
26680,3e-05
26681,3e-05
26682,3e-05
26683,3e-05
26684,3e-05
26685,3e-05
26686,3e-05
26687,3e-05
26688,3e-05
26689,3e-05
26690,3e-05
26691,3e-05
26692,3e-05
26693,3e-05
26694,3e-05
26695,3e-05
26696,3e-05
26697,3e-05
26698,3e-05
26699,3e-05
26700,3e-05
26701,3e-05
26702,3e-05
26703,3e-05
26704,3e-05
26705,3e-05
26706,3e-05
26707,3e-05
26708,3e-05
26709,3e-05
26710,3e-05
26711,3e-05
26712,3e-05
26713,3e-05
26714,3e-05
26715,3e-05
26716,3e-05
26717,3e-05
26718,3e-05
26719,3e-05
26720,3e-05
26721,3e-05
26722,3e-05
26723,3e-05
26724,3e-05
26725,3e-05
26726,3e-05
26727,3e-05
26728,3e-05
26729,3e-05
26730,3e-05
26731,3e-05
26732,3e-05
26733,3e-05
26734,3e-05
26735,3e-05
26736,3e-05
26737,3e-05
26738,3e-05
26739,3e-05
26740,3e-05
26741,3e-05
26742,3e-05
26743,3e-05
26744,3e-05
26745,3e-05
26746,3e-05
26747,3e-05
26748,3e-05
26749,3e-05
26750,3e-05
26751,3e-05
26752,3e-05
26753,3e-05
26754,3e-05
26755,3e-05
26756,3e-05
26757,3e-05
26758,3e-05
26759,3e-05
26760,3e-05
26761,3e-05
26762,3e-05
26763,3e-05
26764,3e-05
26765,3e-05
26766,3e-05
26767,3e-05
26768,3e-05
26769,3e-05
26770,3e-05
26771,3e-05
26772,3e-05
26773,3e-05
26774,3e-05
26775,3e-05
26776,3e-05
26777,3e-05
26778,3e-05
26779,3e-05
26780,3e-05
26781,3e-05
26782,3e-05
26783,3e-05
26784,3e-05
26785,3e-05
26786,3e-05
26787,3e-05
26788,3e-05
26789,3e-05
26790,3e-05
26791,3e-05
26792,3e-05
26793,3e-05
26794,3e-05
26795,3e-05
26796,3e-05
26797,3e-05
26798,3e-05
26799,3e-05
26800,3e-05
26801,3e-05
26802,3e-05
26803,3e-05
26804,3e-05
26805,3e-05
26806,3e-05
26807,3e-05
26808,3e-05
26809,3e-05
26810,3e-05
26811,3e-05
26812,3e-05
26813,3e-05
26814,3e-05
26815,3e-05
26816,3e-05
26817,3e-05
26818,3e-05
26819,3e-05
26820,3e-05
26821,3e-05
26822,3e-05
26823,3e-05
26824,3e-05
26825,3e-05
26826,3e-05
26827,3e-05
26828,3e-05
26829,3e-05
26830,3e-05
26831,3e-05
26832,3e-05
26833,3e-05
26834,3e-05
26835,3e-05
26836,3e-05
26837,3e-05
26838,3e-05
26839,3e-05
26840,3e-05
26841,3e-05
26842,3e-05
26843,3e-05
26844,3e-05
26845,3e-05
26846,3e-05
26847,3e-05
26848,3e-05
26849,3e-05
26850,3e-05
26851,3e-05
26852,3e-05
26853,3e-05
26854,3e-05
26855,3e-05
26856,3e-05
26857,3e-05
26858,3e-05
26859,3e-05
26860,3e-05
26861,3e-05
26862,3e-05
26863,3e-05
26864,3e-05
26865,3e-05
26866,3e-05
26867,3e-05
26868,3e-05
26869,3e-05
26870,3e-05
26871,3e-05
26872,3e-05
26873,3e-05
26874,3e-05
26875,3e-05
26876,3e-05
26877,3e-05
26878,3e-05
26879,3e-05
26880,3e-05
26881,3e-05
26882,3e-05
26883,3e-05
26884,3e-05
26885,3e-05
26886,3e-05
26887,3e-05
26888,3e-05
26889,3e-05
26890,3e-05
26891,3e-05
26892,3e-05
26893,3e-05
26894,3e-05
26895,3e-05
26896,3e-05
26897,3e-05
26898,3e-05
26899,3e-05
26900,3e-05
26901,3e-05
26902,3e-05
26903,3e-05
26904,3e-05
26905,3e-05
26906,3e-05
26907,3e-05
26908,3e-05
26909,3e-05
26910,3e-05
26911,3e-05
26912,3e-05
26913,3e-05
26914,3e-05
26915,3e-05
26916,3e-05
26917,3e-05
26918,3e-05
26919,3e-05
26920,3e-05
26921,3e-05
26922,3e-05
26923,3e-05
26924,3e-05
26925,3e-05
26926,3e-05
26927,3e-05
26928,3e-05
26929,3e-05
26930,3e-05
26931,3e-05
26932,3e-05
26933,3e-05
26934,3e-05
26935,3e-05
26936,3e-05
26937,3e-05
26938,3e-05
26939,3e-05
26940,3e-05
26941,3e-05
26942,3e-05
26943,3e-05
26944,3e-05
26945,3e-05
26946,3e-05
26947,3e-05
26948,3e-05
26949,3e-05
26950,3e-05
26951,3e-05
26952,3e-05
26953,3e-05
26954,3e-05
26955,3e-05
26956,3e-05
26957,3e-05
26958,3e-05
26959,3e-05
26960,3e-05
26961,3e-05
26962,3e-05
26963,3e-05
26964,3e-05
26965,3e-05
26966,3e-05
26967,3e-05
26968,3e-05
26969,3e-05
26970,3e-05
26971,3e-05
26972,3e-05
26973,3e-05
26974,3e-05
26975,3e-05
26976,3e-05
26977,3e-05
26978,3e-05
26979,3e-05
26980,3e-05
26981,3e-05
26982,3e-05
26983,3e-05
26984,3e-05
26985,3e-05
26986,3e-05
26987,3e-05
26988,3e-05
26989,3e-05
26990,3e-05
26991,3e-05
26992,3e-05
26993,3e-05
26994,3e-05
26995,3e-05
26996,3e-05
26997,3e-05
26998,3e-05
26999,3e-05
27000,3e-05
27001,3e-05
27002,3e-05
27003,3e-05
27004,3e-05
27005,3e-05
27006,3e-05
27007,3e-05
27008,3e-05
27009,3e-05
27010,3e-05
27011,3e-05
27012,3e-05
27013,3e-05
27014,3e-05
27015,3e-05
27016,3e-05
27017,3e-05
27018,3e-05
27019,3e-05
27020,3e-05
27021,3e-05
27022,3e-05
27023,3e-05
27024,3e-05
27025,3e-05
27026,3e-05
27027,3e-05
27028,3e-05
27029,3e-05
27030,3e-05
27031,3e-05
27032,3e-05
27033,3e-05
27034,3e-05
27035,3e-05
27036,3e-05
27037,3e-05
27038,3e-05
27039,3e-05
27040,3e-05
27041,3e-05
27042,3e-05
27043,3e-05
27044,3e-05
27045,3e-05
27046,3e-05
27047,3e-05
27048,3e-05
27049,3e-05
27050,3e-05
27051,3e-05
27052,3e-05
27053,3e-05
27054,3e-05
27055,3e-05
27056,3e-05
27057,3e-05
27058,3e-05
27059,3e-05
27060,3e-05
27061,3e-05
27062,3e-05
27063,3e-05
27064,3e-05
27065,3e-05
27066,3e-05
27067,3e-05
27068,3e-05
27069,3e-05
27070,3e-05
27071,3e-05
27072,3e-05
27073,3e-05
27074,3e-05
27075,3e-05
27076,3e-05
27077,3e-05
27078,3e-05
27079,3e-05
27080,3e-05
27081,3e-05
27082,3e-05
27083,3e-05
27084,3e-05
27085,3e-05
27086,3e-05
27087,3e-05
27088,3e-05
27089,3e-05
27090,3e-05
27091,3e-05
27092,3e-05
27093,3e-05
27094,3e-05
27095,3e-05
27096,3e-05
27097,3e-05
27098,3e-05
27099,3e-05
27100,3e-05
27101,3e-05
27102,3e-05
27103,3e-05
27104,3e-05
27105,3e-05
27106,3e-05
27107,3e-05
27108,3e-05
27109,3e-05
27110,3e-05
27111,3e-05
27112,3e-05
27113,3e-05
27114,3e-05
27115,3e-05
27116,3e-05
27117,3e-05
27118,3e-05
27119,3e-05
27120,3e-05
27121,3e-05
27122,3e-05
27123,3e-05
27124,3e-05
27125,3e-05
27126,3e-05
27127,3e-05
27128,3e-05
27129,3e-05
27130,3e-05
27131,3e-05
27132,3e-05
27133,3e-05
27134,3e-05
27135,3e-05
27136,3e-05
27137,3e-05
27138,3e-05
27139,3e-05
27140,3e-05
27141,3e-05
27142,3e-05
27143,3e-05
27144,3e-05
27145,3e-05
27146,3e-05
27147,3e-05
27148,3e-05
27149,3e-05
27150,3e-05
27151,3e-05
27152,3e-05
27153,3e-05
27154,3e-05
27155,3e-05
27156,3e-05
27157,3e-05
27158,3e-05
27159,3e-05
27160,3e-05
27161,3e-05
27162,3e-05
27163,3e-05
27164,3e-05
27165,3e-05
27166,3e-05
27167,3e-05
27168,3e-05
27169,3e-05
27170,3e-05
27171,3e-05
27172,3e-05
27173,3e-05
27174,3e-05
27175,3e-05
27176,3e-05
27177,3e-05
27178,3e-05
27179,3e-05
27180,3e-05
27181,3e-05
27182,3e-05
27183,3e-05
27184,3e-05
27185,3e-05
27186,3e-05
27187,3e-05
27188,3e-05
27189,3e-05
27190,3e-05
27191,3e-05
27192,3e-05
27193,3e-05
27194,3e-05
27195,3e-05
27196,3e-05
27197,3e-05
27198,3e-05
27199,3e-05
27200,3e-05
27201,3e-05
27202,3e-05
27203,3e-05
27204,3e-05
27205,3e-05
27206,3e-05
27207,3e-05
27208,3e-05
27209,3e-05
27210,3e-05
27211,3e-05
27212,3e-05
27213,3e-05
27214,3e-05
27215,3e-05
27216,3e-05
27217,3e-05
27218,3e-05
27219,3e-05
27220,3e-05
27221,3e-05
27222,3e-05
27223,3e-05
27224,3e-05
27225,3e-05
27226,3e-05
27227,3e-05
27228,3e-05
27229,3e-05
27230,3e-05
27231,3e-05
27232,3e-05
27233,3e-05
27234,3e-05
27235,3e-05
27236,3e-05
27237,3e-05
27238,3e-05
27239,3e-05
27240,3e-05
27241,3e-05
27242,3e-05
27243,3e-05
27244,3e-05
27245,3e-05
27246,3e-05
27247,3e-05
27248,3e-05
27249,3e-05
27250,3e-05
27251,3e-05
27252,3e-05
27253,3e-05
27254,3e-05
27255,3e-05
27256,3e-05
27257,3e-05
27258,3e-05
27259,3e-05
27260,3e-05
27261,3e-05
27262,3e-05
27263,3e-05
27264,3e-05
27265,3e-05
27266,3e-05
27267,3e-05
27268,3e-05
27269,3e-05
27270,3e-05
27271,3e-05
27272,3e-05
27273,3e-05
27274,3e-05
27275,3e-05
27276,3e-05
27277,3e-05
27278,3e-05
27279,3e-05
27280,3e-05
27281,3e-05
27282,3e-05
27283,3e-05
27284,3e-05
27285,3e-05
27286,3e-05
27287,3e-05
27288,3e-05
27289,3e-05
27290,3e-05
27291,3e-05
27292,3e-05
27293,3e-05
27294,3e-05
27295,3e-05
27296,3e-05
27297,3e-05
27298,3e-05
27299,3e-05
27300,3e-05
27301,3e-05
27302,3e-05
27303,3e-05
27304,3e-05
27305,3e-05
27306,3e-05
27307,3e-05
27308,3e-05
27309,3e-05
27310,3e-05
27311,3e-05
27312,3e-05
27313,3e-05
27314,3e-05
27315,3e-05
27316,3e-05
27317,3e-05
27318,3e-05
27319,3e-05
27320,3e-05
27321,3e-05
27322,3e-05
27323,3e-05
27324,3e-05
27325,3e-05
27326,3e-05
27327,3e-05
27328,3e-05
27329,3e-05
27330,3e-05
27331,3e-05
27332,3e-05
27333,3e-05
27334,3e-05
27335,3e-05
27336,3e-05
27337,3e-05
27338,3e-05
27339,3e-05
27340,3e-05
27341,3e-05
27342,3e-05
27343,3e-05
27344,3e-05
27345,3e-05
27346,3e-05
27347,3e-05
27348,3e-05
27349,3e-05
27350,3e-05
27351,3e-05
27352,3e-05
27353,3e-05
27354,3e-05
27355,3e-05
27356,3e-05
27357,3e-05
27358,3e-05
27359,3e-05
27360,3e-05
27361,3e-05
27362,3e-05
27363,3e-05
27364,3e-05
27365,3e-05
27366,3e-05
27367,3e-05
27368,3e-05
27369,3e-05
27370,3e-05
27371,3e-05
27372,3e-05
27373,3e-05
27374,3e-05
27375,3e-05
27376,3e-05
27377,3e-05
27378,3e-05
27379,3e-05
27380,3e-05
27381,3e-05
27382,3e-05
27383,3e-05
27384,3e-05
27385,3e-05
27386,3e-05
27387,3e-05
27388,3e-05
27389,3e-05
27390,3e-05
27391,3e-05
27392,3e-05
27393,3e-05
27394,3e-05
27395,3e-05
27396,3e-05
27397,3e-05
27398,3e-05
27399,3e-05
27400,3e-05
27401,3e-05
27402,3e-05
27403,3e-05
27404,3e-05
27405,3e-05
27406,3e-05
27407,3e-05
27408,3e-05
27409,3e-05
27410,3e-05
27411,3e-05
27412,3e-05
27413,3e-05
27414,3e-05
27415,3e-05
27416,3e-05
27417,3e-05
27418,3e-05
27419,3e-05
27420,3e-05
27421,3e-05
27422,3e-05
27423,3e-05
27424,3e-05
27425,3e-05
27426,3e-05
27427,3e-05
27428,3e-05
27429,3e-05
27430,3e-05
27431,3e-05
27432,3e-05
27433,3e-05
27434,3e-05
27435,3e-05
27436,3e-05
27437,3e-05
27438,3e-05
27439,3e-05
27440,3e-05
27441,3e-05
27442,3e-05
27443,3e-05
27444,3e-05
27445,3e-05
27446,3e-05
27447,3e-05
27448,3e-05
27449,3e-05
27450,3e-05
27451,3e-05
27452,3e-05
27453,3e-05
27454,3e-05
27455,3e-05
27456,3e-05
27457,3e-05
27458,3e-05
27459,3e-05
27460,3e-05
27461,3e-05
27462,3e-05
27463,3e-05
27464,3e-05
27465,3e-05
27466,3e-05
27467,3e-05
27468,3e-05
27469,3e-05
27470,3e-05
27471,3e-05
27472,3e-05
27473,3e-05
27474,3e-05
27475,3e-05
27476,3e-05
27477,3e-05
27478,3e-05
27479,3e-05
27480,3e-05
27481,3e-05
27482,3e-05
27483,3e-05
27484,3e-05
27485,3e-05
27486,3e-05
27487,3e-05
27488,3e-05
27489,3e-05
27490,3e-05
27491,3e-05
27492,3e-05
27493,3e-05
27494,3e-05
27495,3e-05
27496,3e-05
27497,3e-05
27498,3e-05
27499,3e-05
27500,3e-05
27501,3e-05
27502,3e-05
27503,3e-05
27504,3e-05
27505,3e-05
27506,3e-05
27507,3e-05
27508,3e-05
27509,3e-05
27510,3e-05
27511,3e-05
27512,3e-05
27513,3e-05
27514,3e-05
27515,3e-05
27516,3e-05
27517,3e-05
27518,3e-05
27519,3e-05
27520,3e-05
27521,3e-05
27522,3e-05
27523,3e-05
27524,3e-05
27525,3e-05
27526,3e-05
27527,3e-05
27528,3e-05
27529,3e-05
27530,3e-05
27531,3e-05
27532,3e-05
27533,3e-05
27534,3e-05
27535,3e-05
27536,3e-05
27537,3e-05
27538,3e-05
27539,3e-05
27540,3e-05
27541,3e-05
27542,3e-05
27543,3e-05
27544,3e-05
27545,3e-05
27546,3e-05
27547,3e-05
27548,3e-05
27549,3e-05
27550,3e-05
27551,3e-05
27552,3e-05
27553,3e-05
27554,3e-05
27555,3e-05
27556,3e-05
27557,3e-05
27558,3e-05
27559,3e-05
27560,3e-05
27561,3e-05
27562,3e-05
27563,3e-05
27564,3e-05
27565,3e-05
27566,3e-05
27567,3e-05
27568,3e-05
27569,3e-05
27570,3e-05
27571,3e-05
27572,3e-05
27573,3e-05
27574,3e-05
27575,3e-05
27576,3e-05
27577,3e-05
27578,3e-05
27579,3e-05
27580,3e-05
27581,3e-05
27582,3e-05
27583,3e-05
27584,3e-05
27585,3e-05
27586,3e-05
27587,3e-05
27588,3e-05
27589,3e-05
27590,3e-05
27591,3e-05
27592,3e-05
27593,3e-05
27594,3e-05
27595,3e-05
27596,3e-05
27597,3e-05
27598,3e-05
27599,3e-05
27600,3e-05
27601,3e-05
27602,3e-05
27603,3e-05
27604,3e-05
27605,3e-05
27606,3e-05
27607,3e-05
27608,3e-05
27609,3e-05
27610,3e-05
27611,3e-05
27612,3e-05
27613,3e-05
27614,3e-05
27615,3e-05
27616,3e-05
27617,3e-05
27618,3e-05
27619,3e-05
27620,3e-05
27621,3e-05
27622,3e-05
27623,3e-05
27624,3e-05
27625,3e-05
27626,3e-05
27627,3e-05
27628,3e-05
27629,3e-05
27630,3e-05
27631,3e-05
27632,3e-05
27633,3e-05
27634,3e-05
27635,3e-05
27636,3e-05
27637,3e-05
27638,3e-05
27639,3e-05
27640,3e-05
27641,3e-05
27642,3e-05
27643,3e-05
27644,3e-05
27645,3e-05
27646,3e-05
27647,3e-05
27648,3e-05
27649,3e-05
27650,3e-05
27651,3e-05
27652,3e-05
27653,3e-05
27654,3e-05
27655,3e-05
27656,3e-05
27657,3e-05
27658,3e-05
27659,3e-05
27660,3e-05
27661,3e-05
27662,3e-05
27663,3e-05
27664,3e-05
27665,3e-05
27666,3e-05
27667,3e-05
27668,3e-05
27669,3e-05
27670,3e-05
27671,3e-05
27672,3e-05
27673,3e-05
27674,3e-05
27675,3e-05
27676,3e-05
27677,3e-05
27678,3e-05
27679,3e-05
27680,3e-05
27681,3e-05
27682,3e-05
27683,3e-05
27684,3e-05
27685,3e-05
27686,3e-05
27687,3e-05
27688,3e-05
27689,3e-05
27690,3e-05
27691,3e-05
27692,3e-05
27693,3e-05
27694,3e-05
27695,3e-05
27696,3e-05
27697,3e-05
27698,3e-05
27699,3e-05
27700,3e-05
27701,3e-05
27702,3e-05
27703,3e-05
27704,3e-05
27705,3e-05
27706,3e-05
27707,3e-05
27708,3e-05
27709,3e-05
27710,3e-05
27711,3e-05
27712,3e-05
27713,3e-05
27714,3e-05
27715,3e-05
27716,3e-05
27717,3e-05
27718,3e-05
27719,3e-05
27720,3e-05
27721,3e-05
27722,3e-05
27723,3e-05
27724,3e-05
27725,3e-05
27726,3e-05
27727,3e-05
27728,3e-05
27729,3e-05
27730,3e-05
27731,3e-05
27732,3e-05
27733,3e-05
27734,3e-05
27735,3e-05
27736,3e-05
27737,3e-05
27738,3e-05
27739,3e-05
27740,3e-05
27741,3e-05
27742,3e-05
27743,3e-05
27744,3e-05
27745,3e-05
27746,3e-05
27747,3e-05
27748,3e-05
27749,3e-05
27750,3e-05
27751,3e-05
27752,3e-05
27753,3e-05
27754,3e-05
27755,3e-05
27756,3e-05
27757,3e-05
27758,3e-05
27759,3e-05
27760,3e-05
27761,3e-05
27762,3e-05
27763,3e-05
27764,3e-05
27765,3e-05
27766,3e-05
27767,3e-05
27768,3e-05
27769,3e-05
27770,3e-05
27771,3e-05
27772,3e-05
27773,3e-05
27774,3e-05
27775,3e-05
27776,3e-05
27777,3e-05
27778,3e-05
27779,3e-05
27780,3e-05
27781,3e-05
27782,3e-05
27783,3e-05
27784,3e-05
27785,3e-05
27786,3e-05
27787,3e-05
27788,3e-05
27789,3e-05
27790,3e-05
27791,3e-05
27792,3e-05
27793,3e-05
27794,3e-05
27795,3e-05
27796,3e-05
27797,3e-05
27798,3e-05
27799,3e-05
27800,3e-05
27801,3e-05
27802,3e-05
27803,3e-05
27804,3e-05
27805,3e-05
27806,3e-05
27807,3e-05
27808,3e-05
27809,3e-05
27810,3e-05
27811,3e-05
27812,3e-05
27813,3e-05
27814,3e-05
27815,3e-05
27816,3e-05
27817,3e-05
27818,3e-05
27819,3e-05
27820,3e-05
27821,3e-05
27822,3e-05
27823,3e-05
27824,3e-05
27825,3e-05
27826,3e-05
27827,3e-05
27828,3e-05
27829,3e-05
27830,3e-05
27831,3e-05
27832,3e-05
27833,3e-05
27834,3e-05
27835,3e-05
27836,3e-05
27837,3e-05
27838,3e-05
27839,3e-05
27840,3e-05
27841,3e-05
27842,3e-05
27843,3e-05
27844,3e-05
27845,3e-05
27846,3e-05
27847,3e-05
27848,3e-05
27849,3e-05
27850,3e-05
27851,3e-05
27852,3e-05
27853,3e-05
27854,3e-05
27855,3e-05
27856,3e-05
27857,3e-05
27858,3e-05
27859,3e-05
27860,3e-05
27861,3e-05
27862,3e-05
27863,3e-05
27864,3e-05
27865,3e-05
27866,3e-05
27867,3e-05
27868,3e-05
27869,3e-05
27870,3e-05
27871,3e-05
27872,3e-05
27873,3e-05
27874,3e-05
27875,3e-05
27876,3e-05
27877,3e-05
27878,3e-05
27879,3e-05
27880,3e-05
27881,3e-05
27882,3e-05
27883,3e-05
27884,3e-05
27885,3e-05
27886,3e-05
27887,3e-05
27888,3e-05
27889,3e-05
27890,3e-05
27891,3e-05
27892,3e-05
27893,3e-05
27894,3e-05
27895,3e-05
27896,3e-05
27897,3e-05
27898,3e-05
27899,3e-05
27900,3e-05
27901,3e-05
27902,3e-05
27903,3e-05
27904,3e-05
27905,3e-05
27906,3e-05
27907,3e-05
27908,3e-05
27909,3e-05
27910,3e-05
27911,3e-05
27912,3e-05
27913,3e-05
27914,3e-05
27915,3e-05
27916,3e-05
27917,3e-05
27918,3e-05
27919,3e-05
27920,3e-05
27921,3e-05
27922,3e-05
27923,3e-05
27924,3e-05
27925,3e-05
27926,3e-05
27927,3e-05
27928,3e-05
27929,3e-05
27930,3e-05
27931,3e-05
27932,3e-05
27933,3e-05
27934,3e-05
27935,3e-05
27936,3e-05
27937,3e-05
27938,3e-05
27939,3e-05
27940,3e-05
27941,3e-05
27942,3e-05
27943,3e-05
27944,3e-05
27945,3e-05
27946,3e-05
27947,3e-05
27948,3e-05
27949,3e-05
27950,3e-05
27951,3e-05
27952,3e-05
27953,3e-05
27954,3e-05
27955,3e-05
27956,3e-05
27957,3e-05
27958,3e-05
27959,3e-05
27960,3e-05
27961,3e-05
27962,3e-05
27963,3e-05
27964,3e-05
27965,3e-05
27966,3e-05
27967,3e-05
27968,3e-05
27969,3e-05
27970,3e-05
27971,3e-05
27972,3e-05
27973,3e-05
27974,3e-05
27975,3e-05
27976,3e-05
27977,3e-05
27978,3e-05
27979,3e-05
27980,3e-05
27981,3e-05
27982,3e-05
27983,3e-05
27984,3e-05
27985,3e-05
27986,3e-05
27987,3e-05
27988,3e-05
27989,3e-05
27990,3e-05
27991,3e-05
27992,3e-05
27993,3e-05
27994,3e-05
27995,3e-05
27996,3e-05
27997,3e-05
27998,3e-05
27999,3e-05
28000,3e-05
28001,3e-05
28002,3e-05
28003,3e-05
28004,3e-05
28005,3e-05
28006,3e-05
28007,3e-05
28008,3e-05
28009,3e-05
28010,3e-05
28011,3e-05
28012,3e-05
28013,3e-05
28014,3e-05
28015,3e-05
28016,3e-05
28017,3e-05
28018,3e-05
28019,3e-05
28020,3e-05
28021,3e-05
28022,3e-05
28023,3e-05
28024,3e-05
28025,3e-05
28026,3e-05
28027,3e-05
28028,3e-05
28029,3e-05
28030,3e-05
28031,3e-05
28032,3e-05
28033,3e-05
28034,3e-05
28035,3e-05
28036,3e-05
28037,3e-05
28038,3e-05
28039,3e-05
28040,3e-05
28041,3e-05
28042,3e-05
28043,3e-05
28044,3e-05
28045,3e-05
28046,3e-05
28047,3e-05
28048,3e-05
28049,3e-05
28050,3e-05
28051,3e-05
28052,3e-05
28053,3e-05
28054,3e-05
28055,3e-05
28056,3e-05
28057,3e-05
28058,3e-05
28059,3e-05
28060,3e-05
28061,3e-05
28062,3e-05
28063,3e-05
28064,3e-05
28065,3e-05
28066,3e-05
28067,3e-05
28068,3e-05
28069,3e-05
28070,3e-05
28071,3e-05
28072,3e-05
28073,3e-05
28074,3e-05
28075,3e-05
28076,3e-05
28077,3e-05
28078,3e-05
28079,3e-05
28080,3e-05
28081,3e-05
28082,3e-05
28083,3e-05
28084,3e-05
28085,3e-05
28086,3e-05
28087,3e-05
28088,3e-05
28089,3e-05
28090,3e-05
28091,3e-05
28092,3e-05
28093,3e-05
28094,3e-05
28095,3e-05
28096,3e-05
28097,3e-05
28098,3e-05
28099,3e-05
28100,3e-05
28101,3e-05
28102,3e-05
28103,3e-05
28104,3e-05
28105,3e-05
28106,3e-05
28107,3e-05
28108,3e-05
28109,3e-05
28110,3e-05
28111,3e-05
28112,3e-05
28113,3e-05
28114,3e-05
28115,3e-05
28116,3e-05
28117,3e-05
28118,3e-05
28119,3e-05
28120,3e-05
28121,3e-05
28122,3e-05
28123,3e-05
28124,3e-05
28125,3e-05
28126,3e-05
28127,3e-05
28128,3e-05
28129,3e-05
28130,3e-05
28131,3e-05
28132,3e-05
28133,3e-05
28134,3e-05
28135,3e-05
28136,3e-05
28137,3e-05
28138,3e-05
28139,3e-05
28140,3e-05
28141,3e-05
28142,3e-05
28143,3e-05
28144,3e-05
28145,3e-05
28146,3e-05
28147,3e-05
28148,3e-05
28149,3e-05
28150,3e-05
28151,3e-05
28152,3e-05
28153,3e-05
28154,3e-05
28155,3e-05
28156,3e-05
28157,3e-05
28158,3e-05
28159,3e-05
28160,3e-05
28161,3e-05
28162,3e-05
28163,3e-05
28164,3e-05
28165,3e-05
28166,3e-05
28167,3e-05
28168,3e-05
28169,3e-05
28170,3e-05
28171,3e-05
28172,3e-05
28173,3e-05
28174,3e-05
28175,3e-05
28176,3e-05
28177,3e-05
28178,3e-05
28179,3e-05
28180,3e-05
28181,3e-05
28182,3e-05
28183,3e-05
28184,3e-05
28185,3e-05
28186,3e-05
28187,3e-05
28188,3e-05
28189,3e-05
28190,3e-05
28191,3e-05
28192,3e-05
28193,3e-05
28194,3e-05
28195,3e-05
28196,3e-05
28197,3e-05
28198,3e-05
28199,3e-05
28200,3e-05
28201,3e-05
28202,3e-05
28203,3e-05
28204,3e-05
28205,3e-05
28206,3e-05
28207,3e-05
28208,3e-05
28209,3e-05
28210,3e-05
28211,3e-05
28212,3e-05
28213,3e-05
28214,3e-05
28215,3e-05
28216,3e-05
28217,3e-05
28218,3e-05
28219,3e-05
28220,3e-05
28221,3e-05
28222,3e-05
28223,3e-05
28224,3e-05
28225,3e-05
28226,3e-05
28227,3e-05
28228,3e-05
28229,3e-05
28230,3e-05
28231,3e-05
28232,3e-05
28233,3e-05
28234,3e-05
28235,3e-05
28236,3e-05
28237,3e-05
28238,3e-05
28239,3e-05
28240,3e-05
28241,3e-05
28242,3e-05
28243,3e-05
28244,3e-05
28245,3e-05
28246,3e-05
28247,3e-05
28248,3e-05
28249,3e-05
28250,3e-05
28251,3e-05
28252,3e-05
28253,3e-05
28254,3e-05
28255,3e-05
28256,3e-05
28257,3e-05
28258,3e-05
28259,3e-05
28260,3e-05
28261,3e-05
28262,3e-05
28263,3e-05
28264,3e-05
28265,3e-05
28266,3e-05
28267,3e-05
28268,3e-05
28269,3e-05
28270,3e-05
28271,3e-05
28272,3e-05
28273,3e-05
28274,3e-05
28275,3e-05
28276,3e-05
28277,3e-05
28278,3e-05
28279,3e-05
28280,3e-05
28281,3e-05
28282,3e-05
28283,3e-05
28284,3e-05
28285,3e-05
28286,3e-05
28287,3e-05
28288,3e-05
28289,3e-05
28290,3e-05
28291,3e-05
28292,3e-05
28293,3e-05
28294,3e-05
28295,3e-05
28296,3e-05
28297,3e-05
28298,3e-05
28299,3e-05
28300,3e-05
28301,3e-05
28302,3e-05
28303,3e-05
28304,3e-05
28305,3e-05
28306,3e-05
28307,3e-05
28308,3e-05
28309,3e-05
28310,3e-05
28311,3e-05
28312,3e-05
28313,3e-05
28314,3e-05
28315,3e-05
28316,3e-05
28317,3e-05
28318,3e-05
28319,3e-05
28320,3e-05
28321,3e-05
28322,3e-05
28323,3e-05
28324,3e-05
28325,3e-05
28326,3e-05
28327,3e-05
28328,3e-05
28329,3e-05
28330,3e-05
28331,3e-05
28332,3e-05
28333,3e-05
28334,3e-05
28335,3e-05
28336,3e-05
28337,3e-05
28338,3e-05
28339,3e-05
28340,3e-05
28341,3e-05
28342,3e-05
28343,3e-05
28344,3e-05
28345,3e-05
28346,3e-05
28347,3e-05
28348,3e-05
28349,3e-05
28350,3e-05
28351,3e-05
28352,3e-05
28353,3e-05
28354,3e-05
28355,3e-05
28356,3e-05
28357,3e-05
28358,3e-05
28359,3e-05
28360,3e-05
28361,3e-05
28362,3e-05
28363,3e-05
28364,3e-05
28365,3e-05
28366,3e-05
28367,3e-05
28368,3e-05
28369,3e-05
28370,3e-05
28371,3e-05
28372,3e-05
28373,3e-05
28374,3e-05
28375,3e-05
28376,3e-05
28377,3e-05
28378,3e-05
28379,3e-05
28380,3e-05
28381,3e-05
28382,3e-05
28383,3e-05
28384,3e-05
28385,3e-05
28386,3e-05
28387,3e-05
28388,3e-05
28389,3e-05
28390,3e-05
28391,3e-05
28392,3e-05
28393,3e-05
28394,3e-05
28395,3e-05
28396,3e-05
28397,3e-05
28398,3e-05
28399,3e-05
28400,3e-05
28401,3e-05
28402,3e-05
28403,3e-05
28404,3e-05
28405,3e-05
28406,3e-05
28407,3e-05
28408,3e-05
28409,3e-05
28410,3e-05
28411,3e-05
28412,3e-05
28413,3e-05
28414,3e-05
28415,3e-05
28416,3e-05
28417,3e-05
28418,3e-05
28419,3e-05
28420,3e-05
28421,3e-05
28422,3e-05
28423,3e-05
28424,3e-05
28425,3e-05
28426,3e-05
28427,3e-05
28428,3e-05
28429,3e-05
28430,3e-05
28431,3e-05
28432,3e-05
28433,3e-05
28434,3e-05
28435,3e-05
28436,3e-05
28437,3e-05
28438,3e-05
28439,3e-05
28440,3e-05
28441,3e-05
28442,3e-05
28443,3e-05
28444,3e-05
28445,3e-05
28446,3e-05
28447,3e-05
28448,3e-05
28449,3e-05
28450,3e-05
28451,3e-05
28452,3e-05
28453,3e-05
28454,3e-05
28455,3e-05
28456,3e-05
28457,3e-05
28458,3e-05
28459,3e-05
28460,3e-05
28461,3e-05
28462,3e-05
28463,3e-05
28464,3e-05
28465,3e-05
28466,3e-05
28467,3e-05
28468,3e-05
28469,3e-05
28470,3e-05
28471,3e-05
28472,3e-05
28473,3e-05
28474,3e-05
28475,3e-05
28476,3e-05
28477,3e-05
28478,3e-05
28479,3e-05
28480,3e-05
28481,3e-05
28482,3e-05
28483,3e-05
28484,3e-05
28485,3e-05
28486,3e-05
28487,3e-05
28488,3e-05
28489,3e-05
28490,3e-05
28491,3e-05
28492,3e-05
28493,3e-05
28494,3e-05
28495,3e-05
28496,3e-05
28497,3e-05
28498,3e-05
28499,3e-05
28500,3e-05
28501,3e-05
28502,3e-05
28503,3e-05
28504,3e-05
28505,3e-05
28506,3e-05
28507,3e-05
28508,3e-05
28509,3e-05
28510,3e-05
28511,3e-05
28512,3e-05
28513,3e-05
28514,3e-05
28515,3e-05
28516,3e-05
28517,3e-05
28518,3e-05
28519,3e-05
28520,3e-05
28521,3e-05
28522,3e-05
28523,3e-05
28524,3e-05
28525,3e-05
28526,3e-05
28527,3e-05
28528,3e-05
28529,3e-05
28530,3e-05
28531,3e-05
28532,3e-05
28533,3e-05
28534,3e-05
28535,3e-05
28536,3e-05
28537,3e-05
28538,3e-05
28539,3e-05
28540,3e-05
28541,3e-05
28542,3e-05
28543,3e-05
28544,3e-05
28545,3e-05
28546,3e-05
28547,3e-05
28548,3e-05
28549,3e-05
28550,3e-05
28551,3e-05
28552,3e-05
28553,3e-05
28554,3e-05
28555,3e-05
28556,3e-05
28557,3e-05
28558,3e-05
28559,3e-05
28560,3e-05
28561,3e-05
28562,3e-05
28563,3e-05
28564,3e-05
28565,3e-05
28566,3e-05
28567,3e-05
28568,3e-05
28569,3e-05
28570,3e-05
28571,3e-05
28572,3e-05
28573,3e-05
28574,3e-05
28575,3e-05
28576,3e-05
28577,3e-05
28578,3e-05
28579,3e-05
28580,3e-05
28581,3e-05
28582,3e-05
28583,3e-05
28584,3e-05
28585,3e-05
28586,3e-05
28587,3e-05
28588,3e-05
28589,3e-05
28590,3e-05
28591,3e-05
28592,3e-05
28593,3e-05
28594,3e-05
28595,3e-05
28596,3e-05
28597,3e-05
28598,3e-05
28599,3e-05
28600,3e-05
28601,3e-05
28602,3e-05
28603,3e-05
28604,3e-05
28605,3e-05
28606,3e-05
28607,3e-05
28608,3e-05
28609,3e-05
28610,3e-05
28611,3e-05
28612,3e-05
28613,3e-05
28614,3e-05
28615,3e-05
28616,3e-05
28617,3e-05
28618,3e-05
28619,3e-05
28620,3e-05
28621,3e-05
28622,3e-05
28623,3e-05
28624,3e-05
28625,3e-05
28626,3e-05
28627,3e-05
28628,3e-05
28629,3e-05
28630,3e-05
28631,3e-05
28632,3e-05
28633,3e-05
28634,3e-05
28635,3e-05
28636,3e-05
28637,3e-05
28638,3e-05
28639,3e-05
28640,3e-05
28641,3e-05
28642,3e-05
28643,3e-05
28644,3e-05
28645,3e-05
28646,3e-05
28647,3e-05
28648,3e-05
28649,3e-05
28650,3e-05
28651,3e-05
28652,3e-05
28653,3e-05
28654,3e-05
28655,3e-05
28656,3e-05
28657,3e-05
28658,3e-05
28659,3e-05
28660,3e-05
28661,3e-05
28662,3e-05
28663,3e-05
28664,3e-05
28665,3e-05
28666,3e-05
28667,3e-05
28668,3e-05
28669,3e-05
28670,3e-05
28671,3e-05
28672,3e-05
28673,3e-05
28674,3e-05
28675,3e-05
28676,3e-05
28677,3e-05
28678,3e-05
28679,3e-05
28680,3e-05
28681,3e-05
28682,3e-05
28683,3e-05
28684,3e-05
28685,3e-05
28686,3e-05
28687,3e-05
28688,3e-05
28689,3e-05
28690,3e-05
28691,3e-05
28692,3e-05
28693,3e-05
28694,3e-05
28695,3e-05
28696,3e-05
28697,3e-05
28698,3e-05
28699,3e-05
28700,3e-05
28701,3e-05
28702,3e-05
28703,3e-05
28704,3e-05
28705,3e-05
28706,3e-05
28707,3e-05
28708,3e-05
28709,3e-05
28710,3e-05
28711,3e-05
28712,3e-05
28713,3e-05
28714,3e-05
28715,3e-05
28716,3e-05
28717,3e-05
28718,3e-05
28719,3e-05
28720,3e-05
28721,3e-05
28722,3e-05
28723,3e-05
28724,3e-05
28725,3e-05
28726,3e-05
28727,3e-05
28728,3e-05
28729,3e-05
28730,3e-05
28731,3e-05
28732,3e-05
28733,3e-05
28734,3e-05
28735,3e-05
28736,3e-05
28737,3e-05
28738,3e-05
28739,3e-05
28740,3e-05
28741,3e-05
28742,3e-05
28743,3e-05
28744,3e-05
28745,3e-05
28746,3e-05
28747,3e-05
28748,3e-05
28749,3e-05
28750,3e-05
28751,3e-05
28752,3e-05
28753,3e-05
28754,3e-05
28755,3e-05
28756,3e-05
28757,3e-05
28758,3e-05
28759,3e-05
28760,3e-05
28761,3e-05
28762,3e-05
28763,3e-05
28764,3e-05
28765,3e-05
28766,3e-05
28767,3e-05
28768,3e-05
28769,3e-05
28770,3e-05
28771,3e-05
28772,3e-05
28773,3e-05
28774,3e-05
28775,3e-05
28776,3e-05
28777,3e-05
28778,3e-05
28779,3e-05
28780,3e-05
28781,3e-05
28782,3e-05
28783,3e-05
28784,3e-05
28785,3e-05
28786,3e-05
28787,3e-05
28788,3e-05
28789,3e-05
28790,3e-05
28791,3e-05
28792,3e-05
28793,3e-05
28794,3e-05
28795,3e-05
28796,3e-05
28797,3e-05
28798,3e-05
28799,3e-05
28800,3e-05
28801,3e-05
28802,3e-05
28803,3e-05
28804,3e-05
28805,3e-05
28806,3e-05
28807,3e-05
28808,3e-05
28809,3e-05
28810,3e-05
28811,3e-05
28812,3e-05
28813,3e-05
28814,3e-05
28815,3e-05
28816,3e-05
28817,3e-05
28818,3e-05
28819,3e-05
28820,3e-05
28821,3e-05
28822,3e-05
28823,3e-05
28824,3e-05
28825,3e-05
28826,3e-05
28827,3e-05
28828,3e-05
28829,3e-05
28830,3e-05
28831,3e-05
28832,3e-05
28833,3e-05
28834,3e-05
28835,3e-05
28836,3e-05
28837,3e-05
28838,3e-05
28839,3e-05
28840,3e-05
28841,3e-05
28842,3e-05
28843,3e-05
28844,3e-05
28845,3e-05
28846,3e-05
28847,3e-05
28848,3e-05
28849,3e-05
28850,3e-05
28851,3e-05
28852,3e-05
28853,3e-05
28854,3e-05
28855,3e-05
28856,3e-05
28857,3e-05
28858,3e-05
28859,3e-05
28860,3e-05
28861,3e-05
28862,3e-05
28863,3e-05
28864,3e-05
28865,3e-05
28866,3e-05
28867,3e-05
28868,3e-05
28869,3e-05
28870,3e-05
28871,3e-05
28872,3e-05
28873,3e-05
28874,3e-05
28875,3e-05
28876,3e-05
28877,3e-05
28878,3e-05
28879,3e-05
28880,3e-05
28881,3e-05
28882,3e-05
28883,3e-05
28884,3e-05
28885,3e-05
28886,3e-05
28887,3e-05
28888,3e-05
28889,3e-05
28890,3e-05
28891,3e-05
28892,3e-05
28893,3e-05
28894,3e-05
28895,3e-05
28896,3e-05
28897,3e-05
28898,3e-05
28899,3e-05
28900,3e-05
28901,3e-05
28902,3e-05
28903,3e-05
28904,3e-05
28905,3e-05
28906,3e-05
28907,3e-05
28908,3e-05
28909,3e-05
28910,3e-05
28911,3e-05
28912,3e-05
28913,3e-05
28914,3e-05
28915,3e-05
28916,3e-05
28917,3e-05
28918,3e-05
28919,3e-05
28920,3e-05
28921,3e-05
28922,3e-05
28923,3e-05
28924,3e-05
28925,3e-05
28926,3e-05
28927,3e-05
28928,3e-05
28929,3e-05
28930,3e-05
28931,3e-05
28932,3e-05
28933,3e-05
28934,3e-05
28935,3e-05
28936,3e-05
28937,3e-05
28938,3e-05
28939,3e-05
28940,3e-05
28941,3e-05
28942,3e-05
28943,3e-05
28944,3e-05
28945,3e-05
28946,3e-05
28947,3e-05
28948,3e-05
28949,3e-05
28950,3e-05
28951,3e-05
28952,3e-05
28953,3e-05
28954,3e-05
28955,3e-05
28956,3e-05
28957,3e-05
28958,3e-05
28959,3e-05
28960,3e-05
28961,3e-05
28962,3e-05
28963,3e-05
28964,3e-05
28965,3e-05
28966,3e-05
28967,3e-05
28968,3e-05
28969,3e-05
28970,3e-05
28971,3e-05
28972,3e-05
28973,3e-05
28974,3e-05
28975,3e-05
28976,3e-05
28977,3e-05
28978,3e-05
28979,3e-05
28980,3e-05
28981,3e-05
28982,3e-05
28983,3e-05
28984,3e-05
28985,3e-05
28986,3e-05
28987,3e-05
28988,3e-05
28989,3e-05
28990,3e-05
28991,3e-05
28992,3e-05
28993,3e-05
28994,3e-05
28995,3e-05
28996,3e-05
28997,3e-05
28998,3e-05
28999,3e-05
29000,3e-05
29001,3e-05
29002,3e-05
29003,3e-05
29004,3e-05
29005,3e-05
29006,3e-05
29007,3e-05
29008,3e-05
29009,3e-05
29010,3e-05
29011,3e-05
29012,3e-05
29013,3e-05
29014,3e-05
29015,3e-05
29016,3e-05
29017,3e-05
29018,3e-05
29019,3e-05
29020,3e-05
29021,3e-05
29022,3e-05
29023,3e-05
29024,3e-05
29025,3e-05
29026,3e-05
29027,3e-05
29028,3e-05
29029,3e-05
29030,3e-05
29031,3e-05
29032,3e-05
29033,3e-05
29034,3e-05
29035,3e-05
29036,3e-05
29037,3e-05
29038,3e-05
29039,3e-05
29040,3e-05
29041,3e-05
29042,3e-05
29043,3e-05
29044,3e-05
29045,3e-05
29046,3e-05
29047,3e-05
29048,3e-05
29049,3e-05
29050,3e-05
29051,3e-05
29052,3e-05
29053,3e-05
29054,3e-05
29055,3e-05
29056,3e-05
29057,3e-05
29058,3e-05
29059,3e-05
29060,3e-05
29061,3e-05
29062,3e-05
29063,3e-05
29064,3e-05
29065,3e-05
29066,3e-05
29067,3e-05
29068,3e-05
29069,3e-05
29070,3e-05
29071,3e-05
29072,3e-05
29073,3e-05
29074,3e-05
29075,3e-05
29076,3e-05
29077,3e-05
29078,3e-05
29079,3e-05
29080,3e-05
29081,3e-05
29082,3e-05
29083,3e-05
29084,3e-05
29085,3e-05
29086,3e-05
29087,3e-05
29088,3e-05
29089,3e-05
29090,3e-05
29091,3e-05
29092,3e-05
29093,3e-05
29094,3e-05
29095,3e-05
29096,3e-05
29097,3e-05
29098,3e-05
29099,3e-05
29100,3e-05
29101,3e-05
29102,3e-05
29103,3e-05
29104,3e-05
29105,3e-05
29106,3e-05
29107,3e-05
29108,3e-05
29109,3e-05
29110,3e-05
29111,3e-05
29112,3e-05
29113,3e-05
29114,3e-05
29115,3e-05
29116,3e-05
29117,3e-05
29118,3e-05
29119,3e-05
29120,3e-05
29121,3e-05
29122,3e-05
29123,3e-05
29124,3e-05
29125,3e-05
29126,3e-05
29127,3e-05
29128,3e-05
29129,3e-05
29130,3e-05
29131,3e-05
29132,3e-05
29133,3e-05
29134,3e-05
29135,3e-05
29136,3e-05
29137,3e-05
29138,3e-05
29139,3e-05
29140,3e-05
29141,3e-05
29142,3e-05
29143,3e-05
29144,3e-05
29145,3e-05
29146,3e-05
29147,3e-05
29148,3e-05
29149,3e-05
29150,3e-05
29151,3e-05
29152,3e-05
29153,3e-05
29154,3e-05
29155,3e-05
29156,3e-05
29157,3e-05
29158,3e-05
29159,3e-05
29160,3e-05
29161,3e-05
29162,3e-05
29163,3e-05
29164,3e-05
29165,3e-05
29166,3e-05
29167,3e-05
29168,3e-05
29169,3e-05
29170,3e-05
29171,3e-05
29172,3e-05
29173,3e-05
29174,3e-05
29175,3e-05
29176,3e-05
29177,3e-05
29178,3e-05
29179,3e-05
29180,3e-05
29181,3e-05
29182,3e-05
29183,3e-05
29184,3e-05
29185,3e-05
29186,3e-05
29187,3e-05
29188,3e-05
29189,3e-05
29190,3e-05
29191,3e-05
29192,3e-05
29193,3e-05
29194,3e-05
29195,3e-05
29196,3e-05
29197,3e-05
29198,3e-05
29199,3e-05
29200,3e-05
29201,3e-05
29202,3e-05
29203,3e-05
29204,3e-05
29205,3e-05
29206,3e-05
29207,3e-05
29208,3e-05
29209,3e-05
29210,3e-05
29211,3e-05
29212,3e-05
29213,3e-05
29214,3e-05
29215,3e-05
29216,3e-05
29217,3e-05
29218,3e-05
29219,3e-05
29220,3e-05
29221,3e-05
29222,3e-05
29223,3e-05
29224,3e-05
29225,3e-05
29226,3e-05
29227,3e-05
29228,3e-05
29229,3e-05
29230,3e-05
29231,3e-05
29232,3e-05
29233,3e-05
29234,3e-05
29235,3e-05
29236,3e-05
29237,3e-05
29238,3e-05
29239,3e-05
29240,3e-05
29241,3e-05
29242,3e-05
29243,3e-05
29244,3e-05
29245,3e-05
29246,3e-05
29247,3e-05
29248,3e-05
29249,3e-05
29250,3e-05
29251,3e-05
29252,3e-05
29253,3e-05
29254,3e-05
29255,3e-05
29256,3e-05
29257,3e-05
29258,3e-05
29259,3e-05
29260,3e-05
29261,3e-05
29262,3e-05
29263,3e-05
29264,3e-05
29265,3e-05
29266,3e-05
29267,3e-05
29268,3e-05
29269,3e-05
29270,3e-05
29271,3e-05
29272,3e-05
29273,3e-05
29274,3e-05
29275,3e-05
29276,3e-05
29277,3e-05
29278,3e-05
29279,3e-05
29280,3e-05
29281,3e-05
29282,3e-05
29283,3e-05
29284,3e-05
29285,3e-05
29286,3e-05
29287,3e-05
29288,3e-05
29289,3e-05
29290,3e-05
29291,3e-05
29292,3e-05
29293,3e-05
29294,3e-05
29295,3e-05
29296,3e-05
29297,3e-05
29298,3e-05
29299,3e-05
29300,3e-05
29301,3e-05
29302,3e-05
29303,3e-05
29304,3e-05
29305,3e-05
29306,3e-05
29307,3e-05
29308,3e-05
29309,3e-05
29310,3e-05
29311,3e-05
29312,3e-05
29313,3e-05
29314,3e-05
29315,3e-05
29316,3e-05
29317,3e-05
29318,3e-05
29319,3e-05
29320,3e-05
29321,3e-05
29322,3e-05
29323,3e-05
29324,3e-05
29325,3e-05
29326,3e-05
29327,3e-05
29328,3e-05
29329,3e-05
29330,3e-05
29331,3e-05
29332,3e-05
29333,3e-05
29334,3e-05
29335,3e-05
29336,3e-05
29337,3e-05
29338,3e-05
29339,3e-05
29340,3e-05
29341,3e-05
29342,3e-05
29343,3e-05
29344,3e-05
29345,3e-05
29346,3e-05
29347,3e-05
29348,3e-05
29349,3e-05
29350,3e-05
29351,3e-05
29352,3e-05
29353,3e-05
29354,3e-05
29355,3e-05
29356,3e-05
29357,3e-05
29358,3e-05
29359,3e-05
29360,3e-05
29361,3e-05
29362,3e-05
29363,3e-05
29364,3e-05
29365,3e-05
29366,3e-05
29367,3e-05
29368,3e-05
29369,3e-05
29370,3e-05
29371,3e-05
29372,3e-05
29373,3e-05
29374,3e-05
29375,3e-05
29376,3e-05
29377,3e-05
29378,3e-05
29379,3e-05
29380,3e-05
29381,3e-05
29382,3e-05
29383,3e-05
29384,3e-05
29385,3e-05
29386,3e-05
29387,3e-05
29388,3e-05
29389,3e-05
29390,3e-05
29391,3e-05
29392,3e-05
29393,3e-05
29394,3e-05
29395,3e-05
29396,3e-05
29397,3e-05
29398,3e-05
29399,3e-05
29400,3e-05
29401,3e-05
29402,3e-05
29403,3e-05
29404,3e-05
29405,3e-05
29406,3e-05
29407,3e-05
29408,3e-05
29409,3e-05
29410,3e-05
29411,3e-05
29412,3e-05
29413,3e-05
29414,3e-05
29415,3e-05
29416,3e-05
29417,3e-05
29418,3e-05
29419,3e-05
29420,3e-05
29421,3e-05
29422,3e-05
29423,3e-05
29424,3e-05
29425,3e-05
29426,3e-05
29427,3e-05
29428,3e-05
29429,3e-05
29430,3e-05
29431,3e-05
29432,3e-05
29433,3e-05
29434,3e-05
29435,3e-05
29436,3e-05
29437,3e-05
29438,3e-05
29439,3e-05
29440,3e-05
29441,3e-05
29442,3e-05
29443,3e-05
29444,3e-05
29445,3e-05
29446,3e-05
29447,3e-05
29448,3e-05
29449,3e-05
29450,3e-05
29451,3e-05
29452,3e-05
29453,3e-05
29454,3e-05
29455,3e-05
29456,3e-05
29457,3e-05
29458,3e-05
29459,3e-05
29460,3e-05
29461,3e-05
29462,3e-05
29463,3e-05
29464,3e-05
29465,3e-05
29466,3e-05
29467,3e-05
29468,3e-05
29469,3e-05
29470,3e-05
29471,3e-05
29472,3e-05
29473,3e-05
29474,3e-05
29475,3e-05
29476,3e-05
29477,3e-05
29478,3e-05
29479,3e-05
29480,3e-05
29481,3e-05
29482,3e-05
29483,3e-05
29484,3e-05
29485,3e-05
29486,3e-05
29487,3e-05
29488,3e-05
29489,3e-05
29490,3e-05
29491,3e-05
29492,3e-05
29493,3e-05
29494,3e-05
29495,3e-05
29496,3e-05
29497,3e-05
29498,3e-05
29499,3e-05
29500,3e-05
29501,3e-05
29502,3e-05
29503,3e-05
29504,3e-05
29505,3e-05
29506,3e-05
29507,3e-05
29508,3e-05
29509,3e-05
29510,3e-05
29511,3e-05
29512,3e-05
29513,3e-05
29514,3e-05
29515,3e-05
29516,3e-05
29517,3e-05
29518,3e-05
29519,3e-05
29520,3e-05
29521,3e-05
29522,3e-05
29523,3e-05
29524,3e-05
29525,3e-05
29526,3e-05
29527,3e-05
29528,3e-05
29529,3e-05
29530,3e-05
29531,3e-05
29532,3e-05
29533,3e-05
29534,3e-05
29535,3e-05
29536,3e-05
29537,3e-05
29538,3e-05
29539,3e-05
29540,3e-05
29541,3e-05
29542,3e-05
29543,3e-05
29544,3e-05
29545,3e-05
29546,3e-05
29547,3e-05
29548,3e-05
29549,3e-05
29550,3e-05
29551,3e-05
29552,3e-05
29553,3e-05
29554,3e-05
29555,3e-05
29556,3e-05
29557,3e-05
29558,3e-05
29559,3e-05
29560,3e-05
29561,3e-05
29562,3e-05
29563,3e-05
29564,3e-05
29565,3e-05
29566,3e-05
29567,3e-05
29568,3e-05
29569,3e-05
29570,3e-05
29571,3e-05
29572,3e-05
29573,3e-05
29574,3e-05
29575,3e-05
29576,3e-05
29577,3e-05
29578,3e-05
29579,3e-05
29580,3e-05
29581,3e-05
29582,3e-05
29583,3e-05
29584,3e-05
29585,3e-05
29586,3e-05
29587,3e-05
29588,3e-05
29589,3e-05
29590,3e-05
29591,3e-05
29592,3e-05
29593,3e-05
29594,3e-05
29595,3e-05
29596,3e-05
29597,3e-05
29598,3e-05
29599,3e-05
29600,3e-05
29601,3e-05
29602,3e-05
29603,3e-05
29604,3e-05
29605,3e-05
29606,3e-05
29607,3e-05
29608,3e-05
29609,3e-05
29610,3e-05
29611,3e-05
29612,3e-05
29613,3e-05
29614,3e-05
29615,3e-05
29616,3e-05
29617,3e-05
29618,3e-05
29619,3e-05
29620,3e-05
29621,3e-05
29622,3e-05
29623,3e-05
29624,3e-05
29625,3e-05
29626,3e-05
29627,3e-05
29628,3e-05
29629,3e-05
29630,3e-05
29631,3e-05
29632,3e-05
29633,3e-05
29634,3e-05
29635,3e-05
29636,3e-05
29637,3e-05
29638,3e-05
29639,3e-05
29640,3e-05
29641,3e-05
29642,3e-05
29643,3e-05
29644,3e-05
29645,3e-05
29646,3e-05
29647,3e-05
29648,3e-05
29649,3e-05
29650,3e-05
29651,3e-05
29652,3e-05
29653,3e-05
29654,3e-05
29655,3e-05
29656,3e-05
29657,3e-05
29658,3e-05
29659,3e-05
29660,3e-05
29661,3e-05
29662,3e-05
29663,3e-05
29664,3e-05
29665,3e-05
29666,3e-05
29667,3e-05
29668,3e-05
29669,3e-05
29670,3e-05
29671,3e-05
29672,3e-05
29673,3e-05
29674,3e-05
29675,3e-05
29676,3e-05
29677,3e-05
29678,3e-05
29679,3e-05
29680,3e-05
29681,3e-05
29682,3e-05
29683,3e-05
29684,3e-05
29685,3e-05
29686,3e-05
29687,3e-05
29688,3e-05
29689,3e-05
29690,3e-05
29691,3e-05
29692,3e-05
29693,3e-05
29694,3e-05
29695,3e-05
29696,3e-05
29697,3e-05
29698,3e-05
29699,3e-05
29700,3e-05
29701,3e-05
29702,3e-05
29703,3e-05
29704,3e-05
29705,3e-05
29706,3e-05
29707,3e-05
29708,3e-05
29709,3e-05
29710,3e-05
29711,3e-05
29712,3e-05
29713,3e-05
29714,3e-05
29715,3e-05
29716,3e-05
29717,3e-05
29718,3e-05
29719,3e-05
29720,3e-05
29721,3e-05
29722,3e-05
29723,3e-05
29724,3e-05
29725,3e-05
29726,3e-05
29727,3e-05
29728,3e-05
29729,3e-05
29730,3e-05
29731,3e-05
29732,3e-05
29733,3e-05
29734,3e-05
29735,3e-05
29736,3e-05
29737,3e-05
29738,3e-05
29739,3e-05
29740,3e-05
29741,3e-05
29742,3e-05
29743,3e-05
29744,3e-05
29745,3e-05
29746,3e-05
29747,3e-05
29748,3e-05
29749,3e-05
29750,3e-05
29751,3e-05
29752,3e-05
29753,3e-05
29754,3e-05
29755,3e-05
29756,3e-05
29757,3e-05
29758,3e-05
29759,3e-05
29760,3e-05
29761,3e-05
29762,3e-05
29763,3e-05
29764,3e-05
29765,3e-05
29766,3e-05
29767,3e-05
29768,3e-05
29769,3e-05
29770,3e-05
29771,3e-05
29772,3e-05
29773,3e-05
29774,3e-05
29775,3e-05
29776,3e-05
29777,3e-05
29778,3e-05
29779,3e-05
29780,3e-05
29781,3e-05
29782,3e-05
29783,3e-05
29784,3e-05
29785,3e-05
29786,3e-05
29787,3e-05
29788,3e-05
29789,3e-05
29790,3e-05
29791,3e-05
29792,3e-05
29793,3e-05
29794,3e-05
29795,3e-05
29796,3e-05
29797,3e-05
29798,3e-05
29799,3e-05
29800,3e-05
29801,3e-05
29802,3e-05
29803,3e-05
29804,3e-05
29805,3e-05
29806,3e-05
29807,3e-05
29808,3e-05
29809,3e-05
29810,3e-05
29811,3e-05
29812,3e-05
29813,3e-05
29814,3e-05
29815,3e-05
29816,3e-05
29817,3e-05
29818,3e-05
29819,3e-05
29820,3e-05
29821,3e-05
29822,3e-05
29823,3e-05
29824,3e-05
29825,3e-05
29826,3e-05
29827,3e-05
29828,3e-05
29829,3e-05
29830,3e-05
29831,3e-05
29832,3e-05
29833,3e-05
29834,3e-05
29835,3e-05
29836,3e-05
29837,3e-05
29838,3e-05
29839,3e-05
29840,3e-05
29841,3e-05
29842,3e-05
29843,3e-05
29844,3e-05
29845,3e-05
29846,3e-05
29847,3e-05
29848,3e-05
29849,3e-05
29850,3e-05
29851,3e-05
29852,3e-05
29853,3e-05
29854,3e-05
29855,3e-05
29856,3e-05
29857,3e-05
29858,3e-05
29859,3e-05
29860,3e-05
29861,3e-05
29862,3e-05
29863,3e-05
29864,3e-05
29865,3e-05
29866,3e-05
29867,3e-05
29868,3e-05
29869,3e-05
29870,3e-05
29871,3e-05
29872,3e-05
29873,3e-05
29874,3e-05
29875,3e-05
29876,3e-05
29877,3e-05
29878,3e-05
29879,3e-05
29880,3e-05
29881,3e-05
29882,3e-05
29883,3e-05
29884,3e-05
29885,3e-05
29886,3e-05
29887,3e-05
29888,3e-05
29889,3e-05
29890,3e-05
29891,3e-05
29892,3e-05
29893,3e-05
29894,3e-05
29895,3e-05
29896,3e-05
29897,3e-05
29898,3e-05
29899,3e-05
29900,3e-05
29901,3e-05
29902,3e-05
29903,3e-05
29904,3e-05
29905,3e-05
29906,3e-05
29907,3e-05
29908,3e-05
29909,3e-05
29910,3e-05
29911,3e-05
29912,3e-05
29913,3e-05
29914,3e-05
29915,3e-05
29916,3e-05
29917,3e-05
29918,3e-05
29919,3e-05
29920,3e-05
29921,3e-05
29922,3e-05
29923,3e-05
29924,3e-05
29925,3e-05
29926,3e-05
29927,3e-05
29928,3e-05
29929,3e-05
29930,3e-05
29931,3e-05
29932,3e-05
29933,3e-05
29934,3e-05
29935,3e-05
29936,3e-05
29937,3e-05
29938,3e-05
29939,3e-05
29940,3e-05
29941,3e-05
29942,3e-05
29943,3e-05
29944,3e-05
29945,3e-05
29946,3e-05
29947,3e-05
29948,3e-05
29949,3e-05
29950,3e-05
29951,3e-05
29952,3e-05
29953,3e-05
29954,3e-05
29955,3e-05
29956,3e-05
29957,3e-05
29958,3e-05
29959,3e-05
29960,3e-05
29961,3e-05
29962,3e-05
29963,3e-05
29964,3e-05
29965,3e-05
29966,3e-05
29967,3e-05
29968,3e-05
29969,3e-05
29970,3e-05
29971,3e-05
29972,3e-05
29973,3e-05
29974,3e-05
29975,3e-05
29976,3e-05
29977,3e-05
29978,3e-05
29979,3e-05
29980,3e-05
29981,3e-05
29982,3e-05
29983,3e-05
29984,3e-05
29985,3e-05
29986,3e-05
29987,3e-05
29988,3e-05
29989,3e-05
29990,3e-05
29991,3e-05
29992,3e-05
29993,3e-05
29994,3e-05
29995,3e-05
29996,3e-05
29997,3e-05
29998,3e-05
29999,3e-05
30000,3e-05
30001,3e-05
30002,3e-05
30003,3e-05
30004,3e-05
30005,3e-05
30006,3e-05
30007,3e-05
30008,3e-05
30009,3e-05
30010,3e-05
30011,3e-05
30012,3e-05
30013,3e-05
30014,3e-05
30015,3e-05
30016,3e-05
30017,3e-05
30018,3e-05
30019,3e-05
30020,3e-05
30021,3e-05
30022,3e-05
30023,3e-05
30024,3e-05
30025,3e-05
30026,3e-05
30027,3e-05
30028,3e-05
30029,3e-05
30030,3e-05
30031,3e-05
30032,3e-05
30033,3e-05
30034,3e-05
30035,3e-05
30036,3e-05
30037,3e-05
30038,3e-05
30039,3e-05
30040,3e-05
30041,3e-05
30042,3e-05
30043,3e-05
30044,3e-05
30045,3e-05
30046,3e-05
30047,3e-05
30048,3e-05
30049,3e-05
30050,3e-05
30051,3e-05
30052,3e-05
30053,3e-05
30054,3e-05
30055,3e-05
30056,3e-05
30057,3e-05
30058,3e-05
30059,3e-05
30060,3e-05
30061,3e-05
30062,3e-05
30063,3e-05
30064,3e-05
30065,3e-05
30066,3e-05
30067,3e-05
30068,3e-05
30069,3e-05
30070,3e-05
30071,3e-05
30072,3e-05
30073,3e-05
30074,3e-05
30075,3e-05
30076,3e-05
30077,3e-05
30078,3e-05
30079,3e-05
30080,3e-05
30081,3e-05
30082,3e-05
30083,3e-05
30084,3e-05
30085,3e-05
30086,3e-05
30087,3e-05
30088,3e-05
30089,3e-05
30090,3e-05
30091,3e-05
30092,3e-05
30093,3e-05
30094,3e-05
30095,3e-05
30096,3e-05
30097,3e-05
30098,3e-05
30099,3e-05
30100,3e-05
30101,3e-05
30102,3e-05
30103,3e-05
30104,3e-05
30105,3e-05
30106,3e-05
30107,3e-05
30108,3e-05
30109,3e-05
30110,3e-05
30111,3e-05
30112,3e-05
30113,3e-05
30114,3e-05
30115,3e-05
30116,3e-05
30117,3e-05
30118,3e-05
30119,3e-05
30120,3e-05
30121,3e-05
30122,3e-05
30123,3e-05
30124,3e-05
30125,3e-05
30126,3e-05
30127,3e-05
30128,3e-05
30129,3e-05
30130,3e-05
30131,3e-05
30132,3e-05
30133,3e-05
30134,3e-05
30135,3e-05
30136,3e-05
30137,3e-05
30138,3e-05
30139,3e-05
30140,3e-05
30141,3e-05
30142,3e-05
30143,3e-05
30144,3e-05
30145,3e-05
30146,3e-05
30147,3e-05
30148,3e-05
30149,3e-05
30150,3e-05
30151,3e-05
30152,3e-05
30153,3e-05
30154,3e-05
30155,3e-05
30156,3e-05
30157,3e-05
30158,3e-05
30159,3e-05
30160,3e-05
30161,3e-05
30162,3e-05
30163,3e-05
30164,3e-05
30165,3e-05
30166,3e-05
30167,3e-05
30168,3e-05
30169,3e-05
30170,3e-05
30171,3e-05
30172,3e-05
30173,3e-05
30174,3e-05
30175,3e-05
30176,3e-05
30177,3e-05
30178,3e-05
30179,3e-05
30180,3e-05
30181,3e-05
30182,3e-05
30183,3e-05
30184,3e-05
30185,3e-05
30186,3e-05
30187,3e-05
30188,3e-05
30189,3e-05
30190,3e-05
30191,3e-05
30192,3e-05
30193,3e-05
30194,3e-05
30195,3e-05
30196,3e-05
30197,3e-05
30198,3e-05
30199,3e-05
30200,3e-05
30201,3e-05
30202,3e-05
30203,3e-05
30204,3e-05
30205,3e-05
30206,3e-05
30207,3e-05
30208,3e-05
30209,3e-05
30210,3e-05
30211,3e-05
30212,3e-05
30213,3e-05
30214,3e-05
30215,3e-05
30216,3e-05
30217,3e-05
30218,3e-05
30219,3e-05
30220,3e-05
30221,3e-05
30222,3e-05
30223,3e-05
30224,3e-05
30225,3e-05
30226,3e-05
30227,3e-05
30228,3e-05
30229,3e-05
30230,3e-05
30231,3e-05
30232,3e-05
30233,3e-05
30234,3e-05
30235,3e-05
30236,3e-05
30237,3e-05
30238,3e-05
30239,3e-05
30240,3e-05
30241,3e-05
30242,3e-05
30243,3e-05
30244,3e-05
30245,3e-05
30246,3e-05
30247,3e-05
30248,3e-05
30249,3e-05
30250,3e-05
30251,3e-05
30252,3e-05
30253,3e-05
30254,3e-05
30255,3e-05
30256,3e-05
30257,3e-05
30258,3e-05
30259,3e-05
30260,3e-05
30261,3e-05
30262,3e-05
30263,3e-05
30264,3e-05
30265,3e-05
30266,3e-05
30267,3e-05
30268,3e-05
30269,3e-05
30270,3e-05
30271,3e-05
30272,3e-05
30273,3e-05
30274,3e-05
30275,3e-05
30276,3e-05
30277,3e-05
30278,3e-05
30279,3e-05
30280,3e-05
30281,3e-05
30282,3e-05
30283,3e-05
30284,3e-05
30285,3e-05
30286,3e-05
30287,3e-05
30288,3e-05
30289,3e-05
30290,3e-05
30291,3e-05
30292,3e-05
30293,3e-05
30294,3e-05
30295,3e-05
30296,3e-05
30297,3e-05
30298,3e-05
30299,3e-05
30300,3e-05
30301,3e-05
30302,3e-05
30303,3e-05
30304,3e-05
30305,3e-05
30306,3e-05
30307,3e-05
30308,3e-05
30309,3e-05
30310,3e-05
30311,3e-05
30312,3e-05
30313,3e-05
30314,3e-05
30315,3e-05
30316,3e-05
30317,3e-05
30318,3e-05
30319,3e-05
30320,3e-05
30321,3e-05
30322,3e-05
30323,3e-05
30324,3e-05
30325,3e-05
30326,3e-05
30327,3e-05
30328,3e-05
30329,3e-05
30330,3e-05
30331,3e-05
30332,3e-05
30333,3e-05
30334,3e-05
30335,3e-05
30336,3e-05
30337,3e-05
30338,3e-05
30339,3e-05
30340,3e-05
30341,3e-05
30342,3e-05
30343,3e-05
30344,3e-05
30345,3e-05
30346,3e-05
30347,3e-05
30348,3e-05
30349,3e-05
30350,3e-05
30351,3e-05
30352,3e-05
30353,3e-05
30354,3e-05
30355,3e-05
30356,3e-05
30357,3e-05
30358,3e-05
30359,3e-05
30360,3e-05
30361,3e-05
30362,3e-05
30363,3e-05
30364,3e-05
30365,3e-05
30366,3e-05
30367,3e-05
30368,3e-05
30369,3e-05
30370,3e-05
30371,3e-05
30372,3e-05
30373,3e-05
30374,3e-05
30375,3e-05
30376,3e-05
30377,3e-05
30378,3e-05
30379,3e-05
30380,3e-05
30381,3e-05
30382,3e-05
30383,3e-05
30384,3e-05
30385,3e-05
30386,3e-05
30387,3e-05
30388,3e-05
30389,3e-05
30390,3e-05
30391,3e-05
30392,3e-05
30393,3e-05
30394,3e-05
30395,3e-05
30396,3e-05
30397,3e-05
30398,3e-05
30399,3e-05
30400,3e-05
30401,3e-05
30402,3e-05
30403,3e-05
30404,3e-05
30405,3e-05
30406,3e-05
30407,3e-05
30408,3e-05
30409,3e-05
30410,3e-05
30411,3e-05
30412,3e-05
30413,3e-05
30414,3e-05
30415,3e-05
30416,3e-05
30417,3e-05
30418,3e-05
30419,3e-05
30420,3e-05
30421,3e-05
30422,3e-05
30423,3e-05
30424,3e-05
30425,3e-05
30426,3e-05
30427,3e-05
30428,3e-05
30429,3e-05
30430,3e-05
30431,3e-05
30432,3e-05
30433,3e-05
30434,3e-05
30435,3e-05
30436,3e-05
30437,3e-05
30438,3e-05
30439,3e-05
30440,3e-05
30441,3e-05
30442,3e-05
30443,3e-05
30444,3e-05
30445,3e-05
30446,3e-05
30447,3e-05
30448,3e-05
30449,3e-05
30450,3e-05
30451,3e-05
30452,3e-05
30453,3e-05
30454,3e-05
30455,3e-05
30456,3e-05
30457,3e-05
30458,3e-05
30459,3e-05
30460,3e-05
30461,3e-05
30462,3e-05
30463,3e-05
30464,3e-05
30465,3e-05
30466,3e-05
30467,3e-05
30468,3e-05
30469,3e-05
30470,3e-05
30471,3e-05
30472,3e-05
30473,3e-05
30474,3e-05
30475,3e-05
30476,3e-05
30477,3e-05
30478,3e-05
30479,3e-05
30480,3e-05
30481,3e-05
30482,3e-05
30483,3e-05
30484,3e-05
30485,3e-05
30486,3e-05
30487,3e-05
30488,3e-05
30489,3e-05
30490,3e-05
30491,3e-05
30492,3e-05
30493,3e-05
30494,3e-05
30495,3e-05
30496,3e-05
30497,3e-05
30498,3e-05
30499,3e-05
30500,3e-05
30501,3e-05
30502,3e-05
30503,3e-05
30504,3e-05
30505,3e-05
30506,3e-05
30507,3e-05
30508,3e-05
30509,3e-05
30510,3e-05
30511,3e-05
30512,3e-05
30513,3e-05
30514,3e-05
30515,3e-05
30516,3e-05
30517,3e-05
30518,3e-05
30519,3e-05
30520,3e-05
30521,3e-05
30522,3e-05
30523,3e-05
30524,3e-05
30525,3e-05
30526,3e-05
30527,3e-05
30528,3e-05
30529,3e-05
30530,3e-05
30531,3e-05
30532,3e-05
30533,3e-05
30534,3e-05
30535,3e-05
30536,3e-05
30537,3e-05
30538,3e-05
30539,3e-05
30540,3e-05
30541,3e-05
30542,3e-05
30543,3e-05
30544,3e-05
30545,3e-05
30546,3e-05
30547,3e-05
30548,3e-05
30549,3e-05
30550,3e-05
30551,3e-05
30552,3e-05
30553,3e-05
30554,3e-05
30555,3e-05
30556,3e-05
30557,3e-05
30558,3e-05
30559,3e-05
30560,3e-05
30561,3e-05
30562,3e-05
30563,3e-05
30564,3e-05
30565,3e-05
30566,3e-05
30567,3e-05
30568,3e-05
30569,3e-05
30570,3e-05
30571,3e-05
30572,3e-05
30573,3e-05
30574,3e-05
30575,3e-05
30576,3e-05
30577,3e-05
30578,3e-05
30579,3e-05
30580,3e-05
30581,3e-05
30582,3e-05
30583,3e-05
30584,3e-05
30585,3e-05
30586,3e-05
30587,3e-05
30588,3e-05
30589,3e-05
30590,3e-05
30591,3e-05
30592,3e-05
30593,3e-05
30594,3e-05
30595,3e-05
30596,3e-05
30597,3e-05
30598,3e-05
30599,3e-05
30600,3e-05
30601,3e-05
30602,3e-05
30603,3e-05
30604,3e-05
30605,3e-05
30606,3e-05
30607,3e-05
30608,3e-05
30609,3e-05
30610,3e-05
30611,3e-05
30612,3e-05
30613,3e-05
30614,3e-05
30615,3e-05
30616,3e-05
30617,3e-05
30618,3e-05
30619,3e-05
30620,3e-05
30621,3e-05
30622,3e-05
30623,3e-05
30624,3e-05
30625,3e-05
30626,3e-05
30627,3e-05
30628,3e-05
30629,3e-05
30630,3e-05
30631,3e-05
30632,3e-05
30633,3e-05
30634,3e-05
30635,3e-05
30636,3e-05
30637,3e-05
30638,3e-05
30639,3e-05
30640,3e-05
30641,3e-05
30642,3e-05
30643,3e-05
30644,3e-05
30645,3e-05
30646,3e-05
30647,3e-05
30648,3e-05
30649,3e-05
30650,3e-05
30651,3e-05
30652,3e-05
30653,3e-05
30654,3e-05
30655,3e-05
30656,3e-05
30657,3e-05
30658,3e-05
30659,3e-05
30660,3e-05
30661,3e-05
30662,3e-05
30663,3e-05
30664,3e-05
30665,3e-05
30666,3e-05
30667,3e-05
30668,3e-05
30669,3e-05
30670,3e-05
30671,3e-05
30672,3e-05
30673,3e-05
30674,3e-05
30675,3e-05
30676,3e-05
30677,3e-05
30678,3e-05
30679,3e-05
30680,3e-05
30681,3e-05
30682,3e-05
30683,3e-05
30684,3e-05
30685,3e-05
30686,3e-05
30687,3e-05
30688,3e-05
30689,3e-05
30690,3e-05
30691,3e-05
30692,3e-05
30693,3e-05
30694,3e-05
30695,3e-05
30696,3e-05
30697,3e-05
30698,3e-05
30699,3e-05
30700,3e-05
30701,3e-05
30702,3e-05
30703,3e-05
30704,3e-05
30705,3e-05
30706,3e-05
30707,3e-05
30708,3e-05
30709,3e-05
30710,3e-05
30711,3e-05
30712,3e-05
30713,3e-05
30714,3e-05
30715,3e-05
30716,3e-05
30717,3e-05
30718,3e-05
30719,3e-05
30720,3e-05
30721,3e-05
30722,3e-05
30723,3e-05
30724,3e-05
30725,3e-05
30726,3e-05
30727,3e-05
30728,3e-05
30729,3e-05
30730,3e-05
30731,3e-05
30732,3e-05
30733,3e-05
30734,3e-05
30735,3e-05
30736,3e-05
30737,3e-05
30738,3e-05
30739,3e-05
30740,3e-05
30741,3e-05
30742,3e-05
30743,3e-05
30744,3e-05
30745,3e-05
30746,3e-05
30747,3e-05
30748,3e-05
30749,3e-05
30750,3e-05
30751,3e-05
30752,3e-05
30753,3e-05
30754,3e-05
30755,3e-05
30756,3e-05
30757,3e-05
30758,3e-05
30759,3e-05
30760,3e-05
30761,3e-05
30762,3e-05
30763,3e-05
30764,3e-05
30765,3e-05
30766,3e-05
30767,3e-05
30768,3e-05
30769,3e-05
30770,3e-05
30771,3e-05
30772,3e-05
30773,3e-05
30774,3e-05
30775,3e-05
30776,3e-05
30777,3e-05
30778,3e-05
30779,3e-05
30780,3e-05
30781,3e-05
30782,3e-05
30783,3e-05
30784,3e-05
30785,3e-05
30786,3e-05
30787,3e-05
30788,3e-05
30789,3e-05
30790,3e-05
30791,3e-05
30792,3e-05
30793,3e-05
30794,3e-05
30795,3e-05
30796,3e-05
30797,3e-05
30798,3e-05
30799,3e-05
30800,3e-05
30801,3e-05
30802,3e-05
30803,3e-05
30804,3e-05
30805,3e-05
30806,3e-05
30807,3e-05
30808,3e-05
30809,3e-05
30810,3e-05
30811,3e-05
30812,3e-05
30813,3e-05
30814,3e-05
30815,3e-05
30816,3e-05
30817,3e-05
30818,3e-05
30819,3e-05
30820,3e-05
30821,3e-05
30822,3e-05
30823,3e-05
30824,3e-05
30825,3e-05
30826,3e-05
30827,3e-05
30828,3e-05
30829,3e-05
30830,3e-05
30831,3e-05
30832,3e-05
30833,3e-05
30834,3e-05
30835,3e-05
30836,3e-05
30837,3e-05
30838,3e-05
30839,3e-05
30840,3e-05
30841,3e-05
30842,3e-05
30843,3e-05
30844,3e-05
30845,3e-05
30846,3e-05
30847,3e-05
30848,3e-05
30849,3e-05
30850,3e-05
30851,3e-05
30852,3e-05
30853,3e-05
30854,3e-05
30855,3e-05
30856,3e-05
30857,3e-05
30858,3e-05
30859,3e-05
30860,3e-05
30861,3e-05
30862,3e-05
30863,3e-05
30864,3e-05
30865,3e-05
30866,3e-05
30867,3e-05
30868,3e-05
30869,3e-05
30870,3e-05
30871,3e-05
30872,3e-05
30873,3e-05
30874,3e-05
30875,3e-05
30876,3e-05
30877,3e-05
30878,3e-05
30879,3e-05
30880,3e-05
30881,3e-05
30882,3e-05
30883,3e-05
30884,3e-05
30885,3e-05
30886,3e-05
30887,3e-05
30888,3e-05
30889,3e-05
30890,3e-05
30891,3e-05
30892,3e-05
30893,3e-05
30894,3e-05
30895,3e-05
30896,3e-05
30897,3e-05
30898,3e-05
30899,3e-05
30900,3e-05
30901,3e-05
30902,3e-05
30903,3e-05
30904,3e-05
30905,3e-05
30906,3e-05
30907,3e-05
30908,3e-05
30909,3e-05
30910,3e-05
30911,3e-05
30912,3e-05
30913,3e-05
30914,3e-05
30915,3e-05
30916,3e-05
30917,3e-05
30918,3e-05
30919,3e-05
30920,3e-05
30921,3e-05
30922,3e-05
30923,3e-05
30924,3e-05
30925,3e-05
30926,3e-05
30927,3e-05
30928,3e-05
30929,3e-05
30930,3e-05
30931,3e-05
30932,3e-05
30933,3e-05
30934,3e-05
30935,3e-05
30936,3e-05
30937,3e-05
30938,3e-05
30939,3e-05
30940,3e-05
30941,3e-05
30942,3e-05
30943,3e-05
30944,3e-05
30945,3e-05
30946,3e-05
30947,3e-05
30948,3e-05
30949,3e-05
30950,3e-05
30951,3e-05
30952,3e-05
30953,3e-05
30954,3e-05
30955,3e-05
30956,3e-05
30957,3e-05
30958,3e-05
30959,3e-05
30960,3e-05
30961,3e-05
30962,3e-05
30963,3e-05
30964,3e-05
30965,3e-05
30966,3e-05
30967,3e-05
30968,3e-05
30969,3e-05
30970,3e-05
30971,3e-05
30972,3e-05
30973,3e-05
30974,3e-05
30975,3e-05
30976,3e-05
30977,3e-05
30978,3e-05
30979,3e-05
30980,3e-05
30981,3e-05
30982,3e-05
30983,3e-05
30984,3e-05
30985,3e-05
30986,3e-05
30987,3e-05
30988,3e-05
30989,3e-05
30990,3e-05
30991,3e-05
30992,3e-05
30993,3e-05
30994,3e-05
30995,3e-05
30996,3e-05
30997,3e-05
30998,3e-05
30999,3e-05
31000,3e-05
31001,3e-05
31002,3e-05
31003,3e-05
31004,3e-05
31005,3e-05
31006,3e-05
31007,3e-05
31008,3e-05
31009,3e-05
31010,3e-05
31011,3e-05
31012,3e-05
31013,3e-05
31014,3e-05
31015,3e-05
31016,3e-05
31017,3e-05
31018,3e-05
31019,3e-05
31020,3e-05
31021,3e-05
31022,3e-05
31023,3e-05
31024,3e-05
31025,3e-05
31026,3e-05
31027,3e-05
31028,3e-05
31029,3e-05
31030,3e-05
31031,3e-05
31032,3e-05
31033,3e-05
31034,3e-05
31035,3e-05
31036,3e-05
31037,3e-05
31038,3e-05
31039,3e-05
31040,3e-05
31041,3e-05
31042,3e-05
31043,3e-05
31044,3e-05
31045,3e-05
31046,3e-05
31047,3e-05
31048,3e-05
31049,3e-05
31050,3e-05
31051,3e-05
31052,3e-05
31053,3e-05
31054,3e-05
31055,3e-05
31056,3e-05
31057,3e-05
31058,3e-05
31059,3e-05
31060,3e-05
31061,3e-05
31062,3e-05
31063,3e-05
31064,3e-05
31065,3e-05
31066,3e-05
31067,3e-05
31068,3e-05
31069,3e-05
31070,3e-05
31071,3e-05
31072,3e-05
31073,3e-05
31074,3e-05
31075,3e-05
31076,3e-05
31077,3e-05
31078,3e-05
31079,3e-05
31080,3e-05
31081,3e-05
31082,3e-05
31083,3e-05
31084,3e-05
31085,3e-05
31086,3e-05
31087,3e-05
31088,3e-05
31089,3e-05
31090,3e-05
31091,3e-05
31092,3e-05
31093,3e-05
31094,3e-05
31095,3e-05
31096,3e-05
31097,3e-05
31098,3e-05
31099,3e-05
31100,3e-05
31101,3e-05
31102,3e-05
31103,3e-05
31104,3e-05
31105,3e-05
31106,3e-05
31107,3e-05
31108,3e-05
31109,3e-05
31110,3e-05
31111,3e-05
31112,3e-05
31113,3e-05
31114,3e-05
31115,3e-05
31116,3e-05
31117,3e-05
31118,3e-05
31119,3e-05
31120,3e-05
31121,3e-05
31122,3e-05
31123,3e-05
31124,3e-05
31125,3e-05
31126,3e-05
31127,3e-05
31128,3e-05
31129,3e-05
31130,3e-05
31131,3e-05
31132,3e-05
31133,3e-05
31134,3e-05
31135,3e-05
31136,3e-05
31137,3e-05
31138,3e-05
31139,3e-05
31140,3e-05
31141,3e-05
31142,3e-05
31143,3e-05
31144,3e-05
31145,3e-05
31146,3e-05
31147,3e-05
31148,3e-05
31149,3e-05
31150,3e-05
31151,3e-05
31152,3e-05
31153,3e-05
31154,3e-05
31155,3e-05
31156,3e-05
31157,3e-05
31158,3e-05
31159,3e-05
31160,3e-05
31161,3e-05
31162,3e-05
31163,3e-05
31164,3e-05
31165,3e-05
31166,3e-05
31167,3e-05
31168,3e-05
31169,3e-05
31170,3e-05
31171,3e-05
31172,3e-05
31173,3e-05
31174,3e-05
31175,3e-05
31176,3e-05
31177,3e-05
31178,3e-05
31179,3e-05
31180,3e-05
31181,3e-05
31182,3e-05
31183,3e-05
31184,3e-05
31185,3e-05
31186,3e-05
31187,3e-05
31188,3e-05
31189,3e-05
31190,3e-05
31191,3e-05
31192,3e-05
31193,3e-05
31194,3e-05
31195,3e-05
31196,3e-05
31197,3e-05
31198,3e-05
31199,3e-05
31200,3e-05
31201,3e-05
31202,3e-05
31203,3e-05
31204,3e-05
31205,3e-05
31206,3e-05
31207,3e-05
31208,3e-05
31209,3e-05
31210,3e-05
31211,3e-05
31212,3e-05
31213,3e-05
31214,3e-05
31215,3e-05
31216,3e-05
31217,3e-05
31218,3e-05
31219,3e-05
31220,3e-05
31221,3e-05
31222,3e-05
31223,3e-05
31224,3e-05
31225,3e-05
31226,3e-05
31227,3e-05
31228,3e-05
31229,3e-05
31230,3e-05
31231,3e-05
31232,3e-05
31233,3e-05
31234,3e-05
31235,3e-05
31236,3e-05
31237,3e-05
31238,3e-05
31239,3e-05
31240,3e-05
31241,3e-05
31242,3e-05
31243,3e-05
31244,3e-05
31245,3e-05
31246,3e-05
31247,3e-05
31248,3e-05
31249,3e-05
31250,3e-05
31251,3e-05
31252,3e-05
31253,3e-05
31254,3e-05
31255,3e-05
31256,3e-05
31257,3e-05
31258,3e-05
31259,3e-05
31260,3e-05
